doc_id,download_url,file_path
2264-44,https://documents.gov.lk/view/extra-gazettes/2022/1/2264-44_E.pdf,doc-archive/2022/01/31/2264-44/2264-44_english.pdf
2265-01,https://documents.gov.lk/view/extra-gazettes/2022/1/2265-01_E.pdf,doc-archive/2022/01/31/2265-01/2265-01_english.pdf
2265-03,https://documents.gov.lk/view/extra-gazettes/2022/1/2265-03_E.pdf,doc-archive/2022/01/31/2265-03/2265-03_english.pdf
2265-04,https://documents.gov.lk/view/extra-gazettes/2022/1/2265-04_E.pdf,doc-archive/2022/01/31/2265-04/2265-04_english.pdf
2265-05,https://documents.gov.lk/view/extra-gazettes/2022/1/2265-05_E.pdf,doc-archive/2022/01/31/2265-05/2265-05_english.pdf
2265-07,https://documents.gov.lk/view/extra-gazettes/2022/1/2265-07_E.pdf,doc-archive/2022/01/31/2265-07/2265-07_english.pdf
2265-08,https://documents.gov.lk/view/extra-gazettes/2022/1/2265-08_E.pdf,doc-archive/2022/01/31/2265-08/2265-08_english.pdf
2265-09,https://documents.gov.lk/view/extra-gazettes/2022/1/2265-09_E.pdf,doc-archive/2022/01/31/2265-09/2265-09_english.pdf
2265-10,https://documents.gov.lk/view/extra-gazettes/2022/1/2265-10_E.pdf,doc-archive/2022/01/31/2265-10/2265-10_english.pdf
2265-11,https://documents.gov.lk/view/extra-gazettes/2022/1/2265-11_E.pdf,doc-archive/2022/01/31/2265-11/2265-11_english.pdf
2265-12,https://documents.gov.lk/view/extra-gazettes/2022/1/2265-12_E.pdf,doc-archive/2022/01/31/2265-12/2265-12_english.pdf
2265-13,https://documents.gov.lk/view/extra-gazettes/2022/1/2265-13_E.pdf,doc-archive/2022/01/31/2265-13/2265-13_english.pdf
2265-14,https://documents.gov.lk/view/extra-gazettes/2022/1/2265-14_E.pdf,doc-archive/2022/01/31/2265-14/2265-14_english.pdf
2265-15,https://documents.gov.lk/view/extra-gazettes/2022/1/2265-15_E.pdf,doc-archive/2022/01/31/2265-15/2265-15_english.pdf
2265-16,https://documents.gov.lk/view/extra-gazettes/2022/1/2265-16_E.pdf,doc-archive/2022/01/31/2265-16/2265-16_english.pdf
2265-17,https://documents.gov.lk/view/extra-gazettes/2022/1/2265-17_E.pdf,doc-archive/2022/01/31/2265-17/2265-17_english.pdf
2265-18,https://documents.gov.lk/view/extra-gazettes/2022/1/2265-18_E.pdf,doc-archive/2022/01/31/2265-18/2265-18_english.pdf
2265-19,https://documents.gov.lk/view/extra-gazettes/2022/1/2265-19_E.pdf,doc-archive/2022/01/31/2265-19/2265-19_english.pdf
2265-20,https://documents.gov.lk/view/extra-gazettes/2022/1/2265-20_E.pdf,doc-archive/2022/01/31/2265-20/2265-20_english.pdf
2265-21,https://documents.gov.lk/view/extra-gazettes/2022/1/2265-21_E.pdf,doc-archive/2022/01/31/2265-21/2265-21_english.pdf
2265-22,https://documents.gov.lk/view/extra-gazettes/2022/1/2265-22_E.pdf,doc-archive/2022/01/31/2265-22/2265-22_english.pdf
2265-23,https://documents.gov.lk/view/extra-gazettes/2022/1/2265-23_E.pdf,doc-archive/2022/01/31/2265-23/2265-23_english.pdf
2265-24,https://documents.gov.lk/view/extra-gazettes/2022/1/2265-24_E.pdf,doc-archive/2022/01/31/2265-24/2265-24_english.pdf
2265-25,https://documents.gov.lk/view/extra-gazettes/2022/1/2265-25_E.pdf,doc-archive/2022/01/31/2265-25/2265-25_english.pdf
2265-26,https://documents.gov.lk/view/extra-gazettes/2022/1/2265-26_E.pdf,doc-archive/2022/01/31/2265-26/2265-26_english.pdf
2264-69,https://documents.gov.lk/view/extra-gazettes/2022/1/2264-69_E.pdf,doc-archive/2022/01/29/2264-69/2264-69_english.pdf
2264-70,https://documents.gov.lk/view/extra-gazettes/2022/1/2264-70_E.pdf,doc-archive/2022/01/29/2264-70/2264-70_english.pdf
2264-62,https://documents.gov.lk/view/extra-gazettes/2022/1/2264-62_E.pdf,doc-archive/2022/01/28/2264-62/2264-62_english.pdf
2264-63,https://documents.gov.lk/view/extra-gazettes/2022/1/2264-63_E.pdf,doc-archive/2022/01/28/2264-63/2264-63_english.pdf
2264-64,https://documents.gov.lk/view/extra-gazettes/2022/1/2264-64_E.pdf,doc-archive/2022/01/28/2264-64/2264-64_english.pdf
2264-65,https://documents.gov.lk/view/extra-gazettes/2022/1/2264-65_E.pdf,doc-archive/2022/01/28/2264-65/2264-65_english.pdf
2264-66,https://documents.gov.lk/view/extra-gazettes/2022/1/2264-66_E.pdf,doc-archive/2022/01/28/2264-66/2264-66_english.pdf
2264-67,https://documents.gov.lk/view/extra-gazettes/2022/1/2264-67_E.pdf,doc-archive/2022/01/28/2264-67/2264-67_english.pdf
2264-68,https://documents.gov.lk/view/extra-gazettes/2022/1/2264-68_E.pdf,doc-archive/2022/01/28/2264-68/2264-68_english.pdf
2264-16,https://documents.gov.lk/view/extra-gazettes/2022/1/2264-16_E.pdf,doc-archive/2022/01/27/2264-16/2264-16_english.pdf
2264-17,https://documents.gov.lk/view/extra-gazettes/2022/1/2264-17_E.pdf,doc-archive/2022/01/27/2264-17/2264-17_english.pdf
2264-18,https://documents.gov.lk/view/extra-gazettes/2022/1/2264-18_E.pdf,doc-archive/2022/01/27/2264-18/2264-18_english.pdf
2264-19,https://documents.gov.lk/view/extra-gazettes/2022/1/2264-19_E.pdf,doc-archive/2022/01/27/2264-19/2264-19_english.pdf
2264-20,https://documents.gov.lk/view/extra-gazettes/2022/1/2264-20_E.pdf,doc-archive/2022/01/27/2264-20/2264-20_english.pdf
2264-21,https://documents.gov.lk/view/extra-gazettes/2022/1/2264-21_E.pdf,doc-archive/2022/01/27/2264-21/2264-21_english.pdf
2264-22,https://documents.gov.lk/view/extra-gazettes/2022/1/2264-22_E.pdf,doc-archive/2022/01/27/2264-22/2264-22_english.pdf
2264-23,https://documents.gov.lk/view/extra-gazettes/2022/1/2264-23_E.pdf,doc-archive/2022/01/27/2264-23/2264-23_english.pdf
2264-24,https://documents.gov.lk/view/extra-gazettes/2022/1/2264-24_E.pdf,doc-archive/2022/01/27/2264-24/2264-24_english.pdf
2264-25,https://documents.gov.lk/view/extra-gazettes/2022/1/2264-25_E.pdf,doc-archive/2022/01/27/2264-25/2264-25_english.pdf
2264-26,https://documents.gov.lk/view/extra-gazettes/2022/1/2264-26_E.pdf,doc-archive/2022/01/27/2264-26/2264-26_english.pdf
2264-27,https://documents.gov.lk/view/extra-gazettes/2022/1/2264-27_E.pdf,doc-archive/2022/01/27/2264-27/2264-27_english.pdf
2264-28,https://documents.gov.lk/view/extra-gazettes/2022/1/2264-28_E.pdf,doc-archive/2022/01/27/2264-28/2264-28_english.pdf
2264-29,https://documents.gov.lk/view/extra-gazettes/2022/1/2264-29_E.pdf,doc-archive/2022/01/27/2264-29/2264-29_english.pdf
2264-30,https://documents.gov.lk/view/extra-gazettes/2022/1/2264-30_E.pdf,doc-archive/2022/01/27/2264-30/2264-30_english.pdf
2264-31,https://documents.gov.lk/view/extra-gazettes/2022/1/2264-31_E.pdf,doc-archive/2022/01/27/2264-31/2264-31_english.pdf
2264-33,https://documents.gov.lk/view/extra-gazettes/2022/1/2264-33_E.pdf,doc-archive/2022/01/27/2264-33/2264-33_english.pdf
2264-32,https://documents.gov.lk/view/extra-gazettes/2022/1/2264-32_E.pdf,doc-archive/2022/01/27/2264-32/2264-32_english.pdf
2264-34,https://documents.gov.lk/view/extra-gazettes/2022/1/2264-34_E.pdf,doc-archive/2022/01/27/2264-34/2264-34_english.pdf
2264-35,https://documents.gov.lk/view/extra-gazettes/2022/1/2264-35_E.pdf,doc-archive/2022/01/27/2264-35/2264-35_english.pdf
2264-36,https://documents.gov.lk/view/extra-gazettes/2022/1/2264-36_E.pdf,doc-archive/2022/01/27/2264-36/2264-36_english.pdf
2264-37,https://documents.gov.lk/view/extra-gazettes/2022/1/2264-37_E.pdf,doc-archive/2022/01/27/2264-37/2264-37_english.pdf
2264-38,https://documents.gov.lk/view/extra-gazettes/2022/1/2264-38_E.pdf,doc-archive/2022/01/27/2264-38/2264-38_english.pdf
2264-39,https://documents.gov.lk/view/extra-gazettes/2022/1/2264-39_E.pdf,doc-archive/2022/01/27/2264-39/2264-39_english.pdf
2264-40,https://documents.gov.lk/view/extra-gazettes/2022/1/2264-40_E.pdf,doc-archive/2022/01/27/2264-40/2264-40_english.pdf
2264-41,https://documents.gov.lk/view/extra-gazettes/2022/1/2264-41_E.pdf,doc-archive/2022/01/27/2264-41/2264-41_english.pdf
2264-42,https://documents.gov.lk/view/extra-gazettes/2022/1/2264-42_E.pdf,doc-archive/2022/01/27/2264-42/2264-42_english.pdf
2264-46,https://documents.gov.lk/view/extra-gazettes/2022/1/2264-46_E.pdf,doc-archive/2022/01/27/2264-46/2264-46_english.pdf
2264-43,https://documents.gov.lk/view/extra-gazettes/2022/1/2264-43_E.pdf,doc-archive/2022/01/27/2264-43/2264-43_english.pdf
2264-47,https://documents.gov.lk/view/extra-gazettes/2022/1/2264-47_E.pdf,doc-archive/2022/01/27/2264-47/2264-47_english.pdf
2264-48,https://documents.gov.lk/view/extra-gazettes/2022/1/2264-48_E.pdf,doc-archive/2022/01/27/2264-48/2264-48_english.pdf
2264-49,https://documents.gov.lk/view/extra-gazettes/2022/1/2264-49_E.pdf,doc-archive/2022/01/27/2264-49/2264-49_english.pdf
2264-50,https://documents.gov.lk/view/extra-gazettes/2022/1/2264-50_E.pdf,doc-archive/2022/01/27/2264-50/2264-50_english.pdf
2264-51,https://documents.gov.lk/view/extra-gazettes/2022/1/2264-51_E.pdf,doc-archive/2022/01/27/2264-51/2264-51_english.pdf
2264-52,https://documents.gov.lk/view/extra-gazettes/2022/1/2264-52_E.pdf,doc-archive/2022/01/27/2264-52/2264-52_english.pdf
2264-53,https://documents.gov.lk/view/extra-gazettes/2022/1/2264-53_E.pdf,doc-archive/2022/01/27/2264-53/2264-53_english.pdf
2264-54,https://documents.gov.lk/view/extra-gazettes/2022/1/2264-54_E.pdf,doc-archive/2022/01/27/2264-54/2264-54_english.pdf
2264-55,https://documents.gov.lk/view/extra-gazettes/2022/1/2264-55_E.pdf,doc-archive/2022/01/27/2264-55/2264-55_english.pdf
2264-56,https://documents.gov.lk/view/extra-gazettes/2022/1/2264-56_E.pdf,doc-archive/2022/01/27/2264-56/2264-56_english.pdf
2264-57,https://documents.gov.lk/view/extra-gazettes/2022/1/2264-57_E.pdf,doc-archive/2022/01/27/2264-57/2264-57_english.pdf
2264-58,https://documents.gov.lk/view/extra-gazettes/2022/1/2264-58_E.pdf,doc-archive/2022/01/27/2264-58/2264-58_english.pdf
2264-59,https://documents.gov.lk/view/extra-gazettes/2022/1/2264-59_E.pdf,doc-archive/2022/01/27/2264-59/2264-59_english.pdf
2264-60,https://documents.gov.lk/view/extra-gazettes/2022/1/2264-60_E.pdf,doc-archive/2022/01/27/2264-60/2264-60_english.pdf
2264-61,https://documents.gov.lk/view/extra-gazettes/2022/1/2264-61_E.pdf,doc-archive/2022/01/27/2264-61/2264-61_english.pdf
2264-10,https://documents.gov.lk/view/extra-gazettes/2022/1/2264-10_E.pdf,doc-archive/2022/01/26/2264-10/2264-10_english.pdf
2264-11,https://documents.gov.lk/view/extra-gazettes/2022/1/2264-11_E.pdf,doc-archive/2022/01/26/2264-11/2264-11_english.pdf
2264-12,https://documents.gov.lk/view/extra-gazettes/2022/1/2264-12_E.pdf,doc-archive/2022/01/26/2264-12/2264-12_english.pdf
2264-13,https://documents.gov.lk/view/extra-gazettes/2022/1/2264-13_E.pdf,doc-archive/2022/01/26/2264-13/2264-13_english.pdf
2264-14,https://documents.gov.lk/view/extra-gazettes/2022/1/2264-14_E.pdf,doc-archive/2022/01/26/2264-14/2264-14_english.pdf
2264-15,https://documents.gov.lk/view/extra-gazettes/2022/1/2264-15_E.pdf,doc-archive/2022/01/26/2264-15/2264-15_english.pdf
2264-08,https://documents.gov.lk/view/extra-gazettes/2022/1/2264-08_E.pdf,doc-archive/2022/01/25/2264-08/2264-08_english.pdf
2264-09,https://documents.gov.lk/view/extra-gazettes/2022/1/2264-09_E.pdf,doc-archive/2022/01/25/2264-09/2264-09_english.pdf
2264-01,https://documents.gov.lk/view/extra-gazettes/2022/1/2264-01_E.pdf,doc-archive/2022/01/24/2264-01/2264-01_english.pdf
2264-02,https://documents.gov.lk/view/extra-gazettes/2022/1/2264-02_E.pdf,doc-archive/2022/01/24/2264-02/2264-02_english.pdf
2264-03,https://documents.gov.lk/view/extra-gazettes/2022/1/2264-03_E.pdf,doc-archive/2022/01/24/2264-03/2264-03_english.pdf
2264-04,https://documents.gov.lk/view/extra-gazettes/2022/1/2264-04_E.pdf,doc-archive/2022/01/24/2264-04/2264-04_english.pdf
2264-05,https://documents.gov.lk/view/extra-gazettes/2022/1/2264-05_E.pdf,doc-archive/2022/01/24/2264-05/2264-05_english.pdf
2264-06,https://documents.gov.lk/view/extra-gazettes/2022/1/2264-06_E.pdf,doc-archive/2022/01/24/2264-06/2264-06_english.pdf
2264-07,https://documents.gov.lk/view/extra-gazettes/2022/1/2264-07_E.pdf,doc-archive/2022/01/24/2264-07/2264-07_english.pdf
2263-42,https://documents.gov.lk/view/extra-gazettes/2022/1/2263-42_E.pdf,doc-archive/2022/01/22/2263-42/2263-42_english.pdf
2263-43,https://documents.gov.lk/view/extra-gazettes/2022/1/2263-43_E.pdf,doc-archive/2022/01/22/2263-43/2263-43_english.pdf
2263-22,https://documents.gov.lk/view/extra-gazettes/2022/1/2263-22_E.pdf,doc-archive/2022/01/21/2263-22/2263-22_english.pdf
2263-23,https://documents.gov.lk/view/extra-gazettes/2022/1/2263-23_E.pdf,doc-archive/2022/01/21/2263-23/2263-23_english.pdf
2263-24,https://documents.gov.lk/view/extra-gazettes/2022/1/2263-24_E.pdf,doc-archive/2022/01/21/2263-24/2263-24_english.pdf
2263-26,https://documents.gov.lk/view/extra-gazettes/2022/1/2263-26_E.pdf,doc-archive/2022/01/21/2263-26/2263-26_english.pdf
2263-25,https://documents.gov.lk/view/extra-gazettes/2022/1/2263-25_E.pdf,doc-archive/2022/01/21/2263-25/2263-25_english.pdf
2263-27,https://documents.gov.lk/view/extra-gazettes/2022/1/2263-27_E.pdf,doc-archive/2022/01/21/2263-27/2263-27_english.pdf
2263-28,https://documents.gov.lk/view/extra-gazettes/2022/1/2263-28_E.pdf,doc-archive/2022/01/21/2263-28/2263-28_english.pdf
2263-29,https://documents.gov.lk/view/extra-gazettes/2022/1/2263-29_E.pdf,doc-archive/2022/01/21/2263-29/2263-29_english.pdf
2263-30,https://documents.gov.lk/view/extra-gazettes/2022/1/2263-30_E.pdf,doc-archive/2022/01/21/2263-30/2263-30_english.pdf
2263-31,https://documents.gov.lk/view/extra-gazettes/2022/1/2263-31_E.pdf,doc-archive/2022/01/21/2263-31/2263-31_english.pdf
2263-32,https://documents.gov.lk/view/extra-gazettes/2022/1/2263-32_E.pdf,doc-archive/2022/01/21/2263-32/2263-32_english.pdf
2263-33,https://documents.gov.lk/view/extra-gazettes/2022/1/2263-33_E.pdf,doc-archive/2022/01/21/2263-33/2263-33_english.pdf
2263-34,https://documents.gov.lk/view/extra-gazettes/2022/1/2263-34_E.pdf,doc-archive/2022/01/21/2263-34/2263-34_english.pdf
2263-35,https://documents.gov.lk/view/extra-gazettes/2022/1/2263-35_E.pdf,doc-archive/2022/01/21/2263-35/2263-35_english.pdf
2263-36,https://documents.gov.lk/view/extra-gazettes/2022/1/2263-36_E.pdf,doc-archive/2022/01/21/2263-36/2263-36_english.pdf
2263-37,https://documents.gov.lk/view/extra-gazettes/2022/1/2263-37_E.pdf,doc-archive/2022/01/21/2263-37/2263-37_english.pdf
2263-38,https://documents.gov.lk/view/extra-gazettes/2022/1/2263-38_E.pdf,doc-archive/2022/01/21/2263-38/2263-38_english.pdf
2263-39,https://documents.gov.lk/view/extra-gazettes/2022/1/2263-39_E.pdf,doc-archive/2022/01/21/2263-39/2263-39_english.pdf
2263-40,https://documents.gov.lk/view/extra-gazettes/2022/1/2263-40_E.pdf,doc-archive/2022/01/21/2263-40/2263-40_english.pdf
2263-17,https://documents.gov.lk/view/extra-gazettes/2022/1/2263-17_E.pdf,doc-archive/2022/01/20/2263-17/2263-17_english.pdf
2263-41,https://documents.gov.lk/view/extra-gazettes/2022/1/2263-41_E.pdf,doc-archive/2022/01/21/2263-41/2263-41_english.pdf
2263-18,https://documents.gov.lk/view/extra-gazettes/2022/1/2263-18_E.pdf,doc-archive/2022/01/20/2263-18/2263-18_english.pdf
2263-19,https://documents.gov.lk/view/extra-gazettes/2022/1/2263-19_E.pdf,doc-archive/2022/01/20/2263-19/2263-19_english.pdf
2263-20,https://documents.gov.lk/view/extra-gazettes/2022/1/2263-20_E.pdf,doc-archive/2022/01/20/2263-20/2263-20_english.pdf
2263-21,https://documents.gov.lk/view/extra-gazettes/2022/1/2263-21_E.pdf,doc-archive/2022/01/20/2263-21/2263-21_english.pdf
2263-05,https://documents.gov.lk/view/extra-gazettes/2022/1/2263-05_E.pdf,doc-archive/2022/01/19/2263-05/2263-05_english.pdf
2263-07,https://documents.gov.lk/view/extra-gazettes/2022/1/2263-07_E.pdf,doc-archive/2022/01/19/2263-07/2263-07_english.pdf
2263-06,https://documents.gov.lk/view/extra-gazettes/2022/1/2263-06_E.pdf,doc-archive/2022/01/19/2263-06/2263-06_english.pdf
2263-08,https://documents.gov.lk/view/extra-gazettes/2022/1/2263-08_E.pdf,doc-archive/2022/01/19/2263-08/2263-08_english.pdf
2263-09,https://documents.gov.lk/view/extra-gazettes/2022/1/2263-09_E.pdf,doc-archive/2022/01/19/2263-09/2263-09_english.pdf
2263-10,https://documents.gov.lk/view/extra-gazettes/2022/1/2263-10_E.pdf,doc-archive/2022/01/19/2263-10/2263-10_english.pdf
2263-13,https://documents.gov.lk/view/extra-gazettes/2022/1/2263-13_E.pdf,doc-archive/2022/01/19/2263-13/2263-13_english.pdf
2263-14,https://documents.gov.lk/view/extra-gazettes/2022/1/2263-14_E.pdf,doc-archive/2022/01/19/2263-14/2263-14_english.pdf
2263-15,https://documents.gov.lk/view/extra-gazettes/2022/1/2263-15_E.pdf,doc-archive/2022/01/19/2263-15/2263-15_english.pdf
2263-16,https://documents.gov.lk/view/extra-gazettes/2022/1/2263-16_E.pdf,doc-archive/2022/01/19/2263-16/2263-16_english.pdf
2263-02,https://documents.gov.lk/view/extra-gazettes/2022/1/2263-02_E.pdf,doc-archive/2022/01/18/2263-02/2263-02_english.pdf
2263-03,https://documents.gov.lk/view/extra-gazettes/2022/1/2263-03_E.pdf,doc-archive/2022/01/18/2263-03/2263-03_english.pdf
2263-04,https://documents.gov.lk/view/extra-gazettes/2022/1/2263-04_E.pdf,doc-archive/2022/01/18/2263-04/2263-04_english.pdf
2263-01,https://documents.gov.lk/view/extra-gazettes/2022/1/2263-01_E.pdf,doc-archive/2022/01/17/2263-01/2263-01_english.pdf
2262-49,https://documents.gov.lk/view/extra-gazettes/2022/1/2262-49_E.pdf,doc-archive/2022/01/15/2262-49/2262-49_english.pdf
2262-50,https://documents.gov.lk/view/extra-gazettes/2022/1/2262-50_E.pdf,doc-archive/2022/01/15/2262-50/2262-50_english.pdf
2262-51,https://documents.gov.lk/view/extra-gazettes/2022/1/2262-51_E.pdf,doc-archive/2022/01/15/2262-51/2262-51_english.pdf
2262-52,https://documents.gov.lk/view/extra-gazettes/2022/1/2262-52_E.pdf,doc-archive/2022/01/15/2262-52/2262-52_english.pdf
2262-53,https://documents.gov.lk/view/extra-gazettes/2022/1/2262-53_E.pdf,doc-archive/2022/01/15/2262-53/2262-53_english.pdf
2262-54,https://documents.gov.lk/view/extra-gazettes/2022/1/2262-54_E.pdf,doc-archive/2022/01/15/2262-54/2262-54_english.pdf
2262-55,https://documents.gov.lk/view/extra-gazettes/2022/1/2262-55_E.pdf,doc-archive/2022/01/15/2262-55/2262-55_english.pdf
2262-56,https://documents.gov.lk/view/extra-gazettes/2022/1/2262-56_E.pdf,doc-archive/2022/01/15/2262-56/2262-56_english.pdf
2262-57,https://documents.gov.lk/view/extra-gazettes/2022/1/2262-57_E.pdf,doc-archive/2022/01/15/2262-57/2262-57_english.pdf
2262-58,https://documents.gov.lk/view/extra-gazettes/2022/1/2262-58_E.pdf,doc-archive/2022/01/15/2262-58/2262-58_english.pdf
2262-59,https://documents.gov.lk/view/extra-gazettes/2022/1/2262-59_E.pdf,doc-archive/2022/01/15/2262-59/2262-59_english.pdf
2262-60,https://documents.gov.lk/view/extra-gazettes/2022/1/2262-60_E.pdf,doc-archive/2022/01/15/2262-60/2262-60_english.pdf
2262-61,https://documents.gov.lk/view/extra-gazettes/2022/1/2262-61_E.pdf,doc-archive/2022/01/15/2262-61/2262-61_english.pdf
2262-62,https://documents.gov.lk/view/extra-gazettes/2022/1/2262-62_E.pdf,doc-archive/2022/01/15/2262-62/2262-62_english.pdf
2262-63,https://documents.gov.lk/view/extra-gazettes/2022/1/2262-63_E.pdf,doc-archive/2022/01/15/2262-63/2262-63_english.pdf
2262-64,https://documents.gov.lk/view/extra-gazettes/2022/1/2262-64_E.pdf,doc-archive/2022/01/15/2262-64/2262-64_english.pdf
2262-65,https://documents.gov.lk/view/extra-gazettes/2022/1/2262-65_E.pdf,doc-archive/2022/01/15/2262-65/2262-65_english.pdf
2262-66,https://documents.gov.lk/view/extra-gazettes/2022/1/2262-66_E.pdf,doc-archive/2022/01/15/2262-66/2262-66_english.pdf
2262-67,https://documents.gov.lk/view/extra-gazettes/2022/1/2262-67_E.pdf,doc-archive/2022/01/15/2262-67/2262-67_english.pdf
2262-68,https://documents.gov.lk/view/extra-gazettes/2022/1/2262-68_E.pdf,doc-archive/2022/01/15/2262-68/2262-68_english.pdf
2262-70,https://documents.gov.lk/view/extra-gazettes/2022/1/2262-70_E.pdf,doc-archive/2022/01/15/2262-70/2262-70_english.pdf
2262-71,https://documents.gov.lk/view/extra-gazettes/2022/1/2262-71_E.pdf,doc-archive/2022/01/15/2262-71/2262-71_english.pdf
2262-72,https://documents.gov.lk/view/extra-gazettes/2022/1/2262-72_E.pdf,doc-archive/2022/01/15/2262-72/2262-72_english.pdf
2262-73,https://documents.gov.lk/view/extra-gazettes/2022/1/2262-73_E.pdf,doc-archive/2022/01/15/2262-73/2262-73_english.pdf
2262-74,https://documents.gov.lk/view/extra-gazettes/2022/1/2262-74_E.pdf,doc-archive/2022/01/15/2262-74/2262-74_english.pdf
2262-47,https://documents.gov.lk/view/extra-gazettes/2022/1/2262-47_E.pdf,doc-archive/2022/01/14/2262-47/2262-47_english.pdf
2262-48,https://documents.gov.lk/view/extra-gazettes/2022/1/2262-48_E.pdf,doc-archive/2022/01/14/2262-48/2262-48_english.pdf
2262-31,https://documents.gov.lk/view/extra-gazettes/2022/1/2262-31_E.pdf,doc-archive/2022/01/13/2262-31/2262-31_english.pdf
2262-32,https://documents.gov.lk/view/extra-gazettes/2022/1/2262-32_E.pdf,doc-archive/2022/01/13/2262-32/2262-32_english.pdf
2262-33,https://documents.gov.lk/view/extra-gazettes/2022/1/2262-33_E.pdf,doc-archive/2022/01/13/2262-33/2262-33_english.pdf
2262-34,https://documents.gov.lk/view/extra-gazettes/2022/1/2262-34_E.pdf,doc-archive/2022/01/13/2262-34/2262-34_english.pdf
2262-35,https://documents.gov.lk/view/extra-gazettes/2022/1/2262-35_E.pdf,doc-archive/2022/01/13/2262-35/2262-35_english.pdf
2262-36,https://documents.gov.lk/view/extra-gazettes/2022/1/2262-36_E.pdf,doc-archive/2022/01/13/2262-36/2262-36_english.pdf
2262-37,https://documents.gov.lk/view/extra-gazettes/2022/1/2262-37_E.pdf,doc-archive/2022/01/13/2262-37/2262-37_english.pdf
2262-38,https://documents.gov.lk/view/extra-gazettes/2022/1/2262-38_E.pdf,doc-archive/2022/01/13/2262-38/2262-38_english.pdf
2262-40,https://documents.gov.lk/view/extra-gazettes/2022/1/2262-40_E.pdf,doc-archive/2022/01/13/2262-40/2262-40_english.pdf
2262-42,https://documents.gov.lk/view/extra-gazettes/2022/1/2262-42_E.pdf,doc-archive/2022/01/13/2262-42/2262-42_english.pdf
2262-41,https://documents.gov.lk/view/extra-gazettes/2022/1/2262-41_E.pdf,doc-archive/2022/01/13/2262-41/2262-41_english.pdf
2262-43,https://documents.gov.lk/view/extra-gazettes/2022/1/2262-43_E.pdf,doc-archive/2022/01/13/2262-43/2262-43_english.pdf
2262-44,https://documents.gov.lk/view/extra-gazettes/2022/1/2262-44_E.pdf,doc-archive/2022/01/13/2262-44/2262-44_english.pdf
2262-45,https://documents.gov.lk/view/extra-gazettes/2022/1/2262-45_E.pdf,doc-archive/2022/01/13/2262-45/2262-45_english.pdf
2262-25,https://documents.gov.lk/view/extra-gazettes/2022/1/2262-25_E.pdf,doc-archive/2022/01/12/2262-25/2262-25_english.pdf
2262-26,https://documents.gov.lk/view/extra-gazettes/2022/1/2262-26_E.pdf,doc-archive/2022/01/12/2262-26/2262-26_english.pdf
2262-27,https://documents.gov.lk/view/extra-gazettes/2022/1/2262-27_E.pdf,doc-archive/2022/01/12/2262-27/2262-27_english.pdf
2262-28,https://documents.gov.lk/view/extra-gazettes/2022/1/2262-28_E.pdf,doc-archive/2022/01/12/2262-28/2262-28_english.pdf
2262-29,https://documents.gov.lk/view/extra-gazettes/2022/1/2262-29_E.pdf,doc-archive/2022/01/12/2262-29/2262-29_english.pdf
2262-30,https://documents.gov.lk/view/extra-gazettes/2022/1/2262-30_E.pdf,doc-archive/2022/01/12/2262-30/2262-30_english.pdf
2262-15,https://documents.gov.lk/view/extra-gazettes/2022/1/2262-15_E.pdf,doc-archive/2022/01/11/2262-15/2262-15_english.pdf
2262-16,https://documents.gov.lk/view/extra-gazettes/2022/1/2262-16_E.pdf,doc-archive/2022/01/11/2262-16/2262-16_english.pdf
2262-14,https://documents.gov.lk/view/extra-gazettes/2022/1/2262-14_E.pdf,doc-archive/2022/01/11/2262-14/2262-14_english.pdf
2262-17,https://documents.gov.lk/view/extra-gazettes/2022/1/2262-17_E.pdf,doc-archive/2022/01/11/2262-17/2262-17_english.pdf
2262-19,https://documents.gov.lk/view/extra-gazettes/2022/1/2262-19_E.pdf,doc-archive/2022/01/11/2262-19/2262-19_english.pdf
2262-18,https://documents.gov.lk/view/extra-gazettes/2022/1/2262-18_E.pdf,doc-archive/2022/01/11/2262-18/2262-18_english.pdf
2262-20,https://documents.gov.lk/view/extra-gazettes/2022/1/2262-20_E.pdf,doc-archive/2022/01/11/2262-20/2262-20_english.pdf
2262-21,https://documents.gov.lk/view/extra-gazettes/2022/1/2262-21_E.pdf,doc-archive/2022/01/11/2262-21/2262-21_english.pdf
2262-22,https://documents.gov.lk/view/extra-gazettes/2022/1/2262-22_E.pdf,doc-archive/2022/01/11/2262-22/2262-22_english.pdf
2262-23,https://documents.gov.lk/view/extra-gazettes/2022/1/2262-23_E.pdf,doc-archive/2022/01/11/2262-23/2262-23_english.pdf
2262-24,https://documents.gov.lk/view/extra-gazettes/2022/1/2262-24_E.pdf,doc-archive/2022/01/11/2262-24/2262-24_english.pdf
2262-01,https://documents.gov.lk/view/extra-gazettes/2022/1/2262-01_E.pdf,doc-archive/2022/01/10/2262-01/2262-01_english.pdf
2262-02,https://documents.gov.lk/view/extra-gazettes/2022/1/2262-02_E.pdf,doc-archive/2022/01/10/2262-02/2262-02_english.pdf
2262-05,https://documents.gov.lk/view/extra-gazettes/2022/1/2262-05_E.pdf,doc-archive/2022/01/10/2262-05/2262-05_english.pdf
2262-06,https://documents.gov.lk/view/extra-gazettes/2022/1/2262-06_E.pdf,doc-archive/2022/01/10/2262-06/2262-06_english.pdf
2262-07,https://documents.gov.lk/view/extra-gazettes/2022/1/2262-07_E.pdf,doc-archive/2022/01/10/2262-07/2262-07_english.pdf
2262-08,https://documents.gov.lk/view/extra-gazettes/2022/1/2262-08_E.pdf,doc-archive/2022/01/10/2262-08/2262-08_english.pdf
2262-09,https://documents.gov.lk/view/extra-gazettes/2022/1/2262-09_E.pdf,doc-archive/2022/01/10/2262-09/2262-09_english.pdf
2262-13,https://documents.gov.lk/view/extra-gazettes/2022/1/2262-13_E.pdf,doc-archive/2022/01/10/2262-13/2262-13_english.pdf
2261-97,https://documents.gov.lk/view/extra-gazettes/2022/1/2261-97_E.pdf,doc-archive/2022/01/09/2261-97/2261-97_english.pdf
2262-12,https://documents.gov.lk/view/extra-gazettes/2022/1/2262-12_E.pdf,doc-archive/2022/01/10/2262-12/2262-12_english.pdf
2261-76,https://documents.gov.lk/view/extra-gazettes/2022/1/2261-76_E.pdf,doc-archive/2022/01/08/2261-76/2261-76_english.pdf
2261-78,https://documents.gov.lk/view/extra-gazettes/2022/1/2261-78_E.pdf,doc-archive/2022/01/08/2261-78/2261-78_english.pdf
2261-77,https://documents.gov.lk/view/extra-gazettes/2022/1/2261-77_E.pdf,doc-archive/2022/01/08/2261-77/2261-77_english.pdf
2261-79,https://documents.gov.lk/view/extra-gazettes/2022/1/2261-79_E.pdf,doc-archive/2022/01/08/2261-79/2261-79_english.pdf
2261-80,https://documents.gov.lk/view/extra-gazettes/2022/1/2261-80_E.pdf,doc-archive/2022/01/08/2261-80/2261-80_english.pdf
2261-81,https://documents.gov.lk/view/extra-gazettes/2022/1/2261-81_E.pdf,doc-archive/2022/01/08/2261-81/2261-81_english.pdf
2261-82,https://documents.gov.lk/view/extra-gazettes/2022/1/2261-82_E.pdf,doc-archive/2022/01/08/2261-82/2261-82_english.pdf
2261-83,https://documents.gov.lk/view/extra-gazettes/2022/1/2261-83_E.pdf,doc-archive/2022/01/08/2261-83/2261-83_english.pdf
2261-84,https://documents.gov.lk/view/extra-gazettes/2022/1/2261-84_E.pdf,doc-archive/2022/01/08/2261-84/2261-84_english.pdf
2261-85,https://documents.gov.lk/view/extra-gazettes/2022/1/2261-85_E.pdf,doc-archive/2022/01/08/2261-85/2261-85_english.pdf
2261-86,https://documents.gov.lk/view/extra-gazettes/2022/1/2261-86_E.pdf,doc-archive/2022/01/08/2261-86/2261-86_english.pdf
2261-88,https://documents.gov.lk/view/extra-gazettes/2022/1/2261-88_E.pdf,doc-archive/2022/01/08/2261-88/2261-88_english.pdf
2261-87,https://documents.gov.lk/view/extra-gazettes/2022/1/2261-87_E.pdf,doc-archive/2022/01/08/2261-87/2261-87_english.pdf
2261-89,https://documents.gov.lk/view/extra-gazettes/2022/1/2261-89_E.pdf,doc-archive/2022/01/08/2261-89/2261-89_english.pdf
2261-90,https://documents.gov.lk/view/extra-gazettes/2022/1/2261-90_E.pdf,doc-archive/2022/01/08/2261-90/2261-90_english.pdf
2261-91,https://documents.gov.lk/view/extra-gazettes/2022/1/2261-91_E.pdf,doc-archive/2022/01/08/2261-91/2261-91_english.pdf
2261-92,https://documents.gov.lk/view/extra-gazettes/2022/1/2261-92_E.pdf,doc-archive/2022/01/08/2261-92/2261-92_english.pdf
2261-93,https://documents.gov.lk/view/extra-gazettes/2022/1/2261-93_E.pdf,doc-archive/2022/01/08/2261-93/2261-93_english.pdf
2261-95,https://documents.gov.lk/view/extra-gazettes/2022/1/2261-95_E.pdf,doc-archive/2022/01/08/2261-95/2261-95_english.pdf
2261-96,https://documents.gov.lk/view/extra-gazettes/2022/1/2261-96_E.pdf,doc-archive/2022/01/08/2261-96/2261-96_english.pdf
2261-69,https://documents.gov.lk/view/extra-gazettes/2022/1/2261-69_E.pdf,doc-archive/2022/01/07/2261-69/2261-69_english.pdf
2261-94,https://documents.gov.lk/view/extra-gazettes/2022/1/2261-94_E.pdf,doc-archive/2022/01/08/2261-94/2261-94_english.pdf
2261-70,https://documents.gov.lk/view/extra-gazettes/2022/1/2261-70_E.pdf,doc-archive/2022/01/07/2261-70/2261-70_english.pdf
2261-73,https://documents.gov.lk/view/extra-gazettes/2022/1/2261-73_E.pdf,doc-archive/2022/01/07/2261-73/2261-73_english.pdf
2261-74,https://documents.gov.lk/view/extra-gazettes/2022/1/2261-74_E.pdf,doc-archive/2022/01/07/2261-74/2261-74_english.pdf
2261-75,https://documents.gov.lk/view/extra-gazettes/2022/1/2261-75_E.pdf,doc-archive/2022/01/07/2261-75/2261-75_english.pdf
2261-71,https://documents.gov.lk/view/extra-gazettes/2022/1/2261-71_E.pdf,doc-archive/2022/01/07/2261-71/2261-71_english.pdf
2261-37,https://documents.gov.lk/view/extra-gazettes/2022/1/2261-37_E.pdf,doc-archive/2022/01/06/2261-37/2261-37_english.pdf
2261-39,https://documents.gov.lk/view/extra-gazettes/2022/1/2261-39_E.pdf,doc-archive/2022/01/06/2261-39/2261-39_english.pdf
2261-38,https://documents.gov.lk/view/extra-gazettes/2022/1/2261-38_E.pdf,doc-archive/2022/01/06/2261-38/2261-38_english.pdf
2261-40,https://documents.gov.lk/view/extra-gazettes/2022/1/2261-40_E.pdf,doc-archive/2022/01/06/2261-40/2261-40_english.pdf
2261-42,https://documents.gov.lk/view/extra-gazettes/2022/1/2261-42_E.pdf,doc-archive/2022/01/06/2261-42/2261-42_english.pdf
2261-43,https://documents.gov.lk/view/extra-gazettes/2022/1/2261-43_E.pdf,doc-archive/2022/01/06/2261-43/2261-43_english.pdf
2261-44,https://documents.gov.lk/view/extra-gazettes/2022/1/2261-44_E.pdf,doc-archive/2022/01/06/2261-44/2261-44_english.pdf
2261-45,https://documents.gov.lk/view/extra-gazettes/2022/1/2261-45_E.pdf,doc-archive/2022/01/06/2261-45/2261-45_english.pdf
2261-46,https://documents.gov.lk/view/extra-gazettes/2022/1/2261-46_E.pdf,doc-archive/2022/01/06/2261-46/2261-46_english.pdf
2261-47,https://documents.gov.lk/view/extra-gazettes/2022/1/2261-47_E.pdf,doc-archive/2022/01/06/2261-47/2261-47_english.pdf
2261-48,https://documents.gov.lk/view/extra-gazettes/2022/1/2261-48_E.pdf,doc-archive/2022/01/06/2261-48/2261-48_english.pdf
2261-49,https://documents.gov.lk/view/extra-gazettes/2022/1/2261-49_E.pdf,doc-archive/2022/01/06/2261-49/2261-49_english.pdf
2261-50,https://documents.gov.lk/view/extra-gazettes/2022/1/2261-50_E.pdf,doc-archive/2022/01/06/2261-50/2261-50_english.pdf
2261-51,https://documents.gov.lk/view/extra-gazettes/2022/1/2261-51_E.pdf,doc-archive/2022/01/06/2261-51/2261-51_english.pdf
2261-52,https://documents.gov.lk/view/extra-gazettes/2022/1/2261-52_E.pdf,doc-archive/2022/01/06/2261-52/2261-52_english.pdf
2261-54,https://documents.gov.lk/view/extra-gazettes/2022/1/2261-54_E.pdf,doc-archive/2022/01/06/2261-54/2261-54_english.pdf
2261-53,https://documents.gov.lk/view/extra-gazettes/2022/1/2261-53_E.pdf,doc-archive/2022/01/06/2261-53/2261-53_english.pdf
2261-55,https://documents.gov.lk/view/extra-gazettes/2022/1/2261-55_E.pdf,doc-archive/2022/01/06/2261-55/2261-55_english.pdf
2261-56,https://documents.gov.lk/view/extra-gazettes/2022/1/2261-56_E.pdf,doc-archive/2022/01/06/2261-56/2261-56_english.pdf
2261-57,https://documents.gov.lk/view/extra-gazettes/2022/1/2261-57_E.pdf,doc-archive/2022/01/06/2261-57/2261-57_english.pdf
2261-58,https://documents.gov.lk/view/extra-gazettes/2022/1/2261-58_E.pdf,doc-archive/2022/01/06/2261-58/2261-58_english.pdf
2261-59,https://documents.gov.lk/view/extra-gazettes/2022/1/2261-59_E.pdf,doc-archive/2022/01/06/2261-59/2261-59_english.pdf
2261-61,https://documents.gov.lk/view/extra-gazettes/2022/1/2261-61_E.pdf,doc-archive/2022/01/06/2261-61/2261-61_english.pdf
2261-62,https://documents.gov.lk/view/extra-gazettes/2022/1/2261-62_E.pdf,doc-archive/2022/01/06/2261-62/2261-62_english.pdf
2261-63,https://documents.gov.lk/view/extra-gazettes/2022/1/2261-63_E.pdf,doc-archive/2022/01/06/2261-63/2261-63_english.pdf
2261-64,https://documents.gov.lk/view/extra-gazettes/2022/1/2261-64_E.pdf,doc-archive/2022/01/06/2261-64/2261-64_english.pdf
2261-67,https://documents.gov.lk/view/extra-gazettes/2022/1/2261-67_E.pdf,doc-archive/2022/01/06/2261-67/2261-67_english.pdf
2261-68,https://documents.gov.lk/view/extra-gazettes/2022/1/2261-68_E.pdf,doc-archive/2022/01/06/2261-68/2261-68_english.pdf
2261-21,https://documents.gov.lk/view/extra-gazettes/2022/1/2261-21_E.pdf,doc-archive/2022/01/05/2261-21/2261-21_english.pdf
2261-22,https://documents.gov.lk/view/extra-gazettes/2022/1/2261-22_E.pdf,doc-archive/2022/01/05/2261-22/2261-22_english.pdf
2261-24,https://documents.gov.lk/view/extra-gazettes/2022/1/2261-24_E.pdf,doc-archive/2022/01/05/2261-24/2261-24_english.pdf
2261-23,https://documents.gov.lk/view/extra-gazettes/2022/1/2261-23_E.pdf,doc-archive/2022/01/05/2261-23/2261-23_english.pdf
2261-25,https://documents.gov.lk/view/extra-gazettes/2022/1/2261-25_E.pdf,doc-archive/2022/01/05/2261-25/2261-25_english.pdf
2261-26,https://documents.gov.lk/view/extra-gazettes/2022/1/2261-26_E.pdf,doc-archive/2022/01/05/2261-26/2261-26_english.pdf
2261-27,https://documents.gov.lk/view/extra-gazettes/2022/1/2261-27_E.pdf,doc-archive/2022/01/05/2261-27/2261-27_english.pdf
2261-28,https://documents.gov.lk/view/extra-gazettes/2022/1/2261-28_E.pdf,doc-archive/2022/01/05/2261-28/2261-28_english.pdf
2261-29,https://documents.gov.lk/view/extra-gazettes/2022/1/2261-29_E.pdf,doc-archive/2022/01/05/2261-29/2261-29_english.pdf
2261-30,https://documents.gov.lk/view/extra-gazettes/2022/1/2261-30_E.pdf,doc-archive/2022/01/05/2261-30/2261-30_english.pdf
2261-31,https://documents.gov.lk/view/extra-gazettes/2022/1/2261-31_E.pdf,doc-archive/2022/01/05/2261-31/2261-31_english.pdf
2261-32,https://documents.gov.lk/view/extra-gazettes/2022/1/2261-32_E.pdf,doc-archive/2022/01/05/2261-32/2261-32_english.pdf
2261-33,https://documents.gov.lk/view/extra-gazettes/2022/1/2261-33_E.pdf,doc-archive/2022/01/05/2261-33/2261-33_english.pdf
2261-35,https://documents.gov.lk/view/extra-gazettes/2022/1/2261-35_E.pdf,doc-archive/2022/01/05/2261-35/2261-35_english.pdf
2261-34,https://documents.gov.lk/view/extra-gazettes/2022/1/2261-34_E.pdf,doc-archive/2022/01/05/2261-34/2261-34_english.pdf
2261-36,https://documents.gov.lk/view/extra-gazettes/2022/1/2261-36_E.pdf,doc-archive/2022/01/05/2261-36/2261-36_english.pdf
2261-09,https://documents.gov.lk/view/extra-gazettes/2022/1/2261-09_E.pdf,doc-archive/2022/01/04/2261-09/2261-09_english.pdf
2261-10,https://documents.gov.lk/view/extra-gazettes/2022/1/2261-10_E.pdf,doc-archive/2022/01/04/2261-10/2261-10_english.pdf
2261-11,https://documents.gov.lk/view/extra-gazettes/2022/1/2261-11_E.pdf,doc-archive/2022/01/04/2261-11/2261-11_english.pdf
2261-12,https://documents.gov.lk/view/extra-gazettes/2022/1/2261-12_E.pdf,doc-archive/2022/01/04/2261-12/2261-12_english.pdf
2261-13,https://documents.gov.lk/view/extra-gazettes/2022/1/2261-13_E.pdf,doc-archive/2022/01/04/2261-13/2261-13_english.pdf
2261-14,https://documents.gov.lk/view/extra-gazettes/2022/1/2261-14_E.pdf,doc-archive/2022/01/04/2261-14/2261-14_english.pdf
2261-15,https://documents.gov.lk/view/extra-gazettes/2022/1/2261-15_E.pdf,doc-archive/2022/01/04/2261-15/2261-15_english.pdf
2261-16,https://documents.gov.lk/view/extra-gazettes/2022/1/2261-16_E.pdf,doc-archive/2022/01/04/2261-16/2261-16_english.pdf
2261-17,https://documents.gov.lk/view/extra-gazettes/2022/1/2261-17_E.pdf,doc-archive/2022/01/04/2261-17/2261-17_english.pdf
2261-19,https://documents.gov.lk/view/extra-gazettes/2022/1/2261-19_E.pdf,doc-archive/2022/01/04/2261-19/2261-19_english.pdf
2261-20,https://documents.gov.lk/view/extra-gazettes/2022/1/2261-20_E.pdf,doc-archive/2022/01/04/2261-20/2261-20_english.pdf
2261-01,https://documents.gov.lk/view/extra-gazettes/2022/1/2261-01_E.pdf,doc-archive/2022/01/03/2261-01/2261-01_english.pdf
2261-02,https://documents.gov.lk/view/extra-gazettes/2022/1/2261-02_E.pdf,doc-archive/2022/01/03/2261-02/2261-02_english.pdf
2261-03,https://documents.gov.lk/view/extra-gazettes/2022/1/2261-03_E.pdf,doc-archive/2022/01/03/2261-03/2261-03_english.pdf
2261-05,https://documents.gov.lk/view/extra-gazettes/2022/1/2261-05_E.pdf,doc-archive/2022/01/03/2261-05/2261-05_english.pdf
2261-06,https://documents.gov.lk/view/extra-gazettes/2022/1/2261-06_E.pdf,doc-archive/2022/01/03/2261-06/2261-06_english.pdf
2261-07,https://documents.gov.lk/view/extra-gazettes/2022/1/2261-07_E.pdf,doc-archive/2022/01/03/2261-07/2261-07_english.pdf
2261-08,https://documents.gov.lk/view/extra-gazettes/2022/1/2261-08_E.pdf,doc-archive/2022/01/03/2261-08/2261-08_english.pdf
2260-77,https://documents.gov.lk/view/extra-gazettes/2022/1/2260-77_E.pdf,doc-archive/2022/01/01/2260-77/2260-77_english.pdf
2260-78,https://documents.gov.lk/view/extra-gazettes/2022/1/2260-78_E.pdf,doc-archive/2022/01/01/2260-78/2260-78_english.pdf
2260-79,https://documents.gov.lk/view/extra-gazettes/2022/1/2260-79_E.pdf,doc-archive/2022/01/01/2260-79/2260-79_english.pdf
2261-18,https://documents.gov.lk/view/extra-gazettes/2022/1/2261-18_E.pdf,doc-archive/2022/01/04/2261-18/2261-18_english.pdf
2269-01,https://documents.gov.lk/view/extra-gazettes/2022/2/2269-01_E.pdf,doc-archive/2022/02/28/2269-01/2269-01_english.pdf
2269-04,https://documents.gov.lk/view/extra-gazettes/2022/2/2269-04_E.pdf,doc-archive/2022/02/28/2269-04/2269-04_english.pdf
2269-05,https://documents.gov.lk/view/extra-gazettes/2022/2/2269-05_E.pdf,doc-archive/2022/02/28/2269-05/2269-05_english.pdf
2269-06,https://documents.gov.lk/view/extra-gazettes/2022/2/2269-06_E.pdf,doc-archive/2022/02/28/2269-06/2269-06_english.pdf
2269-07,https://documents.gov.lk/view/extra-gazettes/2022/2/2269-07_E.pdf,doc-archive/2022/02/28/2269-07/2269-07_english.pdf
2269-08,https://documents.gov.lk/view/extra-gazettes/2022/2/2269-08_E.pdf,doc-archive/2022/02/28/2269-08/2269-08_english.pdf
2269-09,https://documents.gov.lk/view/extra-gazettes/2022/2/2269-09_E.pdf,doc-archive/2022/02/28/2269-09/2269-09_english.pdf
2269-10,https://documents.gov.lk/view/extra-gazettes/2022/2/2269-10_E.pdf,doc-archive/2022/02/28/2269-10/2269-10_english.pdf
2269-11,https://documents.gov.lk/view/extra-gazettes/2022/2/2269-11_E.pdf,doc-archive/2022/02/28/2269-11/2269-11_english.pdf
2268-91,https://documents.gov.lk/view/extra-gazettes/2022/2/2268-91_E.pdf,doc-archive/2022/02/26/2268-91/2268-91_english.pdf
2268-92,https://documents.gov.lk/view/extra-gazettes/2022/2/2268-92_E.pdf,doc-archive/2022/02/26/2268-92/2268-92_english.pdf
2268-93,https://documents.gov.lk/view/extra-gazettes/2022/2/2268-93_E.pdf,doc-archive/2022/02/26/2268-93/2268-93_english.pdf
2268-94,https://documents.gov.lk/view/extra-gazettes/2022/2/2268-94_E.pdf,doc-archive/2022/02/26/2268-94/2268-94_english.pdf
2268-95,https://documents.gov.lk/view/extra-gazettes/2022/2/2268-95_E.pdf,doc-archive/2022/02/26/2268-95/2268-95_english.pdf
2268-96,https://documents.gov.lk/view/extra-gazettes/2022/2/2268-96_E.pdf,doc-archive/2022/02/26/2268-96/2268-96_english.pdf
2268-97,https://documents.gov.lk/view/extra-gazettes/2022/2/2268-97_E.pdf,doc-archive/2022/02/26/2268-97/2268-97_english.pdf
2268-98,https://documents.gov.lk/view/extra-gazettes/2022/2/2268-98_E.pdf,doc-archive/2022/02/26/2268-98/2268-98_english.pdf
2268-99,https://documents.gov.lk/view/extra-gazettes/2022/2/2268-99_E.pdf,doc-archive/2022/02/26/2268-99/2268-99_english.pdf
2268-77,https://documents.gov.lk/view/extra-gazettes/2022/2/2268-77_E.pdf,doc-archive/2022/02/25/2268-77/2268-77_english.pdf
2268-78,https://documents.gov.lk/view/extra-gazettes/2022/2/2268-78_E.pdf,doc-archive/2022/02/25/2268-78/2268-78_english.pdf
2268-79,https://documents.gov.lk/view/extra-gazettes/2022/2/2268-79_E.pdf,doc-archive/2022/02/25/2268-79/2268-79_english.pdf
2268-81,https://documents.gov.lk/view/extra-gazettes/2022/2/2268-81_E.pdf,doc-archive/2022/02/25/2268-81/2268-81_english.pdf
2268-82,https://documents.gov.lk/view/extra-gazettes/2022/2/2268-82_E.pdf,doc-archive/2022/02/25/2268-82/2268-82_english.pdf
2268-83,https://documents.gov.lk/view/extra-gazettes/2022/2/2268-83_E.pdf,doc-archive/2022/02/25/2268-83/2268-83_english.pdf
2268-84,https://documents.gov.lk/view/extra-gazettes/2022/2/2268-84_E.pdf,doc-archive/2022/02/25/2268-84/2268-84_english.pdf
2268-85,https://documents.gov.lk/view/extra-gazettes/2022/2/2268-85_E.pdf,doc-archive/2022/02/25/2268-85/2268-85_english.pdf
2268-86,https://documents.gov.lk/view/extra-gazettes/2022/2/2268-86_E.pdf,doc-archive/2022/02/25/2268-86/2268-86_english.pdf
2268-87,https://documents.gov.lk/view/extra-gazettes/2022/2/2268-87_E.pdf,doc-archive/2022/02/25/2268-87/2268-87_english.pdf
2268-88,https://documents.gov.lk/view/extra-gazettes/2022/2/2268-88_E.pdf,doc-archive/2022/02/25/2268-88/2268-88_english.pdf
2268-89,https://documents.gov.lk/view/extra-gazettes/2022/2/2268-89_E.pdf,doc-archive/2022/02/25/2268-89/2268-89_english.pdf
2268-90,https://documents.gov.lk/view/extra-gazettes/2022/2/2268-90_E.pdf,doc-archive/2022/02/25/2268-90/2268-90_english.pdf
2268-55,https://documents.gov.lk/view/extra-gazettes/2022/2/2268-55_E.pdf,doc-archive/2022/02/24/2268-55/2268-55_english.pdf
2268-56,https://documents.gov.lk/view/extra-gazettes/2022/2/2268-56_E.pdf,doc-archive/2022/02/24/2268-56/2268-56_english.pdf
2268-57,https://documents.gov.lk/view/extra-gazettes/2022/2/2268-57_E.pdf,doc-archive/2022/02/24/2268-57/2268-57_english.pdf
2268-58,https://documents.gov.lk/view/extra-gazettes/2022/2/2268-58_E.pdf,doc-archive/2022/02/24/2268-58/2268-58_english.pdf
2268-59,https://documents.gov.lk/view/extra-gazettes/2022/2/2268-59_E.pdf,doc-archive/2022/02/24/2268-59/2268-59_english.pdf
2268-60,https://documents.gov.lk/view/extra-gazettes/2022/2/2268-60_E.pdf,doc-archive/2022/02/24/2268-60/2268-60_english.pdf
2268-62,https://documents.gov.lk/view/extra-gazettes/2022/2/2268-62_E.pdf,doc-archive/2022/02/24/2268-62/2268-62_english.pdf
2268-61,https://documents.gov.lk/view/extra-gazettes/2022/2/2268-61_E.pdf,doc-archive/2022/02/24/2268-61/2268-61_english.pdf
2268-63,https://documents.gov.lk/view/extra-gazettes/2022/2/2268-63_E.pdf,doc-archive/2022/02/24/2268-63/2268-63_english.pdf
2268-64,https://documents.gov.lk/view/extra-gazettes/2022/2/2268-64_E.pdf,doc-archive/2022/02/24/2268-64/2268-64_english.pdf
2268-65,https://documents.gov.lk/view/extra-gazettes/2022/2/2268-65_E.pdf,doc-archive/2022/02/24/2268-65/2268-65_english.pdf
2268-66,https://documents.gov.lk/view/extra-gazettes/2022/2/2268-66_E.pdf,doc-archive/2022/02/24/2268-66/2268-66_english.pdf
2268-67,https://documents.gov.lk/view/extra-gazettes/2022/2/2268-67_E.pdf,doc-archive/2022/02/24/2268-67/2268-67_english.pdf
2268-68,https://documents.gov.lk/view/extra-gazettes/2022/2/2268-68_E.pdf,doc-archive/2022/02/24/2268-68/2268-68_english.pdf
2268-69,https://documents.gov.lk/view/extra-gazettes/2022/2/2268-69_E.pdf,doc-archive/2022/02/24/2268-69/2268-69_english.pdf
2268-71,https://documents.gov.lk/view/extra-gazettes/2022/2/2268-71_E.pdf,doc-archive/2022/02/24/2268-71/2268-71_english.pdf
2268-72,https://documents.gov.lk/view/extra-gazettes/2022/2/2268-72_E.pdf,doc-archive/2022/02/24/2268-72/2268-72_english.pdf
2268-73,https://documents.gov.lk/view/extra-gazettes/2022/2/2268-73_E.pdf,doc-archive/2022/02/24/2268-73/2268-73_english.pdf
2268-74,https://documents.gov.lk/view/extra-gazettes/2022/2/2268-74_E.pdf,doc-archive/2022/02/24/2268-74/2268-74_english.pdf
2268-70,https://documents.gov.lk/view/extra-gazettes/2022/2/2268-70_E.pdf,doc-archive/2022/02/24/2268-70/2268-70_english.pdf
2268-75,https://documents.gov.lk/view/extra-gazettes/2022/2/2268-75_E.pdf,doc-archive/2022/02/24/2268-75/2268-75_english.pdf
2268-51,https://documents.gov.lk/view/extra-gazettes/2022/2/2268-51_E.pdf,doc-archive/2022/02/23/2268-51/2268-51_english.pdf
2268-76,https://documents.gov.lk/view/extra-gazettes/2022/2/2268-76_E.pdf,doc-archive/2022/02/24/2268-76/2268-76_english.pdf
2268-52,https://documents.gov.lk/view/extra-gazettes/2022/2/2268-52_E.pdf,doc-archive/2022/02/23/2268-52/2268-52_english.pdf
2268-53,https://documents.gov.lk/view/extra-gazettes/2022/2/2268-53_E.pdf,doc-archive/2022/02/23/2268-53/2268-53_english.pdf
2268-54,https://documents.gov.lk/view/extra-gazettes/2022/2/2268-54_E.pdf,doc-archive/2022/02/23/2268-54/2268-54_english.pdf
2268-12,https://documents.gov.lk/view/extra-gazettes/2022/2/2268-12_E.pdf,doc-archive/2022/02/22/2268-12/2268-12_english.pdf
2268-13,https://documents.gov.lk/view/extra-gazettes/2022/2/2268-13_E.pdf,doc-archive/2022/02/22/2268-13/2268-13_english.pdf
2268-15,https://documents.gov.lk/view/extra-gazettes/2022/2/2268-15_E.pdf,doc-archive/2022/02/22/2268-15/2268-15_english.pdf
2268-14,https://documents.gov.lk/view/extra-gazettes/2022/2/2268-14_E.pdf,doc-archive/2022/02/22/2268-14/2268-14_english.pdf
2268-16,https://documents.gov.lk/view/extra-gazettes/2022/2/2268-16_E.pdf,doc-archive/2022/02/22/2268-16/2268-16_english.pdf
2268-17,https://documents.gov.lk/view/extra-gazettes/2022/2/2268-17_E.pdf,doc-archive/2022/02/22/2268-17/2268-17_english.pdf
2268-18,https://documents.gov.lk/view/extra-gazettes/2022/2/2268-18_E.pdf,doc-archive/2022/02/22/2268-18/2268-18_english.pdf
2268-20,https://documents.gov.lk/view/extra-gazettes/2022/2/2268-20_E.pdf,doc-archive/2022/02/22/2268-20/2268-20_english.pdf
2268-21,https://documents.gov.lk/view/extra-gazettes/2022/2/2268-21_E.pdf,doc-archive/2022/02/22/2268-21/2268-21_english.pdf
2268-19,https://documents.gov.lk/view/extra-gazettes/2022/2/2268-19_E.pdf,doc-archive/2022/02/22/2268-19/2268-19_english.pdf
2268-22,https://documents.gov.lk/view/extra-gazettes/2022/2/2268-22_E.pdf,doc-archive/2022/02/22/2268-22/2268-22_english.pdf
2268-24,https://documents.gov.lk/view/extra-gazettes/2022/2/2268-24_E.pdf,doc-archive/2022/02/22/2268-24/2268-24_english.pdf
2268-25,https://documents.gov.lk/view/extra-gazettes/2022/2/2268-25_E.pdf,doc-archive/2022/02/22/2268-25/2268-25_english.pdf
2268-26,https://documents.gov.lk/view/extra-gazettes/2022/2/2268-26_E.pdf,doc-archive/2022/02/22/2268-26/2268-26_english.pdf
2268-27,https://documents.gov.lk/view/extra-gazettes/2022/2/2268-27_E.pdf,doc-archive/2022/02/22/2268-27/2268-27_english.pdf
2268-28,https://documents.gov.lk/view/extra-gazettes/2022/2/2268-28_E.pdf,doc-archive/2022/02/22/2268-28/2268-28_english.pdf
2268-29,https://documents.gov.lk/view/extra-gazettes/2022/2/2268-29_E.pdf,doc-archive/2022/02/22/2268-29/2268-29_english.pdf
2268-30,https://documents.gov.lk/view/extra-gazettes/2022/2/2268-30_E.pdf,doc-archive/2022/02/22/2268-30/2268-30_english.pdf
2268-23,https://documents.gov.lk/view/extra-gazettes/2022/2/2268-23_E.pdf,doc-archive/2022/02/22/2268-23/2268-23_english.pdf
2268-31,https://documents.gov.lk/view/extra-gazettes/2022/2/2268-31_E.pdf,doc-archive/2022/02/22/2268-31/2268-31_english.pdf
2268-32,https://documents.gov.lk/view/extra-gazettes/2022/2/2268-32_E.pdf,doc-archive/2022/02/22/2268-32/2268-32_english.pdf
2268-33,https://documents.gov.lk/view/extra-gazettes/2022/2/2268-33_E.pdf,doc-archive/2022/02/22/2268-33/2268-33_english.pdf
2268-34,https://documents.gov.lk/view/extra-gazettes/2022/2/2268-34_E.pdf,doc-archive/2022/02/22/2268-34/2268-34_english.pdf
2268-35,https://documents.gov.lk/view/extra-gazettes/2022/2/2268-35_E.pdf,doc-archive/2022/02/22/2268-35/2268-35_english.pdf
2268-36,https://documents.gov.lk/view/extra-gazettes/2022/2/2268-36_E.pdf,doc-archive/2022/02/22/2268-36/2268-36_english.pdf
2268-37,https://documents.gov.lk/view/extra-gazettes/2022/2/2268-37_E.pdf,doc-archive/2022/02/22/2268-37/2268-37_english.pdf
2268-38,https://documents.gov.lk/view/extra-gazettes/2022/2/2268-38_E.pdf,doc-archive/2022/02/22/2268-38/2268-38_english.pdf
2268-39,https://documents.gov.lk/view/extra-gazettes/2022/2/2268-39_E.pdf,doc-archive/2022/02/22/2268-39/2268-39_english.pdf
2268-40,https://documents.gov.lk/view/extra-gazettes/2022/2/2268-40_E.pdf,doc-archive/2022/02/22/2268-40/2268-40_english.pdf
2268-41,https://documents.gov.lk/view/extra-gazettes/2022/2/2268-41_E.pdf,doc-archive/2022/02/22/2268-41/2268-41_english.pdf
2268-42,https://documents.gov.lk/view/extra-gazettes/2022/2/2268-42_E.pdf,doc-archive/2022/02/22/2268-42/2268-42_english.pdf
2268-43,https://documents.gov.lk/view/extra-gazettes/2022/2/2268-43_E.pdf,doc-archive/2022/02/22/2268-43/2268-43_english.pdf
2268-44,https://documents.gov.lk/view/extra-gazettes/2022/2/2268-44_E.pdf,doc-archive/2022/02/22/2268-44/2268-44_english.pdf
2268-45,https://documents.gov.lk/view/extra-gazettes/2022/2/2268-45_E.pdf,doc-archive/2022/02/22/2268-45/2268-45_english.pdf
2268-46,https://documents.gov.lk/view/extra-gazettes/2022/2/2268-46_E.pdf,doc-archive/2022/02/22/2268-46/2268-46_english.pdf
2268-47,https://documents.gov.lk/view/extra-gazettes/2022/2/2268-47_E.pdf,doc-archive/2022/02/22/2268-47/2268-47_english.pdf
2268-48,https://documents.gov.lk/view/extra-gazettes/2022/2/2268-48_E.pdf,doc-archive/2022/02/22/2268-48/2268-48_english.pdf
2268-49,https://documents.gov.lk/view/extra-gazettes/2022/2/2268-49_E.pdf,doc-archive/2022/02/22/2268-49/2268-49_english.pdf
2268-50,https://documents.gov.lk/view/extra-gazettes/2022/2/2268-50_E.pdf,doc-archive/2022/02/22/2268-50/2268-50_english.pdf
2268-01,https://documents.gov.lk/view/extra-gazettes/2022/2/2268-01_E.pdf,doc-archive/2022/02/21/2268-01/2268-01_english.pdf
2268-02,https://documents.gov.lk/view/extra-gazettes/2022/2/2268-02_E.pdf,doc-archive/2022/02/21/2268-02/2268-02_english.pdf
2268-03,https://documents.gov.lk/view/extra-gazettes/2022/2/2268-03_E.pdf,doc-archive/2022/02/21/2268-03/2268-03_english.pdf
2268-04,https://documents.gov.lk/view/extra-gazettes/2022/2/2268-04_E.pdf,doc-archive/2022/02/21/2268-04/2268-04_english.pdf
2268-06,https://documents.gov.lk/view/extra-gazettes/2022/2/2268-06_E.pdf,doc-archive/2022/02/21/2268-06/2268-06_english.pdf
2268-05,https://documents.gov.lk/view/extra-gazettes/2022/2/2268-05_E.pdf,doc-archive/2022/02/21/2268-05/2268-05_english.pdf
2268-07,https://documents.gov.lk/view/extra-gazettes/2022/2/2268-07_E.pdf,doc-archive/2022/02/21/2268-07/2268-07_english.pdf
2268-08,https://documents.gov.lk/view/extra-gazettes/2022/2/2268-08_E.pdf,doc-archive/2022/02/21/2268-08/2268-08_english.pdf
2268-10,https://documents.gov.lk/view/extra-gazettes/2022/2/2268-10_E.pdf,doc-archive/2022/02/21/2268-10/2268-10_english.pdf
2268-09,https://documents.gov.lk/view/extra-gazettes/2022/2/2268-09_E.pdf,doc-archive/2022/02/21/2268-09/2268-09_english.pdf
2267-64,https://documents.gov.lk/view/extra-gazettes/2022/2/2267-64_E.pdf,doc-archive/2022/02/19/2267-64/2267-64_english.pdf
2267-65,https://documents.gov.lk/view/extra-gazettes/2022/2/2267-65_E.pdf,doc-archive/2022/02/19/2267-65/2267-65_english.pdf
2267-66,https://documents.gov.lk/view/extra-gazettes/2022/2/2267-66_E.pdf,doc-archive/2022/02/19/2267-66/2267-66_english.pdf
2267-67,https://documents.gov.lk/view/extra-gazettes/2022/2/2267-67_E.pdf,doc-archive/2022/02/19/2267-67/2267-67_english.pdf
2267-68,https://documents.gov.lk/view/extra-gazettes/2022/2/2267-68_E.pdf,doc-archive/2022/02/19/2267-68/2267-68_english.pdf
2267-69,https://documents.gov.lk/view/extra-gazettes/2022/2/2267-69_E.pdf,doc-archive/2022/02/19/2267-69/2267-69_english.pdf
2267-70,https://documents.gov.lk/view/extra-gazettes/2022/2/2267-70_E.pdf,doc-archive/2022/02/19/2267-70/2267-70_english.pdf
2267-71,https://documents.gov.lk/view/extra-gazettes/2022/2/2267-71_E.pdf,doc-archive/2022/02/19/2267-71/2267-71_english.pdf
2267-72,https://documents.gov.lk/view/extra-gazettes/2022/2/2267-72_E.pdf,doc-archive/2022/02/19/2267-72/2267-72_english.pdf
2267-73,https://documents.gov.lk/view/extra-gazettes/2022/2/2267-73_E.pdf,doc-archive/2022/02/19/2267-73/2267-73_english.pdf
2267-45,https://documents.gov.lk/view/extra-gazettes/2022/2/2267-45_E.pdf,doc-archive/2022/02/18/2267-45/2267-45_english.pdf
2267-46,https://documents.gov.lk/view/extra-gazettes/2022/2/2267-46_E.pdf,doc-archive/2022/02/18/2267-46/2267-46_english.pdf
2267-47,https://documents.gov.lk/view/extra-gazettes/2022/2/2267-47_E.pdf,doc-archive/2022/02/18/2267-47/2267-47_english.pdf
2267-48,https://documents.gov.lk/view/extra-gazettes/2022/2/2267-48_E.pdf,doc-archive/2022/02/18/2267-48/2267-48_english.pdf
2267-49,https://documents.gov.lk/view/extra-gazettes/2022/2/2267-49_E.pdf,doc-archive/2022/02/18/2267-49/2267-49_english.pdf
2267-50,https://documents.gov.lk/view/extra-gazettes/2022/2/2267-50_E.pdf,doc-archive/2022/02/18/2267-50/2267-50_english.pdf
2267-51,https://documents.gov.lk/view/extra-gazettes/2022/2/2267-51_E.pdf,doc-archive/2022/02/18/2267-51/2267-51_english.pdf
2267-52,https://documents.gov.lk/view/extra-gazettes/2022/2/2267-52_E.pdf,doc-archive/2022/02/18/2267-52/2267-52_english.pdf
2267-53,https://documents.gov.lk/view/extra-gazettes/2022/2/2267-53_E.pdf,doc-archive/2022/02/18/2267-53/2267-53_english.pdf
2267-54,https://documents.gov.lk/view/extra-gazettes/2022/2/2267-54_E.pdf,doc-archive/2022/02/18/2267-54/2267-54_english.pdf
2267-55,https://documents.gov.lk/view/extra-gazettes/2022/2/2267-55_E.pdf,doc-archive/2022/02/18/2267-55/2267-55_english.pdf
2267-56,https://documents.gov.lk/view/extra-gazettes/2022/2/2267-56_E.pdf,doc-archive/2022/02/18/2267-56/2267-56_english.pdf
2267-57,https://documents.gov.lk/view/extra-gazettes/2022/2/2267-57_E.pdf,doc-archive/2022/02/18/2267-57/2267-57_english.pdf
2267-58,https://documents.gov.lk/view/extra-gazettes/2022/2/2267-58_E.pdf,doc-archive/2022/02/18/2267-58/2267-58_english.pdf
2267-59,https://documents.gov.lk/view/extra-gazettes/2022/2/2267-59_E.pdf,doc-archive/2022/02/18/2267-59/2267-59_english.pdf
2267-61,https://documents.gov.lk/view/extra-gazettes/2022/2/2267-61_E.pdf,doc-archive/2022/02/18/2267-61/2267-61_english.pdf
2267-60,https://documents.gov.lk/view/extra-gazettes/2022/2/2267-60_E.pdf,doc-archive/2022/02/18/2267-60/2267-60_english.pdf
2267-62,https://documents.gov.lk/view/extra-gazettes/2022/2/2267-62_E.pdf,doc-archive/2022/02/18/2267-62/2267-62_english.pdf
2267-63,https://documents.gov.lk/view/extra-gazettes/2022/2/2267-63_E.pdf,doc-archive/2022/02/18/2267-63/2267-63_english.pdf
2267-20,https://documents.gov.lk/view/extra-gazettes/2022/2/2267-20_E.pdf,doc-archive/2022/02/17/2267-20/2267-20_english.pdf
2267-21,https://documents.gov.lk/view/extra-gazettes/2022/2/2267-21_E.pdf,doc-archive/2022/02/17/2267-21/2267-21_english.pdf
2267-22,https://documents.gov.lk/view/extra-gazettes/2022/2/2267-22_E.pdf,doc-archive/2022/02/17/2267-22/2267-22_english.pdf
2267-23,https://documents.gov.lk/view/extra-gazettes/2022/2/2267-23_E.pdf,doc-archive/2022/02/17/2267-23/2267-23_english.pdf
2267-24,https://documents.gov.lk/view/extra-gazettes/2022/2/2267-24_E.pdf,doc-archive/2022/02/17/2267-24/2267-24_english.pdf
2267-25,https://documents.gov.lk/view/extra-gazettes/2022/2/2267-25_E.pdf,doc-archive/2022/02/17/2267-25/2267-25_english.pdf
2267-26,https://documents.gov.lk/view/extra-gazettes/2022/2/2267-26_E.pdf,doc-archive/2022/02/17/2267-26/2267-26_english.pdf
2267-27,https://documents.gov.lk/view/extra-gazettes/2022/2/2267-27_E.pdf,doc-archive/2022/02/17/2267-27/2267-27_english.pdf
2267-28,https://documents.gov.lk/view/extra-gazettes/2022/2/2267-28_E.pdf,doc-archive/2022/02/17/2267-28/2267-28_english.pdf
2267-29,https://documents.gov.lk/view/extra-gazettes/2022/2/2267-29_E.pdf,doc-archive/2022/02/17/2267-29/2267-29_english.pdf
2267-30,https://documents.gov.lk/view/extra-gazettes/2022/2/2267-30_E.pdf,doc-archive/2022/02/17/2267-30/2267-30_english.pdf
2267-31,https://documents.gov.lk/view/extra-gazettes/2022/2/2267-31_E.pdf,doc-archive/2022/02/17/2267-31/2267-31_english.pdf
2267-32,https://documents.gov.lk/view/extra-gazettes/2022/2/2267-32_E.pdf,doc-archive/2022/02/17/2267-32/2267-32_english.pdf
2267-33,https://documents.gov.lk/view/extra-gazettes/2022/2/2267-33_E.pdf,doc-archive/2022/02/17/2267-33/2267-33_english.pdf
2267-35,https://documents.gov.lk/view/extra-gazettes/2022/2/2267-35_E.pdf,doc-archive/2022/02/17/2267-35/2267-35_english.pdf
2267-36,https://documents.gov.lk/view/extra-gazettes/2022/2/2267-36_E.pdf,doc-archive/2022/02/17/2267-36/2267-36_english.pdf
2267-38,https://documents.gov.lk/view/extra-gazettes/2022/2/2267-38_E.pdf,doc-archive/2022/02/17/2267-38/2267-38_english.pdf
2267-37,https://documents.gov.lk/view/extra-gazettes/2022/2/2267-37_E.pdf,doc-archive/2022/02/17/2267-37/2267-37_english.pdf
2267-39,https://documents.gov.lk/view/extra-gazettes/2022/2/2267-39_E.pdf,doc-archive/2022/02/17/2267-39/2267-39_english.pdf
2267-40,https://documents.gov.lk/view/extra-gazettes/2022/2/2267-40_E.pdf,doc-archive/2022/02/17/2267-40/2267-40_english.pdf
2267-41,https://documents.gov.lk/view/extra-gazettes/2022/2/2267-41_E.pdf,doc-archive/2022/02/17/2267-41/2267-41_english.pdf
2267-42,https://documents.gov.lk/view/extra-gazettes/2022/2/2267-42_E.pdf,doc-archive/2022/02/17/2267-42/2267-42_english.pdf
2267-43,https://documents.gov.lk/view/extra-gazettes/2022/2/2267-43_E.pdf,doc-archive/2022/02/17/2267-43/2267-43_english.pdf
2267-44,https://documents.gov.lk/view/extra-gazettes/2022/2/2267-44_E.pdf,doc-archive/2022/02/17/2267-44/2267-44_english.pdf
2267-13,https://documents.gov.lk/view/extra-gazettes/2022/2/2267-13_E.pdf,doc-archive/2022/02/15/2267-13/2267-13_english.pdf
2267-14,https://documents.gov.lk/view/extra-gazettes/2022/2/2267-14_E.pdf,doc-archive/2022/02/15/2267-14/2267-14_english.pdf
2267-15,https://documents.gov.lk/view/extra-gazettes/2022/2/2267-15_E.pdf,doc-archive/2022/02/15/2267-15/2267-15_english.pdf
2267-16,https://documents.gov.lk/view/extra-gazettes/2022/2/2267-16_E.pdf,doc-archive/2022/02/15/2267-16/2267-16_english.pdf
2267-17,https://documents.gov.lk/view/extra-gazettes/2022/2/2267-17_E.pdf,doc-archive/2022/02/15/2267-17/2267-17_english.pdf
2267-18,https://documents.gov.lk/view/extra-gazettes/2022/2/2267-18_E.pdf,doc-archive/2022/02/15/2267-18/2267-18_english.pdf
2267-19,https://documents.gov.lk/view/extra-gazettes/2022/2/2267-19_E.pdf,doc-archive/2022/02/15/2267-19/2267-19_english.pdf
2267-01,https://documents.gov.lk/view/extra-gazettes/2022/2/2267-01_E.pdf,doc-archive/2022/02/14/2267-01/2267-01_english.pdf
2267-02,https://documents.gov.lk/view/extra-gazettes/2022/2/2267-02_E.pdf,doc-archive/2022/02/14/2267-02/2267-02_english.pdf
2267-04,https://documents.gov.lk/view/extra-gazettes/2022/2/2267-04_E.pdf,doc-archive/2022/02/14/2267-04/2267-04_english.pdf
2267-05,https://documents.gov.lk/view/extra-gazettes/2022/2/2267-05_E.pdf,doc-archive/2022/02/14/2267-05/2267-05_english.pdf
2267-06,https://documents.gov.lk/view/extra-gazettes/2022/2/2267-06_E.pdf,doc-archive/2022/02/14/2267-06/2267-06_english.pdf
2267-07,https://documents.gov.lk/view/extra-gazettes/2022/2/2267-07_E.pdf,doc-archive/2022/02/14/2267-07/2267-07_english.pdf
2267-08,https://documents.gov.lk/view/extra-gazettes/2022/2/2267-08_E.pdf,doc-archive/2022/02/14/2267-08/2267-08_english.pdf
2267-09,https://documents.gov.lk/view/extra-gazettes/2022/2/2267-09_E.pdf,doc-archive/2022/02/14/2267-09/2267-09_english.pdf
2267-10,https://documents.gov.lk/view/extra-gazettes/2022/2/2267-10_E.pdf,doc-archive/2022/02/14/2267-10/2267-10_english.pdf
2267-11,https://documents.gov.lk/view/extra-gazettes/2022/2/2267-11_E.pdf,doc-archive/2022/02/14/2267-11/2267-11_english.pdf
2267-12,https://documents.gov.lk/view/extra-gazettes/2022/2/2267-12_E.pdf,doc-archive/2022/02/14/2267-12/2267-12_english.pdf
2266-74,https://documents.gov.lk/view/extra-gazettes/2022/2/2266-74_E.pdf,doc-archive/2022/02/12/2266-74/2266-74_english.pdf
2266-75,https://documents.gov.lk/view/extra-gazettes/2022/2/2266-75_E.pdf,doc-archive/2022/02/12/2266-75/2266-75_english.pdf
2266-55,https://documents.gov.lk/view/extra-gazettes/2022/2/2266-55_E.pdf,doc-archive/2022/02/11/2266-55/2266-55_english.pdf
2266-56,https://documents.gov.lk/view/extra-gazettes/2022/2/2266-56_E.pdf,doc-archive/2022/02/11/2266-56/2266-56_english.pdf
2266-57,https://documents.gov.lk/view/extra-gazettes/2022/2/2266-57_E.pdf,doc-archive/2022/02/11/2266-57/2266-57_english.pdf
2266-58,https://documents.gov.lk/view/extra-gazettes/2022/2/2266-58_E.pdf,doc-archive/2022/02/11/2266-58/2266-58_english.pdf
2266-59,https://documents.gov.lk/view/extra-gazettes/2022/2/2266-59_E.pdf,doc-archive/2022/02/11/2266-59/2266-59_english.pdf
2266-60,https://documents.gov.lk/view/extra-gazettes/2022/2/2266-60_E.pdf,doc-archive/2022/02/11/2266-60/2266-60_english.pdf
2266-61,https://documents.gov.lk/view/extra-gazettes/2022/2/2266-61_E.pdf,doc-archive/2022/02/11/2266-61/2266-61_english.pdf
2266-62,https://documents.gov.lk/view/extra-gazettes/2022/2/2266-62_E.pdf,doc-archive/2022/02/11/2266-62/2266-62_english.pdf
2266-63,https://documents.gov.lk/view/extra-gazettes/2022/2/2266-63_E.pdf,doc-archive/2022/02/11/2266-63/2266-63_english.pdf
2266-64,https://documents.gov.lk/view/extra-gazettes/2022/2/2266-64_E.pdf,doc-archive/2022/02/11/2266-64/2266-64_english.pdf
2266-65,https://documents.gov.lk/view/extra-gazettes/2022/2/2266-65_E.pdf,doc-archive/2022/02/11/2266-65/2266-65_english.pdf
2266-66,https://documents.gov.lk/view/extra-gazettes/2022/2/2266-66_E.pdf,doc-archive/2022/02/11/2266-66/2266-66_english.pdf
2266-67,https://documents.gov.lk/view/extra-gazettes/2022/2/2266-67_E.pdf,doc-archive/2022/02/11/2266-67/2266-67_english.pdf
2266-68,https://documents.gov.lk/view/extra-gazettes/2022/2/2266-68_E.pdf,doc-archive/2022/02/11/2266-68/2266-68_english.pdf
2266-69,https://documents.gov.lk/view/extra-gazettes/2022/2/2266-69_E.pdf,doc-archive/2022/02/11/2266-69/2266-69_english.pdf
2266-70,https://documents.gov.lk/view/extra-gazettes/2022/2/2266-70_E.pdf,doc-archive/2022/02/11/2266-70/2266-70_english.pdf
2266-71,https://documents.gov.lk/view/extra-gazettes/2022/2/2266-71_E.pdf,doc-archive/2022/02/11/2266-71/2266-71_english.pdf
2266-72,https://documents.gov.lk/view/extra-gazettes/2022/2/2266-72_E.pdf,doc-archive/2022/02/11/2266-72/2266-72_english.pdf
2266-73,https://documents.gov.lk/view/extra-gazettes/2022/2/2266-73_E.pdf,doc-archive/2022/02/11/2266-73/2266-73_english.pdf
2266-37,https://documents.gov.lk/view/extra-gazettes/2022/2/2266-37_E.pdf,doc-archive/2022/02/10/2266-37/2266-37_english.pdf
2266-38,https://documents.gov.lk/view/extra-gazettes/2022/2/2266-38_E.pdf,doc-archive/2022/02/10/2266-38/2266-38_english.pdf
2266-39,https://documents.gov.lk/view/extra-gazettes/2022/2/2266-39_E.pdf,doc-archive/2022/02/10/2266-39/2266-39_english.pdf
2266-41,https://documents.gov.lk/view/extra-gazettes/2022/2/2266-41_E.pdf,doc-archive/2022/02/10/2266-41/2266-41_english.pdf
2266-42,https://documents.gov.lk/view/extra-gazettes/2022/2/2266-42_E.pdf,doc-archive/2022/02/10/2266-42/2266-42_english.pdf
2266-43,https://documents.gov.lk/view/extra-gazettes/2022/2/2266-43_E.pdf,doc-archive/2022/02/10/2266-43/2266-43_english.pdf
2266-44,https://documents.gov.lk/view/extra-gazettes/2022/2/2266-44_E.pdf,doc-archive/2022/02/10/2266-44/2266-44_english.pdf
2266-45,https://documents.gov.lk/view/extra-gazettes/2022/2/2266-45_E.pdf,doc-archive/2022/02/10/2266-45/2266-45_english.pdf
2266-46,https://documents.gov.lk/view/extra-gazettes/2022/2/2266-46_E.pdf,doc-archive/2022/02/10/2266-46/2266-46_english.pdf
2266-47,https://documents.gov.lk/view/extra-gazettes/2022/2/2266-47_E.pdf,doc-archive/2022/02/10/2266-47/2266-47_english.pdf
2266-48,https://documents.gov.lk/view/extra-gazettes/2022/2/2266-48_E.pdf,doc-archive/2022/02/10/2266-48/2266-48_english.pdf
2266-49,https://documents.gov.lk/view/extra-gazettes/2022/2/2266-49_E.pdf,doc-archive/2022/02/10/2266-49/2266-49_english.pdf
2266-50,https://documents.gov.lk/view/extra-gazettes/2022/2/2266-50_E.pdf,doc-archive/2022/02/10/2266-50/2266-50_english.pdf
2266-51,https://documents.gov.lk/view/extra-gazettes/2022/2/2266-51_E.pdf,doc-archive/2022/02/10/2266-51/2266-51_english.pdf
2266-52,https://documents.gov.lk/view/extra-gazettes/2022/2/2266-52_E.pdf,doc-archive/2022/02/10/2266-52/2266-52_english.pdf
2266-53,https://documents.gov.lk/view/extra-gazettes/2022/2/2266-53_E.pdf,doc-archive/2022/02/10/2266-53/2266-53_english.pdf
2266-54,https://documents.gov.lk/view/extra-gazettes/2022/2/2266-54_E.pdf,doc-archive/2022/02/10/2266-54/2266-54_english.pdf
2266-14,https://documents.gov.lk/view/extra-gazettes/2022/2/2266-14_E.pdf,doc-archive/2022/02/09/2266-14/2266-14_english.pdf
2266-16,https://documents.gov.lk/view/extra-gazettes/2022/2/2266-16_E.pdf,doc-archive/2022/02/09/2266-16/2266-16_english.pdf
2266-15,https://documents.gov.lk/view/extra-gazettes/2022/2/2266-15_E.pdf,doc-archive/2022/02/09/2266-15/2266-15_english.pdf
2266-17,https://documents.gov.lk/view/extra-gazettes/2022/2/2266-17_E.pdf,doc-archive/2022/02/09/2266-17/2266-17_english.pdf
2266-18,https://documents.gov.lk/view/extra-gazettes/2022/2/2266-18_E.pdf,doc-archive/2022/02/09/2266-18/2266-18_english.pdf
2266-19,https://documents.gov.lk/view/extra-gazettes/2022/2/2266-19_E.pdf,doc-archive/2022/02/09/2266-19/2266-19_english.pdf
2266-20,https://documents.gov.lk/view/extra-gazettes/2022/2/2266-20_E.pdf,doc-archive/2022/02/09/2266-20/2266-20_english.pdf
2266-21,https://documents.gov.lk/view/extra-gazettes/2022/2/2266-21_E.pdf,doc-archive/2022/02/09/2266-21/2266-21_english.pdf
2266-22,https://documents.gov.lk/view/extra-gazettes/2022/2/2266-22_E.pdf,doc-archive/2022/02/09/2266-22/2266-22_english.pdf
2266-23,https://documents.gov.lk/view/extra-gazettes/2022/2/2266-23_E.pdf,doc-archive/2022/02/09/2266-23/2266-23_english.pdf
2266-24,https://documents.gov.lk/view/extra-gazettes/2022/2/2266-24_E.pdf,doc-archive/2022/02/09/2266-24/2266-24_english.pdf
2266-25,https://documents.gov.lk/view/extra-gazettes/2022/2/2266-25_E.pdf,doc-archive/2022/02/09/2266-25/2266-25_english.pdf
2266-26,https://documents.gov.lk/view/extra-gazettes/2022/2/2266-26_E.pdf,doc-archive/2022/02/09/2266-26/2266-26_english.pdf
2266-27,https://documents.gov.lk/view/extra-gazettes/2022/2/2266-27_E.pdf,doc-archive/2022/02/09/2266-27/2266-27_english.pdf
2266-28,https://documents.gov.lk/view/extra-gazettes/2022/2/2266-28_E.pdf,doc-archive/2022/02/09/2266-28/2266-28_english.pdf
2266-29,https://documents.gov.lk/view/extra-gazettes/2022/2/2266-29_E.pdf,doc-archive/2022/02/09/2266-29/2266-29_english.pdf
2266-30,https://documents.gov.lk/view/extra-gazettes/2022/2/2266-30_E.pdf,doc-archive/2022/02/09/2266-30/2266-30_english.pdf
2266-31,https://documents.gov.lk/view/extra-gazettes/2022/2/2266-31_E.pdf,doc-archive/2022/02/09/2266-31/2266-31_english.pdf
2266-32,https://documents.gov.lk/view/extra-gazettes/2022/2/2266-32_E.pdf,doc-archive/2022/02/09/2266-32/2266-32_english.pdf
2266-33,https://documents.gov.lk/view/extra-gazettes/2022/2/2266-33_E.pdf,doc-archive/2022/02/09/2266-33/2266-33_english.pdf
2266-34,https://documents.gov.lk/view/extra-gazettes/2022/2/2266-34_E.pdf,doc-archive/2022/02/09/2266-34/2266-34_english.pdf
2266-35,https://documents.gov.lk/view/extra-gazettes/2022/2/2266-35_E.pdf,doc-archive/2022/02/09/2266-35/2266-35_english.pdf
2266-36,https://documents.gov.lk/view/extra-gazettes/2022/2/2266-36_E.pdf,doc-archive/2022/02/09/2266-36/2266-36_english.pdf
2266-07,https://documents.gov.lk/view/extra-gazettes/2022/2/2266-07_E.pdf,doc-archive/2022/02/08/2266-07/2266-07_english.pdf
2266-08,https://documents.gov.lk/view/extra-gazettes/2022/2/2266-08_E.pdf,doc-archive/2022/02/08/2266-08/2266-08_english.pdf
2266-09,https://documents.gov.lk/view/extra-gazettes/2022/2/2266-09_E.pdf,doc-archive/2022/02/08/2266-09/2266-09_english.pdf
2266-10,https://documents.gov.lk/view/extra-gazettes/2022/2/2266-10_E.pdf,doc-archive/2022/02/08/2266-10/2266-10_english.pdf
2266-11,https://documents.gov.lk/view/extra-gazettes/2022/2/2266-11_E.pdf,doc-archive/2022/02/08/2266-11/2266-11_english.pdf
2266-12,https://documents.gov.lk/view/extra-gazettes/2022/2/2266-12_E.pdf,doc-archive/2022/02/08/2266-12/2266-12_english.pdf
2266-01,https://documents.gov.lk/view/extra-gazettes/2022/2/2266-01_E.pdf,doc-archive/2022/02/07/2266-01/2266-01_english.pdf
2266-02,https://documents.gov.lk/view/extra-gazettes/2022/2/2266-02_E.pdf,doc-archive/2022/02/07/2266-02/2266-02_english.pdf
2266-03,https://documents.gov.lk/view/extra-gazettes/2022/2/2266-03_E.pdf,doc-archive/2022/02/07/2266-03/2266-03_english.pdf
2266-04,https://documents.gov.lk/view/extra-gazettes/2022/2/2266-04_E.pdf,doc-archive/2022/02/07/2266-04/2266-04_english.pdf
2266-13,https://documents.gov.lk/view/extra-gazettes/2022/2/2266-13_E.pdf,doc-archive/2022/02/08/2266-13/2266-13_english.pdf
2266-05,https://documents.gov.lk/view/extra-gazettes/2022/2/2266-05_E.pdf,doc-archive/2022/02/07/2266-05/2266-05_english.pdf
2266-06,https://documents.gov.lk/view/extra-gazettes/2022/2/2266-06_E.pdf,doc-archive/2022/02/07/2266-06/2266-06_english.pdf
2265-06,https://documents.gov.lk/view/extra-gazettes/2022/2/2265-06_E.pdf,doc-archive/2022/02/03/2265-06/2265-06_english.pdf
2265-40,https://documents.gov.lk/view/extra-gazettes/2022/2/2265-40_E.pdf,doc-archive/2022/02/03/2265-40/2265-40_english.pdf
2265-41,https://documents.gov.lk/view/extra-gazettes/2022/2/2265-41_E.pdf,doc-archive/2022/02/03/2265-41/2265-41_english.pdf
2265-42,https://documents.gov.lk/view/extra-gazettes/2022/2/2265-42_E.pdf,doc-archive/2022/02/03/2265-42/2265-42_english.pdf
2265-43,https://documents.gov.lk/view/extra-gazettes/2022/2/2265-43_E.pdf,doc-archive/2022/02/03/2265-43/2265-43_english.pdf
2265-33,https://documents.gov.lk/view/extra-gazettes/2022/2/2265-33_E.pdf,doc-archive/2022/02/02/2265-33/2265-33_english.pdf
2265-32,https://documents.gov.lk/view/extra-gazettes/2022/2/2265-32_E.pdf,doc-archive/2022/02/02/2265-32/2265-32_english.pdf
2265-34,https://documents.gov.lk/view/extra-gazettes/2022/2/2265-34_E.pdf,doc-archive/2022/02/02/2265-34/2265-34_english.pdf
2265-37,https://documents.gov.lk/view/extra-gazettes/2022/2/2265-37_E.pdf,doc-archive/2022/02/02/2265-37/2265-37_english.pdf
2265-38,https://documents.gov.lk/view/extra-gazettes/2022/2/2265-38_E.pdf,doc-archive/2022/02/02/2265-38/2265-38_english.pdf
2265-39,https://documents.gov.lk/view/extra-gazettes/2022/2/2265-39_E.pdf,doc-archive/2022/02/02/2265-39/2265-39_english.pdf
2265-27,https://documents.gov.lk/view/extra-gazettes/2022/2/2265-27_E.pdf,doc-archive/2022/02/01/2265-27/2265-27_english.pdf
2265-28,https://documents.gov.lk/view/extra-gazettes/2022/2/2265-28_E.pdf,doc-archive/2022/02/01/2265-28/2265-28_english.pdf
2265-29,https://documents.gov.lk/view/extra-gazettes/2022/2/2265-29_E.pdf,doc-archive/2022/02/01/2265-29/2265-29_english.pdf
2265-30,https://documents.gov.lk/view/extra-gazettes/2022/2/2265-30_E.pdf,doc-archive/2022/02/01/2265-30/2265-30_english.pdf
2265-31,https://documents.gov.lk/view/extra-gazettes/2022/2/2265-31_E.pdf,doc-archive/2022/02/01/2265-31/2265-31_english.pdf
2273-47,https://documents.gov.lk/view/extra-gazettes/2022/3/2273-47_E.pdf,doc-archive/2022/03/31/2273-47/2273-47_english.pdf
2273-48,https://documents.gov.lk/view/extra-gazettes/2022/3/2273-48_E.pdf,doc-archive/2022/03/31/2273-48/2273-48_english.pdf
2273-49,https://documents.gov.lk/view/extra-gazettes/2022/3/2273-49_E.pdf,doc-archive/2022/03/31/2273-49/2273-49_english.pdf
2273-50,https://documents.gov.lk/view/extra-gazettes/2022/3/2273-50_E.pdf,doc-archive/2022/03/31/2273-50/2273-50_english.pdf
2273-51,https://documents.gov.lk/view/extra-gazettes/2022/3/2273-51_E.pdf,doc-archive/2022/03/31/2273-51/2273-51_english.pdf
2273-52,https://documents.gov.lk/view/extra-gazettes/2022/3/2273-52_E.pdf,doc-archive/2022/03/31/2273-52/2273-52_english.pdf
2273-53,https://documents.gov.lk/view/extra-gazettes/2022/3/2273-53_E.pdf,doc-archive/2022/03/31/2273-53/2273-53_english.pdf
2273-54,https://documents.gov.lk/view/extra-gazettes/2022/3/2273-54_E.pdf,doc-archive/2022/03/31/2273-54/2273-54_english.pdf
2273-56,https://documents.gov.lk/view/extra-gazettes/2022/3/2273-56_E.pdf,doc-archive/2022/03/31/2273-56/2273-56_english.pdf
2273-55,https://documents.gov.lk/view/extra-gazettes/2022/3/2273-55_E.pdf,doc-archive/2022/03/31/2273-55/2273-55_english.pdf
2273-57,https://documents.gov.lk/view/extra-gazettes/2022/3/2273-57_E.pdf,doc-archive/2022/03/31/2273-57/2273-57_english.pdf
2273-58,https://documents.gov.lk/view/extra-gazettes/2022/3/2273-58_E.pdf,doc-archive/2022/03/31/2273-58/2273-58_english.pdf
2273-59,https://documents.gov.lk/view/extra-gazettes/2022/3/2273-59_E.pdf,doc-archive/2022/03/31/2273-59/2273-59_english.pdf
2273-60,https://documents.gov.lk/view/extra-gazettes/2022/3/2273-60_E.pdf,doc-archive/2022/03/31/2273-60/2273-60_english.pdf
2273-61,https://documents.gov.lk/view/extra-gazettes/2022/3/2273-61_E.pdf,doc-archive/2022/03/31/2273-61/2273-61_english.pdf
2273-62,https://documents.gov.lk/view/extra-gazettes/2022/3/2273-62_E.pdf,doc-archive/2022/03/31/2273-62/2273-62_english.pdf
2273-63,https://documents.gov.lk/view/extra-gazettes/2022/3/2273-63_E.pdf,doc-archive/2022/03/31/2273-63/2273-63_english.pdf
2273-64,https://documents.gov.lk/view/extra-gazettes/2022/3/2273-64_E.pdf,doc-archive/2022/03/31/2273-64/2273-64_english.pdf
2273-65,https://documents.gov.lk/view/extra-gazettes/2022/3/2273-65_E.pdf,doc-archive/2022/03/31/2273-65/2273-65_english.pdf
2273-66,https://documents.gov.lk/view/extra-gazettes/2022/3/2273-66_E.pdf,doc-archive/2022/03/31/2273-66/2273-66_english.pdf
2273-67,https://documents.gov.lk/view/extra-gazettes/2022/3/2273-67_E.pdf,doc-archive/2022/03/31/2273-67/2273-67_english.pdf
2273-68,https://documents.gov.lk/view/extra-gazettes/2022/3/2273-68_E.pdf,doc-archive/2022/03/31/2273-68/2273-68_english.pdf
2273-70,https://documents.gov.lk/view/extra-gazettes/2022/3/2273-70_E.pdf,doc-archive/2022/03/31/2273-70/2273-70_english.pdf
2273-69,https://documents.gov.lk/view/extra-gazettes/2022/3/2273-69_E.pdf,doc-archive/2022/03/31/2273-69/2273-69_english.pdf
2273-71,https://documents.gov.lk/view/extra-gazettes/2022/3/2273-71_E.pdf,doc-archive/2022/03/31/2273-71/2273-71_english.pdf
2273-73,https://documents.gov.lk/view/extra-gazettes/2022/3/2273-73_E.pdf,doc-archive/2022/03/31/2273-73/2273-73_english.pdf
2273-72,https://documents.gov.lk/view/extra-gazettes/2022/3/2273-72_E.pdf,doc-archive/2022/03/31/2273-72/2273-72_english.pdf
2273-76,https://documents.gov.lk/view/extra-gazettes/2022/3/2273-76_E.pdf,doc-archive/2022/03/31/2273-76/2273-76_english.pdf
2273-38,https://documents.gov.lk/view/extra-gazettes/2022/3/2273-38_E.pdf,doc-archive/2022/03/30/2273-38/2273-38_english.pdf
2273-39,https://documents.gov.lk/view/extra-gazettes/2022/3/2273-39_E.pdf,doc-archive/2022/03/30/2273-39/2273-39_english.pdf
2273-40,https://documents.gov.lk/view/extra-gazettes/2022/3/2273-40_E.pdf,doc-archive/2022/03/30/2273-40/2273-40_english.pdf
2273-41,https://documents.gov.lk/view/extra-gazettes/2022/3/2273-41_E.pdf,doc-archive/2022/03/30/2273-41/2273-41_english.pdf
2273-42,https://documents.gov.lk/view/extra-gazettes/2022/3/2273-42_E.pdf,doc-archive/2022/03/30/2273-42/2273-42_english.pdf
2273-43,https://documents.gov.lk/view/extra-gazettes/2022/3/2273-43_E.pdf,doc-archive/2022/03/30/2273-43/2273-43_english.pdf
2273-44,https://documents.gov.lk/view/extra-gazettes/2022/3/2273-44_E.pdf,doc-archive/2022/03/30/2273-44/2273-44_english.pdf
2273-45,https://documents.gov.lk/view/extra-gazettes/2022/3/2273-45_E.pdf,doc-archive/2022/03/30/2273-45/2273-45_english.pdf
2273-46,https://documents.gov.lk/view/extra-gazettes/2022/3/2273-46_E.pdf,doc-archive/2022/03/30/2273-46/2273-46_english.pdf
2273-74,https://documents.gov.lk/view/extra-gazettes/2022/3/2273-74_E.pdf,doc-archive/2022/03/31/2273-74/2273-74_english.pdf
2273-13,https://documents.gov.lk/view/extra-gazettes/2022/3/2273-13_E.pdf,doc-archive/2022/03/29/2273-13/2273-13_english.pdf
2273-14,https://documents.gov.lk/view/extra-gazettes/2022/3/2273-14_E.pdf,doc-archive/2022/03/29/2273-14/2273-14_english.pdf
2273-16,https://documents.gov.lk/view/extra-gazettes/2022/3/2273-16_E.pdf,doc-archive/2022/03/29/2273-16/2273-16_english.pdf
2273-15,https://documents.gov.lk/view/extra-gazettes/2022/3/2273-15_E.pdf,doc-archive/2022/03/29/2273-15/2273-15_english.pdf
2273-18,https://documents.gov.lk/view/extra-gazettes/2022/3/2273-18_E.pdf,doc-archive/2022/03/29/2273-18/2273-18_english.pdf
2273-17,https://documents.gov.lk/view/extra-gazettes/2022/3/2273-17_E.pdf,doc-archive/2022/03/29/2273-17/2273-17_english.pdf
2273-19,https://documents.gov.lk/view/extra-gazettes/2022/3/2273-19_E.pdf,doc-archive/2022/03/29/2273-19/2273-19_english.pdf
2273-20,https://documents.gov.lk/view/extra-gazettes/2022/3/2273-20_E.pdf,doc-archive/2022/03/29/2273-20/2273-20_english.pdf
2273-22,https://documents.gov.lk/view/extra-gazettes/2022/3/2273-22_E.pdf,doc-archive/2022/03/29/2273-22/2273-22_english.pdf
2273-24,https://documents.gov.lk/view/extra-gazettes/2022/3/2273-24_E.pdf,doc-archive/2022/03/29/2273-24/2273-24_english.pdf
2273-21,https://documents.gov.lk/view/extra-gazettes/2022/3/2273-21_E.pdf,doc-archive/2022/03/29/2273-21/2273-21_english.pdf
2273-25,https://documents.gov.lk/view/extra-gazettes/2022/3/2273-25_E.pdf,doc-archive/2022/03/29/2273-25/2273-25_english.pdf
2273-27,https://documents.gov.lk/view/extra-gazettes/2022/3/2273-27_E.pdf,doc-archive/2022/03/29/2273-27/2273-27_english.pdf
2273-28,https://documents.gov.lk/view/extra-gazettes/2022/3/2273-28_E.pdf,doc-archive/2022/03/29/2273-28/2273-28_english.pdf
2273-26,https://documents.gov.lk/view/extra-gazettes/2022/3/2273-26_E.pdf,doc-archive/2022/03/29/2273-26/2273-26_english.pdf
2273-29,https://documents.gov.lk/view/extra-gazettes/2022/3/2273-29_E.pdf,doc-archive/2022/03/29/2273-29/2273-29_english.pdf
2273-30,https://documents.gov.lk/view/extra-gazettes/2022/3/2273-30_E.pdf,doc-archive/2022/03/29/2273-30/2273-30_english.pdf
2273-32,https://documents.gov.lk/view/extra-gazettes/2022/3/2273-32_E.pdf,doc-archive/2022/03/29/2273-32/2273-32_english.pdf
2273-31,https://documents.gov.lk/view/extra-gazettes/2022/3/2273-31_E.pdf,doc-archive/2022/03/29/2273-31/2273-31_english.pdf
2273-33,https://documents.gov.lk/view/extra-gazettes/2022/3/2273-33_E.pdf,doc-archive/2022/03/29/2273-33/2273-33_english.pdf
2273-34,https://documents.gov.lk/view/extra-gazettes/2022/3/2273-34_E.pdf,doc-archive/2022/03/29/2273-34/2273-34_english.pdf
2273-35,https://documents.gov.lk/view/extra-gazettes/2022/3/2273-35_E.pdf,doc-archive/2022/03/29/2273-35/2273-35_english.pdf
2273-36,https://documents.gov.lk/view/extra-gazettes/2022/3/2273-36_E.pdf,doc-archive/2022/03/29/2273-36/2273-36_english.pdf
2273-37,https://documents.gov.lk/view/extra-gazettes/2022/3/2273-37_E.pdf,doc-archive/2022/03/29/2273-37/2273-37_english.pdf
2273-01,https://documents.gov.lk/view/extra-gazettes/2022/3/2273-01_E.pdf,doc-archive/2022/03/28/2273-01/2273-01_english.pdf
2273-02,https://documents.gov.lk/view/extra-gazettes/2022/3/2273-02_E.pdf,doc-archive/2022/03/28/2273-02/2273-02_english.pdf
2273-03,https://documents.gov.lk/view/extra-gazettes/2022/3/2273-03_E.pdf,doc-archive/2022/03/28/2273-03/2273-03_english.pdf
2273-05,https://documents.gov.lk/view/extra-gazettes/2022/3/2273-05_E.pdf,doc-archive/2022/03/28/2273-05/2273-05_english.pdf
2273-04,https://documents.gov.lk/view/extra-gazettes/2022/3/2273-04_E.pdf,doc-archive/2022/03/28/2273-04/2273-04_english.pdf
2273-06,https://documents.gov.lk/view/extra-gazettes/2022/3/2273-06_E.pdf,doc-archive/2022/03/28/2273-06/2273-06_english.pdf
2273-08,https://documents.gov.lk/view/extra-gazettes/2022/3/2273-08_E.pdf,doc-archive/2022/03/28/2273-08/2273-08_english.pdf
2273-07,https://documents.gov.lk/view/extra-gazettes/2022/3/2273-07_E.pdf,doc-archive/2022/03/28/2273-07/2273-07_english.pdf
2273-09,https://documents.gov.lk/view/extra-gazettes/2022/3/2273-09_E.pdf,doc-archive/2022/03/28/2273-09/2273-09_english.pdf
2273-10,https://documents.gov.lk/view/extra-gazettes/2022/3/2273-10_E.pdf,doc-archive/2022/03/28/2273-10/2273-10_english.pdf
2273-11,https://documents.gov.lk/view/extra-gazettes/2022/3/2273-11_E.pdf,doc-archive/2022/03/28/2273-11/2273-11_english.pdf
2273-12,https://documents.gov.lk/view/extra-gazettes/2022/3/2273-12_E.pdf,doc-archive/2022/03/28/2273-12/2273-12_english.pdf
2272-53,https://documents.gov.lk/view/extra-gazettes/2022/3/2272-53_E.pdf,doc-archive/2022/03/27/2272-53/2272-53_english.pdf
2272-47,https://documents.gov.lk/view/extra-gazettes/2022/3/2272-47_E.pdf,doc-archive/2022/03/25/2272-47/2272-47_english.pdf
2272-48,https://documents.gov.lk/view/extra-gazettes/2022/3/2272-48_E.pdf,doc-archive/2022/03/25/2272-48/2272-48_english.pdf
2272-46,https://documents.gov.lk/view/extra-gazettes/2022/3/2272-46_E.pdf,doc-archive/2022/03/25/2272-46/2272-46_english.pdf
2272-49,https://documents.gov.lk/view/extra-gazettes/2022/3/2272-49_E.pdf,doc-archive/2022/03/25/2272-49/2272-49_english.pdf
2272-50,https://documents.gov.lk/view/extra-gazettes/2022/3/2272-50_E.pdf,doc-archive/2022/03/25/2272-50/2272-50_english.pdf
2272-51,https://documents.gov.lk/view/extra-gazettes/2022/3/2272-51_E.pdf,doc-archive/2022/03/25/2272-51/2272-51_english.pdf
2272-52,https://documents.gov.lk/view/extra-gazettes/2022/3/2272-52_E.pdf,doc-archive/2022/03/25/2272-52/2272-52_english.pdf
2272-42,https://documents.gov.lk/view/extra-gazettes/2022/3/2272-42_E.pdf,doc-archive/2022/03/24/2272-42/2272-42_english.pdf
2272-44,https://documents.gov.lk/view/extra-gazettes/2022/3/2272-44_E.pdf,doc-archive/2022/03/24/2272-44/2272-44_english.pdf
2272-43,https://documents.gov.lk/view/extra-gazettes/2022/3/2272-43_E.pdf,doc-archive/2022/03/24/2272-43/2272-43_english.pdf
2272-45,https://documents.gov.lk/view/extra-gazettes/2022/3/2272-45_E.pdf,doc-archive/2022/03/24/2272-45/2272-45_english.pdf
2272-38,https://documents.gov.lk/view/extra-gazettes/2022/3/2272-38_E.pdf,doc-archive/2022/03/23/2272-38/2272-38_english.pdf
2272-39,https://documents.gov.lk/view/extra-gazettes/2022/3/2272-39_E.pdf,doc-archive/2022/03/23/2272-39/2272-39_english.pdf
2272-41,https://documents.gov.lk/view/extra-gazettes/2022/3/2272-41_E.pdf,doc-archive/2022/03/23/2272-41/2272-41_english.pdf
2272-40,https://documents.gov.lk/view/extra-gazettes/2022/3/2272-40_E.pdf,doc-archive/2022/03/23/2272-40/2272-40_english.pdf
2272-14,https://documents.gov.lk/view/extra-gazettes/2022/3/2272-14_E.pdf,doc-archive/2022/03/22/2272-14/2272-14_english.pdf
2272-15,https://documents.gov.lk/view/extra-gazettes/2022/3/2272-15_E.pdf,doc-archive/2022/03/22/2272-15/2272-15_english.pdf
2272-17,https://documents.gov.lk/view/extra-gazettes/2022/3/2272-17_E.pdf,doc-archive/2022/03/22/2272-17/2272-17_english.pdf
2272-16,https://documents.gov.lk/view/extra-gazettes/2022/3/2272-16_E.pdf,doc-archive/2022/03/22/2272-16/2272-16_english.pdf
2272-18,https://documents.gov.lk/view/extra-gazettes/2022/3/2272-18_E.pdf,doc-archive/2022/03/22/2272-18/2272-18_english.pdf
2272-19,https://documents.gov.lk/view/extra-gazettes/2022/3/2272-19_E.pdf,doc-archive/2022/03/22/2272-19/2272-19_english.pdf
2272-20,https://documents.gov.lk/view/extra-gazettes/2022/3/2272-20_E.pdf,doc-archive/2022/03/22/2272-20/2272-20_english.pdf
2272-22,https://documents.gov.lk/view/extra-gazettes/2022/3/2272-22_E.pdf,doc-archive/2022/03/22/2272-22/2272-22_english.pdf
2272-21,https://documents.gov.lk/view/extra-gazettes/2022/3/2272-21_E.pdf,doc-archive/2022/03/22/2272-21/2272-21_english.pdf
2272-23,https://documents.gov.lk/view/extra-gazettes/2022/3/2272-23_E.pdf,doc-archive/2022/03/22/2272-23/2272-23_english.pdf
2272-24,https://documents.gov.lk/view/extra-gazettes/2022/3/2272-24_E.pdf,doc-archive/2022/03/22/2272-24/2272-24_english.pdf
2272-25,https://documents.gov.lk/view/extra-gazettes/2022/3/2272-25_E.pdf,doc-archive/2022/03/22/2272-25/2272-25_english.pdf
2272-26,https://documents.gov.lk/view/extra-gazettes/2022/3/2272-26_E.pdf,doc-archive/2022/03/22/2272-26/2272-26_english.pdf
2272-27,https://documents.gov.lk/view/extra-gazettes/2022/3/2272-27_E.pdf,doc-archive/2022/03/22/2272-27/2272-27_english.pdf
2272-28,https://documents.gov.lk/view/extra-gazettes/2022/3/2272-28_E.pdf,doc-archive/2022/03/22/2272-28/2272-28_english.pdf
2272-29,https://documents.gov.lk/view/extra-gazettes/2022/3/2272-29_E.pdf,doc-archive/2022/03/22/2272-29/2272-29_english.pdf
2272-30,https://documents.gov.lk/view/extra-gazettes/2022/3/2272-30_E.pdf,doc-archive/2022/03/22/2272-30/2272-30_english.pdf
2272-31,https://documents.gov.lk/view/extra-gazettes/2022/3/2272-31_E.pdf,doc-archive/2022/03/22/2272-31/2272-31_english.pdf
2272-33,https://documents.gov.lk/view/extra-gazettes/2022/3/2272-33_E.pdf,doc-archive/2022/03/22/2272-33/2272-33_english.pdf
2272-32,https://documents.gov.lk/view/extra-gazettes/2022/3/2272-32_E.pdf,doc-archive/2022/03/22/2272-32/2272-32_english.pdf
2272-34,https://documents.gov.lk/view/extra-gazettes/2022/3/2272-34_E.pdf,doc-archive/2022/03/22/2272-34/2272-34_english.pdf
2272-35,https://documents.gov.lk/view/extra-gazettes/2022/3/2272-35_E.pdf,doc-archive/2022/03/22/2272-35/2272-35_english.pdf
2272-37,https://documents.gov.lk/view/extra-gazettes/2022/3/2272-37_E.pdf,doc-archive/2022/03/22/2272-37/2272-37_english.pdf
2272-01,https://documents.gov.lk/view/extra-gazettes/2022/3/2272-01_E.pdf,doc-archive/2022/03/21/2272-01/2272-01_english.pdf
2272-36,https://documents.gov.lk/view/extra-gazettes/2022/3/2272-36_E.pdf,doc-archive/2022/03/22/2272-36/2272-36_english.pdf
2272-02,https://documents.gov.lk/view/extra-gazettes/2022/3/2272-02_E.pdf,doc-archive/2022/03/21/2272-02/2272-02_english.pdf
2272-03,https://documents.gov.lk/view/extra-gazettes/2022/3/2272-03_E.pdf,doc-archive/2022/03/21/2272-03/2272-03_english.pdf
2272-04,https://documents.gov.lk/view/extra-gazettes/2022/3/2272-04_E.pdf,doc-archive/2022/03/21/2272-04/2272-04_english.pdf
2272-06,https://documents.gov.lk/view/extra-gazettes/2022/3/2272-06_E.pdf,doc-archive/2022/03/21/2272-06/2272-06_english.pdf
2272-07,https://documents.gov.lk/view/extra-gazettes/2022/3/2272-07_E.pdf,doc-archive/2022/03/21/2272-07/2272-07_english.pdf
2272-05,https://documents.gov.lk/view/extra-gazettes/2022/3/2272-05_E.pdf,doc-archive/2022/03/21/2272-05/2272-05_english.pdf
2272-09,https://documents.gov.lk/view/extra-gazettes/2022/3/2272-09_E.pdf,doc-archive/2022/03/21/2272-09/2272-09_english.pdf
2272-10,https://documents.gov.lk/view/extra-gazettes/2022/3/2272-10_E.pdf,doc-archive/2022/03/21/2272-10/2272-10_english.pdf
2272-11,https://documents.gov.lk/view/extra-gazettes/2022/3/2272-11_E.pdf,doc-archive/2022/03/21/2272-11/2272-11_english.pdf
2272-12,https://documents.gov.lk/view/extra-gazettes/2022/3/2272-12_E.pdf,doc-archive/2022/03/21/2272-12/2272-12_english.pdf
2272-13,https://documents.gov.lk/view/extra-gazettes/2022/3/2272-13_E.pdf,doc-archive/2022/03/21/2272-13/2272-13_english.pdf
2271-61,https://documents.gov.lk/view/extra-gazettes/2022/3/2271-61_E.pdf,doc-archive/2022/03/19/2271-61/2271-61_english.pdf
2271-62,https://documents.gov.lk/view/extra-gazettes/2022/3/2271-62_E.pdf,doc-archive/2022/03/19/2271-62/2271-62_english.pdf
2271-63,https://documents.gov.lk/view/extra-gazettes/2022/3/2271-63_E.pdf,doc-archive/2022/03/19/2271-63/2271-63_english.pdf
2271-37,https://documents.gov.lk/view/extra-gazettes/2022/3/2271-37_E.pdf,doc-archive/2022/03/18/2271-37/2271-37_english.pdf
2271-39,https://documents.gov.lk/view/extra-gazettes/2022/3/2271-39_E.pdf,doc-archive/2022/03/18/2271-39/2271-39_english.pdf
2271-38,https://documents.gov.lk/view/extra-gazettes/2022/3/2271-38_E.pdf,doc-archive/2022/03/18/2271-38/2271-38_english.pdf
2271-40,https://documents.gov.lk/view/extra-gazettes/2022/3/2271-40_E.pdf,doc-archive/2022/03/18/2271-40/2271-40_english.pdf
2271-41,https://documents.gov.lk/view/extra-gazettes/2022/3/2271-41_E.pdf,doc-archive/2022/03/18/2271-41/2271-41_english.pdf
2271-42,https://documents.gov.lk/view/extra-gazettes/2022/3/2271-42_E.pdf,doc-archive/2022/03/18/2271-42/2271-42_english.pdf
2271-43,https://documents.gov.lk/view/extra-gazettes/2022/3/2271-43_E.pdf,doc-archive/2022/03/18/2271-43/2271-43_english.pdf
2271-44,https://documents.gov.lk/view/extra-gazettes/2022/3/2271-44_E.pdf,doc-archive/2022/03/18/2271-44/2271-44_english.pdf
2271-45,https://documents.gov.lk/view/extra-gazettes/2022/3/2271-45_E.pdf,doc-archive/2022/03/18/2271-45/2271-45_english.pdf
2271-46,https://documents.gov.lk/view/extra-gazettes/2022/3/2271-46_E.pdf,doc-archive/2022/03/18/2271-46/2271-46_english.pdf
2271-47,https://documents.gov.lk/view/extra-gazettes/2022/3/2271-47_E.pdf,doc-archive/2022/03/18/2271-47/2271-47_english.pdf
2271-48,https://documents.gov.lk/view/extra-gazettes/2022/3/2271-48_E.pdf,doc-archive/2022/03/18/2271-48/2271-48_english.pdf
2271-49,https://documents.gov.lk/view/extra-gazettes/2022/3/2271-49_E.pdf,doc-archive/2022/03/18/2271-49/2271-49_english.pdf
2271-50,https://documents.gov.lk/view/extra-gazettes/2022/3/2271-50_E.pdf,doc-archive/2022/03/18/2271-50/2271-50_english.pdf
2271-51,https://documents.gov.lk/view/extra-gazettes/2022/3/2271-51_E.pdf,doc-archive/2022/03/18/2271-51/2271-51_english.pdf
2271-52,https://documents.gov.lk/view/extra-gazettes/2022/3/2271-52_E.pdf,doc-archive/2022/03/18/2271-52/2271-52_english.pdf
2271-53,https://documents.gov.lk/view/extra-gazettes/2022/3/2271-53_E.pdf,doc-archive/2022/03/18/2271-53/2271-53_english.pdf
2271-54,https://documents.gov.lk/view/extra-gazettes/2022/3/2271-54_E.pdf,doc-archive/2022/03/18/2271-54/2271-54_english.pdf
2271-55,https://documents.gov.lk/view/extra-gazettes/2022/3/2271-55_E.pdf,doc-archive/2022/03/18/2271-55/2271-55_english.pdf
2271-56,https://documents.gov.lk/view/extra-gazettes/2022/3/2271-56_E.pdf,doc-archive/2022/03/18/2271-56/2271-56_english.pdf
2271-57,https://documents.gov.lk/view/extra-gazettes/2022/3/2271-57_E.pdf,doc-archive/2022/03/18/2271-57/2271-57_english.pdf
2271-58,https://documents.gov.lk/view/extra-gazettes/2022/3/2271-58_E.pdf,doc-archive/2022/03/18/2271-58/2271-58_english.pdf
2271-59,https://documents.gov.lk/view/extra-gazettes/2022/3/2271-59_E.pdf,doc-archive/2022/03/18/2271-59/2271-59_english.pdf
2271-60,https://documents.gov.lk/view/extra-gazettes/2022/3/2271-60_E.pdf,doc-archive/2022/03/18/2271-60/2271-60_english.pdf
2271-31,https://documents.gov.lk/view/extra-gazettes/2022/3/2271-31_E.pdf,doc-archive/2022/03/16/2271-31/2271-31_english.pdf
2271-32,https://documents.gov.lk/view/extra-gazettes/2022/3/2271-32_E.pdf,doc-archive/2022/03/16/2271-32/2271-32_english.pdf
2271-33,https://documents.gov.lk/view/extra-gazettes/2022/3/2271-33_E.pdf,doc-archive/2022/03/16/2271-33/2271-33_english.pdf
2271-34,https://documents.gov.lk/view/extra-gazettes/2022/3/2271-34_E.pdf,doc-archive/2022/03/16/2271-34/2271-34_english.pdf
2271-36,https://documents.gov.lk/view/extra-gazettes/2022/3/2271-36_E.pdf,doc-archive/2022/03/16/2271-36/2271-36_english.pdf
2271-09,https://documents.gov.lk/view/extra-gazettes/2022/3/2271-09_E.pdf,doc-archive/2022/03/15/2271-09/2271-09_english.pdf
2271-10,https://documents.gov.lk/view/extra-gazettes/2022/3/2271-10_E.pdf,doc-archive/2022/03/15/2271-10/2271-10_english.pdf
2271-11,https://documents.gov.lk/view/extra-gazettes/2022/3/2271-11_E.pdf,doc-archive/2022/03/15/2271-11/2271-11_english.pdf
2271-12,https://documents.gov.lk/view/extra-gazettes/2022/3/2271-12_E.pdf,doc-archive/2022/03/15/2271-12/2271-12_english.pdf
2271-13,https://documents.gov.lk/view/extra-gazettes/2022/3/2271-13_E.pdf,doc-archive/2022/03/15/2271-13/2271-13_english.pdf
2271-14,https://documents.gov.lk/view/extra-gazettes/2022/3/2271-14_E.pdf,doc-archive/2022/03/15/2271-14/2271-14_english.pdf
2271-15,https://documents.gov.lk/view/extra-gazettes/2022/3/2271-15_E.pdf,doc-archive/2022/03/15/2271-15/2271-15_english.pdf
2271-16,https://documents.gov.lk/view/extra-gazettes/2022/3/2271-16_E.pdf,doc-archive/2022/03/15/2271-16/2271-16_english.pdf
2271-17,https://documents.gov.lk/view/extra-gazettes/2022/3/2271-17_E.pdf,doc-archive/2022/03/15/2271-17/2271-17_english.pdf
2271-18,https://documents.gov.lk/view/extra-gazettes/2022/3/2271-18_E.pdf,doc-archive/2022/03/15/2271-18/2271-18_english.pdf
2271-19,https://documents.gov.lk/view/extra-gazettes/2022/3/2271-19_E.pdf,doc-archive/2022/03/15/2271-19/2271-19_english.pdf
2271-20,https://documents.gov.lk/view/extra-gazettes/2022/3/2271-20_E.pdf,doc-archive/2022/03/15/2271-20/2271-20_english.pdf
2271-21,https://documents.gov.lk/view/extra-gazettes/2022/3/2271-21_E.pdf,doc-archive/2022/03/15/2271-21/2271-21_english.pdf
2271-22,https://documents.gov.lk/view/extra-gazettes/2022/3/2271-22_E.pdf,doc-archive/2022/03/15/2271-22/2271-22_english.pdf
2271-24,https://documents.gov.lk/view/extra-gazettes/2022/3/2271-24_E.pdf,doc-archive/2022/03/15/2271-24/2271-24_english.pdf
2271-23,https://documents.gov.lk/view/extra-gazettes/2022/3/2271-23_E.pdf,doc-archive/2022/03/15/2271-23/2271-23_english.pdf
2271-25,https://documents.gov.lk/view/extra-gazettes/2022/3/2271-25_E.pdf,doc-archive/2022/03/15/2271-25/2271-25_english.pdf
2271-26,https://documents.gov.lk/view/extra-gazettes/2022/3/2271-26_E.pdf,doc-archive/2022/03/15/2271-26/2271-26_english.pdf
2271-27,https://documents.gov.lk/view/extra-gazettes/2022/3/2271-27_E.pdf,doc-archive/2022/03/15/2271-27/2271-27_english.pdf
2271-28,https://documents.gov.lk/view/extra-gazettes/2022/3/2271-28_E.pdf,doc-archive/2022/03/15/2271-28/2271-28_english.pdf
2271-29,https://documents.gov.lk/view/extra-gazettes/2022/3/2271-29_E.pdf,doc-archive/2022/03/15/2271-29/2271-29_english.pdf
2271-01,https://documents.gov.lk/view/extra-gazettes/2022/3/2271-01_E.pdf,doc-archive/2022/03/14/2271-01/2271-01_english.pdf
2271-30,https://documents.gov.lk/view/extra-gazettes/2022/3/2271-30_E.pdf,doc-archive/2022/03/15/2271-30/2271-30_english.pdf
2271-02,https://documents.gov.lk/view/extra-gazettes/2022/3/2271-02_E.pdf,doc-archive/2022/03/14/2271-02/2271-02_english.pdf
2271-03,https://documents.gov.lk/view/extra-gazettes/2022/3/2271-03_E.pdf,doc-archive/2022/03/14/2271-03/2271-03_english.pdf
2271-04,https://documents.gov.lk/view/extra-gazettes/2022/3/2271-04_E.pdf,doc-archive/2022/03/14/2271-04/2271-04_english.pdf
2271-05,https://documents.gov.lk/view/extra-gazettes/2022/3/2271-05_E.pdf,doc-archive/2022/03/14/2271-05/2271-05_english.pdf
2271-06,https://documents.gov.lk/view/extra-gazettes/2022/3/2271-06_E.pdf,doc-archive/2022/03/14/2271-06/2271-06_english.pdf
2271-07,https://documents.gov.lk/view/extra-gazettes/2022/3/2271-07_E.pdf,doc-archive/2022/03/14/2271-07/2271-07_english.pdf
2271-08,https://documents.gov.lk/view/extra-gazettes/2022/3/2271-08_E.pdf,doc-archive/2022/03/14/2271-08/2271-08_english.pdf
2270-74,https://documents.gov.lk/view/extra-gazettes/2022/3/2270-74_E.pdf,doc-archive/2022/03/12/2270-74/2270-74_english.pdf
2270-75,https://documents.gov.lk/view/extra-gazettes/2022/3/2270-75_E.pdf,doc-archive/2022/03/12/2270-75/2270-75_english.pdf
2270-76,https://documents.gov.lk/view/extra-gazettes/2022/3/2270-76_E.pdf,doc-archive/2022/03/12/2270-76/2270-76_english.pdf
2270-77,https://documents.gov.lk/view/extra-gazettes/2022/3/2270-77_E.pdf,doc-archive/2022/03/12/2270-77/2270-77_english.pdf
2270-78,https://documents.gov.lk/view/extra-gazettes/2022/3/2270-78_E.pdf,doc-archive/2022/03/12/2270-78/2270-78_english.pdf
2270-79,https://documents.gov.lk/view/extra-gazettes/2022/3/2270-79_E.pdf,doc-archive/2022/03/12/2270-79/2270-79_english.pdf
2270-81,https://documents.gov.lk/view/extra-gazettes/2022/3/2270-81_E.pdf,doc-archive/2022/03/12/2270-81/2270-81_english.pdf
2270-80,https://documents.gov.lk/view/extra-gazettes/2022/3/2270-80_E.pdf,doc-archive/2022/03/12/2270-80/2270-80_english.pdf
2270-82,https://documents.gov.lk/view/extra-gazettes/2022/3/2270-82_E.pdf,doc-archive/2022/03/12/2270-82/2270-82_english.pdf
2270-83,https://documents.gov.lk/view/extra-gazettes/2022/3/2270-83_E.pdf,doc-archive/2022/03/12/2270-83/2270-83_english.pdf
2270-84,https://documents.gov.lk/view/extra-gazettes/2022/3/2270-84_E.pdf,doc-archive/2022/03/12/2270-84/2270-84_english.pdf
2270-85,https://documents.gov.lk/view/extra-gazettes/2022/3/2270-85_E.pdf,doc-archive/2022/03/12/2270-85/2270-85_english.pdf
2270-86,https://documents.gov.lk/view/extra-gazettes/2022/3/2270-86_E.pdf,doc-archive/2022/03/12/2270-86/2270-86_english.pdf
2270-87,https://documents.gov.lk/view/extra-gazettes/2022/3/2270-87_E.pdf,doc-archive/2022/03/12/2270-87/2270-87_english.pdf
2270-88,https://documents.gov.lk/view/extra-gazettes/2022/3/2270-88_E.pdf,doc-archive/2022/03/12/2270-88/2270-88_english.pdf
2270-66,https://documents.gov.lk/view/extra-gazettes/2022/3/2270-66_E.pdf,doc-archive/2022/03/11/2270-66/2270-66_english.pdf
2270-71,https://documents.gov.lk/view/extra-gazettes/2022/3/2270-71_E.pdf,doc-archive/2022/03/11/2270-71/2270-71_english.pdf
2270-67,https://documents.gov.lk/view/extra-gazettes/2022/3/2270-67_E.pdf,doc-archive/2022/03/11/2270-67/2270-67_english.pdf
2270-72,https://documents.gov.lk/view/extra-gazettes/2022/3/2270-72_E.pdf,doc-archive/2022/03/11/2270-72/2270-72_english.pdf
2270-73,https://documents.gov.lk/view/extra-gazettes/2022/3/2270-73_E.pdf,doc-archive/2022/03/11/2270-73/2270-73_english.pdf
2270-31,https://documents.gov.lk/view/extra-gazettes/2022/3/2270-31_E.pdf,doc-archive/2022/03/10/2270-31/2270-31_english.pdf
2270-32,https://documents.gov.lk/view/extra-gazettes/2022/3/2270-32_E.pdf,doc-archive/2022/03/10/2270-32/2270-32_english.pdf
2270-33,https://documents.gov.lk/view/extra-gazettes/2022/3/2270-33_E.pdf,doc-archive/2022/03/10/2270-33/2270-33_english.pdf
2270-34,https://documents.gov.lk/view/extra-gazettes/2022/3/2270-34_E.pdf,doc-archive/2022/03/10/2270-34/2270-34_english.pdf
2270-35,https://documents.gov.lk/view/extra-gazettes/2022/3/2270-35_E.pdf,doc-archive/2022/03/10/2270-35/2270-35_english.pdf
2270-36,https://documents.gov.lk/view/extra-gazettes/2022/3/2270-36_E.pdf,doc-archive/2022/03/10/2270-36/2270-36_english.pdf
2270-37,https://documents.gov.lk/view/extra-gazettes/2022/3/2270-37_E.pdf,doc-archive/2022/03/10/2270-37/2270-37_english.pdf
2270-38,https://documents.gov.lk/view/extra-gazettes/2022/3/2270-38_E.pdf,doc-archive/2022/03/10/2270-38/2270-38_english.pdf
2270-40,https://documents.gov.lk/view/extra-gazettes/2022/3/2270-40_E.pdf,doc-archive/2022/03/10/2270-40/2270-40_english.pdf
2270-39,https://documents.gov.lk/view/extra-gazettes/2022/3/2270-39_E.pdf,doc-archive/2022/03/10/2270-39/2270-39_english.pdf
2270-41,https://documents.gov.lk/view/extra-gazettes/2022/3/2270-41_E.pdf,doc-archive/2022/03/10/2270-41/2270-41_english.pdf
2270-42,https://documents.gov.lk/view/extra-gazettes/2022/3/2270-42_E.pdf,doc-archive/2022/03/10/2270-42/2270-42_english.pdf
2270-43,https://documents.gov.lk/view/extra-gazettes/2022/3/2270-43_E.pdf,doc-archive/2022/03/10/2270-43/2270-43_english.pdf
2270-44,https://documents.gov.lk/view/extra-gazettes/2022/3/2270-44_E.pdf,doc-archive/2022/03/10/2270-44/2270-44_english.pdf
2270-45,https://documents.gov.lk/view/extra-gazettes/2022/3/2270-45_E.pdf,doc-archive/2022/03/10/2270-45/2270-45_english.pdf
2270-47,https://documents.gov.lk/view/extra-gazettes/2022/3/2270-47_E.pdf,doc-archive/2022/03/10/2270-47/2270-47_english.pdf
2270-46,https://documents.gov.lk/view/extra-gazettes/2022/3/2270-46_E.pdf,doc-archive/2022/03/10/2270-46/2270-46_english.pdf
2270-48,https://documents.gov.lk/view/extra-gazettes/2022/3/2270-48_E.pdf,doc-archive/2022/03/10/2270-48/2270-48_english.pdf
2270-49,https://documents.gov.lk/view/extra-gazettes/2022/3/2270-49_E.pdf,doc-archive/2022/03/10/2270-49/2270-49_english.pdf
2270-50,https://documents.gov.lk/view/extra-gazettes/2022/3/2270-50_E.pdf,doc-archive/2022/03/10/2270-50/2270-50_english.pdf
2270-51,https://documents.gov.lk/view/extra-gazettes/2022/3/2270-51_E.pdf,doc-archive/2022/03/10/2270-51/2270-51_english.pdf
2270-52,https://documents.gov.lk/view/extra-gazettes/2022/3/2270-52_E.pdf,doc-archive/2022/03/10/2270-52/2270-52_english.pdf
2270-53,https://documents.gov.lk/view/extra-gazettes/2022/3/2270-53_E.pdf,doc-archive/2022/03/10/2270-53/2270-53_english.pdf
2270-54,https://documents.gov.lk/view/extra-gazettes/2022/3/2270-54_E.pdf,doc-archive/2022/03/10/2270-54/2270-54_english.pdf
2270-55,https://documents.gov.lk/view/extra-gazettes/2022/3/2270-55_E.pdf,doc-archive/2022/03/10/2270-55/2270-55_english.pdf
2270-56,https://documents.gov.lk/view/extra-gazettes/2022/3/2270-56_E.pdf,doc-archive/2022/03/10/2270-56/2270-56_english.pdf
2270-57,https://documents.gov.lk/view/extra-gazettes/2022/3/2270-57_E.pdf,doc-archive/2022/03/10/2270-57/2270-57_english.pdf
2270-58,https://documents.gov.lk/view/extra-gazettes/2022/3/2270-58_E.pdf,doc-archive/2022/03/10/2270-58/2270-58_english.pdf
2270-60,https://documents.gov.lk/view/extra-gazettes/2022/3/2270-60_E.pdf,doc-archive/2022/03/10/2270-60/2270-60_english.pdf
2270-59,https://documents.gov.lk/view/extra-gazettes/2022/3/2270-59_E.pdf,doc-archive/2022/03/10/2270-59/2270-59_english.pdf
2270-61,https://documents.gov.lk/view/extra-gazettes/2022/3/2270-61_E.pdf,doc-archive/2022/03/10/2270-61/2270-61_english.pdf
2270-62,https://documents.gov.lk/view/extra-gazettes/2022/3/2270-62_E.pdf,doc-archive/2022/03/10/2270-62/2270-62_english.pdf
2270-63,https://documents.gov.lk/view/extra-gazettes/2022/3/2270-63_E.pdf,doc-archive/2022/03/10/2270-63/2270-63_english.pdf
2270-64,https://documents.gov.lk/view/extra-gazettes/2022/3/2270-64_E.pdf,doc-archive/2022/03/10/2270-64/2270-64_english.pdf
2270-18,https://documents.gov.lk/view/extra-gazettes/2022/3/2270-18_E.pdf,doc-archive/2022/03/09/2270-18/2270-18_english.pdf
2270-65,https://documents.gov.lk/view/extra-gazettes/2022/3/2270-65_E.pdf,doc-archive/2022/03/10/2270-65/2270-65_english.pdf
2270-19,https://documents.gov.lk/view/extra-gazettes/2022/3/2270-19_E.pdf,doc-archive/2022/03/09/2270-19/2270-19_english.pdf
2270-20,https://documents.gov.lk/view/extra-gazettes/2022/3/2270-20_E.pdf,doc-archive/2022/03/09/2270-20/2270-20_english.pdf
2270-21,https://documents.gov.lk/view/extra-gazettes/2022/3/2270-21_E.pdf,doc-archive/2022/03/09/2270-21/2270-21_english.pdf
2270-22,https://documents.gov.lk/view/extra-gazettes/2022/3/2270-22_E.pdf,doc-archive/2022/03/09/2270-22/2270-22_english.pdf
2270-23,https://documents.gov.lk/view/extra-gazettes/2022/3/2270-23_E.pdf,doc-archive/2022/03/09/2270-23/2270-23_english.pdf
2270-24,https://documents.gov.lk/view/extra-gazettes/2022/3/2270-24_E.pdf,doc-archive/2022/03/09/2270-24/2270-24_english.pdf
2270-25,https://documents.gov.lk/view/extra-gazettes/2022/3/2270-25_E.pdf,doc-archive/2022/03/09/2270-25/2270-25_english.pdf
2270-26,https://documents.gov.lk/view/extra-gazettes/2022/3/2270-26_E.pdf,doc-archive/2022/03/09/2270-26/2270-26_english.pdf
2270-27,https://documents.gov.lk/view/extra-gazettes/2022/3/2270-27_E.pdf,doc-archive/2022/03/09/2270-27/2270-27_english.pdf
2270-29,https://documents.gov.lk/view/extra-gazettes/2022/3/2270-29_E.pdf,doc-archive/2022/03/09/2270-29/2270-29_english.pdf
2270-28,https://documents.gov.lk/view/extra-gazettes/2022/3/2270-28_E.pdf,doc-archive/2022/03/09/2270-28/2270-28_english.pdf
2270-30,https://documents.gov.lk/view/extra-gazettes/2022/3/2270-30_E.pdf,doc-archive/2022/03/09/2270-30/2270-30_english.pdf
2270-06,https://documents.gov.lk/view/extra-gazettes/2022/3/2270-06_E.pdf,doc-archive/2022/03/08/2270-06/2270-06_english.pdf
2270-08,https://documents.gov.lk/view/extra-gazettes/2022/3/2270-08_E.pdf,doc-archive/2022/03/08/2270-08/2270-08_english.pdf
2270-09,https://documents.gov.lk/view/extra-gazettes/2022/3/2270-09_E.pdf,doc-archive/2022/03/08/2270-09/2270-09_english.pdf
2270-10,https://documents.gov.lk/view/extra-gazettes/2022/3/2270-10_E.pdf,doc-archive/2022/03/08/2270-10/2270-10_english.pdf
2270-11,https://documents.gov.lk/view/extra-gazettes/2022/3/2270-11_E.pdf,doc-archive/2022/03/08/2270-11/2270-11_english.pdf
2270-12,https://documents.gov.lk/view/extra-gazettes/2022/3/2270-12_E.pdf,doc-archive/2022/03/08/2270-12/2270-12_english.pdf
2270-13,https://documents.gov.lk/view/extra-gazettes/2022/3/2270-13_E.pdf,doc-archive/2022/03/08/2270-13/2270-13_english.pdf
2270-14,https://documents.gov.lk/view/extra-gazettes/2022/3/2270-14_E.pdf,doc-archive/2022/03/08/2270-14/2270-14_english.pdf
2270-15,https://documents.gov.lk/view/extra-gazettes/2022/3/2270-15_E.pdf,doc-archive/2022/03/08/2270-15/2270-15_english.pdf
2270-16,https://documents.gov.lk/view/extra-gazettes/2022/3/2270-16_E.pdf,doc-archive/2022/03/08/2270-16/2270-16_english.pdf
2270-01,https://documents.gov.lk/view/extra-gazettes/2022/3/2270-01_E.pdf,doc-archive/2022/03/07/2270-01/2270-01_english.pdf
2270-17,https://documents.gov.lk/view/extra-gazettes/2022/3/2270-17_E.pdf,doc-archive/2022/03/08/2270-17/2270-17_english.pdf
2270-02,https://documents.gov.lk/view/extra-gazettes/2022/3/2270-02_E.pdf,doc-archive/2022/03/07/2270-02/2270-02_english.pdf
2270-03,https://documents.gov.lk/view/extra-gazettes/2022/3/2270-03_E.pdf,doc-archive/2022/03/07/2270-03/2270-03_english.pdf
2270-04,https://documents.gov.lk/view/extra-gazettes/2022/3/2270-04_E.pdf,doc-archive/2022/03/07/2270-04/2270-04_english.pdf
2270-05,https://documents.gov.lk/view/extra-gazettes/2022/3/2270-05_E.pdf,doc-archive/2022/03/07/2270-05/2270-05_english.pdf
2269-81,https://documents.gov.lk/view/extra-gazettes/2022/3/2269-81_E.pdf,doc-archive/2022/03/05/2269-81/2269-81_english.pdf
2269-58,https://documents.gov.lk/view/extra-gazettes/2022/3/2269-58_E.pdf,doc-archive/2022/03/04/2269-58/2269-58_english.pdf
2269-59,https://documents.gov.lk/view/extra-gazettes/2022/3/2269-59_E.pdf,doc-archive/2022/03/04/2269-59/2269-59_english.pdf
2269-60,https://documents.gov.lk/view/extra-gazettes/2022/3/2269-60_E.pdf,doc-archive/2022/03/04/2269-60/2269-60_english.pdf
2269-61,https://documents.gov.lk/view/extra-gazettes/2022/3/2269-61_E.pdf,doc-archive/2022/03/04/2269-61/2269-61_english.pdf
2269-62,https://documents.gov.lk/view/extra-gazettes/2022/3/2269-62_E.pdf,doc-archive/2022/03/04/2269-62/2269-62_english.pdf
2269-63,https://documents.gov.lk/view/extra-gazettes/2022/3/2269-63_E.pdf,doc-archive/2022/03/04/2269-63/2269-63_english.pdf
2269-64,https://documents.gov.lk/view/extra-gazettes/2022/3/2269-64_E.pdf,doc-archive/2022/03/04/2269-64/2269-64_english.pdf
2269-65,https://documents.gov.lk/view/extra-gazettes/2022/3/2269-65_E.pdf,doc-archive/2022/03/04/2269-65/2269-65_english.pdf
2269-70,https://documents.gov.lk/view/extra-gazettes/2022/3/2269-70_E.pdf,doc-archive/2022/03/04/2269-70/2269-70_english.pdf
2269-71,https://documents.gov.lk/view/extra-gazettes/2022/3/2269-71_E.pdf,doc-archive/2022/03/04/2269-71/2269-71_english.pdf
2269-72,https://documents.gov.lk/view/extra-gazettes/2022/3/2269-72_E.pdf,doc-archive/2022/03/04/2269-72/2269-72_english.pdf
2269-73,https://documents.gov.lk/view/extra-gazettes/2022/3/2269-73_E.pdf,doc-archive/2022/03/04/2269-73/2269-73_english.pdf
2269-74,https://documents.gov.lk/view/extra-gazettes/2022/3/2269-74_E.pdf,doc-archive/2022/03/04/2269-74/2269-74_english.pdf
2269-75,https://documents.gov.lk/view/extra-gazettes/2022/3/2269-75_E.pdf,doc-archive/2022/03/04/2269-75/2269-75_english.pdf
2269-76,https://documents.gov.lk/view/extra-gazettes/2022/3/2269-76_E.pdf,doc-archive/2022/03/04/2269-76/2269-76_english.pdf
2269-77,https://documents.gov.lk/view/extra-gazettes/2022/3/2269-77_E.pdf,doc-archive/2022/03/04/2269-77/2269-77_english.pdf
2269-78,https://documents.gov.lk/view/extra-gazettes/2022/3/2269-78_E.pdf,doc-archive/2022/03/04/2269-78/2269-78_english.pdf
2269-79,https://documents.gov.lk/view/extra-gazettes/2022/3/2269-79_E.pdf,doc-archive/2022/03/04/2269-79/2269-79_english.pdf
2269-80,https://documents.gov.lk/view/extra-gazettes/2022/3/2269-80_E.pdf,doc-archive/2022/03/04/2269-80/2269-80_english.pdf
2269-34,https://documents.gov.lk/view/extra-gazettes/2022/3/2269-34_E.pdf,doc-archive/2022/03/03/2269-34/2269-34_english.pdf
2269-35,https://documents.gov.lk/view/extra-gazettes/2022/3/2269-35_E.pdf,doc-archive/2022/03/03/2269-35/2269-35_english.pdf
2269-36,https://documents.gov.lk/view/extra-gazettes/2022/3/2269-36_E.pdf,doc-archive/2022/03/03/2269-36/2269-36_english.pdf
2269-37,https://documents.gov.lk/view/extra-gazettes/2022/3/2269-37_E.pdf,doc-archive/2022/03/03/2269-37/2269-37_english.pdf
2269-38,https://documents.gov.lk/view/extra-gazettes/2022/3/2269-38_E.pdf,doc-archive/2022/03/03/2269-38/2269-38_english.pdf
2269-39,https://documents.gov.lk/view/extra-gazettes/2022/3/2269-39_E.pdf,doc-archive/2022/03/03/2269-39/2269-39_english.pdf
2269-42,https://documents.gov.lk/view/extra-gazettes/2022/3/2269-42_E.pdf,doc-archive/2022/03/03/2269-42/2269-42_english.pdf
2269-40,https://documents.gov.lk/view/extra-gazettes/2022/3/2269-40_E.pdf,doc-archive/2022/03/03/2269-40/2269-40_english.pdf
2269-43,https://documents.gov.lk/view/extra-gazettes/2022/3/2269-43_E.pdf,doc-archive/2022/03/03/2269-43/2269-43_english.pdf
2269-44,https://documents.gov.lk/view/extra-gazettes/2022/3/2269-44_E.pdf,doc-archive/2022/03/03/2269-44/2269-44_english.pdf
2269-45,https://documents.gov.lk/view/extra-gazettes/2022/3/2269-45_E.pdf,doc-archive/2022/03/03/2269-45/2269-45_english.pdf
2269-46,https://documents.gov.lk/view/extra-gazettes/2022/3/2269-46_E.pdf,doc-archive/2022/03/03/2269-46/2269-46_english.pdf
2269-47,https://documents.gov.lk/view/extra-gazettes/2022/3/2269-47_E.pdf,doc-archive/2022/03/03/2269-47/2269-47_english.pdf
2269-48,https://documents.gov.lk/view/extra-gazettes/2022/3/2269-48_E.pdf,doc-archive/2022/03/03/2269-48/2269-48_english.pdf
2269-49,https://documents.gov.lk/view/extra-gazettes/2022/3/2269-49_E.pdf,doc-archive/2022/03/03/2269-49/2269-49_english.pdf
2269-50,https://documents.gov.lk/view/extra-gazettes/2022/3/2269-50_E.pdf,doc-archive/2022/03/03/2269-50/2269-50_english.pdf
2269-51,https://documents.gov.lk/view/extra-gazettes/2022/3/2269-51_E.pdf,doc-archive/2022/03/03/2269-51/2269-51_english.pdf
2269-52,https://documents.gov.lk/view/extra-gazettes/2022/3/2269-52_E.pdf,doc-archive/2022/03/03/2269-52/2269-52_english.pdf
2269-53,https://documents.gov.lk/view/extra-gazettes/2022/3/2269-53_E.pdf,doc-archive/2022/03/03/2269-53/2269-53_english.pdf
2269-54,https://documents.gov.lk/view/extra-gazettes/2022/3/2269-54_E.pdf,doc-archive/2022/03/03/2269-54/2269-54_english.pdf
2269-55,https://documents.gov.lk/view/extra-gazettes/2022/3/2269-55_E.pdf,doc-archive/2022/03/03/2269-55/2269-55_english.pdf
2269-56,https://documents.gov.lk/view/extra-gazettes/2022/3/2269-56_E.pdf,doc-archive/2022/03/03/2269-56/2269-56_english.pdf
2269-19,https://documents.gov.lk/view/extra-gazettes/2022/3/2269-19_E.pdf,doc-archive/2022/03/02/2269-19/2269-19_english.pdf
2269-21,https://documents.gov.lk/view/extra-gazettes/2022/3/2269-21_E.pdf,doc-archive/2022/03/02/2269-21/2269-21_english.pdf
2269-20,https://documents.gov.lk/view/extra-gazettes/2022/3/2269-20_E.pdf,doc-archive/2022/03/02/2269-20/2269-20_english.pdf
2269-22,https://documents.gov.lk/view/extra-gazettes/2022/3/2269-22_E.pdf,doc-archive/2022/03/02/2269-22/2269-22_english.pdf
2269-23,https://documents.gov.lk/view/extra-gazettes/2022/3/2269-23_E.pdf,doc-archive/2022/03/02/2269-23/2269-23_english.pdf
2269-24,https://documents.gov.lk/view/extra-gazettes/2022/3/2269-24_E.pdf,doc-archive/2022/03/02/2269-24/2269-24_english.pdf
2269-26,https://documents.gov.lk/view/extra-gazettes/2022/3/2269-26_E.pdf,doc-archive/2022/03/02/2269-26/2269-26_english.pdf
2269-27,https://documents.gov.lk/view/extra-gazettes/2022/3/2269-27_E.pdf,doc-archive/2022/03/02/2269-27/2269-27_english.pdf
2269-25,https://documents.gov.lk/view/extra-gazettes/2022/3/2269-25_E.pdf,doc-archive/2022/03/02/2269-25/2269-25_english.pdf
2269-28,https://documents.gov.lk/view/extra-gazettes/2022/3/2269-28_E.pdf,doc-archive/2022/03/02/2269-28/2269-28_english.pdf
2269-29,https://documents.gov.lk/view/extra-gazettes/2022/3/2269-29_E.pdf,doc-archive/2022/03/02/2269-29/2269-29_english.pdf
2269-30,https://documents.gov.lk/view/extra-gazettes/2022/3/2269-30_E.pdf,doc-archive/2022/03/02/2269-30/2269-30_english.pdf
2269-31,https://documents.gov.lk/view/extra-gazettes/2022/3/2269-31_E.pdf,doc-archive/2022/03/02/2269-31/2269-31_english.pdf
2269-32,https://documents.gov.lk/view/extra-gazettes/2022/3/2269-32_E.pdf,doc-archive/2022/03/02/2269-32/2269-32_english.pdf
2269-33,https://documents.gov.lk/view/extra-gazettes/2022/3/2269-33_E.pdf,doc-archive/2022/03/02/2269-33/2269-33_english.pdf
2269-12,https://documents.gov.lk/view/extra-gazettes/2022/3/2269-12_E.pdf,doc-archive/2022/03/01/2269-12/2269-12_english.pdf
2269-13,https://documents.gov.lk/view/extra-gazettes/2022/3/2269-13_E.pdf,doc-archive/2022/03/01/2269-13/2269-13_english.pdf
2269-15,https://documents.gov.lk/view/extra-gazettes/2022/3/2269-15_E.pdf,doc-archive/2022/03/01/2269-15/2269-15_english.pdf
2269-14,https://documents.gov.lk/view/extra-gazettes/2022/3/2269-14_E.pdf,doc-archive/2022/03/01/2269-14/2269-14_english.pdf
2269-16,https://documents.gov.lk/view/extra-gazettes/2022/3/2269-16_E.pdf,doc-archive/2022/03/01/2269-16/2269-16_english.pdf
2269-17,https://documents.gov.lk/view/extra-gazettes/2022/3/2269-17_E.pdf,doc-archive/2022/03/01/2269-17/2269-17_english.pdf
2269-18,https://documents.gov.lk/view/extra-gazettes/2022/3/2269-18_E.pdf,doc-archive/2022/03/01/2269-18/2269-18_english.pdf
2277-68,https://documents.gov.lk/view/extra-gazettes/2022/4/2277-68_E.pdf,doc-archive/2022/04/30/2277-68/2277-68_english.pdf
2277-69,https://documents.gov.lk/view/extra-gazettes/2022/4/2277-69_E.pdf,doc-archive/2022/04/30/2277-69/2277-69_english.pdf
2277-70,https://documents.gov.lk/view/extra-gazettes/2022/4/2277-70_E.pdf,doc-archive/2022/04/30/2277-70/2277-70_english.pdf
2277-55,https://documents.gov.lk/view/extra-gazettes/2022/4/2277-55_E.pdf,doc-archive/2022/04/29/2277-55/2277-55_english.pdf
2277-56,https://documents.gov.lk/view/extra-gazettes/2022/4/2277-56_E.pdf,doc-archive/2022/04/29/2277-56/2277-56_english.pdf
2277-57,https://documents.gov.lk/view/extra-gazettes/2022/4/2277-57_E.pdf,doc-archive/2022/04/29/2277-57/2277-57_english.pdf
2277-58,https://documents.gov.lk/view/extra-gazettes/2022/4/2277-58_E.pdf,doc-archive/2022/04/29/2277-58/2277-58_english.pdf
2277-59,https://documents.gov.lk/view/extra-gazettes/2022/4/2277-59_E.pdf,doc-archive/2022/04/29/2277-59/2277-59_english.pdf
2277-60,https://documents.gov.lk/view/extra-gazettes/2022/4/2277-60_E.pdf,doc-archive/2022/04/29/2277-60/2277-60_english.pdf
2277-61,https://documents.gov.lk/view/extra-gazettes/2022/4/2277-61_E.pdf,doc-archive/2022/04/29/2277-61/2277-61_english.pdf
2277-62,https://documents.gov.lk/view/extra-gazettes/2022/4/2277-62_E.pdf,doc-archive/2022/04/29/2277-62/2277-62_english.pdf
2277-64,https://documents.gov.lk/view/extra-gazettes/2022/4/2277-64_E.pdf,doc-archive/2022/04/29/2277-64/2277-64_english.pdf
2277-66,https://documents.gov.lk/view/extra-gazettes/2022/4/2277-66_E.pdf,doc-archive/2022/04/29/2277-66/2277-66_english.pdf
2277-52,https://documents.gov.lk/view/extra-gazettes/2022/4/2277-52_E.pdf,doc-archive/2022/04/28/2277-52/2277-52_english.pdf
2277-53,https://documents.gov.lk/view/extra-gazettes/2022/4/2277-53_E.pdf,doc-archive/2022/04/28/2277-53/2277-53_english.pdf
2277-65,https://documents.gov.lk/view/extra-gazettes/2022/4/2277-65_E.pdf,doc-archive/2022/04/29/2277-65/2277-65_english.pdf
2277-37,https://documents.gov.lk/view/extra-gazettes/2022/4/2277-37_E.pdf,doc-archive/2022/04/27/2277-37/2277-37_english.pdf
2277-41,https://documents.gov.lk/view/extra-gazettes/2022/4/2277-41_E.pdf,doc-archive/2022/04/27/2277-41/2277-41_english.pdf
2277-36,https://documents.gov.lk/view/extra-gazettes/2022/4/2277-36_E.pdf,doc-archive/2022/04/27/2277-36/2277-36_english.pdf
2277-42,https://documents.gov.lk/view/extra-gazettes/2022/4/2277-42_E.pdf,doc-archive/2022/04/27/2277-42/2277-42_english.pdf
2277-43,https://documents.gov.lk/view/extra-gazettes/2022/4/2277-43_E.pdf,doc-archive/2022/04/27/2277-43/2277-43_english.pdf
2277-44,https://documents.gov.lk/view/extra-gazettes/2022/4/2277-44_E.pdf,doc-archive/2022/04/27/2277-44/2277-44_english.pdf
2277-45,https://documents.gov.lk/view/extra-gazettes/2022/4/2277-45_E.pdf,doc-archive/2022/04/27/2277-45/2277-45_english.pdf
2277-47,https://documents.gov.lk/view/extra-gazettes/2022/4/2277-47_E.pdf,doc-archive/2022/04/27/2277-47/2277-47_english.pdf
2277-46,https://documents.gov.lk/view/extra-gazettes/2022/4/2277-46_E.pdf,doc-archive/2022/04/27/2277-46/2277-46_english.pdf
2277-48,https://documents.gov.lk/view/extra-gazettes/2022/4/2277-48_E.pdf,doc-archive/2022/04/27/2277-48/2277-48_english.pdf
2277-49,https://documents.gov.lk/view/extra-gazettes/2022/4/2277-49_E.pdf,doc-archive/2022/04/27/2277-49/2277-49_english.pdf
2277-50,https://documents.gov.lk/view/extra-gazettes/2022/4/2277-50_E.pdf,doc-archive/2022/04/27/2277-50/2277-50_english.pdf
2277-51,https://documents.gov.lk/view/extra-gazettes/2022/4/2277-51_E.pdf,doc-archive/2022/04/27/2277-51/2277-51_english.pdf
2277-06,https://documents.gov.lk/view/extra-gazettes/2022/4/2277-06_E.pdf,doc-archive/2022/04/26/2277-06/2277-06_english.pdf
2277-07,https://documents.gov.lk/view/extra-gazettes/2022/4/2277-07_E.pdf,doc-archive/2022/04/26/2277-07/2277-07_english.pdf
2277-09,https://documents.gov.lk/view/extra-gazettes/2022/4/2277-09_E.pdf,doc-archive/2022/04/26/2277-09/2277-09_english.pdf
2277-08,https://documents.gov.lk/view/extra-gazettes/2022/4/2277-08_E.pdf,doc-archive/2022/04/26/2277-08/2277-08_english.pdf
2277-10,https://documents.gov.lk/view/extra-gazettes/2022/4/2277-10_E.pdf,doc-archive/2022/04/26/2277-10/2277-10_english.pdf
2277-11,https://documents.gov.lk/view/extra-gazettes/2022/4/2277-11_E.pdf,doc-archive/2022/04/26/2277-11/2277-11_english.pdf
2277-12,https://documents.gov.lk/view/extra-gazettes/2022/4/2277-12_E.pdf,doc-archive/2022/04/26/2277-12/2277-12_english.pdf
2277-14,https://documents.gov.lk/view/extra-gazettes/2022/4/2277-14_E.pdf,doc-archive/2022/04/26/2277-14/2277-14_english.pdf
2277-13,https://documents.gov.lk/view/extra-gazettes/2022/4/2277-13_E.pdf,doc-archive/2022/04/26/2277-13/2277-13_english.pdf
2277-15,https://documents.gov.lk/view/extra-gazettes/2022/4/2277-15_E.pdf,doc-archive/2022/04/26/2277-15/2277-15_english.pdf
2277-16,https://documents.gov.lk/view/extra-gazettes/2022/4/2277-16_E.pdf,doc-archive/2022/04/26/2277-16/2277-16_english.pdf
2277-17,https://documents.gov.lk/view/extra-gazettes/2022/4/2277-17_E.pdf,doc-archive/2022/04/26/2277-17/2277-17_english.pdf
2277-18,https://documents.gov.lk/view/extra-gazettes/2022/4/2277-18_E.pdf,doc-archive/2022/04/26/2277-18/2277-18_english.pdf
2277-19,https://documents.gov.lk/view/extra-gazettes/2022/4/2277-19_E.pdf,doc-archive/2022/04/26/2277-19/2277-19_english.pdf
2277-20,https://documents.gov.lk/view/extra-gazettes/2022/4/2277-20_E.pdf,doc-archive/2022/04/26/2277-20/2277-20_english.pdf
2277-21,https://documents.gov.lk/view/extra-gazettes/2022/4/2277-21_E.pdf,doc-archive/2022/04/26/2277-21/2277-21_english.pdf
2277-22,https://documents.gov.lk/view/extra-gazettes/2022/4/2277-22_E.pdf,doc-archive/2022/04/26/2277-22/2277-22_english.pdf
2277-23,https://documents.gov.lk/view/extra-gazettes/2022/4/2277-23_E.pdf,doc-archive/2022/04/26/2277-23/2277-23_english.pdf
2277-24,https://documents.gov.lk/view/extra-gazettes/2022/4/2277-24_E.pdf,doc-archive/2022/04/26/2277-24/2277-24_english.pdf
2277-26,https://documents.gov.lk/view/extra-gazettes/2022/4/2277-26_E.pdf,doc-archive/2022/04/26/2277-26/2277-26_english.pdf
2277-25,https://documents.gov.lk/view/extra-gazettes/2022/4/2277-25_E.pdf,doc-archive/2022/04/26/2277-25/2277-25_english.pdf
2277-27,https://documents.gov.lk/view/extra-gazettes/2022/4/2277-27_E.pdf,doc-archive/2022/04/26/2277-27/2277-27_english.pdf
2277-28,https://documents.gov.lk/view/extra-gazettes/2022/4/2277-28_E.pdf,doc-archive/2022/04/26/2277-28/2277-28_english.pdf
2277-29,https://documents.gov.lk/view/extra-gazettes/2022/4/2277-29_E.pdf,doc-archive/2022/04/26/2277-29/2277-29_english.pdf
2277-30,https://documents.gov.lk/view/extra-gazettes/2022/4/2277-30_E.pdf,doc-archive/2022/04/26/2277-30/2277-30_english.pdf
2277-31,https://documents.gov.lk/view/extra-gazettes/2022/4/2277-31_E.pdf,doc-archive/2022/04/26/2277-31/2277-31_english.pdf
2277-32,https://documents.gov.lk/view/extra-gazettes/2022/4/2277-32_E.pdf,doc-archive/2022/04/26/2277-32/2277-32_english.pdf
2277-33,https://documents.gov.lk/view/extra-gazettes/2022/4/2277-33_E.pdf,doc-archive/2022/04/26/2277-33/2277-33_english.pdf
2277-34,https://documents.gov.lk/view/extra-gazettes/2022/4/2277-34_E.pdf,doc-archive/2022/04/26/2277-34/2277-34_english.pdf
2277-01,https://documents.gov.lk/view/extra-gazettes/2022/4/2277-01_E.pdf,doc-archive/2022/04/25/2277-01/2277-01_english.pdf
2277-35,https://documents.gov.lk/view/extra-gazettes/2022/4/2277-35_E.pdf,doc-archive/2022/04/26/2277-35/2277-35_english.pdf
2277-02,https://documents.gov.lk/view/extra-gazettes/2022/4/2277-02_E.pdf,doc-archive/2022/04/25/2277-02/2277-02_english.pdf
2277-03,https://documents.gov.lk/view/extra-gazettes/2022/4/2277-03_E.pdf,doc-archive/2022/04/25/2277-03/2277-03_english.pdf
2277-04,https://documents.gov.lk/view/extra-gazettes/2022/4/2277-04_E.pdf,doc-archive/2022/04/25/2277-04/2277-04_english.pdf
2277-05,https://documents.gov.lk/view/extra-gazettes/2022/4/2277-05_E.pdf,doc-archive/2022/04/25/2277-05/2277-05_english.pdf
2276-65,https://documents.gov.lk/view/extra-gazettes/2022/4/2276-65_E.pdf,doc-archive/2022/04/23/2276-65/2276-65_english.pdf
2276-66,https://documents.gov.lk/view/extra-gazettes/2022/4/2276-66_E.pdf,doc-archive/2022/04/23/2276-66/2276-66_english.pdf
2276-67,https://documents.gov.lk/view/extra-gazettes/2022/4/2276-67_E.pdf,doc-archive/2022/04/23/2276-67/2276-67_english.pdf
2276-68,https://documents.gov.lk/view/extra-gazettes/2022/4/2276-68_E.pdf,doc-archive/2022/04/23/2276-68/2276-68_english.pdf
2276-69,https://documents.gov.lk/view/extra-gazettes/2022/4/2276-69_E.pdf,doc-archive/2022/04/23/2276-69/2276-69_english.pdf
2276-70,https://documents.gov.lk/view/extra-gazettes/2022/4/2276-70_E.pdf,doc-archive/2022/04/23/2276-70/2276-70_english.pdf
2276-71,https://documents.gov.lk/view/extra-gazettes/2022/4/2276-71_E.pdf,doc-archive/2022/04/23/2276-71/2276-71_english.pdf
2276-72,https://documents.gov.lk/view/extra-gazettes/2022/4/2276-72_E.pdf,doc-archive/2022/04/23/2276-72/2276-72_english.pdf
2276-73,https://documents.gov.lk/view/extra-gazettes/2022/4/2276-73_E.pdf,doc-archive/2022/04/23/2276-73/2276-73_english.pdf
2276-74,https://documents.gov.lk/view/extra-gazettes/2022/4/2276-74_E.pdf,doc-archive/2022/04/23/2276-74/2276-74_english.pdf
2276-75,https://documents.gov.lk/view/extra-gazettes/2022/4/2276-75_E.pdf,doc-archive/2022/04/23/2276-75/2276-75_english.pdf
2276-77,https://documents.gov.lk/view/extra-gazettes/2022/4/2276-77_E.pdf,doc-archive/2022/04/23/2276-77/2276-77_english.pdf
2276-76,https://documents.gov.lk/view/extra-gazettes/2022/4/2276-76_E.pdf,doc-archive/2022/04/23/2276-76/2276-76_english.pdf
2276-78,https://documents.gov.lk/view/extra-gazettes/2022/4/2276-78_E.pdf,doc-archive/2022/04/23/2276-78/2276-78_english.pdf
2276-79,https://documents.gov.lk/view/extra-gazettes/2022/4/2276-79_E.pdf,doc-archive/2022/04/23/2276-79/2276-79_english.pdf
2276-80,https://documents.gov.lk/view/extra-gazettes/2022/4/2276-80_E.pdf,doc-archive/2022/04/23/2276-80/2276-80_english.pdf
2276-81,https://documents.gov.lk/view/extra-gazettes/2022/4/2276-81_E.pdf,doc-archive/2022/04/23/2276-81/2276-81_english.pdf
2276-82,https://documents.gov.lk/view/extra-gazettes/2022/4/2276-82_E.pdf,doc-archive/2022/04/23/2276-82/2276-82_english.pdf
2276-83,https://documents.gov.lk/view/extra-gazettes/2022/4/2276-83_E.pdf,doc-archive/2022/04/23/2276-83/2276-83_english.pdf
2276-84,https://documents.gov.lk/view/extra-gazettes/2022/4/2276-84_E.pdf,doc-archive/2022/04/23/2276-84/2276-84_english.pdf
2276-85,https://documents.gov.lk/view/extra-gazettes/2022/4/2276-85_E.pdf,doc-archive/2022/04/23/2276-85/2276-85_english.pdf
2276-86,https://documents.gov.lk/view/extra-gazettes/2022/4/2276-86_E.pdf,doc-archive/2022/04/23/2276-86/2276-86_english.pdf
2276-88,https://documents.gov.lk/view/extra-gazettes/2022/4/2276-88_E.pdf,doc-archive/2022/04/23/2276-88/2276-88_english.pdf
2276-87,https://documents.gov.lk/view/extra-gazettes/2022/4/2276-87_E.pdf,doc-archive/2022/04/23/2276-87/2276-87_english.pdf
2276-89,https://documents.gov.lk/view/extra-gazettes/2022/4/2276-89_E.pdf,doc-archive/2022/04/23/2276-89/2276-89_english.pdf
2276-90,https://documents.gov.lk/view/extra-gazettes/2022/4/2276-90_E.pdf,doc-archive/2022/04/23/2276-90/2276-90_english.pdf
2276-27,https://documents.gov.lk/view/extra-gazettes/2022/4/2276-27_E.pdf,doc-archive/2022/04/22/2276-27/2276-27_english.pdf
2276-28,https://documents.gov.lk/view/extra-gazettes/2022/4/2276-28_E.pdf,doc-archive/2022/04/22/2276-28/2276-28_english.pdf
2276-30,https://documents.gov.lk/view/extra-gazettes/2022/4/2276-30_E.pdf,doc-archive/2022/04/22/2276-30/2276-30_english.pdf
2276-31,https://documents.gov.lk/view/extra-gazettes/2022/4/2276-31_E.pdf,doc-archive/2022/04/22/2276-31/2276-31_english.pdf
2276-33,https://documents.gov.lk/view/extra-gazettes/2022/4/2276-33_E.pdf,doc-archive/2022/04/22/2276-33/2276-33_english.pdf
2276-34,https://documents.gov.lk/view/extra-gazettes/2022/4/2276-34_E.pdf,doc-archive/2022/04/22/2276-34/2276-34_english.pdf
2276-35,https://documents.gov.lk/view/extra-gazettes/2022/4/2276-35_E.pdf,doc-archive/2022/04/22/2276-35/2276-35_english.pdf
2276-36,https://documents.gov.lk/view/extra-gazettes/2022/4/2276-36_E.pdf,doc-archive/2022/04/22/2276-36/2276-36_english.pdf
2276-37,https://documents.gov.lk/view/extra-gazettes/2022/4/2276-37_E.pdf,doc-archive/2022/04/22/2276-37/2276-37_english.pdf
2276-38,https://documents.gov.lk/view/extra-gazettes/2022/4/2276-38_E.pdf,doc-archive/2022/04/22/2276-38/2276-38_english.pdf
2276-39,https://documents.gov.lk/view/extra-gazettes/2022/4/2276-39_E.pdf,doc-archive/2022/04/22/2276-39/2276-39_english.pdf
2276-41,https://documents.gov.lk/view/extra-gazettes/2022/4/2276-41_E.pdf,doc-archive/2022/04/22/2276-41/2276-41_english.pdf
2276-42,https://documents.gov.lk/view/extra-gazettes/2022/4/2276-42_E.pdf,doc-archive/2022/04/22/2276-42/2276-42_english.pdf
2276-43,https://documents.gov.lk/view/extra-gazettes/2022/4/2276-43_E.pdf,doc-archive/2022/04/22/2276-43/2276-43_english.pdf
2276-44,https://documents.gov.lk/view/extra-gazettes/2022/4/2276-44_E.pdf,doc-archive/2022/04/22/2276-44/2276-44_english.pdf
2276-45,https://documents.gov.lk/view/extra-gazettes/2022/4/2276-45_E.pdf,doc-archive/2022/04/22/2276-45/2276-45_english.pdf
2276-46,https://documents.gov.lk/view/extra-gazettes/2022/4/2276-46_E.pdf,doc-archive/2022/04/22/2276-46/2276-46_english.pdf
2276-47,https://documents.gov.lk/view/extra-gazettes/2022/4/2276-47_E.pdf,doc-archive/2022/04/22/2276-47/2276-47_english.pdf
2276-48,https://documents.gov.lk/view/extra-gazettes/2022/4/2276-48_E.pdf,doc-archive/2022/04/22/2276-48/2276-48_english.pdf
2276-49,https://documents.gov.lk/view/extra-gazettes/2022/4/2276-49_E.pdf,doc-archive/2022/04/22/2276-49/2276-49_english.pdf
2276-50,https://documents.gov.lk/view/extra-gazettes/2022/4/2276-50_E.pdf,doc-archive/2022/04/22/2276-50/2276-50_english.pdf
2276-51,https://documents.gov.lk/view/extra-gazettes/2022/4/2276-51_E.pdf,doc-archive/2022/04/22/2276-51/2276-51_english.pdf
2276-52,https://documents.gov.lk/view/extra-gazettes/2022/4/2276-52_E.pdf,doc-archive/2022/04/22/2276-52/2276-52_english.pdf
2276-53,https://documents.gov.lk/view/extra-gazettes/2022/4/2276-53_E.pdf,doc-archive/2022/04/22/2276-53/2276-53_english.pdf
2276-54,https://documents.gov.lk/view/extra-gazettes/2022/4/2276-54_E.pdf,doc-archive/2022/04/22/2276-54/2276-54_english.pdf
2276-56,https://documents.gov.lk/view/extra-gazettes/2022/4/2276-56_E.pdf,doc-archive/2022/04/22/2276-56/2276-56_english.pdf
2276-57,https://documents.gov.lk/view/extra-gazettes/2022/4/2276-57_E.pdf,doc-archive/2022/04/22/2276-57/2276-57_english.pdf
2276-58,https://documents.gov.lk/view/extra-gazettes/2022/4/2276-58_E.pdf,doc-archive/2022/04/22/2276-58/2276-58_english.pdf
2276-59,https://documents.gov.lk/view/extra-gazettes/2022/4/2276-59_E.pdf,doc-archive/2022/04/22/2276-59/2276-59_english.pdf
2276-60,https://documents.gov.lk/view/extra-gazettes/2022/4/2276-60_E.pdf,doc-archive/2022/04/22/2276-60/2276-60_english.pdf
2276-61,https://documents.gov.lk/view/extra-gazettes/2022/4/2276-61_E.pdf,doc-archive/2022/04/22/2276-61/2276-61_english.pdf
2276-62,https://documents.gov.lk/view/extra-gazettes/2022/4/2276-62_E.pdf,doc-archive/2022/04/22/2276-62/2276-62_english.pdf
2276-63,https://documents.gov.lk/view/extra-gazettes/2022/4/2276-63_E.pdf,doc-archive/2022/04/22/2276-63/2276-63_english.pdf
2276-64,https://documents.gov.lk/view/extra-gazettes/2022/4/2276-64_E.pdf,doc-archive/2022/04/22/2276-64/2276-64_english.pdf
2276-16,https://documents.gov.lk/view/extra-gazettes/2022/4/2276-16_E.pdf,doc-archive/2022/04/21/2276-16/2276-16_english.pdf
2276-17,https://documents.gov.lk/view/extra-gazettes/2022/4/2276-17_E.pdf,doc-archive/2022/04/21/2276-17/2276-17_english.pdf
2276-18,https://documents.gov.lk/view/extra-gazettes/2022/4/2276-18_E.pdf,doc-archive/2022/04/21/2276-18/2276-18_english.pdf
2276-19,https://documents.gov.lk/view/extra-gazettes/2022/4/2276-19_E.pdf,doc-archive/2022/04/21/2276-19/2276-19_english.pdf
2276-20,https://documents.gov.lk/view/extra-gazettes/2022/4/2276-20_E.pdf,doc-archive/2022/04/21/2276-20/2276-20_english.pdf
2276-21,https://documents.gov.lk/view/extra-gazettes/2022/4/2276-21_E.pdf,doc-archive/2022/04/21/2276-21/2276-21_english.pdf
2276-22,https://documents.gov.lk/view/extra-gazettes/2022/4/2276-22_E.pdf,doc-archive/2022/04/21/2276-22/2276-22_english.pdf
2276-23,https://documents.gov.lk/view/extra-gazettes/2022/4/2276-23_E.pdf,doc-archive/2022/04/21/2276-23/2276-23_english.pdf
2276-24,https://documents.gov.lk/view/extra-gazettes/2022/4/2276-24_E.pdf,doc-archive/2022/04/21/2276-24/2276-24_english.pdf
2276-25,https://documents.gov.lk/view/extra-gazettes/2022/4/2276-25_E.pdf,doc-archive/2022/04/21/2276-25/2276-25_english.pdf
2276-26,https://documents.gov.lk/view/extra-gazettes/2022/4/2276-26_E.pdf,doc-archive/2022/04/21/2276-26/2276-26_english.pdf
2276-11,https://documents.gov.lk/view/extra-gazettes/2022/4/2276-11_E.pdf,doc-archive/2022/04/20/2276-11/2276-11_english.pdf
2276-12,https://documents.gov.lk/view/extra-gazettes/2022/4/2276-12_E.pdf,doc-archive/2022/04/20/2276-12/2276-12_english.pdf
2276-13,https://documents.gov.lk/view/extra-gazettes/2022/4/2276-13_E.pdf,doc-archive/2022/04/20/2276-13/2276-13_english.pdf
2276-14,https://documents.gov.lk/view/extra-gazettes/2022/4/2276-14_E.pdf,doc-archive/2022/04/20/2276-14/2276-14_english.pdf
2276-15,https://documents.gov.lk/view/extra-gazettes/2022/4/2276-15_E.pdf,doc-archive/2022/04/20/2276-15/2276-15_english.pdf
2276-08,https://documents.gov.lk/view/extra-gazettes/2022/4/2276-08_E.pdf,doc-archive/2022/04/19/2276-08/2276-08_english.pdf
2276-10,https://documents.gov.lk/view/extra-gazettes/2022/4/2276-10_E.pdf,doc-archive/2022/04/20/2276-10/2276-10_english.pdf
2276-09,https://documents.gov.lk/view/extra-gazettes/2022/4/2276-09_E.pdf,doc-archive/2022/04/19/2276-09/2276-09_english.pdf
2276-01,https://documents.gov.lk/view/extra-gazettes/2022/4/2276-01_E.pdf,doc-archive/2022/04/18/2276-01/2276-01_english.pdf
2276-02,https://documents.gov.lk/view/extra-gazettes/2022/4/2276-02_E.pdf,doc-archive/2022/04/18/2276-02/2276-02_english.pdf
2276-03,https://documents.gov.lk/view/extra-gazettes/2022/4/2276-03_E.pdf,doc-archive/2022/04/18/2276-03/2276-03_english.pdf
2276-04,https://documents.gov.lk/view/extra-gazettes/2022/4/2276-04_E.pdf,doc-archive/2022/04/18/2276-04/2276-04_english.pdf
2276-05,https://documents.gov.lk/view/extra-gazettes/2022/4/2276-05_E.pdf,doc-archive/2022/04/18/2276-05/2276-05_english.pdf
2276-06,https://documents.gov.lk/view/extra-gazettes/2022/4/2276-06_E.pdf,doc-archive/2022/04/18/2276-06/2276-06_english.pdf
2275-02,https://documents.gov.lk/view/extra-gazettes/2022/4/2275-02_E.pdf,doc-archive/2022/04/13/2275-02/2275-02_english.pdf
2275-01,https://documents.gov.lk/view/extra-gazettes/2022/4/2275-01_E.pdf,doc-archive/2022/04/11/2275-01/2275-01_english.pdf
2274-41,https://documents.gov.lk/view/extra-gazettes/2022/4/2274-41_E.pdf,doc-archive/2022/04/09/2274-41/2274-41_english.pdf
2274-42,https://documents.gov.lk/view/extra-gazettes/2022/4/2274-42_E.pdf,doc-archive/2022/04/09/2274-42/2274-42_english.pdf
2274-28,https://documents.gov.lk/view/extra-gazettes/2022/4/2274-28_E.pdf,doc-archive/2022/04/08/2274-28/2274-28_english.pdf
2274-29,https://documents.gov.lk/view/extra-gazettes/2022/4/2274-29_E.pdf,doc-archive/2022/04/08/2274-29/2274-29_english.pdf
2274-30,https://documents.gov.lk/view/extra-gazettes/2022/4/2274-30_E.pdf,doc-archive/2022/04/08/2274-30/2274-30_english.pdf
2274-31,https://documents.gov.lk/view/extra-gazettes/2022/4/2274-31_E.pdf,doc-archive/2022/04/08/2274-31/2274-31_english.pdf
2274-32,https://documents.gov.lk/view/extra-gazettes/2022/4/2274-32_E.pdf,doc-archive/2022/04/08/2274-32/2274-32_english.pdf
2274-33,https://documents.gov.lk/view/extra-gazettes/2022/4/2274-33_E.pdf,doc-archive/2022/04/08/2274-33/2274-33_english.pdf
2274-34,https://documents.gov.lk/view/extra-gazettes/2022/4/2274-34_E.pdf,doc-archive/2022/04/08/2274-34/2274-34_english.pdf
2274-35,https://documents.gov.lk/view/extra-gazettes/2022/4/2274-35_E.pdf,doc-archive/2022/04/08/2274-35/2274-35_english.pdf
2274-36,https://documents.gov.lk/view/extra-gazettes/2022/4/2274-36_E.pdf,doc-archive/2022/04/08/2274-36/2274-36_english.pdf
2274-37,https://documents.gov.lk/view/extra-gazettes/2022/4/2274-37_E.pdf,doc-archive/2022/04/08/2274-37/2274-37_english.pdf
2274-38,https://documents.gov.lk/view/extra-gazettes/2022/4/2274-38_E.pdf,doc-archive/2022/04/08/2274-38/2274-38_english.pdf
2274-39,https://documents.gov.lk/view/extra-gazettes/2022/4/2274-39_E.pdf,doc-archive/2022/04/08/2274-39/2274-39_english.pdf
2274-20,https://documents.gov.lk/view/extra-gazettes/2022/4/2274-20_E.pdf,doc-archive/2022/04/07/2274-20/2274-20_english.pdf
2274-21,https://documents.gov.lk/view/extra-gazettes/2022/4/2274-21_E.pdf,doc-archive/2022/04/07/2274-21/2274-21_english.pdf
2274-23,https://documents.gov.lk/view/extra-gazettes/2022/4/2274-23_E.pdf,doc-archive/2022/04/07/2274-23/2274-23_english.pdf
2274-22,https://documents.gov.lk/view/extra-gazettes/2022/4/2274-22_E.pdf,doc-archive/2022/04/07/2274-22/2274-22_english.pdf
2274-24,https://documents.gov.lk/view/extra-gazettes/2022/4/2274-24_E.pdf,doc-archive/2022/04/07/2274-24/2274-24_english.pdf
2274-25,https://documents.gov.lk/view/extra-gazettes/2022/4/2274-25_E.pdf,doc-archive/2022/04/07/2274-25/2274-25_english.pdf
2274-26,https://documents.gov.lk/view/extra-gazettes/2022/4/2274-26_E.pdf,doc-archive/2022/04/07/2274-26/2274-26_english.pdf
2274-27,https://documents.gov.lk/view/extra-gazettes/2022/4/2274-27_E.pdf,doc-archive/2022/04/07/2274-27/2274-27_english.pdf
2274-12,https://documents.gov.lk/view/extra-gazettes/2022/4/2274-12_E.pdf,doc-archive/2022/04/06/2274-12/2274-12_english.pdf
2274-13,https://documents.gov.lk/view/extra-gazettes/2022/4/2274-13_E.pdf,doc-archive/2022/04/06/2274-13/2274-13_english.pdf
2274-14,https://documents.gov.lk/view/extra-gazettes/2022/4/2274-14_E.pdf,doc-archive/2022/04/06/2274-14/2274-14_english.pdf
2274-15,https://documents.gov.lk/view/extra-gazettes/2022/4/2274-15_E.pdf,doc-archive/2022/04/06/2274-15/2274-15_english.pdf
2274-16,https://documents.gov.lk/view/extra-gazettes/2022/4/2274-16_E.pdf,doc-archive/2022/04/06/2274-16/2274-16_english.pdf
2274-17,https://documents.gov.lk/view/extra-gazettes/2022/4/2274-17_E.pdf,doc-archive/2022/04/06/2274-17/2274-17_english.pdf
2274-18,https://documents.gov.lk/view/extra-gazettes/2022/4/2274-18_E.pdf,doc-archive/2022/04/06/2274-18/2274-18_english.pdf
2274-19,https://documents.gov.lk/view/extra-gazettes/2022/4/2274-19_E.pdf,doc-archive/2022/04/06/2274-19/2274-19_english.pdf
2274-10,https://documents.gov.lk/view/extra-gazettes/2022/4/2274-10_E.pdf,doc-archive/2022/04/05/2274-10/2274-10_english.pdf
2274-01,https://documents.gov.lk/view/extra-gazettes/2022/4/2274-01_E.pdf,doc-archive/2022/04/04/2274-01/2274-01_english.pdf
2274-11,https://documents.gov.lk/view/extra-gazettes/2022/4/2274-11_E.pdf,doc-archive/2022/04/05/2274-11/2274-11_english.pdf
2274-02,https://documents.gov.lk/view/extra-gazettes/2022/4/2274-02_E.pdf,doc-archive/2022/04/04/2274-02/2274-02_english.pdf
2274-03,https://documents.gov.lk/view/extra-gazettes/2022/4/2274-03_E.pdf,doc-archive/2022/04/04/2274-03/2274-03_english.pdf
2274-05,https://documents.gov.lk/view/extra-gazettes/2022/4/2274-05_E.pdf,doc-archive/2022/04/04/2274-05/2274-05_english.pdf
2274-07,https://documents.gov.lk/view/extra-gazettes/2022/4/2274-07_E.pdf,doc-archive/2022/04/04/2274-07/2274-07_english.pdf
2274-04,https://documents.gov.lk/view/extra-gazettes/2022/4/2274-04_E.pdf,doc-archive/2022/04/04/2274-04/2274-04_english.pdf
2274-08,https://documents.gov.lk/view/extra-gazettes/2022/4/2274-08_E.pdf,doc-archive/2022/04/04/2274-08/2274-08_english.pdf
2273-88,https://documents.gov.lk/view/extra-gazettes/2022/4/2273-88_E.pdf,doc-archive/2022/04/02/2273-88/2273-88_english.pdf
2273-89,https://documents.gov.lk/view/extra-gazettes/2022/4/2273-89_E.pdf,doc-archive/2022/04/02/2273-89/2273-89_english.pdf
2273-90,https://documents.gov.lk/view/extra-gazettes/2022/4/2273-90_E.pdf,doc-archive/2022/04/02/2273-90/2273-90_english.pdf
2273-77,https://documents.gov.lk/view/extra-gazettes/2022/4/2273-77_E.pdf,doc-archive/2022/04/01/2273-77/2273-77_english.pdf
2273-78,https://documents.gov.lk/view/extra-gazettes/2022/4/2273-78_E.pdf,doc-archive/2022/04/01/2273-78/2273-78_english.pdf
2273-79,https://documents.gov.lk/view/extra-gazettes/2022/4/2273-79_E.pdf,doc-archive/2022/04/01/2273-79/2273-79_english.pdf
2273-80,https://documents.gov.lk/view/extra-gazettes/2022/4/2273-80_E.pdf,doc-archive/2022/04/01/2273-80/2273-80_english.pdf
2273-81,https://documents.gov.lk/view/extra-gazettes/2022/4/2273-81_E.pdf,doc-archive/2022/04/01/2273-81/2273-81_english.pdf
2273-82,https://documents.gov.lk/view/extra-gazettes/2022/4/2273-82_E.pdf,doc-archive/2022/04/01/2273-82/2273-82_english.pdf
2273-83,https://documents.gov.lk/view/extra-gazettes/2022/4/2273-83_E.pdf,doc-archive/2022/04/01/2273-83/2273-83_english.pdf
2273-84,https://documents.gov.lk/view/extra-gazettes/2022/4/2273-84_E.pdf,doc-archive/2022/04/01/2273-84/2273-84_english.pdf
2273-85,https://documents.gov.lk/view/extra-gazettes/2022/4/2273-85_E.pdf,doc-archive/2022/04/01/2273-85/2273-85_english.pdf
2273-86,https://documents.gov.lk/view/extra-gazettes/2022/4/2273-86_E.pdf,doc-archive/2022/04/01/2273-86/2273-86_english.pdf
2282-18,https://documents.gov.lk/view/extra-gazettes/2022/5/2282-18_E.pdf,doc-archive/2022/05/31/2282-18/2282-18_english.pdf
2282-19,https://documents.gov.lk/view/extra-gazettes/2022/5/2282-19_E.pdf,doc-archive/2022/05/31/2282-19/2282-19_english.pdf
2282-20,https://documents.gov.lk/view/extra-gazettes/2022/5/2282-20_E.pdf,doc-archive/2022/05/31/2282-20/2282-20_english.pdf
2282-21,https://documents.gov.lk/view/extra-gazettes/2022/5/2282-21_E.pdf,doc-archive/2022/05/31/2282-21/2282-21_english.pdf
2282-22,https://documents.gov.lk/view/extra-gazettes/2022/5/2282-22_E.pdf,doc-archive/2022/05/31/2282-22/2282-22_english.pdf
2282-23,https://documents.gov.lk/view/extra-gazettes/2022/5/2282-23_E.pdf,doc-archive/2022/05/31/2282-23/2282-23_english.pdf
2282-24,https://documents.gov.lk/view/extra-gazettes/2022/5/2282-24_E.pdf,doc-archive/2022/05/31/2282-24/2282-24_english.pdf
2282-26,https://documents.gov.lk/view/extra-gazettes/2022/5/2282-26_E.pdf,doc-archive/2022/05/31/2282-26/2282-26_english.pdf
2282-01,https://documents.gov.lk/view/extra-gazettes/2022/5/2282-01_E.pdf,doc-archive/2022/05/30/2282-01/2282-01_english.pdf
2282-25,https://documents.gov.lk/view/extra-gazettes/2022/5/2282-25_E.pdf,doc-archive/2022/05/31/2282-25/2282-25_english.pdf
2282-02,https://documents.gov.lk/view/extra-gazettes/2022/5/2282-02_E.pdf,doc-archive/2022/05/30/2282-02/2282-02_english.pdf
2282-03,https://documents.gov.lk/view/extra-gazettes/2022/5/2282-03_E.pdf,doc-archive/2022/05/30/2282-03/2282-03_english.pdf
2282-04,https://documents.gov.lk/view/extra-gazettes/2022/5/2282-04_E.pdf,doc-archive/2022/05/30/2282-04/2282-04_english.pdf
2282-05,https://documents.gov.lk/view/extra-gazettes/2022/5/2282-05_E.pdf,doc-archive/2022/05/30/2282-05/2282-05_english.pdf
2282-06,https://documents.gov.lk/view/extra-gazettes/2022/5/2282-06_E.pdf,doc-archive/2022/05/30/2282-06/2282-06_english.pdf
2282-07,https://documents.gov.lk/view/extra-gazettes/2022/5/2282-07_E.pdf,doc-archive/2022/05/30/2282-07/2282-07_english.pdf
2282-08,https://documents.gov.lk/view/extra-gazettes/2022/5/2282-08_E.pdf,doc-archive/2022/05/30/2282-08/2282-08_english.pdf
2282-09,https://documents.gov.lk/view/extra-gazettes/2022/5/2282-09_E.pdf,doc-archive/2022/05/30/2282-09/2282-09_english.pdf
2282-10,https://documents.gov.lk/view/extra-gazettes/2022/5/2282-10_E.pdf,doc-archive/2022/05/30/2282-10/2282-10_english.pdf
2282-11,https://documents.gov.lk/view/extra-gazettes/2022/5/2282-11_E.pdf,doc-archive/2022/05/30/2282-11/2282-11_english.pdf
2282-12,https://documents.gov.lk/view/extra-gazettes/2022/5/2282-12_E.pdf,doc-archive/2022/05/30/2282-12/2282-12_english.pdf
2282-14,https://documents.gov.lk/view/extra-gazettes/2022/5/2282-14_E.pdf,doc-archive/2022/05/30/2282-14/2282-14_english.pdf
2282-13,https://documents.gov.lk/view/extra-gazettes/2022/5/2282-13_E.pdf,doc-archive/2022/05/30/2282-13/2282-13_english.pdf
2282-15,https://documents.gov.lk/view/extra-gazettes/2022/5/2282-15_E.pdf,doc-archive/2022/05/30/2282-15/2282-15_english.pdf
2282-16,https://documents.gov.lk/view/extra-gazettes/2022/5/2282-16_E.pdf,doc-archive/2022/05/30/2282-16/2282-16_english.pdf
2282-17,https://documents.gov.lk/view/extra-gazettes/2022/5/2282-17_E.pdf,doc-archive/2022/05/30/2282-17/2282-17_english.pdf
2281-42,https://documents.gov.lk/view/extra-gazettes/2022/5/2281-42_E.pdf,doc-archive/2022/05/28/2281-42/2281-42_english.pdf
2281-33,https://documents.gov.lk/view/extra-gazettes/2022/5/2281-33_E.pdf,doc-archive/2022/05/27/2281-33/2281-33_english.pdf
2281-34,https://documents.gov.lk/view/extra-gazettes/2022/5/2281-34_E.pdf,doc-archive/2022/05/27/2281-34/2281-34_english.pdf
2281-35,https://documents.gov.lk/view/extra-gazettes/2022/5/2281-35_E.pdf,doc-archive/2022/05/27/2281-35/2281-35_english.pdf
2281-36,https://documents.gov.lk/view/extra-gazettes/2022/5/2281-36_E.pdf,doc-archive/2022/05/27/2281-36/2281-36_english.pdf
2281-37,https://documents.gov.lk/view/extra-gazettes/2022/5/2281-37_E.pdf,doc-archive/2022/05/27/2281-37/2281-37_english.pdf
2281-38,https://documents.gov.lk/view/extra-gazettes/2022/5/2281-38_E.pdf,doc-archive/2022/05/27/2281-38/2281-38_english.pdf
2281-39,https://documents.gov.lk/view/extra-gazettes/2022/5/2281-39_E.pdf,doc-archive/2022/05/27/2281-39/2281-39_english.pdf
2281-40,https://documents.gov.lk/view/extra-gazettes/2022/5/2281-40_E.pdf,doc-archive/2022/05/27/2281-40/2281-40_english.pdf
2281-41,https://documents.gov.lk/view/extra-gazettes/2022/5/2281-41_E.pdf,doc-archive/2022/05/27/2281-41/2281-41_english.pdf
2281-24,https://documents.gov.lk/view/extra-gazettes/2022/5/2281-24_E.pdf,doc-archive/2022/05/26/2281-24/2281-24_english.pdf
2281-25,https://documents.gov.lk/view/extra-gazettes/2022/5/2281-25_E.pdf,doc-archive/2022/05/26/2281-25/2281-25_english.pdf
2281-27,https://documents.gov.lk/view/extra-gazettes/2022/5/2281-27_E.pdf,doc-archive/2022/05/26/2281-27/2281-27_english.pdf
2281-26,https://documents.gov.lk/view/extra-gazettes/2022/5/2281-26_E.pdf,doc-archive/2022/05/26/2281-26/2281-26_english.pdf
2281-29,https://documents.gov.lk/view/extra-gazettes/2022/5/2281-29_E.pdf,doc-archive/2022/05/26/2281-29/2281-29_english.pdf
2281-30,https://documents.gov.lk/view/extra-gazettes/2022/5/2281-30_E.pdf,doc-archive/2022/05/26/2281-30/2281-30_english.pdf
2281-31,https://documents.gov.lk/view/extra-gazettes/2022/5/2281-31_E.pdf,doc-archive/2022/05/26/2281-31/2281-31_english.pdf
2281-32,https://documents.gov.lk/view/extra-gazettes/2022/5/2281-32_E.pdf,doc-archive/2022/05/26/2281-32/2281-32_english.pdf
2281-10,https://documents.gov.lk/view/extra-gazettes/2022/5/2281-10_E.pdf,doc-archive/2022/05/25/2281-10/2281-10_english.pdf
2281-12,https://documents.gov.lk/view/extra-gazettes/2022/5/2281-12_E.pdf,doc-archive/2022/05/25/2281-12/2281-12_english.pdf
2281-14,https://documents.gov.lk/view/extra-gazettes/2022/5/2281-14_E.pdf,doc-archive/2022/05/25/2281-14/2281-14_english.pdf
2281-15,https://documents.gov.lk/view/extra-gazettes/2022/5/2281-15_E.pdf,doc-archive/2022/05/25/2281-15/2281-15_english.pdf
2281-16,https://documents.gov.lk/view/extra-gazettes/2022/5/2281-16_E.pdf,doc-archive/2022/05/25/2281-16/2281-16_english.pdf
2281-17,https://documents.gov.lk/view/extra-gazettes/2022/5/2281-17_E.pdf,doc-archive/2022/05/25/2281-17/2281-17_english.pdf
2281-18,https://documents.gov.lk/view/extra-gazettes/2022/5/2281-18_E.pdf,doc-archive/2022/05/25/2281-18/2281-18_english.pdf
2281-19,https://documents.gov.lk/view/extra-gazettes/2022/5/2281-19_E.pdf,doc-archive/2022/05/25/2281-19/2281-19_english.pdf
2281-22,https://documents.gov.lk/view/extra-gazettes/2022/5/2281-22_E.pdf,doc-archive/2022/05/25/2281-22/2281-22_english.pdf
2281-23,https://documents.gov.lk/view/extra-gazettes/2022/5/2281-23_E.pdf,doc-archive/2022/05/25/2281-23/2281-23_english.pdf
2281-09,https://documents.gov.lk/view/extra-gazettes/2022/5/2281-09_E.pdf,doc-archive/2022/05/24/2281-09/2281-09_english.pdf
2281-11,https://documents.gov.lk/view/extra-gazettes/2022/5/2281-11_E.pdf,doc-archive/2022/05/24/2281-11/2281-11_english.pdf
2281-01,https://documents.gov.lk/view/extra-gazettes/2022/5/2281-01_E.pdf,doc-archive/2022/05/23/2281-01/2281-01_english.pdf
2281-02,https://documents.gov.lk/view/extra-gazettes/2022/5/2281-02_E.pdf,doc-archive/2022/05/23/2281-02/2281-02_english.pdf
2281-03,https://documents.gov.lk/view/extra-gazettes/2022/5/2281-03_E.pdf,doc-archive/2022/05/23/2281-03/2281-03_english.pdf
2281-04,https://documents.gov.lk/view/extra-gazettes/2022/5/2281-04_E.pdf,doc-archive/2022/05/23/2281-04/2281-04_english.pdf
2281-05,https://documents.gov.lk/view/extra-gazettes/2022/5/2281-05_E.pdf,doc-archive/2022/05/23/2281-05/2281-05_english.pdf
2281-06,https://documents.gov.lk/view/extra-gazettes/2022/5/2281-06_E.pdf,doc-archive/2022/05/23/2281-06/2281-06_english.pdf
2281-07,https://documents.gov.lk/view/extra-gazettes/2022/5/2281-07_E.pdf,doc-archive/2022/05/23/2281-07/2281-07_english.pdf
2281-08,https://documents.gov.lk/view/extra-gazettes/2022/5/2281-08_E.pdf,doc-archive/2022/05/23/2281-08/2281-08_english.pdf
2280-39,https://documents.gov.lk/view/extra-gazettes/2022/5/2280-39_E.pdf,doc-archive/2022/05/20/2280-39/2280-39_english.pdf
2280-35,https://documents.gov.lk/view/extra-gazettes/2022/5/2280-35_E.pdf,doc-archive/2022/05/19/2280-35/2280-35_english.pdf
2280-36,https://documents.gov.lk/view/extra-gazettes/2022/5/2280-36_E.pdf,doc-archive/2022/05/19/2280-36/2280-36_english.pdf
2280-37,https://documents.gov.lk/view/extra-gazettes/2022/5/2280-37_E.pdf,doc-archive/2022/05/19/2280-37/2280-37_english.pdf
2280-38,https://documents.gov.lk/view/extra-gazettes/2022/5/2280-38_E.pdf,doc-archive/2022/05/19/2280-38/2280-38_english.pdf
2280-26,https://documents.gov.lk/view/extra-gazettes/2022/5/2280-26_E.pdf,doc-archive/2022/05/18/2280-26/2280-26_english.pdf
2280-27,https://documents.gov.lk/view/extra-gazettes/2022/5/2280-27_E.pdf,doc-archive/2022/05/18/2280-27/2280-27_english.pdf
2280-28,https://documents.gov.lk/view/extra-gazettes/2022/5/2280-28_E.pdf,doc-archive/2022/05/18/2280-28/2280-28_english.pdf
2280-29,https://documents.gov.lk/view/extra-gazettes/2022/5/2280-29_E.pdf,doc-archive/2022/05/18/2280-29/2280-29_english.pdf
2280-30,https://documents.gov.lk/view/extra-gazettes/2022/5/2280-30_E.pdf,doc-archive/2022/05/18/2280-30/2280-30_english.pdf
2280-31,https://documents.gov.lk/view/extra-gazettes/2022/5/2280-31_E.pdf,doc-archive/2022/05/18/2280-31/2280-31_english.pdf
2280-32,https://documents.gov.lk/view/extra-gazettes/2022/5/2280-32_E.pdf,doc-archive/2022/05/18/2280-32/2280-32_english.pdf
2280-33,https://documents.gov.lk/view/extra-gazettes/2022/5/2280-33_E.pdf,doc-archive/2022/05/18/2280-33/2280-33_english.pdf
2280-34,https://documents.gov.lk/view/extra-gazettes/2022/5/2280-34_E.pdf,doc-archive/2022/05/18/2280-34/2280-34_english.pdf
2280-19,https://documents.gov.lk/view/extra-gazettes/2022/5/2280-19_E.pdf,doc-archive/2022/05/17/2280-19/2280-19_english.pdf
2280-20,https://documents.gov.lk/view/extra-gazettes/2022/5/2280-20_E.pdf,doc-archive/2022/05/17/2280-20/2280-20_english.pdf
2280-21,https://documents.gov.lk/view/extra-gazettes/2022/5/2280-21_E.pdf,doc-archive/2022/05/17/2280-21/2280-21_english.pdf
2280-22,https://documents.gov.lk/view/extra-gazettes/2022/5/2280-22_E.pdf,doc-archive/2022/05/17/2280-22/2280-22_english.pdf
2280-23,https://documents.gov.lk/view/extra-gazettes/2022/5/2280-23_E.pdf,doc-archive/2022/05/17/2280-23/2280-23_english.pdf
2280-24,https://documents.gov.lk/view/extra-gazettes/2022/5/2280-24_E.pdf,doc-archive/2022/05/17/2280-24/2280-24_english.pdf
2280-01,https://documents.gov.lk/view/extra-gazettes/2022/5/2280-01_E.pdf,doc-archive/2022/05/16/2280-01/2280-01_english.pdf
2280-03,https://documents.gov.lk/view/extra-gazettes/2022/5/2280-03_E.pdf,doc-archive/2022/05/16/2280-03/2280-03_english.pdf
2280-04,https://documents.gov.lk/view/extra-gazettes/2022/5/2280-04_E.pdf,doc-archive/2022/05/16/2280-04/2280-04_english.pdf
2280-05,https://documents.gov.lk/view/extra-gazettes/2022/5/2280-05_E.pdf,doc-archive/2022/05/16/2280-05/2280-05_english.pdf
2280-07,https://documents.gov.lk/view/extra-gazettes/2022/5/2280-07_E.pdf,doc-archive/2022/05/16/2280-07/2280-07_english.pdf
2280-08,https://documents.gov.lk/view/extra-gazettes/2022/5/2280-08_E.pdf,doc-archive/2022/05/16/2280-08/2280-08_english.pdf
2280-09,https://documents.gov.lk/view/extra-gazettes/2022/5/2280-09_E.pdf,doc-archive/2022/05/16/2280-09/2280-09_english.pdf
2280-10,https://documents.gov.lk/view/extra-gazettes/2022/5/2280-10_E.pdf,doc-archive/2022/05/16/2280-10/2280-10_english.pdf
2280-11,https://documents.gov.lk/view/extra-gazettes/2022/5/2280-11_E.pdf,doc-archive/2022/05/16/2280-11/2280-11_english.pdf
2280-12,https://documents.gov.lk/view/extra-gazettes/2022/5/2280-12_E.pdf,doc-archive/2022/05/16/2280-12/2280-12_english.pdf
2280-14,https://documents.gov.lk/view/extra-gazettes/2022/5/2280-14_E.pdf,doc-archive/2022/05/16/2280-14/2280-14_english.pdf
2280-15,https://documents.gov.lk/view/extra-gazettes/2022/5/2280-15_E.pdf,doc-archive/2022/05/16/2280-15/2280-15_english.pdf
2280-17,https://documents.gov.lk/view/extra-gazettes/2022/5/2280-17_E.pdf,doc-archive/2022/05/16/2280-17/2280-17_english.pdf
2280-18,https://documents.gov.lk/view/extra-gazettes/2022/5/2280-18_E.pdf,doc-archive/2022/05/16/2280-18/2280-18_english.pdf
2279-25,https://documents.gov.lk/view/extra-gazettes/2022/5/2279-25_E.pdf,doc-archive/2022/05/14/2279-25/2279-25_english.pdf
2279-26,https://documents.gov.lk/view/extra-gazettes/2022/5/2279-26_E.pdf,doc-archive/2022/05/14/2279-26/2279-26_english.pdf
2279-27,https://documents.gov.lk/view/extra-gazettes/2022/5/2279-27_E.pdf,doc-archive/2022/05/14/2279-27/2279-27_english.pdf
2279-28,https://documents.gov.lk/view/extra-gazettes/2022/5/2279-28_E.pdf,doc-archive/2022/05/14/2279-28/2279-28_english.pdf
2279-29,https://documents.gov.lk/view/extra-gazettes/2022/5/2279-29_E.pdf,doc-archive/2022/05/14/2279-29/2279-29_english.pdf
2279-30,https://documents.gov.lk/view/extra-gazettes/2022/5/2279-30_E.pdf,doc-archive/2022/05/14/2279-30/2279-30_english.pdf
2279-20,https://documents.gov.lk/view/extra-gazettes/2022/5/2279-20_E.pdf,doc-archive/2022/05/13/2279-20/2279-20_english.pdf
2279-21,https://documents.gov.lk/view/extra-gazettes/2022/5/2279-21_E.pdf,doc-archive/2022/05/13/2279-21/2279-21_english.pdf
2279-22,https://documents.gov.lk/view/extra-gazettes/2022/5/2279-22_E.pdf,doc-archive/2022/05/13/2279-22/2279-22_english.pdf
2279-23,https://documents.gov.lk/view/extra-gazettes/2022/5/2279-23_E.pdf,doc-archive/2022/05/13/2279-23/2279-23_english.pdf
2279-19,https://documents.gov.lk/view/extra-gazettes/2022/5/2279-19_E.pdf,doc-archive/2022/05/12/2279-19/2279-19_english.pdf
2279-14,https://documents.gov.lk/view/extra-gazettes/2022/5/2279-14_E.pdf,doc-archive/2022/05/11/2279-14/2279-14_english.pdf
2279-15,https://documents.gov.lk/view/extra-gazettes/2022/5/2279-15_E.pdf,doc-archive/2022/05/11/2279-15/2279-15_english.pdf
2279-16,https://documents.gov.lk/view/extra-gazettes/2022/5/2279-16_E.pdf,doc-archive/2022/05/11/2279-16/2279-16_english.pdf
2279-17,https://documents.gov.lk/view/extra-gazettes/2022/5/2279-17_E.pdf,doc-archive/2022/05/11/2279-17/2279-17_english.pdf
2279-13,https://documents.gov.lk/view/extra-gazettes/2022/5/2279-13_E.pdf,doc-archive/2022/05/10/2279-13/2279-13_english.pdf
2279-01,https://documents.gov.lk/view/extra-gazettes/2022/5/2279-01_E.pdf,doc-archive/2022/05/09/2279-01/2279-01_english.pdf
2279-02,https://documents.gov.lk/view/extra-gazettes/2022/5/2279-02_E.pdf,doc-archive/2022/05/09/2279-02/2279-02_english.pdf
2279-03,https://documents.gov.lk/view/extra-gazettes/2022/5/2279-03_E.pdf,doc-archive/2022/05/09/2279-03/2279-03_english.pdf
2279-04,https://documents.gov.lk/view/extra-gazettes/2022/5/2279-04_E.pdf,doc-archive/2022/05/09/2279-04/2279-04_english.pdf
2279-05,https://documents.gov.lk/view/extra-gazettes/2022/5/2279-05_E.pdf,doc-archive/2022/05/09/2279-05/2279-05_english.pdf
2279-08,https://documents.gov.lk/view/extra-gazettes/2022/5/2279-08_E.pdf,doc-archive/2022/05/09/2279-08/2279-08_english.pdf
2279-09,https://documents.gov.lk/view/extra-gazettes/2022/5/2279-09_E.pdf,doc-archive/2022/05/09/2279-09/2279-09_english.pdf
2279-11,https://documents.gov.lk/view/extra-gazettes/2022/5/2279-11_E.pdf,doc-archive/2022/05/09/2279-11/2279-11_english.pdf
2279-12,https://documents.gov.lk/view/extra-gazettes/2022/5/2279-12_E.pdf,doc-archive/2022/05/09/2279-12/2279-12_english.pdf
2278-26,https://documents.gov.lk/view/extra-gazettes/2022/5/2278-26_E.pdf,doc-archive/2022/05/07/2278-26/2278-26_english.pdf
2278-27,https://documents.gov.lk/view/extra-gazettes/2022/5/2278-27_E.pdf,doc-archive/2022/05/07/2278-27/2278-27_english.pdf
2278-28,https://documents.gov.lk/view/extra-gazettes/2022/5/2278-28_E.pdf,doc-archive/2022/05/07/2278-28/2278-28_english.pdf
2278-20,https://documents.gov.lk/view/extra-gazettes/2022/5/2278-20_E.pdf,doc-archive/2022/05/06/2278-20/2278-20_english.pdf
2278-21,https://documents.gov.lk/view/extra-gazettes/2022/5/2278-21_E.pdf,doc-archive/2022/05/06/2278-21/2278-21_english.pdf
2278-22,https://documents.gov.lk/view/extra-gazettes/2022/5/2278-22_E.pdf,doc-archive/2022/05/06/2278-22/2278-22_english.pdf
2278-23,https://documents.gov.lk/view/extra-gazettes/2022/5/2278-23_E.pdf,doc-archive/2022/05/06/2278-23/2278-23_english.pdf
2278-24,https://documents.gov.lk/view/extra-gazettes/2022/5/2278-24_E.pdf,doc-archive/2022/05/06/2278-24/2278-24_english.pdf
2281-28,https://documents.gov.lk/view/extra-gazettes/2022/5/2281-28_E.pdf,doc-archive/2022/05/06/2281-28/2281-28_english.pdf
2278-14,https://documents.gov.lk/view/extra-gazettes/2022/5/2278-14_E.pdf,doc-archive/2022/05/05/2278-14/2278-14_english.pdf
2278-15,https://documents.gov.lk/view/extra-gazettes/2022/5/2278-15_E.pdf,doc-archive/2022/05/05/2278-15/2278-15_english.pdf
2278-16,https://documents.gov.lk/view/extra-gazettes/2022/5/2278-16_E.pdf,doc-archive/2022/05/05/2278-16/2278-16_english.pdf
2278-18,https://documents.gov.lk/view/extra-gazettes/2022/5/2278-18_E.pdf,doc-archive/2022/05/05/2278-18/2278-18_english.pdf
2278-19,https://documents.gov.lk/view/extra-gazettes/2022/5/2278-19_E.pdf,doc-archive/2022/05/05/2278-19/2278-19_english.pdf
2278-04,https://documents.gov.lk/view/extra-gazettes/2022/5/2278-04_E.pdf,doc-archive/2022/05/04/2278-04/2278-04_english.pdf
2278-05,https://documents.gov.lk/view/extra-gazettes/2022/5/2278-05_E.pdf,doc-archive/2022/05/04/2278-05/2278-05_english.pdf
2278-06,https://documents.gov.lk/view/extra-gazettes/2022/5/2278-06_E.pdf,doc-archive/2022/05/04/2278-06/2278-06_english.pdf
2278-07,https://documents.gov.lk/view/extra-gazettes/2022/5/2278-07_E.pdf,doc-archive/2022/05/04/2278-07/2278-07_english.pdf
2278-08,https://documents.gov.lk/view/extra-gazettes/2022/5/2278-08_E.pdf,doc-archive/2022/05/04/2278-08/2278-08_english.pdf
2278-09,https://documents.gov.lk/view/extra-gazettes/2022/5/2278-09_E.pdf,doc-archive/2022/05/04/2278-09/2278-09_english.pdf
2278-10,https://documents.gov.lk/view/extra-gazettes/2022/5/2278-10_E.pdf,doc-archive/2022/05/04/2278-10/2278-10_english.pdf
2278-11,https://documents.gov.lk/view/extra-gazettes/2022/5/2278-11_E.pdf,doc-archive/2022/05/04/2278-11/2278-11_english.pdf
2278-12,https://documents.gov.lk/view/extra-gazettes/2022/5/2278-12_E.pdf,doc-archive/2022/05/04/2278-12/2278-12_english.pdf
2278-13,https://documents.gov.lk/view/extra-gazettes/2022/5/2278-13_E.pdf,doc-archive/2022/05/04/2278-13/2278-13_english.pdf
2278-01,https://documents.gov.lk/view/extra-gazettes/2022/5/2278-01_E.pdf,doc-archive/2022/05/02/2278-01/2278-01_english.pdf
2278-02,https://documents.gov.lk/view/extra-gazettes/2022/5/2278-02_E.pdf,doc-archive/2022/05/02/2278-02/2278-02_english.pdf
2286-28,https://documents.gov.lk/view/extra-gazettes/2022/6/2286-28_E.pdf,doc-archive/2022/06/30/2286-28/2286-28_english.pdf
2286-27,https://documents.gov.lk/view/extra-gazettes/2022/6/2286-27_E.pdf,doc-archive/2022/06/30/2286-27/2286-27_english.pdf
2286-29,https://documents.gov.lk/view/extra-gazettes/2022/6/2286-29_E.pdf,doc-archive/2022/06/30/2286-29/2286-29_english.pdf
2286-22,https://documents.gov.lk/view/extra-gazettes/2022/6/2286-22_E.pdf,doc-archive/2022/06/29/2286-22/2286-22_english.pdf
2286-23,https://documents.gov.lk/view/extra-gazettes/2022/6/2286-23_E.pdf,doc-archive/2022/06/29/2286-23/2286-23_english.pdf
2286-25,https://documents.gov.lk/view/extra-gazettes/2022/6/2286-25_E.pdf,doc-archive/2022/06/29/2286-25/2286-25_english.pdf
2286-26,https://documents.gov.lk/view/extra-gazettes/2022/6/2286-26_E.pdf,doc-archive/2022/06/29/2286-26/2286-26_english.pdf
2286-20,https://documents.gov.lk/view/extra-gazettes/2022/6/2286-20_E.pdf,doc-archive/2022/06/28/2286-20/2286-20_english.pdf
2286-02,https://documents.gov.lk/view/extra-gazettes/2022/6/2286-02_E.pdf,doc-archive/2022/06/27/2286-02/2286-02_english.pdf
2286-24,https://documents.gov.lk/view/extra-gazettes/2022/6/2286-24_E.pdf,doc-archive/2022/06/29/2286-24/2286-24_english.pdf
2286-04,https://documents.gov.lk/view/extra-gazettes/2022/6/2286-04_E.pdf,doc-archive/2022/06/27/2286-04/2286-04_english.pdf
2286-06,https://documents.gov.lk/view/extra-gazettes/2022/6/2286-06_E.pdf,doc-archive/2022/06/27/2286-06/2286-06_english.pdf
2286-07,https://documents.gov.lk/view/extra-gazettes/2022/6/2286-07_E.pdf,doc-archive/2022/06/27/2286-07/2286-07_english.pdf
2286-08,https://documents.gov.lk/view/extra-gazettes/2022/6/2286-08_E.pdf,doc-archive/2022/06/27/2286-08/2286-08_english.pdf
2286-09,https://documents.gov.lk/view/extra-gazettes/2022/6/2286-09_E.pdf,doc-archive/2022/06/27/2286-09/2286-09_english.pdf
2286-10,https://documents.gov.lk/view/extra-gazettes/2022/6/2286-10_E.pdf,doc-archive/2022/06/27/2286-10/2286-10_english.pdf
2286-11,https://documents.gov.lk/view/extra-gazettes/2022/6/2286-11_E.pdf,doc-archive/2022/06/27/2286-11/2286-11_english.pdf
2286-12,https://documents.gov.lk/view/extra-gazettes/2022/6/2286-12_E.pdf,doc-archive/2022/06/27/2286-12/2286-12_english.pdf
2286-13,https://documents.gov.lk/view/extra-gazettes/2022/6/2286-13_E.pdf,doc-archive/2022/06/27/2286-13/2286-13_english.pdf
2286-18,https://documents.gov.lk/view/extra-gazettes/2022/6/2286-18_E.pdf,doc-archive/2022/06/27/2286-18/2286-18_english.pdf
2286-05,https://documents.gov.lk/view/extra-gazettes/2022/6/2286-05_E.pdf,doc-archive/2022/06/27/2286-05/2286-05_english.pdf
2286-19,https://documents.gov.lk/view/extra-gazettes/2022/6/2286-19_E.pdf,doc-archive/2022/06/27/2286-19/2286-19_english.pdf
2285-18,https://documents.gov.lk/view/extra-gazettes/2022/6/2285-18_E.pdf,doc-archive/2022/06/24/2285-18/2285-18_english.pdf
2285-19,https://documents.gov.lk/view/extra-gazettes/2022/6/2285-19_E.pdf,doc-archive/2022/06/24/2285-19/2285-19_english.pdf
2285-09,https://documents.gov.lk/view/extra-gazettes/2022/6/2285-09_E.pdf,doc-archive/2022/06/23/2285-09/2285-09_english.pdf
2285-10,https://documents.gov.lk/view/extra-gazettes/2022/6/2285-10_E.pdf,doc-archive/2022/06/23/2285-10/2285-10_english.pdf
2285-11,https://documents.gov.lk/view/extra-gazettes/2022/6/2285-11_E.pdf,doc-archive/2022/06/23/2285-11/2285-11_english.pdf
2285-20,https://documents.gov.lk/view/extra-gazettes/2022/6/2285-20_E.pdf,doc-archive/2022/06/24/2285-20/2285-20_english.pdf
2285-12,https://documents.gov.lk/view/extra-gazettes/2022/6/2285-12_E.pdf,doc-archive/2022/06/23/2285-12/2285-12_english.pdf
2285-13,https://documents.gov.lk/view/extra-gazettes/2022/6/2285-13_E.pdf,doc-archive/2022/06/23/2285-13/2285-13_english.pdf
2285-14,https://documents.gov.lk/view/extra-gazettes/2022/6/2285-14_E.pdf,doc-archive/2022/06/23/2285-14/2285-14_english.pdf
2285-15,https://documents.gov.lk/view/extra-gazettes/2022/6/2285-15_E.pdf,doc-archive/2022/06/23/2285-15/2285-15_english.pdf
2285-16,https://documents.gov.lk/view/extra-gazettes/2022/6/2285-16_E.pdf,doc-archive/2022/06/23/2285-16/2285-16_english.pdf
2285-17,https://documents.gov.lk/view/extra-gazettes/2022/6/2285-17_E.pdf,doc-archive/2022/06/23/2285-17/2285-17_english.pdf
2285-08,https://documents.gov.lk/view/extra-gazettes/2022/6/2285-08_E.pdf,doc-archive/2022/06/22/2285-08/2285-08_english.pdf
2285-05,https://documents.gov.lk/view/extra-gazettes/2022/6/2285-05_E.pdf,doc-archive/2022/06/21/2285-05/2285-05_english.pdf
2285-06,https://documents.gov.lk/view/extra-gazettes/2022/6/2285-06_E.pdf,doc-archive/2022/06/21/2285-06/2285-06_english.pdf
2285-01,https://documents.gov.lk/view/extra-gazettes/2022/6/2285-01_E.pdf,doc-archive/2022/06/20/2285-01/2285-01_english.pdf
2285-02,https://documents.gov.lk/view/extra-gazettes/2022/6/2285-02_E.pdf,doc-archive/2022/06/20/2285-02/2285-02_english.pdf
2285-04,https://documents.gov.lk/view/extra-gazettes/2022/6/2285-04_E.pdf,doc-archive/2022/06/20/2285-04/2285-04_english.pdf
2284-57,https://documents.gov.lk/view/extra-gazettes/2022/6/2284-57_E.pdf,doc-archive/2022/06/18/2284-57/2284-57_english.pdf
2285-03,https://documents.gov.lk/view/extra-gazettes/2022/6/2285-03_E.pdf,doc-archive/2022/06/20/2285-03/2285-03_english.pdf
2284-58,https://documents.gov.lk/view/extra-gazettes/2022/6/2284-58_E.pdf,doc-archive/2022/06/18/2284-58/2284-58_english.pdf
2284-60,https://documents.gov.lk/view/extra-gazettes/2022/6/2284-60_E.pdf,doc-archive/2022/06/18/2284-60/2284-60_english.pdf
2284-59,https://documents.gov.lk/view/extra-gazettes/2022/6/2284-59_E.pdf,doc-archive/2022/06/18/2284-59/2284-59_english.pdf
2284-61,https://documents.gov.lk/view/extra-gazettes/2022/6/2284-61_E.pdf,doc-archive/2022/06/18/2284-61/2284-61_english.pdf
2284-62,https://documents.gov.lk/view/extra-gazettes/2022/6/2284-62_E.pdf,doc-archive/2022/06/18/2284-62/2284-62_english.pdf
2284-63,https://documents.gov.lk/view/extra-gazettes/2022/6/2284-63_E.pdf,doc-archive/2022/06/18/2284-63/2284-63_english.pdf
2284-64,https://documents.gov.lk/view/extra-gazettes/2022/6/2284-64_E.pdf,doc-archive/2022/06/18/2284-64/2284-64_english.pdf
2284-65,https://documents.gov.lk/view/extra-gazettes/2022/6/2284-65_E.pdf,doc-archive/2022/06/18/2284-65/2284-65_english.pdf
2284-52,https://documents.gov.lk/view/extra-gazettes/2022/6/2284-52_E.pdf,doc-archive/2022/06/17/2284-52/2284-52_english.pdf
2284-50,https://documents.gov.lk/view/extra-gazettes/2022/6/2284-50_E.pdf,doc-archive/2022/06/17/2284-50/2284-50_english.pdf
2284-53,https://documents.gov.lk/view/extra-gazettes/2022/6/2284-53_E.pdf,doc-archive/2022/06/17/2284-53/2284-53_english.pdf
2284-55,https://documents.gov.lk/view/extra-gazettes/2022/6/2284-55_E.pdf,doc-archive/2022/06/17/2284-55/2284-55_english.pdf
2284-54,https://documents.gov.lk/view/extra-gazettes/2022/6/2284-54_E.pdf,doc-archive/2022/06/17/2284-54/2284-54_english.pdf
2284-56,https://documents.gov.lk/view/extra-gazettes/2022/6/2284-56_E.pdf,doc-archive/2022/06/17/2284-56/2284-56_english.pdf
2286-14,https://documents.gov.lk/view/extra-gazettes/2022/6/2286-14_E.pdf,doc-archive/2022/06/17/2286-14/2286-14_english.pdf
2284-21,https://documents.gov.lk/view/extra-gazettes/2022/6/2284-21_E.pdf,doc-archive/2022/06/16/2284-21/2284-21_english.pdf
2284-22,https://documents.gov.lk/view/extra-gazettes/2022/6/2284-22_E.pdf,doc-archive/2022/06/16/2284-22/2284-22_english.pdf
2284-24,https://documents.gov.lk/view/extra-gazettes/2022/6/2284-24_E.pdf,doc-archive/2022/06/16/2284-24/2284-24_english.pdf
2284-25,https://documents.gov.lk/view/extra-gazettes/2022/6/2284-25_E.pdf,doc-archive/2022/06/16/2284-25/2284-25_english.pdf
2284-26,https://documents.gov.lk/view/extra-gazettes/2022/6/2284-26_E.pdf,doc-archive/2022/06/16/2284-26/2284-26_english.pdf
2284-27,https://documents.gov.lk/view/extra-gazettes/2022/6/2284-27_E.pdf,doc-archive/2022/06/16/2284-27/2284-27_english.pdf
2284-29,https://documents.gov.lk/view/extra-gazettes/2022/6/2284-29_E.pdf,doc-archive/2022/06/16/2284-29/2284-29_english.pdf
2284-28,https://documents.gov.lk/view/extra-gazettes/2022/6/2284-28_E.pdf,doc-archive/2022/06/16/2284-28/2284-28_english.pdf
2284-30,https://documents.gov.lk/view/extra-gazettes/2022/6/2284-30_E.pdf,doc-archive/2022/06/16/2284-30/2284-30_english.pdf
2284-32,https://documents.gov.lk/view/extra-gazettes/2022/6/2284-32_E.pdf,doc-archive/2022/06/16/2284-32/2284-32_english.pdf
2284-33,https://documents.gov.lk/view/extra-gazettes/2022/6/2284-33_E.pdf,doc-archive/2022/06/16/2284-33/2284-33_english.pdf
2284-31,https://documents.gov.lk/view/extra-gazettes/2022/6/2284-31_E.pdf,doc-archive/2022/06/16/2284-31/2284-31_english.pdf
2284-34,https://documents.gov.lk/view/extra-gazettes/2022/6/2284-34_E.pdf,doc-archive/2022/06/16/2284-34/2284-34_english.pdf
2284-35,https://documents.gov.lk/view/extra-gazettes/2022/6/2284-35_E.pdf,doc-archive/2022/06/16/2284-35/2284-35_english.pdf
2284-36,https://documents.gov.lk/view/extra-gazettes/2022/6/2284-36_E.pdf,doc-archive/2022/06/16/2284-36/2284-36_english.pdf
2284-37,https://documents.gov.lk/view/extra-gazettes/2022/6/2284-37_E.pdf,doc-archive/2022/06/16/2284-37/2284-37_english.pdf
2284-38,https://documents.gov.lk/view/extra-gazettes/2022/6/2284-38_E.pdf,doc-archive/2022/06/16/2284-38/2284-38_english.pdf
2284-39,https://documents.gov.lk/view/extra-gazettes/2022/6/2284-39_E.pdf,doc-archive/2022/06/16/2284-39/2284-39_english.pdf
2284-40,https://documents.gov.lk/view/extra-gazettes/2022/6/2284-40_E.pdf,doc-archive/2022/06/16/2284-40/2284-40_english.pdf
2284-41,https://documents.gov.lk/view/extra-gazettes/2022/6/2284-41_E.pdf,doc-archive/2022/06/16/2284-41/2284-41_english.pdf
2284-42,https://documents.gov.lk/view/extra-gazettes/2022/6/2284-42_E.pdf,doc-archive/2022/06/16/2284-42/2284-42_english.pdf
2284-44,https://documents.gov.lk/view/extra-gazettes/2022/6/2284-44_E.pdf,doc-archive/2022/06/16/2284-44/2284-44_english.pdf
2284-43,https://documents.gov.lk/view/extra-gazettes/2022/6/2284-43_E.pdf,doc-archive/2022/06/16/2284-43/2284-43_english.pdf
2284-45,https://documents.gov.lk/view/extra-gazettes/2022/6/2284-45_E.pdf,doc-archive/2022/06/16/2284-45/2284-45_english.pdf
2284-46,https://documents.gov.lk/view/extra-gazettes/2022/6/2284-46_E.pdf,doc-archive/2022/06/16/2284-46/2284-46_english.pdf
2284-47,https://documents.gov.lk/view/extra-gazettes/2022/6/2284-47_E.pdf,doc-archive/2022/06/16/2284-47/2284-47_english.pdf
2284-48,https://documents.gov.lk/view/extra-gazettes/2022/6/2284-48_E.pdf,doc-archive/2022/06/16/2284-48/2284-48_english.pdf
2284-49,https://documents.gov.lk/view/extra-gazettes/2022/6/2284-49_E.pdf,doc-archive/2022/06/16/2284-49/2284-49_english.pdf
2284-51,https://documents.gov.lk/view/extra-gazettes/2022/6/2284-51_E.pdf,doc-archive/2022/06/16/2284-51/2284-51_english.pdf
2284-03,https://documents.gov.lk/view/extra-gazettes/2022/6/2284-03_E.pdf,doc-archive/2022/06/15/2284-03/2284-03_english.pdf
2284-04,https://documents.gov.lk/view/extra-gazettes/2022/6/2284-04_E.pdf,doc-archive/2022/06/15/2284-04/2284-04_english.pdf
2284-05,https://documents.gov.lk/view/extra-gazettes/2022/6/2284-05_E.pdf,doc-archive/2022/06/15/2284-05/2284-05_english.pdf
2284-06,https://documents.gov.lk/view/extra-gazettes/2022/6/2284-06_E.pdf,doc-archive/2022/06/15/2284-06/2284-06_english.pdf
2284-07,https://documents.gov.lk/view/extra-gazettes/2022/6/2284-07_E.pdf,doc-archive/2022/06/15/2284-07/2284-07_english.pdf
2284-08,https://documents.gov.lk/view/extra-gazettes/2022/6/2284-08_E.pdf,doc-archive/2022/06/15/2284-08/2284-08_english.pdf
2284-09,https://documents.gov.lk/view/extra-gazettes/2022/6/2284-09_E.pdf,doc-archive/2022/06/15/2284-09/2284-09_english.pdf
2284-10,https://documents.gov.lk/view/extra-gazettes/2022/6/2284-10_E.pdf,doc-archive/2022/06/15/2284-10/2284-10_english.pdf
2284-12,https://documents.gov.lk/view/extra-gazettes/2022/6/2284-12_E.pdf,doc-archive/2022/06/15/2284-12/2284-12_english.pdf
2284-11,https://documents.gov.lk/view/extra-gazettes/2022/6/2284-11_E.pdf,doc-archive/2022/06/15/2284-11/2284-11_english.pdf
2284-14,https://documents.gov.lk/view/extra-gazettes/2022/6/2284-14_E.pdf,doc-archive/2022/06/15/2284-14/2284-14_english.pdf
2284-16,https://documents.gov.lk/view/extra-gazettes/2022/6/2284-16_E.pdf,doc-archive/2022/06/15/2284-16/2284-16_english.pdf
2284-15,https://documents.gov.lk/view/extra-gazettes/2022/6/2284-15_E.pdf,doc-archive/2022/06/15/2284-15/2284-15_english.pdf
2284-17,https://documents.gov.lk/view/extra-gazettes/2022/6/2284-17_E.pdf,doc-archive/2022/06/15/2284-17/2284-17_english.pdf
2284-19,https://documents.gov.lk/view/extra-gazettes/2022/6/2284-19_E.pdf,doc-archive/2022/06/15/2284-19/2284-19_english.pdf
2284-20,https://documents.gov.lk/view/extra-gazettes/2022/6/2284-20_E.pdf,doc-archive/2022/06/15/2284-20/2284-20_english.pdf
2284-18,https://documents.gov.lk/view/extra-gazettes/2022/6/2284-18_E.pdf,doc-archive/2022/06/15/2284-18/2284-18_english.pdf
2284-01,https://documents.gov.lk/view/extra-gazettes/2022/6/2284-01_E.pdf,doc-archive/2022/06/13/2284-01/2284-01_english.pdf
2284-02,https://documents.gov.lk/view/extra-gazettes/2022/6/2284-02_E.pdf,doc-archive/2022/06/13/2284-02/2284-02_english.pdf
2283-39,https://documents.gov.lk/view/extra-gazettes/2022/6/2283-39_E.pdf,doc-archive/2022/06/10/2283-39/2283-39_english.pdf
2283-40,https://documents.gov.lk/view/extra-gazettes/2022/6/2283-40_E.pdf,doc-archive/2022/06/10/2283-40/2283-40_english.pdf
2283-41,https://documents.gov.lk/view/extra-gazettes/2022/6/2283-41_E.pdf,doc-archive/2022/06/10/2283-41/2283-41_english.pdf
2283-42,https://documents.gov.lk/view/extra-gazettes/2022/6/2283-42_E.pdf,doc-archive/2022/06/10/2283-42/2283-42_english.pdf
2283-43,https://documents.gov.lk/view/extra-gazettes/2022/6/2283-43_E.pdf,doc-archive/2022/06/10/2283-43/2283-43_english.pdf
2283-44,https://documents.gov.lk/view/extra-gazettes/2022/6/2283-44_E.pdf,doc-archive/2022/06/10/2283-44/2283-44_english.pdf
2283-34,https://documents.gov.lk/view/extra-gazettes/2022/6/2283-34_E.pdf,doc-archive/2022/06/09/2283-34/2283-34_english.pdf
2283-35,https://documents.gov.lk/view/extra-gazettes/2022/6/2283-35_E.pdf,doc-archive/2022/06/09/2283-35/2283-35_english.pdf
2283-37,https://documents.gov.lk/view/extra-gazettes/2022/6/2283-37_E.pdf,doc-archive/2022/06/09/2283-37/2283-37_english.pdf
2283-21,https://documents.gov.lk/view/extra-gazettes/2022/6/2283-21_E.pdf,doc-archive/2022/06/08/2283-21/2283-21_english.pdf
2283-22,https://documents.gov.lk/view/extra-gazettes/2022/6/2283-22_E.pdf,doc-archive/2022/06/08/2283-22/2283-22_english.pdf
2283-23,https://documents.gov.lk/view/extra-gazettes/2022/6/2283-23_E.pdf,doc-archive/2022/06/08/2283-23/2283-23_english.pdf
2283-24,https://documents.gov.lk/view/extra-gazettes/2022/6/2283-24_E.pdf,doc-archive/2022/06/08/2283-24/2283-24_english.pdf
2283-38,https://documents.gov.lk/view/extra-gazettes/2022/6/2283-38_E.pdf,doc-archive/2022/06/10/2283-38/2283-38_english.pdf
2283-25,https://documents.gov.lk/view/extra-gazettes/2022/6/2283-25_E.pdf,doc-archive/2022/06/08/2283-25/2283-25_english.pdf
2283-27,https://documents.gov.lk/view/extra-gazettes/2022/6/2283-27_E.pdf,doc-archive/2022/06/08/2283-27/2283-27_english.pdf
2283-26,https://documents.gov.lk/view/extra-gazettes/2022/6/2283-26_E.pdf,doc-archive/2022/06/08/2283-26/2283-26_english.pdf
2283-28,https://documents.gov.lk/view/extra-gazettes/2022/6/2283-28_E.pdf,doc-archive/2022/06/08/2283-28/2283-28_english.pdf
2283-29,https://documents.gov.lk/view/extra-gazettes/2022/6/2283-29_E.pdf,doc-archive/2022/06/08/2283-29/2283-29_english.pdf
2283-30,https://documents.gov.lk/view/extra-gazettes/2022/6/2283-30_E.pdf,doc-archive/2022/06/08/2283-30/2283-30_english.pdf
2283-31,https://documents.gov.lk/view/extra-gazettes/2022/6/2283-31_E.pdf,doc-archive/2022/06/08/2283-31/2283-31_english.pdf
2283-32,https://documents.gov.lk/view/extra-gazettes/2022/6/2283-32_E.pdf,doc-archive/2022/06/08/2283-32/2283-32_english.pdf
2283-33,https://documents.gov.lk/view/extra-gazettes/2022/6/2283-33_E.pdf,doc-archive/2022/06/08/2283-33/2283-33_english.pdf
2283-19,https://documents.gov.lk/view/extra-gazettes/2022/6/2283-19_E.pdf,doc-archive/2022/06/07/2283-19/2283-19_english.pdf
2283-01,https://documents.gov.lk/view/extra-gazettes/2022/6/2283-01_E.pdf,doc-archive/2022/06/06/2283-01/2283-01_english.pdf
2283-20,https://documents.gov.lk/view/extra-gazettes/2022/6/2283-20_E.pdf,doc-archive/2022/06/07/2283-20/2283-20_english.pdf
2283-03,https://documents.gov.lk/view/extra-gazettes/2022/6/2283-03_E.pdf,doc-archive/2022/06/06/2283-03/2283-03_english.pdf
2283-04,https://documents.gov.lk/view/extra-gazettes/2022/6/2283-04_E.pdf,doc-archive/2022/06/06/2283-04/2283-04_english.pdf
2283-05,https://documents.gov.lk/view/extra-gazettes/2022/6/2283-05_E.pdf,doc-archive/2022/06/06/2283-05/2283-05_english.pdf
2283-06,https://documents.gov.lk/view/extra-gazettes/2022/6/2283-06_E.pdf,doc-archive/2022/06/06/2283-06/2283-06_english.pdf
2283-02,https://documents.gov.lk/view/extra-gazettes/2022/6/2283-02_E.pdf,doc-archive/2022/06/06/2283-02/2283-02_english.pdf
2283-07,https://documents.gov.lk/view/extra-gazettes/2022/6/2283-07_E.pdf,doc-archive/2022/06/06/2283-07/2283-07_english.pdf
2283-08,https://documents.gov.lk/view/extra-gazettes/2022/6/2283-08_E.pdf,doc-archive/2022/06/06/2283-08/2283-08_english.pdf
2283-10,https://documents.gov.lk/view/extra-gazettes/2022/6/2283-10_E.pdf,doc-archive/2022/06/06/2283-10/2283-10_english.pdf
2283-09,https://documents.gov.lk/view/extra-gazettes/2022/6/2283-09_E.pdf,doc-archive/2022/06/06/2283-09/2283-09_english.pdf
2283-11,https://documents.gov.lk/view/extra-gazettes/2022/6/2283-11_E.pdf,doc-archive/2022/06/06/2283-11/2283-11_english.pdf
2283-12,https://documents.gov.lk/view/extra-gazettes/2022/6/2283-12_E.pdf,doc-archive/2022/06/06/2283-12/2283-12_english.pdf
2283-13,https://documents.gov.lk/view/extra-gazettes/2022/6/2283-13_E.pdf,doc-archive/2022/06/06/2283-13/2283-13_english.pdf
2283-14,https://documents.gov.lk/view/extra-gazettes/2022/6/2283-14_E.pdf,doc-archive/2022/06/06/2283-14/2283-14_english.pdf
2283-15,https://documents.gov.lk/view/extra-gazettes/2022/6/2283-15_E.pdf,doc-archive/2022/06/06/2283-15/2283-15_english.pdf
2283-17,https://documents.gov.lk/view/extra-gazettes/2022/6/2283-17_E.pdf,doc-archive/2022/06/06/2283-17/2283-17_english.pdf
2283-18,https://documents.gov.lk/view/extra-gazettes/2022/6/2283-18_E.pdf,doc-archive/2022/06/06/2283-18/2283-18_english.pdf
2283-16,https://documents.gov.lk/view/extra-gazettes/2022/6/2283-16_E.pdf,doc-archive/2022/06/06/2283-16/2283-16_english.pdf
2282-63,https://documents.gov.lk/view/extra-gazettes/2022/6/2282-63_E.pdf,doc-archive/2022/06/04/2282-63/2282-63_english.pdf
2282-64,https://documents.gov.lk/view/extra-gazettes/2022/6/2282-64_E.pdf,doc-archive/2022/06/04/2282-64/2282-64_english.pdf
2282-65,https://documents.gov.lk/view/extra-gazettes/2022/6/2282-65_E.pdf,doc-archive/2022/06/04/2282-65/2282-65_english.pdf
2282-66,https://documents.gov.lk/view/extra-gazettes/2022/6/2282-66_E.pdf,doc-archive/2022/06/04/2282-66/2282-66_english.pdf
2282-67,https://documents.gov.lk/view/extra-gazettes/2022/6/2282-67_E.pdf,doc-archive/2022/06/04/2282-67/2282-67_english.pdf
2282-69,https://documents.gov.lk/view/extra-gazettes/2022/6/2282-69_E.pdf,doc-archive/2022/06/04/2282-69/2282-69_english.pdf
2282-68,https://documents.gov.lk/view/extra-gazettes/2022/6/2282-68_E.pdf,doc-archive/2022/06/04/2282-68/2282-68_english.pdf
2282-70,https://documents.gov.lk/view/extra-gazettes/2022/6/2282-70_E.pdf,doc-archive/2022/06/04/2282-70/2282-70_english.pdf
2282-58,https://documents.gov.lk/view/extra-gazettes/2022/6/2282-58_E.pdf,doc-archive/2022/06/03/2282-58/2282-58_english.pdf
2282-60,https://documents.gov.lk/view/extra-gazettes/2022/6/2282-60_E.pdf,doc-archive/2022/06/03/2282-60/2282-60_english.pdf
2282-61,https://documents.gov.lk/view/extra-gazettes/2022/6/2282-61_E.pdf,doc-archive/2022/06/03/2282-61/2282-61_english.pdf
2282-59,https://documents.gov.lk/view/extra-gazettes/2022/6/2282-59_E.pdf,doc-archive/2022/06/03/2282-59/2282-59_english.pdf
2282-62,https://documents.gov.lk/view/extra-gazettes/2022/6/2282-62_E.pdf,doc-archive/2022/06/03/2282-62/2282-62_english.pdf
2282-55,https://documents.gov.lk/view/extra-gazettes/2022/6/2282-55_E.pdf,doc-archive/2022/06/02/2282-55/2282-55_english.pdf
2282-56,https://documents.gov.lk/view/extra-gazettes/2022/6/2282-56_E.pdf,doc-archive/2022/06/02/2282-56/2282-56_english.pdf
2282-27,https://documents.gov.lk/view/extra-gazettes/2022/6/2282-27_E.pdf,doc-archive/2022/06/01/2282-27/2282-27_english.pdf
2282-28,https://documents.gov.lk/view/extra-gazettes/2022/6/2282-28_E.pdf,doc-archive/2022/06/01/2282-28/2282-28_english.pdf
2282-57,https://documents.gov.lk/view/extra-gazettes/2022/6/2282-57_E.pdf,doc-archive/2022/06/02/2282-57/2282-57_english.pdf
2282-30,https://documents.gov.lk/view/extra-gazettes/2022/6/2282-30_E.pdf,doc-archive/2022/06/01/2282-30/2282-30_english.pdf
2282-32,https://documents.gov.lk/view/extra-gazettes/2022/6/2282-32_E.pdf,doc-archive/2022/06/01/2282-32/2282-32_english.pdf
2282-33,https://documents.gov.lk/view/extra-gazettes/2022/6/2282-33_E.pdf,doc-archive/2022/06/01/2282-33/2282-33_english.pdf
2282-34,https://documents.gov.lk/view/extra-gazettes/2022/6/2282-34_E.pdf,doc-archive/2022/06/01/2282-34/2282-34_english.pdf
2282-35,https://documents.gov.lk/view/extra-gazettes/2022/6/2282-35_E.pdf,doc-archive/2022/06/01/2282-35/2282-35_english.pdf
2282-36,https://documents.gov.lk/view/extra-gazettes/2022/6/2282-36_E.pdf,doc-archive/2022/06/01/2282-36/2282-36_english.pdf
2282-37,https://documents.gov.lk/view/extra-gazettes/2022/6/2282-37_E.pdf,doc-archive/2022/06/01/2282-37/2282-37_english.pdf
2282-38,https://documents.gov.lk/view/extra-gazettes/2022/6/2282-38_E.pdf,doc-archive/2022/06/01/2282-38/2282-38_english.pdf
2282-39,https://documents.gov.lk/view/extra-gazettes/2022/6/2282-39_E.pdf,doc-archive/2022/06/01/2282-39/2282-39_english.pdf
2282-40,https://documents.gov.lk/view/extra-gazettes/2022/6/2282-40_E.pdf,doc-archive/2022/06/01/2282-40/2282-40_english.pdf
2282-41,https://documents.gov.lk/view/extra-gazettes/2022/6/2282-41_E.pdf,doc-archive/2022/06/01/2282-41/2282-41_english.pdf
2282-42,https://documents.gov.lk/view/extra-gazettes/2022/6/2282-42_E.pdf,doc-archive/2022/06/01/2282-42/2282-42_english.pdf
2282-43,https://documents.gov.lk/view/extra-gazettes/2022/6/2282-43_E.pdf,doc-archive/2022/06/01/2282-43/2282-43_english.pdf
2282-44,https://documents.gov.lk/view/extra-gazettes/2022/6/2282-44_E.pdf,doc-archive/2022/06/01/2282-44/2282-44_english.pdf
2282-45,https://documents.gov.lk/view/extra-gazettes/2022/6/2282-45_E.pdf,doc-archive/2022/06/01/2282-45/2282-45_english.pdf
2282-46,https://documents.gov.lk/view/extra-gazettes/2022/6/2282-46_E.pdf,doc-archive/2022/06/01/2282-46/2282-46_english.pdf
2282-47,https://documents.gov.lk/view/extra-gazettes/2022/6/2282-47_E.pdf,doc-archive/2022/06/01/2282-47/2282-47_english.pdf
2282-48,https://documents.gov.lk/view/extra-gazettes/2022/6/2282-48_E.pdf,doc-archive/2022/06/01/2282-48/2282-48_english.pdf
2282-49,https://documents.gov.lk/view/extra-gazettes/2022/6/2282-49_E.pdf,doc-archive/2022/06/01/2282-49/2282-49_english.pdf
2282-50,https://documents.gov.lk/view/extra-gazettes/2022/6/2282-50_E.pdf,doc-archive/2022/06/01/2282-50/2282-50_english.pdf
2282-51,https://documents.gov.lk/view/extra-gazettes/2022/6/2282-51_E.pdf,doc-archive/2022/06/01/2282-51/2282-51_english.pdf
2282-52,https://documents.gov.lk/view/extra-gazettes/2022/6/2282-52_E.pdf,doc-archive/2022/06/01/2282-52/2282-52_english.pdf
2282-53,https://documents.gov.lk/view/extra-gazettes/2022/6/2282-53_E.pdf,doc-archive/2022/06/01/2282-53/2282-53_english.pdf
2282-54,https://documents.gov.lk/view/extra-gazettes/2022/6/2282-54_E.pdf,doc-archive/2022/06/01/2282-54/2282-54_english.pdf
2282-29,https://documents.gov.lk/view/extra-gazettes/2022/6/2282-29_E.pdf,doc-archive/2022/06/01/2282-29/2282-29_english.pdf
2290-36,https://documents.gov.lk/view/extra-gazettes/2022/7/2290-36_E.pdf,doc-archive/2022/07/31/2290-36/2290-36_english.pdf
2290-37,https://documents.gov.lk/view/extra-gazettes/2022/7/2290-37_E.pdf,doc-archive/2022/07/31/2290-37/2290-37_english.pdf
2290-23,https://documents.gov.lk/view/extra-gazettes/2022/7/2290-23_E.pdf,doc-archive/2022/07/28/2290-23/2290-23_english.pdf
2290-24,https://documents.gov.lk/view/extra-gazettes/2022/7/2290-24_E.pdf,doc-archive/2022/07/28/2290-24/2290-24_english.pdf
2290-25,https://documents.gov.lk/view/extra-gazettes/2022/7/2290-25_E.pdf,doc-archive/2022/07/28/2290-25/2290-25_english.pdf
2290-26,https://documents.gov.lk/view/extra-gazettes/2022/7/2290-26_E.pdf,doc-archive/2022/07/28/2290-26/2290-26_english.pdf
2290-27,https://documents.gov.lk/view/extra-gazettes/2022/7/2290-27_E.pdf,doc-archive/2022/07/28/2290-27/2290-27_english.pdf
2290-28,https://documents.gov.lk/view/extra-gazettes/2022/7/2290-28_E.pdf,doc-archive/2022/07/28/2290-28/2290-28_english.pdf
2290-29,https://documents.gov.lk/view/extra-gazettes/2022/7/2290-29_E.pdf,doc-archive/2022/07/28/2290-29/2290-29_english.pdf
2290-30,https://documents.gov.lk/view/extra-gazettes/2022/7/2290-30_E.pdf,doc-archive/2022/07/28/2290-30/2290-30_english.pdf
2290-31,https://documents.gov.lk/view/extra-gazettes/2022/7/2290-31_E.pdf,doc-archive/2022/07/28/2290-31/2290-31_english.pdf
2290-32,https://documents.gov.lk/view/extra-gazettes/2022/7/2290-32_E.pdf,doc-archive/2022/07/28/2290-32/2290-32_english.pdf
2290-33,https://documents.gov.lk/view/extra-gazettes/2022/7/2290-33_E.pdf,doc-archive/2022/07/28/2290-33/2290-33_english.pdf
2290-35,https://documents.gov.lk/view/extra-gazettes/2022/7/2290-35_E.pdf,doc-archive/2022/07/28/2290-35/2290-35_english.pdf
2290-34,https://documents.gov.lk/view/extra-gazettes/2022/7/2290-34_E.pdf,doc-archive/2022/07/28/2290-34/2290-34_english.pdf
2290-19,https://documents.gov.lk/view/extra-gazettes/2022/7/2290-19_E.pdf,doc-archive/2022/07/27/2290-19/2290-19_english.pdf
2290-20,https://documents.gov.lk/view/extra-gazettes/2022/7/2290-20_E.pdf,doc-archive/2022/07/27/2290-20/2290-20_english.pdf
2290-21,https://documents.gov.lk/view/extra-gazettes/2022/7/2290-21_E.pdf,doc-archive/2022/07/27/2290-21/2290-21_english.pdf
2290-22,https://documents.gov.lk/view/extra-gazettes/2022/7/2290-22_E.pdf,doc-archive/2022/07/27/2290-22/2290-22_english.pdf
2290-18,https://documents.gov.lk/view/extra-gazettes/2022/7/2290-18_E.pdf,doc-archive/2022/07/27/2290-18/2290-18_english.pdf
2290-11,https://documents.gov.lk/view/extra-gazettes/2022/7/2290-11_E.pdf,doc-archive/2022/07/26/2290-11/2290-11_english.pdf
2290-13,https://documents.gov.lk/view/extra-gazettes/2022/7/2290-13_E.pdf,doc-archive/2022/07/26/2290-13/2290-13_english.pdf
2290-14,https://documents.gov.lk/view/extra-gazettes/2022/7/2290-14_E.pdf,doc-archive/2022/07/26/2290-14/2290-14_english.pdf
2290-15,https://documents.gov.lk/view/extra-gazettes/2022/7/2290-15_E.pdf,doc-archive/2022/07/26/2290-15/2290-15_english.pdf
2290-16,https://documents.gov.lk/view/extra-gazettes/2022/7/2290-16_E.pdf,doc-archive/2022/07/26/2290-16/2290-16_english.pdf
2290-17,https://documents.gov.lk/view/extra-gazettes/2022/7/2290-17_E.pdf,doc-archive/2022/07/26/2290-17/2290-17_english.pdf
2290-12,https://documents.gov.lk/view/extra-gazettes/2022/7/2290-12_E.pdf,doc-archive/2022/07/26/2290-12/2290-12_english.pdf
2290-01,https://documents.gov.lk/view/extra-gazettes/2022/7/2290-01_E.pdf,doc-archive/2022/07/25/2290-01/2290-01_english.pdf
2290-03,https://documents.gov.lk/view/extra-gazettes/2022/7/2290-03_E.pdf,doc-archive/2022/07/25/2290-03/2290-03_english.pdf
2290-04,https://documents.gov.lk/view/extra-gazettes/2022/7/2290-04_E.pdf,doc-archive/2022/07/25/2290-04/2290-04_english.pdf
2290-05,https://documents.gov.lk/view/extra-gazettes/2022/7/2290-05_E.pdf,doc-archive/2022/07/25/2290-05/2290-05_english.pdf
2290-07,https://documents.gov.lk/view/extra-gazettes/2022/7/2290-07_E.pdf,doc-archive/2022/07/25/2290-07/2290-07_english.pdf
2290-08,https://documents.gov.lk/view/extra-gazettes/2022/7/2290-08_E.pdf,doc-archive/2022/07/25/2290-08/2290-08_english.pdf
2290-06,https://documents.gov.lk/view/extra-gazettes/2022/7/2290-06_E.pdf,doc-archive/2022/07/25/2290-06/2290-06_english.pdf
2290-09,https://documents.gov.lk/view/extra-gazettes/2022/7/2290-09_E.pdf,doc-archive/2022/07/25/2290-09/2290-09_english.pdf
2289-43,https://documents.gov.lk/view/extra-gazettes/2022/7/2289-43_E.pdf,doc-archive/2022/07/22/2289-43/2289-43_english.pdf
2289-42,https://documents.gov.lk/view/extra-gazettes/2022/7/2289-42_E.pdf,doc-archive/2022/07/22/2289-42/2289-42_english.pdf
2289-44,https://documents.gov.lk/view/extra-gazettes/2022/7/2289-44_E.pdf,doc-archive/2022/07/22/2289-44/2289-44_english.pdf
2289-36,https://documents.gov.lk/view/extra-gazettes/2022/7/2289-36_E.pdf,doc-archive/2022/07/21/2289-36/2289-36_english.pdf
2289-45,https://documents.gov.lk/view/extra-gazettes/2022/7/2289-45_E.pdf,doc-archive/2022/07/22/2289-45/2289-45_english.pdf
2289-37,https://documents.gov.lk/view/extra-gazettes/2022/7/2289-37_E.pdf,doc-archive/2022/07/21/2289-37/2289-37_english.pdf
2289-39,https://documents.gov.lk/view/extra-gazettes/2022/7/2289-39_E.pdf,doc-archive/2022/07/21/2289-39/2289-39_english.pdf
2289-40,https://documents.gov.lk/view/extra-gazettes/2022/7/2289-40_E.pdf,doc-archive/2022/07/21/2289-40/2289-40_english.pdf
2289-41,https://documents.gov.lk/view/extra-gazettes/2022/7/2289-41_E.pdf,doc-archive/2022/07/21/2289-41/2289-41_english.pdf
2289-19,https://documents.gov.lk/view/extra-gazettes/2022/7/2289-19_E.pdf,doc-archive/2022/07/20/2289-19/2289-19_english.pdf
2289-20,https://documents.gov.lk/view/extra-gazettes/2022/7/2289-20_E.pdf,doc-archive/2022/07/20/2289-20/2289-20_english.pdf
2289-21,https://documents.gov.lk/view/extra-gazettes/2022/7/2289-21_E.pdf,doc-archive/2022/07/20/2289-21/2289-21_english.pdf
2289-22,https://documents.gov.lk/view/extra-gazettes/2022/7/2289-22_E.pdf,doc-archive/2022/07/20/2289-22/2289-22_english.pdf
2289-23,https://documents.gov.lk/view/extra-gazettes/2022/7/2289-23_E.pdf,doc-archive/2022/07/20/2289-23/2289-23_english.pdf
2289-38,https://documents.gov.lk/view/extra-gazettes/2022/7/2289-38_E.pdf,doc-archive/2022/07/21/2289-38/2289-38_english.pdf
2289-24,https://documents.gov.lk/view/extra-gazettes/2022/7/2289-24_E.pdf,doc-archive/2022/07/20/2289-24/2289-24_english.pdf
2289-25,https://documents.gov.lk/view/extra-gazettes/2022/7/2289-25_E.pdf,doc-archive/2022/07/20/2289-25/2289-25_english.pdf
2289-26,https://documents.gov.lk/view/extra-gazettes/2022/7/2289-26_E.pdf,doc-archive/2022/07/20/2289-26/2289-26_english.pdf
2289-27,https://documents.gov.lk/view/extra-gazettes/2022/7/2289-27_E.pdf,doc-archive/2022/07/20/2289-27/2289-27_english.pdf
2289-28,https://documents.gov.lk/view/extra-gazettes/2022/7/2289-28_E.pdf,doc-archive/2022/07/20/2289-28/2289-28_english.pdf
2289-29,https://documents.gov.lk/view/extra-gazettes/2022/7/2289-29_E.pdf,doc-archive/2022/07/20/2289-29/2289-29_english.pdf
2289-30,https://documents.gov.lk/view/extra-gazettes/2022/7/2289-30_E.pdf,doc-archive/2022/07/20/2289-30/2289-30_english.pdf
2289-33,https://documents.gov.lk/view/extra-gazettes/2022/7/2289-33_E.pdf,doc-archive/2022/07/20/2289-33/2289-33_english.pdf
2289-34,https://documents.gov.lk/view/extra-gazettes/2022/7/2289-34_E.pdf,doc-archive/2022/07/20/2289-34/2289-34_english.pdf
2289-35,https://documents.gov.lk/view/extra-gazettes/2022/7/2289-35_E.pdf,doc-archive/2022/07/20/2289-35/2289-35_english.pdf
2289-08,https://documents.gov.lk/view/extra-gazettes/2022/7/2289-08_E.pdf,doc-archive/2022/07/19/2289-08/2289-08_english.pdf
2289-09,https://documents.gov.lk/view/extra-gazettes/2022/7/2289-09_E.pdf,doc-archive/2022/07/19/2289-09/2289-09_english.pdf
2289-10,https://documents.gov.lk/view/extra-gazettes/2022/7/2289-10_E.pdf,doc-archive/2022/07/19/2289-10/2289-10_english.pdf
2289-11,https://documents.gov.lk/view/extra-gazettes/2022/7/2289-11_E.pdf,doc-archive/2022/07/19/2289-11/2289-11_english.pdf
2289-12,https://documents.gov.lk/view/extra-gazettes/2022/7/2289-12_E.pdf,doc-archive/2022/07/19/2289-12/2289-12_english.pdf
2289-13,https://documents.gov.lk/view/extra-gazettes/2022/7/2289-13_E.pdf,doc-archive/2022/07/19/2289-13/2289-13_english.pdf
2289-14,https://documents.gov.lk/view/extra-gazettes/2022/7/2289-14_E.pdf,doc-archive/2022/07/19/2289-14/2289-14_english.pdf
2289-15,https://documents.gov.lk/view/extra-gazettes/2022/7/2289-15_E.pdf,doc-archive/2022/07/19/2289-15/2289-15_english.pdf
2289-16,https://documents.gov.lk/view/extra-gazettes/2022/7/2289-16_E.pdf,doc-archive/2022/07/19/2289-16/2289-16_english.pdf
2289-17,https://documents.gov.lk/view/extra-gazettes/2022/7/2289-17_E.pdf,doc-archive/2022/07/19/2289-17/2289-17_english.pdf
2289-01,https://documents.gov.lk/view/extra-gazettes/2022/7/2289-01_E.pdf,doc-archive/2022/07/18/2289-01/2289-01_english.pdf
2289-18,https://documents.gov.lk/view/extra-gazettes/2022/7/2289-18_E.pdf,doc-archive/2022/07/19/2289-18/2289-18_english.pdf
2289-02,https://documents.gov.lk/view/extra-gazettes/2022/7/2289-02_E.pdf,doc-archive/2022/07/18/2289-02/2289-02_english.pdf
2289-03,https://documents.gov.lk/view/extra-gazettes/2022/7/2289-03_E.pdf,doc-archive/2022/07/18/2289-03/2289-03_english.pdf
2289-04,https://documents.gov.lk/view/extra-gazettes/2022/7/2289-04_E.pdf,doc-archive/2022/07/18/2289-04/2289-04_english.pdf
2289-05,https://documents.gov.lk/view/extra-gazettes/2022/7/2289-05_E.pdf,doc-archive/2022/07/18/2289-05/2289-05_english.pdf
2289-06,https://documents.gov.lk/view/extra-gazettes/2022/7/2289-06_E.pdf,doc-archive/2022/07/18/2289-06/2289-06_english.pdf
2288-30,https://documents.gov.lk/view/extra-gazettes/2022/7/2288-30_E.pdf,doc-archive/2022/07/17/2288-30/2288-30_english.pdf
2289-07,https://documents.gov.lk/view/extra-gazettes/2022/7/2289-07_E.pdf,doc-archive/2022/07/18/2289-07/2289-07_english.pdf
2288-25,https://documents.gov.lk/view/extra-gazettes/2022/7/2288-25_E.pdf,doc-archive/2022/07/15/2288-25/2288-25_english.pdf
2288-26,https://documents.gov.lk/view/extra-gazettes/2022/7/2288-26_E.pdf,doc-archive/2022/07/15/2288-26/2288-26_english.pdf
2288-27,https://documents.gov.lk/view/extra-gazettes/2022/7/2288-27_E.pdf,doc-archive/2022/07/15/2288-27/2288-27_english.pdf
2288-28,https://documents.gov.lk/view/extra-gazettes/2022/7/2288-28_E.pdf,doc-archive/2022/07/15/2288-28/2288-28_english.pdf
2288-29,https://documents.gov.lk/view/extra-gazettes/2022/7/2288-29_E.pdf,doc-archive/2022/07/15/2288-29/2288-29_english.pdf
2288-22,https://documents.gov.lk/view/extra-gazettes/2022/7/2288-22_E.pdf,doc-archive/2022/07/14/2288-22/2288-22_english.pdf
2288-23,https://documents.gov.lk/view/extra-gazettes/2022/7/2288-23_E.pdf,doc-archive/2022/07/14/2288-23/2288-23_english.pdf
2288-24,https://documents.gov.lk/view/extra-gazettes/2022/7/2288-24_E.pdf,doc-archive/2022/07/14/2288-24/2288-24_english.pdf
2288-19,https://documents.gov.lk/view/extra-gazettes/2022/7/2288-19_E.pdf,doc-archive/2022/07/13/2288-19/2288-19_english.pdf
2288-21,https://documents.gov.lk/view/extra-gazettes/2022/7/2288-21_E.pdf,doc-archive/2022/07/13/2288-21/2288-21_english.pdf
2288-08,https://documents.gov.lk/view/extra-gazettes/2022/7/2288-08_E.pdf,doc-archive/2022/07/12/2288-08/2288-08_english.pdf
2288-09,https://documents.gov.lk/view/extra-gazettes/2022/7/2288-09_E.pdf,doc-archive/2022/07/12/2288-09/2288-09_english.pdf
2288-10,https://documents.gov.lk/view/extra-gazettes/2022/7/2288-10_E.pdf,doc-archive/2022/07/12/2288-10/2288-10_english.pdf
2288-11,https://documents.gov.lk/view/extra-gazettes/2022/7/2288-11_E.pdf,doc-archive/2022/07/12/2288-11/2288-11_english.pdf
2288-12,https://documents.gov.lk/view/extra-gazettes/2022/7/2288-12_E.pdf,doc-archive/2022/07/12/2288-12/2288-12_english.pdf
2288-13,https://documents.gov.lk/view/extra-gazettes/2022/7/2288-13_E.pdf,doc-archive/2022/07/12/2288-13/2288-13_english.pdf
2288-14,https://documents.gov.lk/view/extra-gazettes/2022/7/2288-14_E.pdf,doc-archive/2022/07/12/2288-14/2288-14_english.pdf
2288-15,https://documents.gov.lk/view/extra-gazettes/2022/7/2288-15_E.pdf,doc-archive/2022/07/12/2288-15/2288-15_english.pdf
2288-16,https://documents.gov.lk/view/extra-gazettes/2022/7/2288-16_E.pdf,doc-archive/2022/07/12/2288-16/2288-16_english.pdf
2288-17,https://documents.gov.lk/view/extra-gazettes/2022/7/2288-17_E.pdf,doc-archive/2022/07/12/2288-17/2288-17_english.pdf
2288-01,https://documents.gov.lk/view/extra-gazettes/2022/7/2288-01_E.pdf,doc-archive/2022/07/11/2288-01/2288-01_english.pdf
2288-18,https://documents.gov.lk/view/extra-gazettes/2022/7/2288-18_E.pdf,doc-archive/2022/07/12/2288-18/2288-18_english.pdf
2288-03,https://documents.gov.lk/view/extra-gazettes/2022/7/2288-03_E.pdf,doc-archive/2022/07/11/2288-03/2288-03_english.pdf
2288-04,https://documents.gov.lk/view/extra-gazettes/2022/7/2288-04_E.pdf,doc-archive/2022/07/11/2288-04/2288-04_english.pdf
2288-05,https://documents.gov.lk/view/extra-gazettes/2022/7/2288-05_E.pdf,doc-archive/2022/07/11/2288-05/2288-05_english.pdf
2287-37,https://documents.gov.lk/view/extra-gazettes/2022/7/2287-37_E.pdf,doc-archive/2022/07/08/2287-37/2287-37_english.pdf
2288-06,https://documents.gov.lk/view/extra-gazettes/2022/7/2288-06_E.pdf,doc-archive/2022/07/11/2288-06/2288-06_english.pdf
2287-38,https://documents.gov.lk/view/extra-gazettes/2022/7/2287-38_E.pdf,doc-archive/2022/07/08/2287-38/2287-38_english.pdf
2287-24,https://documents.gov.lk/view/extra-gazettes/2022/7/2287-24_E.pdf,doc-archive/2022/07/07/2287-24/2287-24_english.pdf
2287-26,https://documents.gov.lk/view/extra-gazettes/2022/7/2287-26_E.pdf,doc-archive/2022/07/07/2287-26/2287-26_english.pdf
2287-27,https://documents.gov.lk/view/extra-gazettes/2022/7/2287-27_E.pdf,doc-archive/2022/07/07/2287-27/2287-27_english.pdf
2287-25,https://documents.gov.lk/view/extra-gazettes/2022/7/2287-25_E.pdf,doc-archive/2022/07/07/2287-25/2287-25_english.pdf
2287-28,https://documents.gov.lk/view/extra-gazettes/2022/7/2287-28_E.pdf,doc-archive/2022/07/07/2287-28/2287-28_english.pdf
2287-30,https://documents.gov.lk/view/extra-gazettes/2022/7/2287-30_E.pdf,doc-archive/2022/07/07/2287-30/2287-30_english.pdf
2287-29,https://documents.gov.lk/view/extra-gazettes/2022/7/2287-29_E.pdf,doc-archive/2022/07/07/2287-29/2287-29_english.pdf
2287-31,https://documents.gov.lk/view/extra-gazettes/2022/7/2287-31_E.pdf,doc-archive/2022/07/07/2287-31/2287-31_english.pdf
2287-32,https://documents.gov.lk/view/extra-gazettes/2022/7/2287-32_E.pdf,doc-archive/2022/07/07/2287-32/2287-32_english.pdf
2287-33,https://documents.gov.lk/view/extra-gazettes/2022/7/2287-33_E.pdf,doc-archive/2022/07/07/2287-33/2287-33_english.pdf
2287-34,https://documents.gov.lk/view/extra-gazettes/2022/7/2287-34_E.pdf,doc-archive/2022/07/07/2287-34/2287-34_english.pdf
2287-35,https://documents.gov.lk/view/extra-gazettes/2022/7/2287-35_E.pdf,doc-archive/2022/07/07/2287-35/2287-35_english.pdf
2287-36,https://documents.gov.lk/view/extra-gazettes/2022/7/2287-36_E.pdf,doc-archive/2022/07/07/2287-36/2287-36_english.pdf
2287-17,https://documents.gov.lk/view/extra-gazettes/2022/7/2287-17_E.pdf,doc-archive/2022/07/06/2287-17/2287-17_english.pdf
2287-18,https://documents.gov.lk/view/extra-gazettes/2022/7/2287-18_E.pdf,doc-archive/2022/07/06/2287-18/2287-18_english.pdf
2287-19,https://documents.gov.lk/view/extra-gazettes/2022/7/2287-19_E.pdf,doc-archive/2022/07/06/2287-19/2287-19_english.pdf
2287-20,https://documents.gov.lk/view/extra-gazettes/2022/7/2287-20_E.pdf,doc-archive/2022/07/06/2287-20/2287-20_english.pdf
2287-21,https://documents.gov.lk/view/extra-gazettes/2022/7/2287-21_E.pdf,doc-archive/2022/07/06/2287-21/2287-21_english.pdf
2287-22,https://documents.gov.lk/view/extra-gazettes/2022/7/2287-22_E.pdf,doc-archive/2022/07/06/2287-22/2287-22_english.pdf
2287-23,https://documents.gov.lk/view/extra-gazettes/2022/7/2287-23_E.pdf,doc-archive/2022/07/06/2287-23/2287-23_english.pdf
2287-07,https://documents.gov.lk/view/extra-gazettes/2022/7/2287-07_E.pdf,doc-archive/2022/07/05/2287-07/2287-07_english.pdf
2287-08,https://documents.gov.lk/view/extra-gazettes/2022/7/2287-08_E.pdf,doc-archive/2022/07/05/2287-08/2287-08_english.pdf
2287-09,https://documents.gov.lk/view/extra-gazettes/2022/7/2287-09_E.pdf,doc-archive/2022/07/05/2287-09/2287-09_english.pdf
2287-10,https://documents.gov.lk/view/extra-gazettes/2022/7/2287-10_E.pdf,doc-archive/2022/07/05/2287-10/2287-10_english.pdf
2287-11,https://documents.gov.lk/view/extra-gazettes/2022/7/2287-11_E.pdf,doc-archive/2022/07/05/2287-11/2287-11_english.pdf
2287-12,https://documents.gov.lk/view/extra-gazettes/2022/7/2287-12_E.pdf,doc-archive/2022/07/05/2287-12/2287-12_english.pdf
2287-13,https://documents.gov.lk/view/extra-gazettes/2022/7/2287-13_E.pdf,doc-archive/2022/07/05/2287-13/2287-13_english.pdf
2287-14,https://documents.gov.lk/view/extra-gazettes/2022/7/2287-14_E.pdf,doc-archive/2022/07/05/2287-14/2287-14_english.pdf
2287-15,https://documents.gov.lk/view/extra-gazettes/2022/7/2287-15_E.pdf,doc-archive/2022/07/05/2287-15/2287-15_english.pdf
2287-16,https://documents.gov.lk/view/extra-gazettes/2022/7/2287-16_E.pdf,doc-archive/2022/07/05/2287-16/2287-16_english.pdf
2286-01,https://documents.gov.lk/view/extra-gazettes/2022/7/2286-01_E.pdf,doc-archive/2022/07/04/2286-01/2286-01_english.pdf
2287-01,https://documents.gov.lk/view/extra-gazettes/2022/7/2287-01_E.pdf,doc-archive/2022/07/04/2287-01/2287-01_english.pdf
2287-02,https://documents.gov.lk/view/extra-gazettes/2022/7/2287-02_E.pdf,doc-archive/2022/07/04/2287-02/2287-02_english.pdf
2287-03,https://documents.gov.lk/view/extra-gazettes/2022/7/2287-03_E.pdf,doc-archive/2022/07/04/2287-03/2287-03_english.pdf
2287-04,https://documents.gov.lk/view/extra-gazettes/2022/7/2287-04_E.pdf,doc-archive/2022/07/04/2287-04/2287-04_english.pdf
2287-05,https://documents.gov.lk/view/extra-gazettes/2022/7/2287-05_E.pdf,doc-archive/2022/07/04/2287-05/2287-05_english.pdf
2287-06,https://documents.gov.lk/view/extra-gazettes/2022/7/2287-06_E.pdf,doc-archive/2022/07/04/2287-06/2287-06_english.pdf
2286-30,https://documents.gov.lk/view/extra-gazettes/2022/7/2286-30_E.pdf,doc-archive/2022/07/03/2286-30/2286-30_english.pdf
2295-08,https://documents.gov.lk/view/extra-gazettes/2022/8/2295-08_E.pdf,doc-archive/2022/08/31/2295-08/2295-08_english.pdf
2295-09,https://documents.gov.lk/view/extra-gazettes/2022/8/2295-09_E.pdf,doc-archive/2022/08/31/2295-09/2295-09_english.pdf
2295-10,https://documents.gov.lk/view/extra-gazettes/2022/8/2295-10_E.pdf,doc-archive/2022/08/31/2295-10/2295-10_english.pdf
2295-11,https://documents.gov.lk/view/extra-gazettes/2022/8/2295-11_E.pdf,doc-archive/2022/08/31/2295-11/2295-11_english.pdf
2295-12,https://documents.gov.lk/view/extra-gazettes/2022/8/2295-12_E.pdf,doc-archive/2022/08/31/2295-12/2295-12_english.pdf
2295-15,https://documents.gov.lk/view/extra-gazettes/2022/8/2295-15_E.pdf,doc-archive/2022/08/31/2295-15/2295-15_english.pdf
2295-16,https://documents.gov.lk/view/extra-gazettes/2022/8/2295-16_E.pdf,doc-archive/2022/08/31/2295-16/2295-16_english.pdf
2295-17,https://documents.gov.lk/view/extra-gazettes/2022/8/2295-17_E.pdf,doc-archive/2022/08/31/2295-17/2295-17_english.pdf
2295-03,https://documents.gov.lk/view/extra-gazettes/2022/8/2295-03_E.pdf,doc-archive/2022/08/30/2295-03/2295-03_english.pdf
2295-04,https://documents.gov.lk/view/extra-gazettes/2022/8/2295-04_E.pdf,doc-archive/2022/08/30/2295-04/2295-04_english.pdf
2295-05,https://documents.gov.lk/view/extra-gazettes/2022/8/2295-05_E.pdf,doc-archive/2022/08/30/2295-05/2295-05_english.pdf
2295-06,https://documents.gov.lk/view/extra-gazettes/2022/8/2295-06_E.pdf,doc-archive/2022/08/30/2295-06/2295-06_english.pdf
2295-07,https://documents.gov.lk/view/extra-gazettes/2022/8/2295-07_E.pdf,doc-archive/2022/08/30/2295-07/2295-07_english.pdf
2295-01,https://documents.gov.lk/view/extra-gazettes/2022/8/2295-01_E.pdf,doc-archive/2022/08/29/2295-01/2295-01_english.pdf
2295-02,https://documents.gov.lk/view/extra-gazettes/2022/8/2295-02_E.pdf,doc-archive/2022/08/29/2295-02/2295-02_english.pdf
2299-32,https://documents.gov.lk/view/extra-gazettes/2022/8/2299-32_E.pdf,doc-archive/2022/08/28/2299-32/2299-32_english.pdf
2294-70,https://documents.gov.lk/view/extra-gazettes/2022/8/2294-70_E.pdf,doc-archive/2022/08/27/2294-70/2294-70_english.pdf
2294-73,https://documents.gov.lk/view/extra-gazettes/2022/8/2294-73_E.pdf,doc-archive/2022/08/27/2294-73/2294-73_english.pdf
2294-74,https://documents.gov.lk/view/extra-gazettes/2022/8/2294-74_E.pdf,doc-archive/2022/08/27/2294-74/2294-74_english.pdf
2294-75,https://documents.gov.lk/view/extra-gazettes/2022/8/2294-75_E.pdf,doc-archive/2022/08/27/2294-75/2294-75_english.pdf
2294-54,https://documents.gov.lk/view/extra-gazettes/2022/8/2294-54_E.pdf,doc-archive/2022/08/26/2294-54/2294-54_english.pdf
2294-55,https://documents.gov.lk/view/extra-gazettes/2022/8/2294-55_E.pdf,doc-archive/2022/08/26/2294-55/2294-55_english.pdf
2294-56,https://documents.gov.lk/view/extra-gazettes/2022/8/2294-56_E.pdf,doc-archive/2022/08/26/2294-56/2294-56_english.pdf
2294-57,https://documents.gov.lk/view/extra-gazettes/2022/8/2294-57_E.pdf,doc-archive/2022/08/26/2294-57/2294-57_english.pdf
2294-58,https://documents.gov.lk/view/extra-gazettes/2022/8/2294-58_E.pdf,doc-archive/2022/08/26/2294-58/2294-58_english.pdf
2294-59,https://documents.gov.lk/view/extra-gazettes/2022/8/2294-59_E.pdf,doc-archive/2022/08/26/2294-59/2294-59_english.pdf
2294-60,https://documents.gov.lk/view/extra-gazettes/2022/8/2294-60_E.pdf,doc-archive/2022/08/26/2294-60/2294-60_english.pdf
2294-62,https://documents.gov.lk/view/extra-gazettes/2022/8/2294-62_E.pdf,doc-archive/2022/08/26/2294-62/2294-62_english.pdf
2294-65,https://documents.gov.lk/view/extra-gazettes/2022/8/2294-65_E.pdf,doc-archive/2022/08/26/2294-65/2294-65_english.pdf
2294-66,https://documents.gov.lk/view/extra-gazettes/2022/8/2294-66_E.pdf,doc-archive/2022/08/26/2294-66/2294-66_english.pdf
2294-67,https://documents.gov.lk/view/extra-gazettes/2022/8/2294-67_E.pdf,doc-archive/2022/08/26/2294-67/2294-67_english.pdf
2294-68,https://documents.gov.lk/view/extra-gazettes/2022/8/2294-68_E.pdf,doc-archive/2022/08/26/2294-68/2294-68_english.pdf
2294-69,https://documents.gov.lk/view/extra-gazettes/2022/8/2294-69_E.pdf,doc-archive/2022/08/26/2294-69/2294-69_english.pdf
2294-37,https://documents.gov.lk/view/extra-gazettes/2022/8/2294-37_E.pdf,doc-archive/2022/08/25/2294-37/2294-37_english.pdf
2294-38,https://documents.gov.lk/view/extra-gazettes/2022/8/2294-38_E.pdf,doc-archive/2022/08/25/2294-38/2294-38_english.pdf
2294-39,https://documents.gov.lk/view/extra-gazettes/2022/8/2294-39_E.pdf,doc-archive/2022/08/25/2294-39/2294-39_english.pdf
2294-40,https://documents.gov.lk/view/extra-gazettes/2022/8/2294-40_E.pdf,doc-archive/2022/08/25/2294-40/2294-40_english.pdf
2294-41,https://documents.gov.lk/view/extra-gazettes/2022/8/2294-41_E.pdf,doc-archive/2022/08/25/2294-41/2294-41_english.pdf
2294-42,https://documents.gov.lk/view/extra-gazettes/2022/8/2294-42_E.pdf,doc-archive/2022/08/25/2294-42/2294-42_english.pdf
2294-43,https://documents.gov.lk/view/extra-gazettes/2022/8/2294-43_E.pdf,doc-archive/2022/08/25/2294-43/2294-43_english.pdf
2294-44,https://documents.gov.lk/view/extra-gazettes/2022/8/2294-44_E.pdf,doc-archive/2022/08/25/2294-44/2294-44_english.pdf
2294-46,https://documents.gov.lk/view/extra-gazettes/2022/8/2294-46_E.pdf,doc-archive/2022/08/25/2294-46/2294-46_english.pdf
2294-48,https://documents.gov.lk/view/extra-gazettes/2022/8/2294-48_E.pdf,doc-archive/2022/08/25/2294-48/2294-48_english.pdf
2294-49,https://documents.gov.lk/view/extra-gazettes/2022/8/2294-49_E.pdf,doc-archive/2022/08/25/2294-49/2294-49_english.pdf
2294-50,https://documents.gov.lk/view/extra-gazettes/2022/8/2294-50_E.pdf,doc-archive/2022/08/25/2294-50/2294-50_english.pdf
2294-51,https://documents.gov.lk/view/extra-gazettes/2022/8/2294-51_E.pdf,doc-archive/2022/08/25/2294-51/2294-51_english.pdf
2294-52,https://documents.gov.lk/view/extra-gazettes/2022/8/2294-52_E.pdf,doc-archive/2022/08/25/2294-52/2294-52_english.pdf
2294-53,https://documents.gov.lk/view/extra-gazettes/2022/8/2294-53_E.pdf,doc-archive/2022/08/25/2294-53/2294-53_english.pdf
2294-34,https://documents.gov.lk/view/extra-gazettes/2022/8/2294-34_E.pdf,doc-archive/2022/08/24/2294-34/2294-34_english.pdf
2294-35,https://documents.gov.lk/view/extra-gazettes/2022/8/2294-35_E.pdf,doc-archive/2022/08/24/2294-35/2294-35_english.pdf
2294-36,https://documents.gov.lk/view/extra-gazettes/2022/8/2294-36_E.pdf,doc-archive/2022/08/24/2294-36/2294-36_english.pdf
2294-29,https://documents.gov.lk/view/extra-gazettes/2022/8/2294-29_E.pdf,doc-archive/2022/08/23/2294-29/2294-29_english.pdf
2294-30,https://documents.gov.lk/view/extra-gazettes/2022/8/2294-30_E.pdf,doc-archive/2022/08/23/2294-30/2294-30_english.pdf
2294-32,https://documents.gov.lk/view/extra-gazettes/2022/8/2294-32_E.pdf,doc-archive/2022/08/23/2294-32/2294-32_english.pdf
2294-31,https://documents.gov.lk/view/extra-gazettes/2022/8/2294-31_E.pdf,doc-archive/2022/08/23/2294-31/2294-31_english.pdf
2294-33,https://documents.gov.lk/view/extra-gazettes/2022/8/2294-33_E.pdf,doc-archive/2022/08/23/2294-33/2294-33_english.pdf
2294-01,https://documents.gov.lk/view/extra-gazettes/2022/8/2294-01_E.pdf,doc-archive/2022/08/22/2294-01/2294-01_english.pdf
2294-02,https://documents.gov.lk/view/extra-gazettes/2022/8/2294-02_E.pdf,doc-archive/2022/08/22/2294-02/2294-02_english.pdf
2294-04,https://documents.gov.lk/view/extra-gazettes/2022/8/2294-04_E.pdf,doc-archive/2022/08/22/2294-04/2294-04_english.pdf
2294-03,https://documents.gov.lk/view/extra-gazettes/2022/8/2294-03_E.pdf,doc-archive/2022/08/22/2294-03/2294-03_english.pdf
2294-05,https://documents.gov.lk/view/extra-gazettes/2022/8/2294-05_E.pdf,doc-archive/2022/08/22/2294-05/2294-05_english.pdf
2294-06,https://documents.gov.lk/view/extra-gazettes/2022/8/2294-06_E.pdf,doc-archive/2022/08/22/2294-06/2294-06_english.pdf
2294-07,https://documents.gov.lk/view/extra-gazettes/2022/8/2294-07_E.pdf,doc-archive/2022/08/22/2294-07/2294-07_english.pdf
2294-08,https://documents.gov.lk/view/extra-gazettes/2022/8/2294-08_E.pdf,doc-archive/2022/08/22/2294-08/2294-08_english.pdf
2294-09,https://documents.gov.lk/view/extra-gazettes/2022/8/2294-09_E.pdf,doc-archive/2022/08/22/2294-09/2294-09_english.pdf
2294-10,https://documents.gov.lk/view/extra-gazettes/2022/8/2294-10_E.pdf,doc-archive/2022/08/22/2294-10/2294-10_english.pdf
2294-11,https://documents.gov.lk/view/extra-gazettes/2022/8/2294-11_E.pdf,doc-archive/2022/08/22/2294-11/2294-11_english.pdf
2294-12,https://documents.gov.lk/view/extra-gazettes/2022/8/2294-12_E.pdf,doc-archive/2022/08/22/2294-12/2294-12_english.pdf
2294-13,https://documents.gov.lk/view/extra-gazettes/2022/8/2294-13_E.pdf,doc-archive/2022/08/22/2294-13/2294-13_english.pdf
2294-14,https://documents.gov.lk/view/extra-gazettes/2022/8/2294-14_E.pdf,doc-archive/2022/08/22/2294-14/2294-14_english.pdf
2294-15,https://documents.gov.lk/view/extra-gazettes/2022/8/2294-15_E.pdf,doc-archive/2022/08/22/2294-15/2294-15_english.pdf
2294-16,https://documents.gov.lk/view/extra-gazettes/2022/8/2294-16_E.pdf,doc-archive/2022/08/22/2294-16/2294-16_english.pdf
2294-18,https://documents.gov.lk/view/extra-gazettes/2022/8/2294-18_E.pdf,doc-archive/2022/08/22/2294-18/2294-18_english.pdf
2294-17,https://documents.gov.lk/view/extra-gazettes/2022/8/2294-17_E.pdf,doc-archive/2022/08/22/2294-17/2294-17_english.pdf
2294-19,https://documents.gov.lk/view/extra-gazettes/2022/8/2294-19_E.pdf,doc-archive/2022/08/22/2294-19/2294-19_english.pdf
2294-21,https://documents.gov.lk/view/extra-gazettes/2022/8/2294-21_E.pdf,doc-archive/2022/08/22/2294-21/2294-21_english.pdf
2294-22,https://documents.gov.lk/view/extra-gazettes/2022/8/2294-22_E.pdf,doc-archive/2022/08/22/2294-22/2294-22_english.pdf
2294-23,https://documents.gov.lk/view/extra-gazettes/2022/8/2294-23_E.pdf,doc-archive/2022/08/22/2294-23/2294-23_english.pdf
2294-24,https://documents.gov.lk/view/extra-gazettes/2022/8/2294-24_E.pdf,doc-archive/2022/08/22/2294-24/2294-24_english.pdf
2294-25,https://documents.gov.lk/view/extra-gazettes/2022/8/2294-25_E.pdf,doc-archive/2022/08/22/2294-25/2294-25_english.pdf
2294-26,https://documents.gov.lk/view/extra-gazettes/2022/8/2294-26_E.pdf,doc-archive/2022/08/22/2294-26/2294-26_english.pdf
2294-27,https://documents.gov.lk/view/extra-gazettes/2022/8/2294-27_E.pdf,doc-archive/2022/08/22/2294-27/2294-27_english.pdf
2294-20,https://documents.gov.lk/view/extra-gazettes/2022/8/2294-20_E.pdf,doc-archive/2022/08/22/2294-20/2294-20_english.pdf
2294-28,https://documents.gov.lk/view/extra-gazettes/2022/8/2294-28_E.pdf,doc-archive/2022/08/22/2294-28/2294-28_english.pdf
2293-70,https://documents.gov.lk/view/extra-gazettes/2022/8/2293-70_E.pdf,doc-archive/2022/08/20/2293-70/2293-70_english.pdf
2293-71,https://documents.gov.lk/view/extra-gazettes/2022/8/2293-71_E.pdf,doc-archive/2022/08/20/2293-71/2293-71_english.pdf
2293-74,https://documents.gov.lk/view/extra-gazettes/2022/8/2293-74_E.pdf,doc-archive/2022/08/20/2293-74/2293-74_english.pdf
2293-75,https://documents.gov.lk/view/extra-gazettes/2022/8/2293-75_E.pdf,doc-archive/2022/08/20/2293-75/2293-75_english.pdf
2293-76,https://documents.gov.lk/view/extra-gazettes/2022/8/2293-76_E.pdf,doc-archive/2022/08/20/2293-76/2293-76_english.pdf
2293-77,https://documents.gov.lk/view/extra-gazettes/2022/8/2293-77_E.pdf,doc-archive/2022/08/20/2293-77/2293-77_english.pdf
2293-49,https://documents.gov.lk/view/extra-gazettes/2022/8/2293-49_E.pdf,doc-archive/2022/08/19/2293-49/2293-49_english.pdf
2293-50,https://documents.gov.lk/view/extra-gazettes/2022/8/2293-50_E.pdf,doc-archive/2022/08/19/2293-50/2293-50_english.pdf
2293-51,https://documents.gov.lk/view/extra-gazettes/2022/8/2293-51_E.pdf,doc-archive/2022/08/19/2293-51/2293-51_english.pdf
2293-52,https://documents.gov.lk/view/extra-gazettes/2022/8/2293-52_E.pdf,doc-archive/2022/08/19/2293-52/2293-52_english.pdf
2293-53,https://documents.gov.lk/view/extra-gazettes/2022/8/2293-53_E.pdf,doc-archive/2022/08/19/2293-53/2293-53_english.pdf
2293-54,https://documents.gov.lk/view/extra-gazettes/2022/8/2293-54_E.pdf,doc-archive/2022/08/19/2293-54/2293-54_english.pdf
2293-55,https://documents.gov.lk/view/extra-gazettes/2022/8/2293-55_E.pdf,doc-archive/2022/08/19/2293-55/2293-55_english.pdf
2293-56,https://documents.gov.lk/view/extra-gazettes/2022/8/2293-56_E.pdf,doc-archive/2022/08/19/2293-56/2293-56_english.pdf
2293-57,https://documents.gov.lk/view/extra-gazettes/2022/8/2293-57_E.pdf,doc-archive/2022/08/19/2293-57/2293-57_english.pdf
2293-58,https://documents.gov.lk/view/extra-gazettes/2022/8/2293-58_E.pdf,doc-archive/2022/08/19/2293-58/2293-58_english.pdf
2293-59,https://documents.gov.lk/view/extra-gazettes/2022/8/2293-59_E.pdf,doc-archive/2022/08/19/2293-59/2293-59_english.pdf
2293-60,https://documents.gov.lk/view/extra-gazettes/2022/8/2293-60_E.pdf,doc-archive/2022/08/19/2293-60/2293-60_english.pdf
2293-61,https://documents.gov.lk/view/extra-gazettes/2022/8/2293-61_E.pdf,doc-archive/2022/08/19/2293-61/2293-61_english.pdf
2293-62,https://documents.gov.lk/view/extra-gazettes/2022/8/2293-62_E.pdf,doc-archive/2022/08/19/2293-62/2293-62_english.pdf
2293-63,https://documents.gov.lk/view/extra-gazettes/2022/8/2293-63_E.pdf,doc-archive/2022/08/19/2293-63/2293-63_english.pdf
2293-64,https://documents.gov.lk/view/extra-gazettes/2022/8/2293-64_E.pdf,doc-archive/2022/08/19/2293-64/2293-64_english.pdf
2293-65,https://documents.gov.lk/view/extra-gazettes/2022/8/2293-65_E.pdf,doc-archive/2022/08/19/2293-65/2293-65_english.pdf
2293-66,https://documents.gov.lk/view/extra-gazettes/2022/8/2293-66_E.pdf,doc-archive/2022/08/19/2293-66/2293-66_english.pdf
2293-67,https://documents.gov.lk/view/extra-gazettes/2022/8/2293-67_E.pdf,doc-archive/2022/08/19/2293-67/2293-67_english.pdf
2293-69,https://documents.gov.lk/view/extra-gazettes/2022/8/2293-69_E.pdf,doc-archive/2022/08/19/2293-69/2293-69_english.pdf
2293-68,https://documents.gov.lk/view/extra-gazettes/2022/8/2293-68_E.pdf,doc-archive/2022/08/19/2293-68/2293-68_english.pdf
2293-36,https://documents.gov.lk/view/extra-gazettes/2022/8/2293-36_E.pdf,doc-archive/2022/08/18/2293-36/2293-36_english.pdf
2293-37,https://documents.gov.lk/view/extra-gazettes/2022/8/2293-37_E.pdf,doc-archive/2022/08/18/2293-37/2293-37_english.pdf
2293-38,https://documents.gov.lk/view/extra-gazettes/2022/8/2293-38_E.pdf,doc-archive/2022/08/18/2293-38/2293-38_english.pdf
2293-39,https://documents.gov.lk/view/extra-gazettes/2022/8/2293-39_E.pdf,doc-archive/2022/08/18/2293-39/2293-39_english.pdf
2293-40,https://documents.gov.lk/view/extra-gazettes/2022/8/2293-40_E.pdf,doc-archive/2022/08/18/2293-40/2293-40_english.pdf
2293-41,https://documents.gov.lk/view/extra-gazettes/2022/8/2293-41_E.pdf,doc-archive/2022/08/18/2293-41/2293-41_english.pdf
2293-42,https://documents.gov.lk/view/extra-gazettes/2022/8/2293-42_E.pdf,doc-archive/2022/08/18/2293-42/2293-42_english.pdf
2293-43,https://documents.gov.lk/view/extra-gazettes/2022/8/2293-43_E.pdf,doc-archive/2022/08/18/2293-43/2293-43_english.pdf
2293-44,https://documents.gov.lk/view/extra-gazettes/2022/8/2293-44_E.pdf,doc-archive/2022/08/18/2293-44/2293-44_english.pdf
2293-45,https://documents.gov.lk/view/extra-gazettes/2022/8/2293-45_E.pdf,doc-archive/2022/08/18/2293-45/2293-45_english.pdf
2293-46,https://documents.gov.lk/view/extra-gazettes/2022/8/2293-46_E.pdf,doc-archive/2022/08/18/2293-46/2293-46_english.pdf
2293-47,https://documents.gov.lk/view/extra-gazettes/2022/8/2293-47_E.pdf,doc-archive/2022/08/18/2293-47/2293-47_english.pdf
2293-48,https://documents.gov.lk/view/extra-gazettes/2022/8/2293-48_E.pdf,doc-archive/2022/08/18/2293-48/2293-48_english.pdf
2293-24,https://documents.gov.lk/view/extra-gazettes/2022/8/2293-24_E.pdf,doc-archive/2022/08/17/2293-24/2293-24_english.pdf
2293-25,https://documents.gov.lk/view/extra-gazettes/2022/8/2293-25_E.pdf,doc-archive/2022/08/17/2293-25/2293-25_english.pdf
2293-28,https://documents.gov.lk/view/extra-gazettes/2022/8/2293-28_E.pdf,doc-archive/2022/08/17/2293-28/2293-28_english.pdf
2293-29,https://documents.gov.lk/view/extra-gazettes/2022/8/2293-29_E.pdf,doc-archive/2022/08/17/2293-29/2293-29_english.pdf
2293-30,https://documents.gov.lk/view/extra-gazettes/2022/8/2293-30_E.pdf,doc-archive/2022/08/17/2293-30/2293-30_english.pdf
2293-31,https://documents.gov.lk/view/extra-gazettes/2022/8/2293-31_E.pdf,doc-archive/2022/08/17/2293-31/2293-31_english.pdf
2293-32,https://documents.gov.lk/view/extra-gazettes/2022/8/2293-32_E.pdf,doc-archive/2022/08/17/2293-32/2293-32_english.pdf
2293-33,https://documents.gov.lk/view/extra-gazettes/2022/8/2293-33_E.pdf,doc-archive/2022/08/17/2293-33/2293-33_english.pdf
2293-34,https://documents.gov.lk/view/extra-gazettes/2022/8/2293-34_E.pdf,doc-archive/2022/08/17/2293-34/2293-34_english.pdf
2293-35,https://documents.gov.lk/view/extra-gazettes/2022/8/2293-35_E.pdf,doc-archive/2022/08/17/2293-35/2293-35_english.pdf
2293-17,https://documents.gov.lk/view/extra-gazettes/2022/8/2293-17_E.pdf,doc-archive/2022/08/16/2293-17/2293-17_english.pdf
2293-18,https://documents.gov.lk/view/extra-gazettes/2022/8/2293-18_E.pdf,doc-archive/2022/08/16/2293-18/2293-18_english.pdf
2293-19,https://documents.gov.lk/view/extra-gazettes/2022/8/2293-19_E.pdf,doc-archive/2022/08/16/2293-19/2293-19_english.pdf
2293-21,https://documents.gov.lk/view/extra-gazettes/2022/8/2293-21_E.pdf,doc-archive/2022/08/16/2293-21/2293-21_english.pdf
2293-22,https://documents.gov.lk/view/extra-gazettes/2022/8/2293-22_E.pdf,doc-archive/2022/08/16/2293-22/2293-22_english.pdf
2293-23,https://documents.gov.lk/view/extra-gazettes/2022/8/2293-23_E.pdf,doc-archive/2022/08/16/2293-23/2293-23_english.pdf
2293-01,https://documents.gov.lk/view/extra-gazettes/2022/8/2293-01_E.pdf,doc-archive/2022/08/15/2293-01/2293-01_english.pdf
2293-02,https://documents.gov.lk/view/extra-gazettes/2022/8/2293-02_E.pdf,doc-archive/2022/08/15/2293-02/2293-02_english.pdf
2293-03,https://documents.gov.lk/view/extra-gazettes/2022/8/2293-03_E.pdf,doc-archive/2022/08/15/2293-03/2293-03_english.pdf
2293-04,https://documents.gov.lk/view/extra-gazettes/2022/8/2293-04_E.pdf,doc-archive/2022/08/15/2293-04/2293-04_english.pdf
2293-05,https://documents.gov.lk/view/extra-gazettes/2022/8/2293-05_E.pdf,doc-archive/2022/08/15/2293-05/2293-05_english.pdf
2293-06,https://documents.gov.lk/view/extra-gazettes/2022/8/2293-06_E.pdf,doc-archive/2022/08/15/2293-06/2293-06_english.pdf
2293-07,https://documents.gov.lk/view/extra-gazettes/2022/8/2293-07_E.pdf,doc-archive/2022/08/15/2293-07/2293-07_english.pdf
2293-08,https://documents.gov.lk/view/extra-gazettes/2022/8/2293-08_E.pdf,doc-archive/2022/08/15/2293-08/2293-08_english.pdf
2293-10,https://documents.gov.lk/view/extra-gazettes/2022/8/2293-10_E.pdf,doc-archive/2022/08/15/2293-10/2293-10_english.pdf
2293-11,https://documents.gov.lk/view/extra-gazettes/2022/8/2293-11_E.pdf,doc-archive/2022/08/15/2293-11/2293-11_english.pdf
2293-12,https://documents.gov.lk/view/extra-gazettes/2022/8/2293-12_E.pdf,doc-archive/2022/08/15/2293-12/2293-12_english.pdf
2293-13,https://documents.gov.lk/view/extra-gazettes/2022/8/2293-13_E.pdf,doc-archive/2022/08/15/2293-13/2293-13_english.pdf
2293-14,https://documents.gov.lk/view/extra-gazettes/2022/8/2293-14_E.pdf,doc-archive/2022/08/15/2293-14/2293-14_english.pdf
2293-15,https://documents.gov.lk/view/extra-gazettes/2022/8/2293-15_E.pdf,doc-archive/2022/08/15/2293-15/2293-15_english.pdf
2293-16,https://documents.gov.lk/view/extra-gazettes/2022/8/2293-16_E.pdf,doc-archive/2022/08/15/2293-16/2293-16_english.pdf
2292-57,https://documents.gov.lk/view/extra-gazettes/2022/8/2292-57_E.pdf,doc-archive/2022/08/13/2292-57/2292-57_english.pdf
2292-42,https://documents.gov.lk/view/extra-gazettes/2022/8/2292-42_E.pdf,doc-archive/2022/08/12/2292-42/2292-42_english.pdf
2292-43,https://documents.gov.lk/view/extra-gazettes/2022/8/2292-43_E.pdf,doc-archive/2022/08/12/2292-43/2292-43_english.pdf
2292-44,https://documents.gov.lk/view/extra-gazettes/2022/8/2292-44_E.pdf,doc-archive/2022/08/12/2292-44/2292-44_english.pdf
2292-45,https://documents.gov.lk/view/extra-gazettes/2022/8/2292-45_E.pdf,doc-archive/2022/08/12/2292-45/2292-45_english.pdf
2292-46,https://documents.gov.lk/view/extra-gazettes/2022/8/2292-46_E.pdf,doc-archive/2022/08/12/2292-46/2292-46_english.pdf
2292-47,https://documents.gov.lk/view/extra-gazettes/2022/8/2292-47_E.pdf,doc-archive/2022/08/12/2292-47/2292-47_english.pdf
2292-48,https://documents.gov.lk/view/extra-gazettes/2022/8/2292-48_E.pdf,doc-archive/2022/08/12/2292-48/2292-48_english.pdf
2292-49,https://documents.gov.lk/view/extra-gazettes/2022/8/2292-49_E.pdf,doc-archive/2022/08/12/2292-49/2292-49_english.pdf
2292-50,https://documents.gov.lk/view/extra-gazettes/2022/8/2292-50_E.pdf,doc-archive/2022/08/12/2292-50/2292-50_english.pdf
2292-51,https://documents.gov.lk/view/extra-gazettes/2022/8/2292-51_E.pdf,doc-archive/2022/08/12/2292-51/2292-51_english.pdf
2292-52,https://documents.gov.lk/view/extra-gazettes/2022/8/2292-52_E.pdf,doc-archive/2022/08/12/2292-52/2292-52_english.pdf
2292-53,https://documents.gov.lk/view/extra-gazettes/2022/8/2292-53_E.pdf,doc-archive/2022/08/12/2292-53/2292-53_english.pdf
2292-54,https://documents.gov.lk/view/extra-gazettes/2022/8/2292-54_E.pdf,doc-archive/2022/08/12/2292-54/2292-54_english.pdf
2292-55,https://documents.gov.lk/view/extra-gazettes/2022/8/2292-55_E.pdf,doc-archive/2022/08/12/2292-55/2292-55_english.pdf
2292-56,https://documents.gov.lk/view/extra-gazettes/2022/8/2292-56_E.pdf,doc-archive/2022/08/12/2292-56/2292-56_english.pdf
2292-36,https://documents.gov.lk/view/extra-gazettes/2022/8/2292-36_E.pdf,doc-archive/2022/08/10/2292-36/2292-36_english.pdf
2292-37,https://documents.gov.lk/view/extra-gazettes/2022/8/2292-37_E.pdf,doc-archive/2022/08/10/2292-37/2292-37_english.pdf
2292-38,https://documents.gov.lk/view/extra-gazettes/2022/8/2292-38_E.pdf,doc-archive/2022/08/10/2292-38/2292-38_english.pdf
2292-39,https://documents.gov.lk/view/extra-gazettes/2022/8/2292-39_E.pdf,doc-archive/2022/08/10/2292-39/2292-39_english.pdf
2292-40,https://documents.gov.lk/view/extra-gazettes/2022/8/2292-40_E.pdf,doc-archive/2022/08/10/2292-40/2292-40_english.pdf
2292-41,https://documents.gov.lk/view/extra-gazettes/2022/8/2292-41_E.pdf,doc-archive/2022/08/10/2292-41/2292-41_english.pdf
2292-13,https://documents.gov.lk/view/extra-gazettes/2022/8/2292-13_E.pdf,doc-archive/2022/08/09/2292-13/2292-13_english.pdf
2292-14,https://documents.gov.lk/view/extra-gazettes/2022/8/2292-14_E.pdf,doc-archive/2022/08/09/2292-14/2292-14_english.pdf
2292-15,https://documents.gov.lk/view/extra-gazettes/2022/8/2292-15_E.pdf,doc-archive/2022/08/09/2292-15/2292-15_english.pdf
2292-16,https://documents.gov.lk/view/extra-gazettes/2022/8/2292-16_E.pdf,doc-archive/2022/08/09/2292-16/2292-16_english.pdf
2292-17,https://documents.gov.lk/view/extra-gazettes/2022/8/2292-17_E.pdf,doc-archive/2022/08/09/2292-17/2292-17_english.pdf
2292-18,https://documents.gov.lk/view/extra-gazettes/2022/8/2292-18_E.pdf,doc-archive/2022/08/09/2292-18/2292-18_english.pdf
2292-19,https://documents.gov.lk/view/extra-gazettes/2022/8/2292-19_E.pdf,doc-archive/2022/08/09/2292-19/2292-19_english.pdf
2292-20,https://documents.gov.lk/view/extra-gazettes/2022/8/2292-20_E.pdf,doc-archive/2022/08/09/2292-20/2292-20_english.pdf
2292-21,https://documents.gov.lk/view/extra-gazettes/2022/8/2292-21_E.pdf,doc-archive/2022/08/09/2292-21/2292-21_english.pdf
2292-22,https://documents.gov.lk/view/extra-gazettes/2022/8/2292-22_E.pdf,doc-archive/2022/08/09/2292-22/2292-22_english.pdf
2292-23,https://documents.gov.lk/view/extra-gazettes/2022/8/2292-23_E.pdf,doc-archive/2022/08/09/2292-23/2292-23_english.pdf
2292-24,https://documents.gov.lk/view/extra-gazettes/2022/8/2292-24_E.pdf,doc-archive/2022/08/09/2292-24/2292-24_english.pdf
2292-25,https://documents.gov.lk/view/extra-gazettes/2022/8/2292-25_E.pdf,doc-archive/2022/08/09/2292-25/2292-25_english.pdf
2292-26,https://documents.gov.lk/view/extra-gazettes/2022/8/2292-26_E.pdf,doc-archive/2022/08/09/2292-26/2292-26_english.pdf
2292-27,https://documents.gov.lk/view/extra-gazettes/2022/8/2292-27_E.pdf,doc-archive/2022/08/09/2292-27/2292-27_english.pdf
2292-28,https://documents.gov.lk/view/extra-gazettes/2022/8/2292-28_E.pdf,doc-archive/2022/08/09/2292-28/2292-28_english.pdf
2292-29,https://documents.gov.lk/view/extra-gazettes/2022/8/2292-29_E.pdf,doc-archive/2022/08/09/2292-29/2292-29_english.pdf
2292-30,https://documents.gov.lk/view/extra-gazettes/2022/8/2292-30_E.pdf,doc-archive/2022/08/09/2292-30/2292-30_english.pdf
2292-31,https://documents.gov.lk/view/extra-gazettes/2022/8/2292-31_E.pdf,doc-archive/2022/08/09/2292-31/2292-31_english.pdf
2292-32,https://documents.gov.lk/view/extra-gazettes/2022/8/2292-32_E.pdf,doc-archive/2022/08/09/2292-32/2292-32_english.pdf
2292-33,https://documents.gov.lk/view/extra-gazettes/2022/8/2292-33_E.pdf,doc-archive/2022/08/09/2292-33/2292-33_english.pdf
2292-34,https://documents.gov.lk/view/extra-gazettes/2022/8/2292-34_E.pdf,doc-archive/2022/08/09/2292-34/2292-34_english.pdf
2292-01,https://documents.gov.lk/view/extra-gazettes/2022/8/2292-01_E.pdf,doc-archive/2022/08/08/2292-01/2292-01_english.pdf
2292-35,https://documents.gov.lk/view/extra-gazettes/2022/8/2292-35_E.pdf,doc-archive/2022/08/09/2292-35/2292-35_english.pdf
2292-02,https://documents.gov.lk/view/extra-gazettes/2022/8/2292-02_E.pdf,doc-archive/2022/08/08/2292-02/2292-02_english.pdf
2292-03,https://documents.gov.lk/view/extra-gazettes/2022/8/2292-03_E.pdf,doc-archive/2022/08/08/2292-03/2292-03_english.pdf
2292-05,https://documents.gov.lk/view/extra-gazettes/2022/8/2292-05_E.pdf,doc-archive/2022/08/08/2292-05/2292-05_english.pdf
2292-06,https://documents.gov.lk/view/extra-gazettes/2022/8/2292-06_E.pdf,doc-archive/2022/08/08/2292-06/2292-06_english.pdf
2292-07,https://documents.gov.lk/view/extra-gazettes/2022/8/2292-07_E.pdf,doc-archive/2022/08/08/2292-07/2292-07_english.pdf
2292-08,https://documents.gov.lk/view/extra-gazettes/2022/8/2292-08_E.pdf,doc-archive/2022/08/08/2292-08/2292-08_english.pdf
2292-09,https://documents.gov.lk/view/extra-gazettes/2022/8/2292-09_E.pdf,doc-archive/2022/08/08/2292-09/2292-09_english.pdf
2292-10,https://documents.gov.lk/view/extra-gazettes/2022/8/2292-10_E.pdf,doc-archive/2022/08/08/2292-10/2292-10_english.pdf
2292-11,https://documents.gov.lk/view/extra-gazettes/2022/8/2292-11_E.pdf,doc-archive/2022/08/08/2292-11/2292-11_english.pdf
2292-12,https://documents.gov.lk/view/extra-gazettes/2022/8/2292-12_E.pdf,doc-archive/2022/08/08/2292-12/2292-12_english.pdf
2291-43,https://documents.gov.lk/view/extra-gazettes/2022/8/2291-43_E.pdf,doc-archive/2022/08/05/2291-43/2291-43_english.pdf
2291-44,https://documents.gov.lk/view/extra-gazettes/2022/8/2291-44_E.pdf,doc-archive/2022/08/05/2291-44/2291-44_english.pdf
2291-45,https://documents.gov.lk/view/extra-gazettes/2022/8/2291-45_E.pdf,doc-archive/2022/08/05/2291-45/2291-45_english.pdf
2291-32,https://documents.gov.lk/view/extra-gazettes/2022/8/2291-32_E.pdf,doc-archive/2022/08/04/2291-32/2291-32_english.pdf
2291-33,https://documents.gov.lk/view/extra-gazettes/2022/8/2291-33_E.pdf,doc-archive/2022/08/04/2291-33/2291-33_english.pdf
2291-34,https://documents.gov.lk/view/extra-gazettes/2022/8/2291-34_E.pdf,doc-archive/2022/08/04/2291-34/2291-34_english.pdf
2291-36,https://documents.gov.lk/view/extra-gazettes/2022/8/2291-36_E.pdf,doc-archive/2022/08/04/2291-36/2291-36_english.pdf
2291-35,https://documents.gov.lk/view/extra-gazettes/2022/8/2291-35_E.pdf,doc-archive/2022/08/04/2291-35/2291-35_english.pdf
2291-37,https://documents.gov.lk/view/extra-gazettes/2022/8/2291-37_E.pdf,doc-archive/2022/08/04/2291-37/2291-37_english.pdf
2291-38,https://documents.gov.lk/view/extra-gazettes/2022/8/2291-38_E.pdf,doc-archive/2022/08/04/2291-38/2291-38_english.pdf
2291-40,https://documents.gov.lk/view/extra-gazettes/2022/8/2291-40_E.pdf,doc-archive/2022/08/04/2291-40/2291-40_english.pdf
2291-39,https://documents.gov.lk/view/extra-gazettes/2022/8/2291-39_E.pdf,doc-archive/2022/08/04/2291-39/2291-39_english.pdf
2291-41,https://documents.gov.lk/view/extra-gazettes/2022/8/2291-41_E.pdf,doc-archive/2022/08/04/2291-41/2291-41_english.pdf
2291-25,https://documents.gov.lk/view/extra-gazettes/2022/8/2291-25_E.pdf,doc-archive/2022/08/03/2291-25/2291-25_english.pdf
2291-26,https://documents.gov.lk/view/extra-gazettes/2022/8/2291-26_E.pdf,doc-archive/2022/08/03/2291-26/2291-26_english.pdf
2291-27,https://documents.gov.lk/view/extra-gazettes/2022/8/2291-27_E.pdf,doc-archive/2022/08/03/2291-27/2291-27_english.pdf
2291-42,https://documents.gov.lk/view/extra-gazettes/2022/8/2291-42_E.pdf,doc-archive/2022/08/04/2291-42/2291-42_english.pdf
2291-28,https://documents.gov.lk/view/extra-gazettes/2022/8/2291-28_E.pdf,doc-archive/2022/08/03/2291-28/2291-28_english.pdf
2291-30,https://documents.gov.lk/view/extra-gazettes/2022/8/2291-30_E.pdf,doc-archive/2022/08/03/2291-30/2291-30_english.pdf
2291-31,https://documents.gov.lk/view/extra-gazettes/2022/8/2291-31_E.pdf,doc-archive/2022/08/03/2291-31/2291-31_english.pdf
2291-11,https://documents.gov.lk/view/extra-gazettes/2022/8/2291-11_E.pdf,doc-archive/2022/08/02/2291-11/2291-11_english.pdf
2291-12,https://documents.gov.lk/view/extra-gazettes/2022/8/2291-12_E.pdf,doc-archive/2022/08/02/2291-12/2291-12_english.pdf
2291-13,https://documents.gov.lk/view/extra-gazettes/2022/8/2291-13_E.pdf,doc-archive/2022/08/02/2291-13/2291-13_english.pdf
2291-15,https://documents.gov.lk/view/extra-gazettes/2022/8/2291-15_E.pdf,doc-archive/2022/08/02/2291-15/2291-15_english.pdf
2291-14,https://documents.gov.lk/view/extra-gazettes/2022/8/2291-14_E.pdf,doc-archive/2022/08/02/2291-14/2291-14_english.pdf
2291-16,https://documents.gov.lk/view/extra-gazettes/2022/8/2291-16_E.pdf,doc-archive/2022/08/02/2291-16/2291-16_english.pdf
2291-18,https://documents.gov.lk/view/extra-gazettes/2022/8/2291-18_E.pdf,doc-archive/2022/08/02/2291-18/2291-18_english.pdf
2291-17,https://documents.gov.lk/view/extra-gazettes/2022/8/2291-17_E.pdf,doc-archive/2022/08/02/2291-17/2291-17_english.pdf
2291-19,https://documents.gov.lk/view/extra-gazettes/2022/8/2291-19_E.pdf,doc-archive/2022/08/02/2291-19/2291-19_english.pdf
2291-20,https://documents.gov.lk/view/extra-gazettes/2022/8/2291-20_E.pdf,doc-archive/2022/08/02/2291-20/2291-20_english.pdf
2291-21,https://documents.gov.lk/view/extra-gazettes/2022/8/2291-21_E.pdf,doc-archive/2022/08/02/2291-21/2291-21_english.pdf
2291-22,https://documents.gov.lk/view/extra-gazettes/2022/8/2291-22_E.pdf,doc-archive/2022/08/02/2291-22/2291-22_english.pdf
2291-23,https://documents.gov.lk/view/extra-gazettes/2022/8/2291-23_E.pdf,doc-archive/2022/08/02/2291-23/2291-23_english.pdf
2291-24,https://documents.gov.lk/view/extra-gazettes/2022/8/2291-24_E.pdf,doc-archive/2022/08/02/2291-24/2291-24_english.pdf
2291-01,https://documents.gov.lk/view/extra-gazettes/2022/8/2291-01_E.pdf,doc-archive/2022/08/01/2291-01/2291-01_english.pdf
2291-02,https://documents.gov.lk/view/extra-gazettes/2022/8/2291-02_E.pdf,doc-archive/2022/08/01/2291-02/2291-02_english.pdf
2291-03,https://documents.gov.lk/view/extra-gazettes/2022/8/2291-03_E.pdf,doc-archive/2022/08/01/2291-03/2291-03_english.pdf
2291-04,https://documents.gov.lk/view/extra-gazettes/2022/8/2291-04_E.pdf,doc-archive/2022/08/01/2291-04/2291-04_english.pdf
2291-06,https://documents.gov.lk/view/extra-gazettes/2022/8/2291-06_E.pdf,doc-archive/2022/08/01/2291-06/2291-06_english.pdf
2291-07,https://documents.gov.lk/view/extra-gazettes/2022/8/2291-07_E.pdf,doc-archive/2022/08/01/2291-07/2291-07_english.pdf
2291-08,https://documents.gov.lk/view/extra-gazettes/2022/8/2291-08_E.pdf,doc-archive/2022/08/01/2291-08/2291-08_english.pdf
2291-09,https://documents.gov.lk/view/extra-gazettes/2022/8/2291-09_E.pdf,doc-archive/2022/08/01/2291-09/2291-09_english.pdf
2291-10,https://documents.gov.lk/view/extra-gazettes/2022/8/2291-10_E.pdf,doc-archive/2022/08/01/2291-10/2291-10_english.pdf
2299-60,https://documents.gov.lk/view/extra-gazettes/2022/9/2299-60_E.pdf,doc-archive/2022/09/30/2299-60/2299-60_english.pdf
2299-62,https://documents.gov.lk/view/extra-gazettes/2022/9/2299-62_E.pdf,doc-archive/2022/09/30/2299-62/2299-62_english.pdf
2299-63,https://documents.gov.lk/view/extra-gazettes/2022/9/2299-63_E.pdf,doc-archive/2022/09/30/2299-63/2299-63_english.pdf
2299-64,https://documents.gov.lk/view/extra-gazettes/2022/9/2299-64_E.pdf,doc-archive/2022/09/30/2299-64/2299-64_english.pdf
2299-61,https://documents.gov.lk/view/extra-gazettes/2022/9/2299-61_E.pdf,doc-archive/2022/09/30/2299-61/2299-61_english.pdf
2299-65,https://documents.gov.lk/view/extra-gazettes/2022/9/2299-65_E.pdf,doc-archive/2022/09/30/2299-65/2299-65_english.pdf
2299-66,https://documents.gov.lk/view/extra-gazettes/2022/9/2299-66_E.pdf,doc-archive/2022/09/30/2299-66/2299-66_english.pdf
2299-67,https://documents.gov.lk/view/extra-gazettes/2022/9/2299-67_E.pdf,doc-archive/2022/09/30/2299-67/2299-67_english.pdf
2299-68,https://documents.gov.lk/view/extra-gazettes/2022/9/2299-68_E.pdf,doc-archive/2022/09/30/2299-68/2299-68_english.pdf
2299-69,https://documents.gov.lk/view/extra-gazettes/2022/9/2299-69_E.pdf,doc-archive/2022/09/30/2299-69/2299-69_english.pdf
2299-70,https://documents.gov.lk/view/extra-gazettes/2022/9/2299-70_E.pdf,doc-archive/2022/09/30/2299-70/2299-70_english.pdf
2299-59,https://documents.gov.lk/view/extra-gazettes/2022/9/2299-59_E.pdf,doc-archive/2022/09/29/2299-59/2299-59_english.pdf
2299-17,https://documents.gov.lk/view/extra-gazettes/2022/9/2299-17_E.pdf,doc-archive/2022/09/28/2299-17/2299-17_english.pdf
2299-18,https://documents.gov.lk/view/extra-gazettes/2022/9/2299-18_E.pdf,doc-archive/2022/09/28/2299-18/2299-18_english.pdf
2299-19,https://documents.gov.lk/view/extra-gazettes/2022/9/2299-19_E.pdf,doc-archive/2022/09/28/2299-19/2299-19_english.pdf
2299-20,https://documents.gov.lk/view/extra-gazettes/2022/9/2299-20_E.pdf,doc-archive/2022/09/28/2299-20/2299-20_english.pdf
2299-21,https://documents.gov.lk/view/extra-gazettes/2022/9/2299-21_E.pdf,doc-archive/2022/09/28/2299-21/2299-21_english.pdf
2299-22,https://documents.gov.lk/view/extra-gazettes/2022/9/2299-22_E.pdf,doc-archive/2022/09/28/2299-22/2299-22_english.pdf
2299-23,https://documents.gov.lk/view/extra-gazettes/2022/9/2299-23_E.pdf,doc-archive/2022/09/28/2299-23/2299-23_english.pdf
2299-24,https://documents.gov.lk/view/extra-gazettes/2022/9/2299-24_E.pdf,doc-archive/2022/09/28/2299-24/2299-24_english.pdf
2299-25,https://documents.gov.lk/view/extra-gazettes/2022/9/2299-25_E.pdf,doc-archive/2022/09/28/2299-25/2299-25_english.pdf
2299-26,https://documents.gov.lk/view/extra-gazettes/2022/9/2299-26_E.pdf,doc-archive/2022/09/28/2299-26/2299-26_english.pdf
2299-28,https://documents.gov.lk/view/extra-gazettes/2022/9/2299-28_E.pdf,doc-archive/2022/09/28/2299-28/2299-28_english.pdf
2299-27,https://documents.gov.lk/view/extra-gazettes/2022/9/2299-27_E.pdf,doc-archive/2022/09/28/2299-27/2299-27_english.pdf
2299-29,https://documents.gov.lk/view/extra-gazettes/2022/9/2299-29_E.pdf,doc-archive/2022/09/28/2299-29/2299-29_english.pdf
2299-30,https://documents.gov.lk/view/extra-gazettes/2022/9/2299-30_E.pdf,doc-archive/2022/09/28/2299-30/2299-30_english.pdf
2299-31,https://documents.gov.lk/view/extra-gazettes/2022/9/2299-31_E.pdf,doc-archive/2022/09/28/2299-31/2299-31_english.pdf
2299-33,https://documents.gov.lk/view/extra-gazettes/2022/9/2299-33_E.pdf,doc-archive/2022/09/28/2299-33/2299-33_english.pdf
2299-34,https://documents.gov.lk/view/extra-gazettes/2022/9/2299-34_E.pdf,doc-archive/2022/09/28/2299-34/2299-34_english.pdf
2299-35,https://documents.gov.lk/view/extra-gazettes/2022/9/2299-35_E.pdf,doc-archive/2022/09/28/2299-35/2299-35_english.pdf
2299-36,https://documents.gov.lk/view/extra-gazettes/2022/9/2299-36_E.pdf,doc-archive/2022/09/28/2299-36/2299-36_english.pdf
2299-37,https://documents.gov.lk/view/extra-gazettes/2022/9/2299-37_E.pdf,doc-archive/2022/09/28/2299-37/2299-37_english.pdf
2299-38,https://documents.gov.lk/view/extra-gazettes/2022/9/2299-38_E.pdf,doc-archive/2022/09/28/2299-38/2299-38_english.pdf
2299-39,https://documents.gov.lk/view/extra-gazettes/2022/9/2299-39_E.pdf,doc-archive/2022/09/28/2299-39/2299-39_english.pdf
2299-40,https://documents.gov.lk/view/extra-gazettes/2022/9/2299-40_E.pdf,doc-archive/2022/09/28/2299-40/2299-40_english.pdf
2299-41,https://documents.gov.lk/view/extra-gazettes/2022/9/2299-41_E.pdf,doc-archive/2022/09/28/2299-41/2299-41_english.pdf
2299-42,https://documents.gov.lk/view/extra-gazettes/2022/9/2299-42_E.pdf,doc-archive/2022/09/28/2299-42/2299-42_english.pdf
2299-43,https://documents.gov.lk/view/extra-gazettes/2022/9/2299-43_E.pdf,doc-archive/2022/09/28/2299-43/2299-43_english.pdf
2299-44,https://documents.gov.lk/view/extra-gazettes/2022/9/2299-44_E.pdf,doc-archive/2022/09/28/2299-44/2299-44_english.pdf
2299-45,https://documents.gov.lk/view/extra-gazettes/2022/9/2299-45_E.pdf,doc-archive/2022/09/28/2299-45/2299-45_english.pdf
2299-46,https://documents.gov.lk/view/extra-gazettes/2022/9/2299-46_E.pdf,doc-archive/2022/09/28/2299-46/2299-46_english.pdf
2299-47,https://documents.gov.lk/view/extra-gazettes/2022/9/2299-47_E.pdf,doc-archive/2022/09/28/2299-47/2299-47_english.pdf
2299-48,https://documents.gov.lk/view/extra-gazettes/2022/9/2299-48_E.pdf,doc-archive/2022/09/28/2299-48/2299-48_english.pdf
2299-49,https://documents.gov.lk/view/extra-gazettes/2022/9/2299-49_E.pdf,doc-archive/2022/09/28/2299-49/2299-49_english.pdf
2299-50,https://documents.gov.lk/view/extra-gazettes/2022/9/2299-50_E.pdf,doc-archive/2022/09/28/2299-50/2299-50_english.pdf
2299-51,https://documents.gov.lk/view/extra-gazettes/2022/9/2299-51_E.pdf,doc-archive/2022/09/28/2299-51/2299-51_english.pdf
2299-52,https://documents.gov.lk/view/extra-gazettes/2022/9/2299-52_E.pdf,doc-archive/2022/09/28/2299-52/2299-52_english.pdf
2299-53,https://documents.gov.lk/view/extra-gazettes/2022/9/2299-53_E.pdf,doc-archive/2022/09/28/2299-53/2299-53_english.pdf
2299-54,https://documents.gov.lk/view/extra-gazettes/2022/9/2299-54_E.pdf,doc-archive/2022/09/28/2299-54/2299-54_english.pdf
2299-55,https://documents.gov.lk/view/extra-gazettes/2022/9/2299-55_E.pdf,doc-archive/2022/09/28/2299-55/2299-55_english.pdf
2299-56,https://documents.gov.lk/view/extra-gazettes/2022/9/2299-56_E.pdf,doc-archive/2022/09/28/2299-56/2299-56_english.pdf
2299-57,https://documents.gov.lk/view/extra-gazettes/2022/9/2299-57_E.pdf,doc-archive/2022/09/28/2299-57/2299-57_english.pdf
2299-58,https://documents.gov.lk/view/extra-gazettes/2022/9/2299-58_E.pdf,doc-archive/2022/09/28/2299-58/2299-58_english.pdf
2299-08,https://documents.gov.lk/view/extra-gazettes/2022/9/2299-08_E.pdf,doc-archive/2022/09/27/2299-08/2299-08_english.pdf
2299-09,https://documents.gov.lk/view/extra-gazettes/2022/9/2299-09_E.pdf,doc-archive/2022/09/27/2299-09/2299-09_english.pdf
2299-10,https://documents.gov.lk/view/extra-gazettes/2022/9/2299-10_E.pdf,doc-archive/2022/09/27/2299-10/2299-10_english.pdf
2299-11,https://documents.gov.lk/view/extra-gazettes/2022/9/2299-11_E.pdf,doc-archive/2022/09/27/2299-11/2299-11_english.pdf
2299-12,https://documents.gov.lk/view/extra-gazettes/2022/9/2299-12_E.pdf,doc-archive/2022/09/27/2299-12/2299-12_english.pdf
2299-13,https://documents.gov.lk/view/extra-gazettes/2022/9/2299-13_E.pdf,doc-archive/2022/09/27/2299-13/2299-13_english.pdf
2299-14,https://documents.gov.lk/view/extra-gazettes/2022/9/2299-14_E.pdf,doc-archive/2022/09/27/2299-14/2299-14_english.pdf
2299-15,https://documents.gov.lk/view/extra-gazettes/2022/9/2299-15_E.pdf,doc-archive/2022/09/27/2299-15/2299-15_english.pdf
2299-16,https://documents.gov.lk/view/extra-gazettes/2022/9/2299-16_E.pdf,doc-archive/2022/09/27/2299-16/2299-16_english.pdf
2299-01,https://documents.gov.lk/view/extra-gazettes/2022/9/2299-01_E.pdf,doc-archive/2022/09/26/2299-01/2299-01_english.pdf
2299-02,https://documents.gov.lk/view/extra-gazettes/2022/9/2299-02_E.pdf,doc-archive/2022/09/26/2299-02/2299-02_english.pdf
2299-03,https://documents.gov.lk/view/extra-gazettes/2022/9/2299-03_E.pdf,doc-archive/2022/09/26/2299-03/2299-03_english.pdf
2299-04,https://documents.gov.lk/view/extra-gazettes/2022/9/2299-04_E.pdf,doc-archive/2022/09/26/2299-04/2299-04_english.pdf
2299-06,https://documents.gov.lk/view/extra-gazettes/2022/9/2299-06_E.pdf,doc-archive/2022/09/26/2299-06/2299-06_english.pdf
2299-07,https://documents.gov.lk/view/extra-gazettes/2022/9/2299-07_E.pdf,doc-archive/2022/09/26/2299-07/2299-07_english.pdf
2298-56,https://documents.gov.lk/view/extra-gazettes/2022/9/2298-56_E.pdf,doc-archive/2022/09/24/2298-56/2298-56_english.pdf
2298-57,https://documents.gov.lk/view/extra-gazettes/2022/9/2298-57_E.pdf,doc-archive/2022/09/24/2298-57/2298-57_english.pdf
2298-58,https://documents.gov.lk/view/extra-gazettes/2022/9/2298-58_E.pdf,doc-archive/2022/09/24/2298-58/2298-58_english.pdf
2298-59,https://documents.gov.lk/view/extra-gazettes/2022/9/2298-59_E.pdf,doc-archive/2022/09/24/2298-59/2298-59_english.pdf
2298-60,https://documents.gov.lk/view/extra-gazettes/2022/9/2298-60_E.pdf,doc-archive/2022/09/24/2298-60/2298-60_english.pdf
2298-61,https://documents.gov.lk/view/extra-gazettes/2022/9/2298-61_E.pdf,doc-archive/2022/09/24/2298-61/2298-61_english.pdf
2298-62,https://documents.gov.lk/view/extra-gazettes/2022/9/2298-62_E.pdf,doc-archive/2022/09/24/2298-62/2298-62_english.pdf
2298-63,https://documents.gov.lk/view/extra-gazettes/2022/9/2298-63_E.pdf,doc-archive/2022/09/24/2298-63/2298-63_english.pdf
2298-64,https://documents.gov.lk/view/extra-gazettes/2022/9/2298-64_E.pdf,doc-archive/2022/09/24/2298-64/2298-64_english.pdf
2298-65,https://documents.gov.lk/view/extra-gazettes/2022/9/2298-65_E.pdf,doc-archive/2022/09/24/2298-65/2298-65_english.pdf
2298-66,https://documents.gov.lk/view/extra-gazettes/2022/9/2298-66_E.pdf,doc-archive/2022/09/24/2298-66/2298-66_english.pdf
2298-67,https://documents.gov.lk/view/extra-gazettes/2022/9/2298-67_E.pdf,doc-archive/2022/09/24/2298-67/2298-67_english.pdf
2298-68,https://documents.gov.lk/view/extra-gazettes/2022/9/2298-68_E.pdf,doc-archive/2022/09/24/2298-68/2298-68_english.pdf
2298-69,https://documents.gov.lk/view/extra-gazettes/2022/9/2298-69_E.pdf,doc-archive/2022/09/24/2298-69/2298-69_english.pdf
2298-70,https://documents.gov.lk/view/extra-gazettes/2022/9/2298-70_E.pdf,doc-archive/2022/09/24/2298-70/2298-70_english.pdf
2298-71,https://documents.gov.lk/view/extra-gazettes/2022/9/2298-71_E.pdf,doc-archive/2022/09/24/2298-71/2298-71_english.pdf
2298-72,https://documents.gov.lk/view/extra-gazettes/2022/9/2298-72_E.pdf,doc-archive/2022/09/24/2298-72/2298-72_english.pdf
2298-73,https://documents.gov.lk/view/extra-gazettes/2022/9/2298-73_E.pdf,doc-archive/2022/09/24/2298-73/2298-73_english.pdf
2298-74,https://documents.gov.lk/view/extra-gazettes/2022/9/2298-74_E.pdf,doc-archive/2022/09/24/2298-74/2298-74_english.pdf
2298-75,https://documents.gov.lk/view/extra-gazettes/2022/9/2298-75_E.pdf,doc-archive/2022/09/24/2298-75/2298-75_english.pdf
2298-76,https://documents.gov.lk/view/extra-gazettes/2022/9/2298-76_E.pdf,doc-archive/2022/09/24/2298-76/2298-76_english.pdf
2298-77,https://documents.gov.lk/view/extra-gazettes/2022/9/2298-77_E.pdf,doc-archive/2022/09/24/2298-77/2298-77_english.pdf
2298-78,https://documents.gov.lk/view/extra-gazettes/2022/9/2298-78_E.pdf,doc-archive/2022/09/24/2298-78/2298-78_english.pdf
2298-79,https://documents.gov.lk/view/extra-gazettes/2022/9/2298-79_E.pdf,doc-archive/2022/09/24/2298-79/2298-79_english.pdf
2298-80,https://documents.gov.lk/view/extra-gazettes/2022/9/2298-80_E.pdf,doc-archive/2022/09/24/2298-80/2298-80_english.pdf
2298-81,https://documents.gov.lk/view/extra-gazettes/2022/9/2298-81_E.pdf,doc-archive/2022/09/24/2298-81/2298-81_english.pdf
2298-82,https://documents.gov.lk/view/extra-gazettes/2022/9/2298-82_E.pdf,doc-archive/2022/09/24/2298-82/2298-82_english.pdf
2298-83,https://documents.gov.lk/view/extra-gazettes/2022/9/2298-83_E.pdf,doc-archive/2022/09/24/2298-83/2298-83_english.pdf
2298-84,https://documents.gov.lk/view/extra-gazettes/2022/9/2298-84_E.pdf,doc-archive/2022/09/24/2298-84/2298-84_english.pdf
2298-53,https://documents.gov.lk/view/extra-gazettes/2022/9/2298-53_E.pdf,doc-archive/2022/09/23/2298-53/2298-53_english.pdf
2298-52,https://documents.gov.lk/view/extra-gazettes/2022/9/2298-52_E.pdf,doc-archive/2022/09/23/2298-52/2298-52_english.pdf
2298-54,https://documents.gov.lk/view/extra-gazettes/2022/9/2298-54_E.pdf,doc-archive/2022/09/23/2298-54/2298-54_english.pdf
2298-55,https://documents.gov.lk/view/extra-gazettes/2022/9/2298-55_E.pdf,doc-archive/2022/09/23/2298-55/2298-55_english.pdf
2298-32,https://documents.gov.lk/view/extra-gazettes/2022/9/2298-32_E.pdf,doc-archive/2022/09/22/2298-32/2298-32_english.pdf
2298-33,https://documents.gov.lk/view/extra-gazettes/2022/9/2298-33_E.pdf,doc-archive/2022/09/22/2298-33/2298-33_english.pdf
2298-34,https://documents.gov.lk/view/extra-gazettes/2022/9/2298-34_E.pdf,doc-archive/2022/09/22/2298-34/2298-34_english.pdf
2298-35,https://documents.gov.lk/view/extra-gazettes/2022/9/2298-35_E.pdf,doc-archive/2022/09/22/2298-35/2298-35_english.pdf
2298-36,https://documents.gov.lk/view/extra-gazettes/2022/9/2298-36_E.pdf,doc-archive/2022/09/22/2298-36/2298-36_english.pdf
2298-37,https://documents.gov.lk/view/extra-gazettes/2022/9/2298-37_E.pdf,doc-archive/2022/09/22/2298-37/2298-37_english.pdf
2298-38,https://documents.gov.lk/view/extra-gazettes/2022/9/2298-38_E.pdf,doc-archive/2022/09/22/2298-38/2298-38_english.pdf
2298-39,https://documents.gov.lk/view/extra-gazettes/2022/9/2298-39_E.pdf,doc-archive/2022/09/22/2298-39/2298-39_english.pdf
2298-40,https://documents.gov.lk/view/extra-gazettes/2022/9/2298-40_E.pdf,doc-archive/2022/09/22/2298-40/2298-40_english.pdf
2298-41,https://documents.gov.lk/view/extra-gazettes/2022/9/2298-41_E.pdf,doc-archive/2022/09/22/2298-41/2298-41_english.pdf
2298-42,https://documents.gov.lk/view/extra-gazettes/2022/9/2298-42_E.pdf,doc-archive/2022/09/22/2298-42/2298-42_english.pdf
2298-43,https://documents.gov.lk/view/extra-gazettes/2022/9/2298-43_E.pdf,doc-archive/2022/09/22/2298-43/2298-43_english.pdf
2298-44,https://documents.gov.lk/view/extra-gazettes/2022/9/2298-44_E.pdf,doc-archive/2022/09/22/2298-44/2298-44_english.pdf
2298-45,https://documents.gov.lk/view/extra-gazettes/2022/9/2298-45_E.pdf,doc-archive/2022/09/22/2298-45/2298-45_english.pdf
2298-46,https://documents.gov.lk/view/extra-gazettes/2022/9/2298-46_E.pdf,doc-archive/2022/09/22/2298-46/2298-46_english.pdf
2298-47,https://documents.gov.lk/view/extra-gazettes/2022/9/2298-47_E.pdf,doc-archive/2022/09/22/2298-47/2298-47_english.pdf
2298-48,https://documents.gov.lk/view/extra-gazettes/2022/9/2298-48_E.pdf,doc-archive/2022/09/22/2298-48/2298-48_english.pdf
2298-50,https://documents.gov.lk/view/extra-gazettes/2022/9/2298-50_E.pdf,doc-archive/2022/09/22/2298-50/2298-50_english.pdf
2298-51,https://documents.gov.lk/view/extra-gazettes/2022/9/2298-51_E.pdf,doc-archive/2022/09/22/2298-51/2298-51_english.pdf
2298-27,https://documents.gov.lk/view/extra-gazettes/2022/9/2298-27_E.pdf,doc-archive/2022/09/21/2298-27/2298-27_english.pdf
2298-28,https://documents.gov.lk/view/extra-gazettes/2022/9/2298-28_E.pdf,doc-archive/2022/09/21/2298-28/2298-28_english.pdf
2298-29,https://documents.gov.lk/view/extra-gazettes/2022/9/2298-29_E.pdf,doc-archive/2022/09/21/2298-29/2298-29_english.pdf
2298-30,https://documents.gov.lk/view/extra-gazettes/2022/9/2298-30_E.pdf,doc-archive/2022/09/21/2298-30/2298-30_english.pdf
2298-31,https://documents.gov.lk/view/extra-gazettes/2022/9/2298-31_E.pdf,doc-archive/2022/09/21/2298-31/2298-31_english.pdf
2298-02,https://documents.gov.lk/view/extra-gazettes/2022/9/2298-02_E.pdf,doc-archive/2022/09/20/2298-02/2298-02_english.pdf
2298-03,https://documents.gov.lk/view/extra-gazettes/2022/9/2298-03_E.pdf,doc-archive/2022/09/20/2298-03/2298-03_english.pdf
2298-04,https://documents.gov.lk/view/extra-gazettes/2022/9/2298-04_E.pdf,doc-archive/2022/09/20/2298-04/2298-04_english.pdf
2298-05,https://documents.gov.lk/view/extra-gazettes/2022/9/2298-05_E.pdf,doc-archive/2022/09/20/2298-05/2298-05_english.pdf
2298-06,https://documents.gov.lk/view/extra-gazettes/2022/9/2298-06_E.pdf,doc-archive/2022/09/20/2298-06/2298-06_english.pdf
2298-07,https://documents.gov.lk/view/extra-gazettes/2022/9/2298-07_E.pdf,doc-archive/2022/09/20/2298-07/2298-07_english.pdf
2298-08,https://documents.gov.lk/view/extra-gazettes/2022/9/2298-08_E.pdf,doc-archive/2022/09/20/2298-08/2298-08_english.pdf
2298-10,https://documents.gov.lk/view/extra-gazettes/2022/9/2298-10_E.pdf,doc-archive/2022/09/20/2298-10/2298-10_english.pdf
2298-09,https://documents.gov.lk/view/extra-gazettes/2022/9/2298-09_E.pdf,doc-archive/2022/09/20/2298-09/2298-09_english.pdf
2298-11,https://documents.gov.lk/view/extra-gazettes/2022/9/2298-11_E.pdf,doc-archive/2022/09/20/2298-11/2298-11_english.pdf
2298-12,https://documents.gov.lk/view/extra-gazettes/2022/9/2298-12_E.pdf,doc-archive/2022/09/20/2298-12/2298-12_english.pdf
2298-13,https://documents.gov.lk/view/extra-gazettes/2022/9/2298-13_E.pdf,doc-archive/2022/09/20/2298-13/2298-13_english.pdf
2298-14,https://documents.gov.lk/view/extra-gazettes/2022/9/2298-14_E.pdf,doc-archive/2022/09/20/2298-14/2298-14_english.pdf
2298-15,https://documents.gov.lk/view/extra-gazettes/2022/9/2298-15_E.pdf,doc-archive/2022/09/20/2298-15/2298-15_english.pdf
2298-16,https://documents.gov.lk/view/extra-gazettes/2022/9/2298-16_E.pdf,doc-archive/2022/09/20/2298-16/2298-16_english.pdf
2298-17,https://documents.gov.lk/view/extra-gazettes/2022/9/2298-17_E.pdf,doc-archive/2022/09/20/2298-17/2298-17_english.pdf
2298-18,https://documents.gov.lk/view/extra-gazettes/2022/9/2298-18_E.pdf,doc-archive/2022/09/20/2298-18/2298-18_english.pdf
2298-19,https://documents.gov.lk/view/extra-gazettes/2022/9/2298-19_E.pdf,doc-archive/2022/09/20/2298-19/2298-19_english.pdf
2298-20,https://documents.gov.lk/view/extra-gazettes/2022/9/2298-20_E.pdf,doc-archive/2022/09/20/2298-20/2298-20_english.pdf
2298-21,https://documents.gov.lk/view/extra-gazettes/2022/9/2298-21_E.pdf,doc-archive/2022/09/20/2298-21/2298-21_english.pdf
2298-22,https://documents.gov.lk/view/extra-gazettes/2022/9/2298-22_E.pdf,doc-archive/2022/09/20/2298-22/2298-22_english.pdf
2298-23,https://documents.gov.lk/view/extra-gazettes/2022/9/2298-23_E.pdf,doc-archive/2022/09/20/2298-23/2298-23_english.pdf
2298-24,https://documents.gov.lk/view/extra-gazettes/2022/9/2298-24_E.pdf,doc-archive/2022/09/20/2298-24/2298-24_english.pdf
2298-25,https://documents.gov.lk/view/extra-gazettes/2022/9/2298-25_E.pdf,doc-archive/2022/09/20/2298-25/2298-25_english.pdf
2298-01,https://documents.gov.lk/view/extra-gazettes/2022/9/2298-01_E.pdf,doc-archive/2022/09/19/2298-01/2298-01_english.pdf
2297-81,https://documents.gov.lk/view/extra-gazettes/2022/9/2297-81_E.pdf,doc-archive/2022/09/17/2297-81/2297-81_english.pdf
2298-26,https://documents.gov.lk/view/extra-gazettes/2022/9/2298-26_E.pdf,doc-archive/2022/09/20/2298-26/2298-26_english.pdf
2297-82,https://documents.gov.lk/view/extra-gazettes/2022/9/2297-82_E.pdf,doc-archive/2022/09/17/2297-82/2297-82_english.pdf
2297-83,https://documents.gov.lk/view/extra-gazettes/2022/9/2297-83_E.pdf,doc-archive/2022/09/17/2297-83/2297-83_english.pdf
2297-84,https://documents.gov.lk/view/extra-gazettes/2022/9/2297-84_E.pdf,doc-archive/2022/09/17/2297-84/2297-84_english.pdf
2297-86,https://documents.gov.lk/view/extra-gazettes/2022/9/2297-86_E.pdf,doc-archive/2022/09/17/2297-86/2297-86_english.pdf
2297-85,https://documents.gov.lk/view/extra-gazettes/2022/9/2297-85_E.pdf,doc-archive/2022/09/17/2297-85/2297-85_english.pdf
2297-87,https://documents.gov.lk/view/extra-gazettes/2022/9/2297-87_E.pdf,doc-archive/2022/09/17/2297-87/2297-87_english.pdf
2297-88,https://documents.gov.lk/view/extra-gazettes/2022/9/2297-88_E.pdf,doc-archive/2022/09/17/2297-88/2297-88_english.pdf
2297-89,https://documents.gov.lk/view/extra-gazettes/2022/9/2297-89_E.pdf,doc-archive/2022/09/17/2297-89/2297-89_english.pdf
2297-90,https://documents.gov.lk/view/extra-gazettes/2022/9/2297-90_E.pdf,doc-archive/2022/09/17/2297-90/2297-90_english.pdf
2297-91,https://documents.gov.lk/view/extra-gazettes/2022/9/2297-91_E.pdf,doc-archive/2022/09/17/2297-91/2297-91_english.pdf
2297-92,https://documents.gov.lk/view/extra-gazettes/2022/9/2297-92_E.pdf,doc-archive/2022/09/17/2297-92/2297-92_english.pdf
2297-93,https://documents.gov.lk/view/extra-gazettes/2022/9/2297-93_E.pdf,doc-archive/2022/09/17/2297-93/2297-93_english.pdf
2297-95,https://documents.gov.lk/view/extra-gazettes/2022/9/2297-95_E.pdf,doc-archive/2022/09/17/2297-95/2297-95_english.pdf
2297-64,https://documents.gov.lk/view/extra-gazettes/2022/9/2297-64_E.pdf,doc-archive/2022/09/16/2297-64/2297-64_english.pdf
2297-66,https://documents.gov.lk/view/extra-gazettes/2022/9/2297-66_E.pdf,doc-archive/2022/09/16/2297-66/2297-66_english.pdf
2297-65,https://documents.gov.lk/view/extra-gazettes/2022/9/2297-65_E.pdf,doc-archive/2022/09/16/2297-65/2297-65_english.pdf
2297-67,https://documents.gov.lk/view/extra-gazettes/2022/9/2297-67_E.pdf,doc-archive/2022/09/16/2297-67/2297-67_english.pdf
2297-68,https://documents.gov.lk/view/extra-gazettes/2022/9/2297-68_E.pdf,doc-archive/2022/09/16/2297-68/2297-68_english.pdf
2297-69,https://documents.gov.lk/view/extra-gazettes/2022/9/2297-69_E.pdf,doc-archive/2022/09/16/2297-69/2297-69_english.pdf
2297-70,https://documents.gov.lk/view/extra-gazettes/2022/9/2297-70_E.pdf,doc-archive/2022/09/16/2297-70/2297-70_english.pdf
2297-71,https://documents.gov.lk/view/extra-gazettes/2022/9/2297-71_E.pdf,doc-archive/2022/09/16/2297-71/2297-71_english.pdf
2297-72,https://documents.gov.lk/view/extra-gazettes/2022/9/2297-72_E.pdf,doc-archive/2022/09/16/2297-72/2297-72_english.pdf
2297-73,https://documents.gov.lk/view/extra-gazettes/2022/9/2297-73_E.pdf,doc-archive/2022/09/16/2297-73/2297-73_english.pdf
2297-74,https://documents.gov.lk/view/extra-gazettes/2022/9/2297-74_E.pdf,doc-archive/2022/09/16/2297-74/2297-74_english.pdf
2297-75,https://documents.gov.lk/view/extra-gazettes/2022/9/2297-75_E.pdf,doc-archive/2022/09/16/2297-75/2297-75_english.pdf
2297-76,https://documents.gov.lk/view/extra-gazettes/2022/9/2297-76_E.pdf,doc-archive/2022/09/16/2297-76/2297-76_english.pdf
2297-77,https://documents.gov.lk/view/extra-gazettes/2022/9/2297-77_E.pdf,doc-archive/2022/09/16/2297-77/2297-77_english.pdf
2297-78,https://documents.gov.lk/view/extra-gazettes/2022/9/2297-78_E.pdf,doc-archive/2022/09/16/2297-78/2297-78_english.pdf
2297-79,https://documents.gov.lk/view/extra-gazettes/2022/9/2297-79_E.pdf,doc-archive/2022/09/16/2297-79/2297-79_english.pdf
2297-80,https://documents.gov.lk/view/extra-gazettes/2022/9/2297-80_E.pdf,doc-archive/2022/09/16/2297-80/2297-80_english.pdf
2297-54,https://documents.gov.lk/view/extra-gazettes/2022/9/2297-54_E.pdf,doc-archive/2022/09/15/2297-54/2297-54_english.pdf
2297-55,https://documents.gov.lk/view/extra-gazettes/2022/9/2297-55_E.pdf,doc-archive/2022/09/15/2297-55/2297-55_english.pdf
2297-59,https://documents.gov.lk/view/extra-gazettes/2022/9/2297-59_E.pdf,doc-archive/2022/09/15/2297-59/2297-59_english.pdf
2297-60,https://documents.gov.lk/view/extra-gazettes/2022/9/2297-60_E.pdf,doc-archive/2022/09/15/2297-60/2297-60_english.pdf
2297-61,https://documents.gov.lk/view/extra-gazettes/2022/9/2297-61_E.pdf,doc-archive/2022/09/15/2297-61/2297-61_english.pdf
2297-62,https://documents.gov.lk/view/extra-gazettes/2022/9/2297-62_E.pdf,doc-archive/2022/09/15/2297-62/2297-62_english.pdf
2297-35,https://documents.gov.lk/view/extra-gazettes/2022/9/2297-35_E.pdf,doc-archive/2022/09/14/2297-35/2297-35_english.pdf
2297-36,https://documents.gov.lk/view/extra-gazettes/2022/9/2297-36_E.pdf,doc-archive/2022/09/14/2297-36/2297-36_english.pdf
2297-38,https://documents.gov.lk/view/extra-gazettes/2022/9/2297-38_E.pdf,doc-archive/2022/09/14/2297-38/2297-38_english.pdf
2297-37,https://documents.gov.lk/view/extra-gazettes/2022/9/2297-37_E.pdf,doc-archive/2022/09/14/2297-37/2297-37_english.pdf
2297-39,https://documents.gov.lk/view/extra-gazettes/2022/9/2297-39_E.pdf,doc-archive/2022/09/14/2297-39/2297-39_english.pdf
2297-40,https://documents.gov.lk/view/extra-gazettes/2022/9/2297-40_E.pdf,doc-archive/2022/09/14/2297-40/2297-40_english.pdf
2297-41,https://documents.gov.lk/view/extra-gazettes/2022/9/2297-41_E.pdf,doc-archive/2022/09/14/2297-41/2297-41_english.pdf
2297-42,https://documents.gov.lk/view/extra-gazettes/2022/9/2297-42_E.pdf,doc-archive/2022/09/14/2297-42/2297-42_english.pdf
2297-43,https://documents.gov.lk/view/extra-gazettes/2022/9/2297-43_E.pdf,doc-archive/2022/09/14/2297-43/2297-43_english.pdf
2297-44,https://documents.gov.lk/view/extra-gazettes/2022/9/2297-44_E.pdf,doc-archive/2022/09/14/2297-44/2297-44_english.pdf
2297-45,https://documents.gov.lk/view/extra-gazettes/2022/9/2297-45_E.pdf,doc-archive/2022/09/14/2297-45/2297-45_english.pdf
2297-46,https://documents.gov.lk/view/extra-gazettes/2022/9/2297-46_E.pdf,doc-archive/2022/09/14/2297-46/2297-46_english.pdf
2297-47,https://documents.gov.lk/view/extra-gazettes/2022/9/2297-47_E.pdf,doc-archive/2022/09/14/2297-47/2297-47_english.pdf
2297-48,https://documents.gov.lk/view/extra-gazettes/2022/9/2297-48_E.pdf,doc-archive/2022/09/14/2297-48/2297-48_english.pdf
2297-49,https://documents.gov.lk/view/extra-gazettes/2022/9/2297-49_E.pdf,doc-archive/2022/09/14/2297-49/2297-49_english.pdf
2297-50,https://documents.gov.lk/view/extra-gazettes/2022/9/2297-50_E.pdf,doc-archive/2022/09/14/2297-50/2297-50_english.pdf
2297-51,https://documents.gov.lk/view/extra-gazettes/2022/9/2297-51_E.pdf,doc-archive/2022/09/14/2297-51/2297-51_english.pdf
2297-52,https://documents.gov.lk/view/extra-gazettes/2022/9/2297-52_E.pdf,doc-archive/2022/09/14/2297-52/2297-52_english.pdf
2297-53,https://documents.gov.lk/view/extra-gazettes/2022/9/2297-53_E.pdf,doc-archive/2022/09/14/2297-53/2297-53_english.pdf
2297-32,https://documents.gov.lk/view/extra-gazettes/2022/9/2297-32_E.pdf,doc-archive/2022/09/13/2297-32/2297-32_english.pdf
2297-33,https://documents.gov.lk/view/extra-gazettes/2022/9/2297-33_E.pdf,doc-archive/2022/09/13/2297-33/2297-33_english.pdf
2297-34,https://documents.gov.lk/view/extra-gazettes/2022/9/2297-34_E.pdf,doc-archive/2022/09/13/2297-34/2297-34_english.pdf
2297-01,https://documents.gov.lk/view/extra-gazettes/2022/9/2297-01_E.pdf,doc-archive/2022/09/12/2297-01/2297-01_english.pdf
2297-02,https://documents.gov.lk/view/extra-gazettes/2022/9/2297-02_E.pdf,doc-archive/2022/09/12/2297-02/2297-02_english.pdf
2297-03,https://documents.gov.lk/view/extra-gazettes/2022/9/2297-03_E.pdf,doc-archive/2022/09/12/2297-03/2297-03_english.pdf
2297-04,https://documents.gov.lk/view/extra-gazettes/2022/9/2297-04_E.pdf,doc-archive/2022/09/12/2297-04/2297-04_english.pdf
2297-05,https://documents.gov.lk/view/extra-gazettes/2022/9/2297-05_E.pdf,doc-archive/2022/09/12/2297-05/2297-05_english.pdf
2297-06,https://documents.gov.lk/view/extra-gazettes/2022/9/2297-06_E.pdf,doc-archive/2022/09/12/2297-06/2297-06_english.pdf
2297-07,https://documents.gov.lk/view/extra-gazettes/2022/9/2297-07_E.pdf,doc-archive/2022/09/12/2297-07/2297-07_english.pdf
2297-08,https://documents.gov.lk/view/extra-gazettes/2022/9/2297-08_E.pdf,doc-archive/2022/09/12/2297-08/2297-08_english.pdf
2297-09,https://documents.gov.lk/view/extra-gazettes/2022/9/2297-09_E.pdf,doc-archive/2022/09/12/2297-09/2297-09_english.pdf
2297-10,https://documents.gov.lk/view/extra-gazettes/2022/9/2297-10_E.pdf,doc-archive/2022/09/12/2297-10/2297-10_english.pdf
2297-11,https://documents.gov.lk/view/extra-gazettes/2022/9/2297-11_E.pdf,doc-archive/2022/09/12/2297-11/2297-11_english.pdf
2297-12,https://documents.gov.lk/view/extra-gazettes/2022/9/2297-12_E.pdf,doc-archive/2022/09/12/2297-12/2297-12_english.pdf
2297-14,https://documents.gov.lk/view/extra-gazettes/2022/9/2297-14_E.pdf,doc-archive/2022/09/12/2297-14/2297-14_english.pdf
2297-13,https://documents.gov.lk/view/extra-gazettes/2022/9/2297-13_E.pdf,doc-archive/2022/09/12/2297-13/2297-13_english.pdf
2297-15,https://documents.gov.lk/view/extra-gazettes/2022/9/2297-15_E.pdf,doc-archive/2022/09/12/2297-15/2297-15_english.pdf
2297-16,https://documents.gov.lk/view/extra-gazettes/2022/9/2297-16_E.pdf,doc-archive/2022/09/12/2297-16/2297-16_english.pdf
2297-17,https://documents.gov.lk/view/extra-gazettes/2022/9/2297-17_E.pdf,doc-archive/2022/09/12/2297-17/2297-17_english.pdf
2297-18,https://documents.gov.lk/view/extra-gazettes/2022/9/2297-18_E.pdf,doc-archive/2022/09/12/2297-18/2297-18_english.pdf
2297-19,https://documents.gov.lk/view/extra-gazettes/2022/9/2297-19_E.pdf,doc-archive/2022/09/12/2297-19/2297-19_english.pdf
2297-20,https://documents.gov.lk/view/extra-gazettes/2022/9/2297-20_E.pdf,doc-archive/2022/09/12/2297-20/2297-20_english.pdf
2297-21,https://documents.gov.lk/view/extra-gazettes/2022/9/2297-21_E.pdf,doc-archive/2022/09/12/2297-21/2297-21_english.pdf
2297-22,https://documents.gov.lk/view/extra-gazettes/2022/9/2297-22_E.pdf,doc-archive/2022/09/12/2297-22/2297-22_english.pdf
2297-23,https://documents.gov.lk/view/extra-gazettes/2022/9/2297-23_E.pdf,doc-archive/2022/09/12/2297-23/2297-23_english.pdf
2297-24,https://documents.gov.lk/view/extra-gazettes/2022/9/2297-24_E.pdf,doc-archive/2022/09/12/2297-24/2297-24_english.pdf
2297-25,https://documents.gov.lk/view/extra-gazettes/2022/9/2297-25_E.pdf,doc-archive/2022/09/12/2297-25/2297-25_english.pdf
2297-26,https://documents.gov.lk/view/extra-gazettes/2022/9/2297-26_E.pdf,doc-archive/2022/09/12/2297-26/2297-26_english.pdf
2297-27,https://documents.gov.lk/view/extra-gazettes/2022/9/2297-27_E.pdf,doc-archive/2022/09/12/2297-27/2297-27_english.pdf
2297-28,https://documents.gov.lk/view/extra-gazettes/2022/9/2297-28_E.pdf,doc-archive/2022/09/12/2297-28/2297-28_english.pdf
2297-31,https://documents.gov.lk/view/extra-gazettes/2022/9/2297-31_E.pdf,doc-archive/2022/09/12/2297-31/2297-31_english.pdf
2296-39,https://documents.gov.lk/view/extra-gazettes/2022/9/2296-39_E.pdf,doc-archive/2022/09/10/2296-39/2296-39_english.pdf
2296-40,https://documents.gov.lk/view/extra-gazettes/2022/9/2296-40_E.pdf,doc-archive/2022/09/10/2296-40/2296-40_english.pdf
2296-26,https://documents.gov.lk/view/extra-gazettes/2022/9/2296-26_E.pdf,doc-archive/2022/09/09/2296-26/2296-26_english.pdf
2296-25,https://documents.gov.lk/view/extra-gazettes/2022/9/2296-25_E.pdf,doc-archive/2022/09/09/2296-25/2296-25_english.pdf
2296-27,https://documents.gov.lk/view/extra-gazettes/2022/9/2296-27_E.pdf,doc-archive/2022/09/09/2296-27/2296-27_english.pdf
2296-28,https://documents.gov.lk/view/extra-gazettes/2022/9/2296-28_E.pdf,doc-archive/2022/09/09/2296-28/2296-28_english.pdf
2296-29,https://documents.gov.lk/view/extra-gazettes/2022/9/2296-29_E.pdf,doc-archive/2022/09/09/2296-29/2296-29_english.pdf
2296-30,https://documents.gov.lk/view/extra-gazettes/2022/9/2296-30_E.pdf,doc-archive/2022/09/09/2296-30/2296-30_english.pdf
2296-31,https://documents.gov.lk/view/extra-gazettes/2022/9/2296-31_E.pdf,doc-archive/2022/09/09/2296-31/2296-31_english.pdf
2296-32,https://documents.gov.lk/view/extra-gazettes/2022/9/2296-32_E.pdf,doc-archive/2022/09/09/2296-32/2296-32_english.pdf
2296-33,https://documents.gov.lk/view/extra-gazettes/2022/9/2296-33_E.pdf,doc-archive/2022/09/09/2296-33/2296-33_english.pdf
2296-34,https://documents.gov.lk/view/extra-gazettes/2022/9/2296-34_E.pdf,doc-archive/2022/09/09/2296-34/2296-34_english.pdf
2296-35,https://documents.gov.lk/view/extra-gazettes/2022/9/2296-35_E.pdf,doc-archive/2022/09/09/2296-35/2296-35_english.pdf
2296-36,https://documents.gov.lk/view/extra-gazettes/2022/9/2296-36_E.pdf,doc-archive/2022/09/09/2296-36/2296-36_english.pdf
2296-37,https://documents.gov.lk/view/extra-gazettes/2022/9/2296-37_E.pdf,doc-archive/2022/09/09/2296-37/2296-37_english.pdf
2296-11,https://documents.gov.lk/view/extra-gazettes/2022/9/2296-11_E.pdf,doc-archive/2022/09/08/2296-11/2296-11_english.pdf
2296-38,https://documents.gov.lk/view/extra-gazettes/2022/9/2296-38_E.pdf,doc-archive/2022/09/09/2296-38/2296-38_english.pdf
2296-12,https://documents.gov.lk/view/extra-gazettes/2022/9/2296-12_E.pdf,doc-archive/2022/09/08/2296-12/2296-12_english.pdf
2296-13,https://documents.gov.lk/view/extra-gazettes/2022/9/2296-13_E.pdf,doc-archive/2022/09/08/2296-13/2296-13_english.pdf
2296-14,https://documents.gov.lk/view/extra-gazettes/2022/9/2296-14_E.pdf,doc-archive/2022/09/08/2296-14/2296-14_english.pdf
2296-15,https://documents.gov.lk/view/extra-gazettes/2022/9/2296-15_E.pdf,doc-archive/2022/09/08/2296-15/2296-15_english.pdf
2296-16,https://documents.gov.lk/view/extra-gazettes/2022/9/2296-16_E.pdf,doc-archive/2022/09/08/2296-16/2296-16_english.pdf
2296-17,https://documents.gov.lk/view/extra-gazettes/2022/9/2296-17_E.pdf,doc-archive/2022/09/08/2296-17/2296-17_english.pdf
2296-18,https://documents.gov.lk/view/extra-gazettes/2022/9/2296-18_E.pdf,doc-archive/2022/09/08/2296-18/2296-18_english.pdf
2296-19,https://documents.gov.lk/view/extra-gazettes/2022/9/2296-19_E.pdf,doc-archive/2022/09/08/2296-19/2296-19_english.pdf
2296-20,https://documents.gov.lk/view/extra-gazettes/2022/9/2296-20_E.pdf,doc-archive/2022/09/08/2296-20/2296-20_english.pdf
2296-21,https://documents.gov.lk/view/extra-gazettes/2022/9/2296-21_E.pdf,doc-archive/2022/09/08/2296-21/2296-21_english.pdf
2296-22,https://documents.gov.lk/view/extra-gazettes/2022/9/2296-22_E.pdf,doc-archive/2022/09/08/2296-22/2296-22_english.pdf
2296-23,https://documents.gov.lk/view/extra-gazettes/2022/9/2296-23_E.pdf,doc-archive/2022/09/08/2296-23/2296-23_english.pdf
2296-24,https://documents.gov.lk/view/extra-gazettes/2022/9/2296-24_E.pdf,doc-archive/2022/09/08/2296-24/2296-24_english.pdf
2296-08,https://documents.gov.lk/view/extra-gazettes/2022/9/2296-08_E.pdf,doc-archive/2022/09/07/2296-08/2296-08_english.pdf
2296-09,https://documents.gov.lk/view/extra-gazettes/2022/9/2296-09_E.pdf,doc-archive/2022/09/07/2296-09/2296-09_english.pdf
2296-10,https://documents.gov.lk/view/extra-gazettes/2022/9/2296-10_E.pdf,doc-archive/2022/09/07/2296-10/2296-10_english.pdf
2296-05,https://documents.gov.lk/view/extra-gazettes/2022/9/2296-05_E.pdf,doc-archive/2022/09/06/2296-05/2296-05_english.pdf
2296-06,https://documents.gov.lk/view/extra-gazettes/2022/9/2296-06_E.pdf,doc-archive/2022/09/06/2296-06/2296-06_english.pdf
2296-07,https://documents.gov.lk/view/extra-gazettes/2022/9/2296-07_E.pdf,doc-archive/2022/09/06/2296-07/2296-07_english.pdf
2296-01,https://documents.gov.lk/view/extra-gazettes/2022/9/2296-01_E.pdf,doc-archive/2022/09/05/2296-01/2296-01_english.pdf
2296-02,https://documents.gov.lk/view/extra-gazettes/2022/9/2296-02_E.pdf,doc-archive/2022/09/05/2296-02/2296-02_english.pdf
2296-03,https://documents.gov.lk/view/extra-gazettes/2022/9/2296-03_E.pdf,doc-archive/2022/09/05/2296-03/2296-03_english.pdf
2296-04,https://documents.gov.lk/view/extra-gazettes/2022/9/2296-04_E.pdf,doc-archive/2022/09/05/2296-04/2296-04_english.pdf
2295-44,https://documents.gov.lk/view/extra-gazettes/2022/9/2295-44_E.pdf,doc-archive/2022/09/03/2295-44/2295-44_english.pdf
2295-45,https://documents.gov.lk/view/extra-gazettes/2022/9/2295-45_E.pdf,doc-archive/2022/09/03/2295-45/2295-45_english.pdf
2295-46,https://documents.gov.lk/view/extra-gazettes/2022/9/2295-46_E.pdf,doc-archive/2022/09/03/2295-46/2295-46_english.pdf
2295-47,https://documents.gov.lk/view/extra-gazettes/2022/9/2295-47_E.pdf,doc-archive/2022/09/03/2295-47/2295-47_english.pdf
2295-48,https://documents.gov.lk/view/extra-gazettes/2022/9/2295-48_E.pdf,doc-archive/2022/09/03/2295-48/2295-48_english.pdf
2295-49,https://documents.gov.lk/view/extra-gazettes/2022/9/2295-49_E.pdf,doc-archive/2022/09/03/2295-49/2295-49_english.pdf
2295-50,https://documents.gov.lk/view/extra-gazettes/2022/9/2295-50_E.pdf,doc-archive/2022/09/03/2295-50/2295-50_english.pdf
2295-51,https://documents.gov.lk/view/extra-gazettes/2022/9/2295-51_E.pdf,doc-archive/2022/09/03/2295-51/2295-51_english.pdf
2295-52,https://documents.gov.lk/view/extra-gazettes/2022/9/2295-52_E.pdf,doc-archive/2022/09/03/2295-52/2295-52_english.pdf
2295-53,https://documents.gov.lk/view/extra-gazettes/2022/9/2295-53_E.pdf,doc-archive/2022/09/03/2295-53/2295-53_english.pdf
2295-54,https://documents.gov.lk/view/extra-gazettes/2022/9/2295-54_E.pdf,doc-archive/2022/09/03/2295-54/2295-54_english.pdf
2295-55,https://documents.gov.lk/view/extra-gazettes/2022/9/2295-55_E.pdf,doc-archive/2022/09/03/2295-55/2295-55_english.pdf
2295-56,https://documents.gov.lk/view/extra-gazettes/2022/9/2295-56_E.pdf,doc-archive/2022/09/03/2295-56/2295-56_english.pdf
2295-57,https://documents.gov.lk/view/extra-gazettes/2022/9/2295-57_E.pdf,doc-archive/2022/09/03/2295-57/2295-57_english.pdf
2295-58,https://documents.gov.lk/view/extra-gazettes/2022/9/2295-58_E.pdf,doc-archive/2022/09/03/2295-58/2295-58_english.pdf
2295-22,https://documents.gov.lk/view/extra-gazettes/2022/9/2295-22_E.pdf,doc-archive/2022/09/02/2295-22/2295-22_english.pdf
2295-23,https://documents.gov.lk/view/extra-gazettes/2022/9/2295-23_E.pdf,doc-archive/2022/09/02/2295-23/2295-23_english.pdf
2295-24,https://documents.gov.lk/view/extra-gazettes/2022/9/2295-24_E.pdf,doc-archive/2022/09/02/2295-24/2295-24_english.pdf
2295-25,https://documents.gov.lk/view/extra-gazettes/2022/9/2295-25_E.pdf,doc-archive/2022/09/02/2295-25/2295-25_english.pdf
2295-26,https://documents.gov.lk/view/extra-gazettes/2022/9/2295-26_E.pdf,doc-archive/2022/09/02/2295-26/2295-26_english.pdf
2295-27,https://documents.gov.lk/view/extra-gazettes/2022/9/2295-27_E.pdf,doc-archive/2022/09/02/2295-27/2295-27_english.pdf
2295-28,https://documents.gov.lk/view/extra-gazettes/2022/9/2295-28_E.pdf,doc-archive/2022/09/02/2295-28/2295-28_english.pdf
2295-29,https://documents.gov.lk/view/extra-gazettes/2022/9/2295-29_E.pdf,doc-archive/2022/09/02/2295-29/2295-29_english.pdf
2295-30,https://documents.gov.lk/view/extra-gazettes/2022/9/2295-30_E.pdf,doc-archive/2022/09/02/2295-30/2295-30_english.pdf
2295-31,https://documents.gov.lk/view/extra-gazettes/2022/9/2295-31_E.pdf,doc-archive/2022/09/02/2295-31/2295-31_english.pdf
2295-32,https://documents.gov.lk/view/extra-gazettes/2022/9/2295-32_E.pdf,doc-archive/2022/09/02/2295-32/2295-32_english.pdf
2295-33,https://documents.gov.lk/view/extra-gazettes/2022/9/2295-33_E.pdf,doc-archive/2022/09/02/2295-33/2295-33_english.pdf
2295-34,https://documents.gov.lk/view/extra-gazettes/2022/9/2295-34_E.pdf,doc-archive/2022/09/02/2295-34/2295-34_english.pdf
2295-35,https://documents.gov.lk/view/extra-gazettes/2022/9/2295-35_E.pdf,doc-archive/2022/09/02/2295-35/2295-35_english.pdf
2295-36,https://documents.gov.lk/view/extra-gazettes/2022/9/2295-36_E.pdf,doc-archive/2022/09/02/2295-36/2295-36_english.pdf
2295-37,https://documents.gov.lk/view/extra-gazettes/2022/9/2295-37_E.pdf,doc-archive/2022/09/02/2295-37/2295-37_english.pdf
2295-38,https://documents.gov.lk/view/extra-gazettes/2022/9/2295-38_E.pdf,doc-archive/2022/09/02/2295-38/2295-38_english.pdf
2295-39,https://documents.gov.lk/view/extra-gazettes/2022/9/2295-39_E.pdf,doc-archive/2022/09/02/2295-39/2295-39_english.pdf
2295-40,https://documents.gov.lk/view/extra-gazettes/2022/9/2295-40_E.pdf,doc-archive/2022/09/02/2295-40/2295-40_english.pdf
2295-41,https://documents.gov.lk/view/extra-gazettes/2022/9/2295-41_E.pdf,doc-archive/2022/09/02/2295-41/2295-41_english.pdf
2295-42,https://documents.gov.lk/view/extra-gazettes/2022/9/2295-42_E.pdf,doc-archive/2022/09/02/2295-42/2295-42_english.pdf
2295-43,https://documents.gov.lk/view/extra-gazettes/2022/9/2295-43_E.pdf,doc-archive/2022/09/02/2295-43/2295-43_english.pdf
2295-18,https://documents.gov.lk/view/extra-gazettes/2022/9/2295-18_E.pdf,doc-archive/2022/09/01/2295-18/2295-18_english.pdf
2295-21,https://documents.gov.lk/view/extra-gazettes/2022/9/2295-21_E.pdf,doc-archive/2022/09/01/2295-21/2295-21_english.pdf
2295-19,https://documents.gov.lk/view/extra-gazettes/2022/9/2295-19_E.pdf,doc-archive/2022/09/01/2295-19/2295-19_english.pdf
2304-01,https://documents.gov.lk/view/extra-gazettes/2022/10/2304-01_E.pdf,doc-archive/2022/10/31/2304-01/2304-01_english.pdf
2304-02,https://documents.gov.lk/view/extra-gazettes/2022/10/2304-02_E.pdf,doc-archive/2022/10/31/2304-02/2304-02_english.pdf
2304-04,https://documents.gov.lk/view/extra-gazettes/2022/10/2304-04_E.pdf,doc-archive/2022/10/31/2304-04/2304-04_english.pdf
2304-05,https://documents.gov.lk/view/extra-gazettes/2022/10/2304-05_E.pdf,doc-archive/2022/10/31/2304-05/2304-05_english.pdf
2304-06,https://documents.gov.lk/view/extra-gazettes/2022/10/2304-06_E.pdf,doc-archive/2022/10/31/2304-06/2304-06_english.pdf
2304-07,https://documents.gov.lk/view/extra-gazettes/2022/10/2304-07_E.pdf,doc-archive/2022/10/31/2304-07/2304-07_english.pdf
2304-08,https://documents.gov.lk/view/extra-gazettes/2022/10/2304-08_E.pdf,doc-archive/2022/10/31/2304-08/2304-08_english.pdf
2304-09,https://documents.gov.lk/view/extra-gazettes/2022/10/2304-09_E.pdf,doc-archive/2022/10/31/2304-09/2304-09_english.pdf
2304-10,https://documents.gov.lk/view/extra-gazettes/2022/10/2304-10_E.pdf,doc-archive/2022/10/31/2304-10/2304-10_english.pdf
2304-11,https://documents.gov.lk/view/extra-gazettes/2022/10/2304-11_E.pdf,doc-archive/2022/10/31/2304-11/2304-11_english.pdf
2304-12,https://documents.gov.lk/view/extra-gazettes/2022/10/2304-12_E.pdf,doc-archive/2022/10/31/2304-12/2304-12_english.pdf
2304-13,https://documents.gov.lk/view/extra-gazettes/2022/10/2304-13_E.pdf,doc-archive/2022/10/31/2304-13/2304-13_english.pdf
2304-14,https://documents.gov.lk/view/extra-gazettes/2022/10/2304-14_E.pdf,doc-archive/2022/10/31/2304-14/2304-14_english.pdf
2303-50,https://documents.gov.lk/view/extra-gazettes/2022/10/2303-50_E.pdf,doc-archive/2022/10/29/2303-50/2303-50_english.pdf
2303-51,https://documents.gov.lk/view/extra-gazettes/2022/10/2303-51_E.pdf,doc-archive/2022/10/29/2303-51/2303-51_english.pdf
2303-52,https://documents.gov.lk/view/extra-gazettes/2022/10/2303-52_E.pdf,doc-archive/2022/10/29/2303-52/2303-52_english.pdf
2303-54,https://documents.gov.lk/view/extra-gazettes/2022/10/2303-54_E.pdf,doc-archive/2022/10/29/2303-54/2303-54_english.pdf
2303-53,https://documents.gov.lk/view/extra-gazettes/2022/10/2303-53_E.pdf,doc-archive/2022/10/29/2303-53/2303-53_english.pdf
2303-55,https://documents.gov.lk/view/extra-gazettes/2022/10/2303-55_E.pdf,doc-archive/2022/10/29/2303-55/2303-55_english.pdf
2303-57,https://documents.gov.lk/view/extra-gazettes/2022/10/2303-57_E.pdf,doc-archive/2022/10/29/2303-57/2303-57_english.pdf
2303-56,https://documents.gov.lk/view/extra-gazettes/2022/10/2303-56_E.pdf,doc-archive/2022/10/29/2303-56/2303-56_english.pdf
2303-58,https://documents.gov.lk/view/extra-gazettes/2022/10/2303-58_E.pdf,doc-archive/2022/10/29/2303-58/2303-58_english.pdf
2303-59,https://documents.gov.lk/view/extra-gazettes/2022/10/2303-59_E.pdf,doc-archive/2022/10/29/2303-59/2303-59_english.pdf
2303-60,https://documents.gov.lk/view/extra-gazettes/2022/10/2303-60_E.pdf,doc-archive/2022/10/29/2303-60/2303-60_english.pdf
2303-61,https://documents.gov.lk/view/extra-gazettes/2022/10/2303-61_E.pdf,doc-archive/2022/10/29/2303-61/2303-61_english.pdf
2303-62,https://documents.gov.lk/view/extra-gazettes/2022/10/2303-62_E.pdf,doc-archive/2022/10/29/2303-62/2303-62_english.pdf
2303-63,https://documents.gov.lk/view/extra-gazettes/2022/10/2303-63_E.pdf,doc-archive/2022/10/29/2303-63/2303-63_english.pdf
2303-64,https://documents.gov.lk/view/extra-gazettes/2022/10/2303-64_E.pdf,doc-archive/2022/10/29/2303-64/2303-64_english.pdf
2303-65,https://documents.gov.lk/view/extra-gazettes/2022/10/2303-65_E.pdf,doc-archive/2022/10/29/2303-65/2303-65_english.pdf
2303-66,https://documents.gov.lk/view/extra-gazettes/2022/10/2303-66_E.pdf,doc-archive/2022/10/29/2303-66/2303-66_english.pdf
2303-67,https://documents.gov.lk/view/extra-gazettes/2022/10/2303-67_E.pdf,doc-archive/2022/10/29/2303-67/2303-67_english.pdf
2303-69,https://documents.gov.lk/view/extra-gazettes/2022/10/2303-69_E.pdf,doc-archive/2022/10/29/2303-69/2303-69_english.pdf
2303-70,https://documents.gov.lk/view/extra-gazettes/2022/10/2303-70_E.pdf,doc-archive/2022/10/29/2303-70/2303-70_english.pdf
2303-71,https://documents.gov.lk/view/extra-gazettes/2022/10/2303-71_E.pdf,doc-archive/2022/10/29/2303-71/2303-71_english.pdf
2303-73,https://documents.gov.lk/view/extra-gazettes/2022/10/2303-73_E.pdf,doc-archive/2022/10/29/2303-73/2303-73_english.pdf
2303-74,https://documents.gov.lk/view/extra-gazettes/2022/10/2303-74_E.pdf,doc-archive/2022/10/29/2303-74/2303-74_english.pdf
2303-75,https://documents.gov.lk/view/extra-gazettes/2022/10/2303-75_E.pdf,doc-archive/2022/10/29/2303-75/2303-75_english.pdf
2303-30,https://documents.gov.lk/view/extra-gazettes/2022/10/2303-30_E.pdf,doc-archive/2022/10/28/2303-30/2303-30_english.pdf
2303-31,https://documents.gov.lk/view/extra-gazettes/2022/10/2303-31_E.pdf,doc-archive/2022/10/28/2303-31/2303-31_english.pdf
2303-32,https://documents.gov.lk/view/extra-gazettes/2022/10/2303-32_E.pdf,doc-archive/2022/10/28/2303-32/2303-32_english.pdf
2303-33,https://documents.gov.lk/view/extra-gazettes/2022/10/2303-33_E.pdf,doc-archive/2022/10/28/2303-33/2303-33_english.pdf
2303-34,https://documents.gov.lk/view/extra-gazettes/2022/10/2303-34_E.pdf,doc-archive/2022/10/28/2303-34/2303-34_english.pdf
2303-35,https://documents.gov.lk/view/extra-gazettes/2022/10/2303-35_E.pdf,doc-archive/2022/10/28/2303-35/2303-35_english.pdf
2303-36,https://documents.gov.lk/view/extra-gazettes/2022/10/2303-36_E.pdf,doc-archive/2022/10/28/2303-36/2303-36_english.pdf
2303-37,https://documents.gov.lk/view/extra-gazettes/2022/10/2303-37_E.pdf,doc-archive/2022/10/28/2303-37/2303-37_english.pdf
2303-38,https://documents.gov.lk/view/extra-gazettes/2022/10/2303-38_E.pdf,doc-archive/2022/10/28/2303-38/2303-38_english.pdf
2303-39,https://documents.gov.lk/view/extra-gazettes/2022/10/2303-39_E.pdf,doc-archive/2022/10/28/2303-39/2303-39_english.pdf
2303-40,https://documents.gov.lk/view/extra-gazettes/2022/10/2303-40_E.pdf,doc-archive/2022/10/28/2303-40/2303-40_english.pdf
2303-41,https://documents.gov.lk/view/extra-gazettes/2022/10/2303-41_E.pdf,doc-archive/2022/10/28/2303-41/2303-41_english.pdf
2303-42,https://documents.gov.lk/view/extra-gazettes/2022/10/2303-42_E.pdf,doc-archive/2022/10/28/2303-42/2303-42_english.pdf
2303-43,https://documents.gov.lk/view/extra-gazettes/2022/10/2303-43_E.pdf,doc-archive/2022/10/28/2303-43/2303-43_english.pdf
2303-44,https://documents.gov.lk/view/extra-gazettes/2022/10/2303-44_E.pdf,doc-archive/2022/10/28/2303-44/2303-44_english.pdf
2303-45,https://documents.gov.lk/view/extra-gazettes/2022/10/2303-45_E.pdf,doc-archive/2022/10/28/2303-45/2303-45_english.pdf
2303-46,https://documents.gov.lk/view/extra-gazettes/2022/10/2303-46_E.pdf,doc-archive/2022/10/28/2303-46/2303-46_english.pdf
2303-47,https://documents.gov.lk/view/extra-gazettes/2022/10/2303-47_E.pdf,doc-archive/2022/10/28/2303-47/2303-47_english.pdf
2303-48,https://documents.gov.lk/view/extra-gazettes/2022/10/2303-48_E.pdf,doc-archive/2022/10/28/2303-48/2303-48_english.pdf
2303-24,https://documents.gov.lk/view/extra-gazettes/2022/10/2303-24_E.pdf,doc-archive/2022/10/27/2303-24/2303-24_english.pdf
2303-25,https://documents.gov.lk/view/extra-gazettes/2022/10/2303-25_E.pdf,doc-archive/2022/10/27/2303-25/2303-25_english.pdf
2303-26,https://documents.gov.lk/view/extra-gazettes/2022/10/2303-26_E.pdf,doc-archive/2022/10/27/2303-26/2303-26_english.pdf
2303-27,https://documents.gov.lk/view/extra-gazettes/2022/10/2303-27_E.pdf,doc-archive/2022/10/27/2303-27/2303-27_english.pdf
2303-28,https://documents.gov.lk/view/extra-gazettes/2022/10/2303-28_E.pdf,doc-archive/2022/10/27/2303-28/2303-28_english.pdf
2303-29,https://documents.gov.lk/view/extra-gazettes/2022/10/2303-29_E.pdf,doc-archive/2022/10/27/2303-29/2303-29_english.pdf
2302-26,https://documents.gov.lk/view/extra-gazettes/2022/10/2302-26_E.pdf,doc-archive/2022/10/26/2302-26/2302-26_english.pdf
2303-08,https://documents.gov.lk/view/extra-gazettes/2022/10/2303-08_E.pdf,doc-archive/2022/10/26/2303-08/2303-08_english.pdf
2303-09,https://documents.gov.lk/view/extra-gazettes/2022/10/2303-09_E.pdf,doc-archive/2022/10/26/2303-09/2303-09_english.pdf
2303-10,https://documents.gov.lk/view/extra-gazettes/2022/10/2303-10_E.pdf,doc-archive/2022/10/26/2303-10/2303-10_english.pdf
2303-11,https://documents.gov.lk/view/extra-gazettes/2022/10/2303-11_E.pdf,doc-archive/2022/10/26/2303-11/2303-11_english.pdf
2303-12,https://documents.gov.lk/view/extra-gazettes/2022/10/2303-12_E.pdf,doc-archive/2022/10/26/2303-12/2303-12_english.pdf
2303-13,https://documents.gov.lk/view/extra-gazettes/2022/10/2303-13_E.pdf,doc-archive/2022/10/26/2303-13/2303-13_english.pdf
2303-14,https://documents.gov.lk/view/extra-gazettes/2022/10/2303-14_E.pdf,doc-archive/2022/10/26/2303-14/2303-14_english.pdf
2303-15,https://documents.gov.lk/view/extra-gazettes/2022/10/2303-15_E.pdf,doc-archive/2022/10/26/2303-15/2303-15_english.pdf
2303-16,https://documents.gov.lk/view/extra-gazettes/2022/10/2303-16_E.pdf,doc-archive/2022/10/26/2303-16/2303-16_english.pdf
2303-17,https://documents.gov.lk/view/extra-gazettes/2022/10/2303-17_E.pdf,doc-archive/2022/10/26/2303-17/2303-17_english.pdf
2303-18,https://documents.gov.lk/view/extra-gazettes/2022/10/2303-18_E.pdf,doc-archive/2022/10/26/2303-18/2303-18_english.pdf
2303-19,https://documents.gov.lk/view/extra-gazettes/2022/10/2303-19_E.pdf,doc-archive/2022/10/26/2303-19/2303-19_english.pdf
2303-20,https://documents.gov.lk/view/extra-gazettes/2022/10/2303-20_E.pdf,doc-archive/2022/10/26/2303-20/2303-20_english.pdf
2303-21,https://documents.gov.lk/view/extra-gazettes/2022/10/2303-21_E.pdf,doc-archive/2022/10/26/2303-21/2303-21_english.pdf
2303-22,https://documents.gov.lk/view/extra-gazettes/2022/10/2303-22_E.pdf,doc-archive/2022/10/26/2303-22/2303-22_english.pdf
2303-23,https://documents.gov.lk/view/extra-gazettes/2022/10/2303-23_E.pdf,doc-archive/2022/10/26/2303-23/2303-23_english.pdf
2303-02,https://documents.gov.lk/view/extra-gazettes/2022/10/2303-02_E.pdf,doc-archive/2022/10/25/2303-02/2303-02_english.pdf
2303-03,https://documents.gov.lk/view/extra-gazettes/2022/10/2303-03_E.pdf,doc-archive/2022/10/25/2303-03/2303-03_english.pdf
2303-04,https://documents.gov.lk/view/extra-gazettes/2022/10/2303-04_E.pdf,doc-archive/2022/10/25/2303-04/2303-04_english.pdf
2303-05,https://documents.gov.lk/view/extra-gazettes/2022/10/2303-05_E.pdf,doc-archive/2022/10/25/2303-05/2303-05_english.pdf
2303-06,https://documents.gov.lk/view/extra-gazettes/2022/10/2303-06_E.pdf,doc-archive/2022/10/25/2303-06/2303-06_english.pdf
2303-07,https://documents.gov.lk/view/extra-gazettes/2022/10/2303-07_E.pdf,doc-archive/2022/10/25/2303-07/2303-07_english.pdf
2303-01,https://documents.gov.lk/view/extra-gazettes/2022/10/2303-01_E.pdf,doc-archive/2022/10/24/2303-01/2303-01_english.pdf
2302-41,https://documents.gov.lk/view/extra-gazettes/2022/10/2302-41_E.pdf,doc-archive/2022/10/22/2302-41/2302-41_english.pdf
2302-42,https://documents.gov.lk/view/extra-gazettes/2022/10/2302-42_E.pdf,doc-archive/2022/10/22/2302-42/2302-42_english.pdf
2302-43,https://documents.gov.lk/view/extra-gazettes/2022/10/2302-43_E.pdf,doc-archive/2022/10/22/2302-43/2302-43_english.pdf
2302-44,https://documents.gov.lk/view/extra-gazettes/2022/10/2302-44_E.pdf,doc-archive/2022/10/22/2302-44/2302-44_english.pdf
2302-46,https://documents.gov.lk/view/extra-gazettes/2022/10/2302-46_E.pdf,doc-archive/2022/10/22/2302-46/2302-46_english.pdf
2302-47,https://documents.gov.lk/view/extra-gazettes/2022/10/2302-47_E.pdf,doc-archive/2022/10/22/2302-47/2302-47_english.pdf
2302-48,https://documents.gov.lk/view/extra-gazettes/2022/10/2302-48_E.pdf,doc-archive/2022/10/22/2302-48/2302-48_english.pdf
2302-49,https://documents.gov.lk/view/extra-gazettes/2022/10/2302-49_E.pdf,doc-archive/2022/10/22/2302-49/2302-49_english.pdf
2302-50,https://documents.gov.lk/view/extra-gazettes/2022/10/2302-50_E.pdf,doc-archive/2022/10/22/2302-50/2302-50_english.pdf
2302-51,https://documents.gov.lk/view/extra-gazettes/2022/10/2302-51_E.pdf,doc-archive/2022/10/22/2302-51/2302-51_english.pdf
2302-52,https://documents.gov.lk/view/extra-gazettes/2022/10/2302-52_E.pdf,doc-archive/2022/10/22/2302-52/2302-52_english.pdf
2302-53,https://documents.gov.lk/view/extra-gazettes/2022/10/2302-53_E.pdf,doc-archive/2022/10/22/2302-53/2302-53_english.pdf
2302-54,https://documents.gov.lk/view/extra-gazettes/2022/10/2302-54_E.pdf,doc-archive/2022/10/22/2302-54/2302-54_english.pdf
2302-55,https://documents.gov.lk/view/extra-gazettes/2022/10/2302-55_E.pdf,doc-archive/2022/10/22/2302-55/2302-55_english.pdf
2302-56,https://documents.gov.lk/view/extra-gazettes/2022/10/2302-56_E.pdf,doc-archive/2022/10/22/2302-56/2302-56_english.pdf
2302-57,https://documents.gov.lk/view/extra-gazettes/2022/10/2302-57_E.pdf,doc-archive/2022/10/22/2302-57/2302-57_english.pdf
2302-58,https://documents.gov.lk/view/extra-gazettes/2022/10/2302-58_E.pdf,doc-archive/2022/10/22/2302-58/2302-58_english.pdf
2302-59,https://documents.gov.lk/view/extra-gazettes/2022/10/2302-59_E.pdf,doc-archive/2022/10/22/2302-59/2302-59_english.pdf
2302-60,https://documents.gov.lk/view/extra-gazettes/2022/10/2302-60_E.pdf,doc-archive/2022/10/22/2302-60/2302-60_english.pdf
2302-30,https://documents.gov.lk/view/extra-gazettes/2022/10/2302-30_E.pdf,doc-archive/2022/10/21/2302-30/2302-30_english.pdf
2302-31,https://documents.gov.lk/view/extra-gazettes/2022/10/2302-31_E.pdf,doc-archive/2022/10/21/2302-31/2302-31_english.pdf
2302-32,https://documents.gov.lk/view/extra-gazettes/2022/10/2302-32_E.pdf,doc-archive/2022/10/21/2302-32/2302-32_english.pdf
2302-33,https://documents.gov.lk/view/extra-gazettes/2022/10/2302-33_E.pdf,doc-archive/2022/10/21/2302-33/2302-33_english.pdf
2302-34,https://documents.gov.lk/view/extra-gazettes/2022/10/2302-34_E.pdf,doc-archive/2022/10/21/2302-34/2302-34_english.pdf
2302-35,https://documents.gov.lk/view/extra-gazettes/2022/10/2302-35_E.pdf,doc-archive/2022/10/21/2302-35/2302-35_english.pdf
2302-36,https://documents.gov.lk/view/extra-gazettes/2022/10/2302-36_E.pdf,doc-archive/2022/10/21/2302-36/2302-36_english.pdf
2302-37,https://documents.gov.lk/view/extra-gazettes/2022/10/2302-37_E.pdf,doc-archive/2022/10/21/2302-37/2302-37_english.pdf
2302-38,https://documents.gov.lk/view/extra-gazettes/2022/10/2302-38_E.pdf,doc-archive/2022/10/21/2302-38/2302-38_english.pdf
2302-39,https://documents.gov.lk/view/extra-gazettes/2022/10/2302-39_E.pdf,doc-archive/2022/10/21/2302-39/2302-39_english.pdf
2302-40,https://documents.gov.lk/view/extra-gazettes/2022/10/2302-40_E.pdf,doc-archive/2022/10/21/2302-40/2302-40_english.pdf
2302-24,https://documents.gov.lk/view/extra-gazettes/2022/10/2302-24_E.pdf,doc-archive/2022/10/20/2302-24/2302-24_english.pdf
2302-25,https://documents.gov.lk/view/extra-gazettes/2022/10/2302-25_E.pdf,doc-archive/2022/10/20/2302-25/2302-25_english.pdf
2302-27,https://documents.gov.lk/view/extra-gazettes/2022/10/2302-27_E.pdf,doc-archive/2022/10/20/2302-27/2302-27_english.pdf
2302-28,https://documents.gov.lk/view/extra-gazettes/2022/10/2302-28_E.pdf,doc-archive/2022/10/20/2302-28/2302-28_english.pdf
2302-29,https://documents.gov.lk/view/extra-gazettes/2022/10/2302-29_E.pdf,doc-archive/2022/10/20/2302-29/2302-29_english.pdf
2302-17,https://documents.gov.lk/view/extra-gazettes/2022/10/2302-17_E.pdf,doc-archive/2022/10/19/2302-17/2302-17_english.pdf
2302-18,https://documents.gov.lk/view/extra-gazettes/2022/10/2302-18_E.pdf,doc-archive/2022/10/19/2302-18/2302-18_english.pdf
2302-19,https://documents.gov.lk/view/extra-gazettes/2022/10/2302-19_E.pdf,doc-archive/2022/10/19/2302-19/2302-19_english.pdf
2302-20,https://documents.gov.lk/view/extra-gazettes/2022/10/2302-20_E.pdf,doc-archive/2022/10/19/2302-20/2302-20_english.pdf
2302-21,https://documents.gov.lk/view/extra-gazettes/2022/10/2302-21_E.pdf,doc-archive/2022/10/19/2302-21/2302-21_english.pdf
2302-22,https://documents.gov.lk/view/extra-gazettes/2022/10/2302-22_E.pdf,doc-archive/2022/10/19/2302-22/2302-22_english.pdf
2302-09,https://documents.gov.lk/view/extra-gazettes/2022/10/2302-09_E.pdf,doc-archive/2022/10/18/2302-09/2302-09_english.pdf
2302-10,https://documents.gov.lk/view/extra-gazettes/2022/10/2302-10_E.pdf,doc-archive/2022/10/18/2302-10/2302-10_english.pdf
2302-23,https://documents.gov.lk/view/extra-gazettes/2022/10/2302-23_E.pdf,doc-archive/2022/10/20/2302-23/2302-23_english.pdf
2302-11,https://documents.gov.lk/view/extra-gazettes/2022/10/2302-11_E.pdf,doc-archive/2022/10/18/2302-11/2302-11_english.pdf
2302-12,https://documents.gov.lk/view/extra-gazettes/2022/10/2302-12_E.pdf,doc-archive/2022/10/18/2302-12/2302-12_english.pdf
2302-13,https://documents.gov.lk/view/extra-gazettes/2022/10/2302-13_E.pdf,doc-archive/2022/10/18/2302-13/2302-13_english.pdf
2302-16,https://documents.gov.lk/view/extra-gazettes/2022/10/2302-16_E.pdf,doc-archive/2022/10/18/2302-16/2302-16_english.pdf
2302-01,https://documents.gov.lk/view/extra-gazettes/2022/10/2302-01_E.pdf,doc-archive/2022/10/17/2302-01/2302-01_english.pdf
2302-02,https://documents.gov.lk/view/extra-gazettes/2022/10/2302-02_E.pdf,doc-archive/2022/10/17/2302-02/2302-02_english.pdf
2302-03,https://documents.gov.lk/view/extra-gazettes/2022/10/2302-03_E.pdf,doc-archive/2022/10/17/2302-03/2302-03_english.pdf
2302-07,https://documents.gov.lk/view/extra-gazettes/2022/10/2302-07_E.pdf,doc-archive/2022/10/17/2302-07/2302-07_english.pdf
2302-08,https://documents.gov.lk/view/extra-gazettes/2022/10/2302-08_E.pdf,doc-archive/2022/10/17/2302-08/2302-08_english.pdf
2301-62,https://documents.gov.lk/view/extra-gazettes/2022/10/2301-62_E.pdf,doc-archive/2022/10/15/2301-62/2301-62_english.pdf
2301-64,https://documents.gov.lk/view/extra-gazettes/2022/10/2301-64_E.pdf,doc-archive/2022/10/15/2301-64/2301-64_english.pdf
2301-65,https://documents.gov.lk/view/extra-gazettes/2022/10/2301-65_E.pdf,doc-archive/2022/10/15/2301-65/2301-65_english.pdf
2301-66,https://documents.gov.lk/view/extra-gazettes/2022/10/2301-66_E.pdf,doc-archive/2022/10/15/2301-66/2301-66_english.pdf
2301-68,https://documents.gov.lk/view/extra-gazettes/2022/10/2301-68_E.pdf,doc-archive/2022/10/15/2301-68/2301-68_english.pdf
2301-67,https://documents.gov.lk/view/extra-gazettes/2022/10/2301-67_E.pdf,doc-archive/2022/10/15/2301-67/2301-67_english.pdf
2301-69,https://documents.gov.lk/view/extra-gazettes/2022/10/2301-69_E.pdf,doc-archive/2022/10/15/2301-69/2301-69_english.pdf
2301-70,https://documents.gov.lk/view/extra-gazettes/2022/10/2301-70_E.pdf,doc-archive/2022/10/15/2301-70/2301-70_english.pdf
2301-71,https://documents.gov.lk/view/extra-gazettes/2022/10/2301-71_E.pdf,doc-archive/2022/10/15/2301-71/2301-71_english.pdf
2301-72,https://documents.gov.lk/view/extra-gazettes/2022/10/2301-72_E.pdf,doc-archive/2022/10/15/2301-72/2301-72_english.pdf
2301-73,https://documents.gov.lk/view/extra-gazettes/2022/10/2301-73_E.pdf,doc-archive/2022/10/15/2301-73/2301-73_english.pdf
2301-74,https://documents.gov.lk/view/extra-gazettes/2022/10/2301-74_E.pdf,doc-archive/2022/10/15/2301-74/2301-74_english.pdf
2301-75,https://documents.gov.lk/view/extra-gazettes/2022/10/2301-75_E.pdf,doc-archive/2022/10/15/2301-75/2301-75_english.pdf
2301-49,https://documents.gov.lk/view/extra-gazettes/2022/10/2301-49_E.pdf,doc-archive/2022/10/14/2301-49/2301-49_english.pdf
2301-50,https://documents.gov.lk/view/extra-gazettes/2022/10/2301-50_E.pdf,doc-archive/2022/10/14/2301-50/2301-50_english.pdf
2301-51,https://documents.gov.lk/view/extra-gazettes/2022/10/2301-51_E.pdf,doc-archive/2022/10/14/2301-51/2301-51_english.pdf
2301-52,https://documents.gov.lk/view/extra-gazettes/2022/10/2301-52_E.pdf,doc-archive/2022/10/14/2301-52/2301-52_english.pdf
2301-53,https://documents.gov.lk/view/extra-gazettes/2022/10/2301-53_E.pdf,doc-archive/2022/10/14/2301-53/2301-53_english.pdf
2301-54,https://documents.gov.lk/view/extra-gazettes/2022/10/2301-54_E.pdf,doc-archive/2022/10/14/2301-54/2301-54_english.pdf
2301-55,https://documents.gov.lk/view/extra-gazettes/2022/10/2301-55_E.pdf,doc-archive/2022/10/14/2301-55/2301-55_english.pdf
2301-56,https://documents.gov.lk/view/extra-gazettes/2022/10/2301-56_E.pdf,doc-archive/2022/10/14/2301-56/2301-56_english.pdf
2301-58,https://documents.gov.lk/view/extra-gazettes/2022/10/2301-58_E.pdf,doc-archive/2022/10/14/2301-58/2301-58_english.pdf
2301-59,https://documents.gov.lk/view/extra-gazettes/2022/10/2301-59_E.pdf,doc-archive/2022/10/14/2301-59/2301-59_english.pdf
2301-40,https://documents.gov.lk/view/extra-gazettes/2022/10/2301-40_E.pdf,doc-archive/2022/10/13/2301-40/2301-40_english.pdf
2301-41,https://documents.gov.lk/view/extra-gazettes/2022/10/2301-41_E.pdf,doc-archive/2022/10/13/2301-41/2301-41_english.pdf
2301-42,https://documents.gov.lk/view/extra-gazettes/2022/10/2301-42_E.pdf,doc-archive/2022/10/13/2301-42/2301-42_english.pdf
2301-43,https://documents.gov.lk/view/extra-gazettes/2022/10/2301-43_E.pdf,doc-archive/2022/10/13/2301-43/2301-43_english.pdf
2301-44,https://documents.gov.lk/view/extra-gazettes/2022/10/2301-44_E.pdf,doc-archive/2022/10/13/2301-44/2301-44_english.pdf
2301-45,https://documents.gov.lk/view/extra-gazettes/2022/10/2301-45_E.pdf,doc-archive/2022/10/13/2301-45/2301-45_english.pdf
2301-47,https://documents.gov.lk/view/extra-gazettes/2022/10/2301-47_E.pdf,doc-archive/2022/10/13/2301-47/2301-47_english.pdf
2301-48,https://documents.gov.lk/view/extra-gazettes/2022/10/2301-48_E.pdf,doc-archive/2022/10/13/2301-48/2301-48_english.pdf
2301-33,https://documents.gov.lk/view/extra-gazettes/2022/10/2301-33_E.pdf,doc-archive/2022/10/12/2301-33/2301-33_english.pdf
2301-34,https://documents.gov.lk/view/extra-gazettes/2022/10/2301-34_E.pdf,doc-archive/2022/10/12/2301-34/2301-34_english.pdf
2301-35,https://documents.gov.lk/view/extra-gazettes/2022/10/2301-35_E.pdf,doc-archive/2022/10/12/2301-35/2301-35_english.pdf
2301-36,https://documents.gov.lk/view/extra-gazettes/2022/10/2301-36_E.pdf,doc-archive/2022/10/12/2301-36/2301-36_english.pdf
2301-46,https://documents.gov.lk/view/extra-gazettes/2022/10/2301-46_E.pdf,doc-archive/2022/10/13/2301-46/2301-46_english.pdf
2301-37,https://documents.gov.lk/view/extra-gazettes/2022/10/2301-37_E.pdf,doc-archive/2022/10/12/2301-37/2301-37_english.pdf
2301-39,https://documents.gov.lk/view/extra-gazettes/2022/10/2301-39_E.pdf,doc-archive/2022/10/12/2301-39/2301-39_english.pdf
2301-38,https://documents.gov.lk/view/extra-gazettes/2022/10/2301-38_E.pdf,doc-archive/2022/10/12/2301-38/2301-38_english.pdf
2301-26,https://documents.gov.lk/view/extra-gazettes/2022/10/2301-26_E.pdf,doc-archive/2022/10/11/2301-26/2301-26_english.pdf
2301-28,https://documents.gov.lk/view/extra-gazettes/2022/10/2301-28_E.pdf,doc-archive/2022/10/11/2301-28/2301-28_english.pdf
2301-27,https://documents.gov.lk/view/extra-gazettes/2022/10/2301-27_E.pdf,doc-archive/2022/10/11/2301-27/2301-27_english.pdf
2301-29,https://documents.gov.lk/view/extra-gazettes/2022/10/2301-29_E.pdf,doc-archive/2022/10/11/2301-29/2301-29_english.pdf
2301-31,https://documents.gov.lk/view/extra-gazettes/2022/10/2301-31_E.pdf,doc-archive/2022/10/11/2301-31/2301-31_english.pdf
2301-30,https://documents.gov.lk/view/extra-gazettes/2022/10/2301-30_E.pdf,doc-archive/2022/10/11/2301-30/2301-30_english.pdf
2301-32,https://documents.gov.lk/view/extra-gazettes/2022/10/2301-32_E.pdf,doc-archive/2022/10/11/2301-32/2301-32_english.pdf
2301-01,https://documents.gov.lk/view/extra-gazettes/2022/10/2301-01_E.pdf,doc-archive/2022/10/10/2301-01/2301-01_english.pdf
2301-02,https://documents.gov.lk/view/extra-gazettes/2022/10/2301-02_E.pdf,doc-archive/2022/10/10/2301-02/2301-02_english.pdf
2301-03,https://documents.gov.lk/view/extra-gazettes/2022/10/2301-03_E.pdf,doc-archive/2022/10/10/2301-03/2301-03_english.pdf
2301-04,https://documents.gov.lk/view/extra-gazettes/2022/10/2301-04_E.pdf,doc-archive/2022/10/10/2301-04/2301-04_english.pdf
2301-05,https://documents.gov.lk/view/extra-gazettes/2022/10/2301-05_E.pdf,doc-archive/2022/10/10/2301-05/2301-05_english.pdf
2301-06,https://documents.gov.lk/view/extra-gazettes/2022/10/2301-06_E.pdf,doc-archive/2022/10/10/2301-06/2301-06_english.pdf
2301-08,https://documents.gov.lk/view/extra-gazettes/2022/10/2301-08_E.pdf,doc-archive/2022/10/10/2301-08/2301-08_english.pdf
2301-07,https://documents.gov.lk/view/extra-gazettes/2022/10/2301-07_E.pdf,doc-archive/2022/10/10/2301-07/2301-07_english.pdf
2301-09,https://documents.gov.lk/view/extra-gazettes/2022/10/2301-09_E.pdf,doc-archive/2022/10/10/2301-09/2301-09_english.pdf
2301-10,https://documents.gov.lk/view/extra-gazettes/2022/10/2301-10_E.pdf,doc-archive/2022/10/10/2301-10/2301-10_english.pdf
2301-12,https://documents.gov.lk/view/extra-gazettes/2022/10/2301-12_E.pdf,doc-archive/2022/10/10/2301-12/2301-12_english.pdf
2301-13,https://documents.gov.lk/view/extra-gazettes/2022/10/2301-13_E.pdf,doc-archive/2022/10/10/2301-13/2301-13_english.pdf
2301-14,https://documents.gov.lk/view/extra-gazettes/2022/10/2301-14_E.pdf,doc-archive/2022/10/10/2301-14/2301-14_english.pdf
2301-16,https://documents.gov.lk/view/extra-gazettes/2022/10/2301-16_E.pdf,doc-archive/2022/10/10/2301-16/2301-16_english.pdf
2301-15,https://documents.gov.lk/view/extra-gazettes/2022/10/2301-15_E.pdf,doc-archive/2022/10/10/2301-15/2301-15_english.pdf
2301-17,https://documents.gov.lk/view/extra-gazettes/2022/10/2301-17_E.pdf,doc-archive/2022/10/10/2301-17/2301-17_english.pdf
2301-18,https://documents.gov.lk/view/extra-gazettes/2022/10/2301-18_E.pdf,doc-archive/2022/10/10/2301-18/2301-18_english.pdf
2301-19,https://documents.gov.lk/view/extra-gazettes/2022/10/2301-19_E.pdf,doc-archive/2022/10/10/2301-19/2301-19_english.pdf
2301-20,https://documents.gov.lk/view/extra-gazettes/2022/10/2301-20_E.pdf,doc-archive/2022/10/10/2301-20/2301-20_english.pdf
2301-21,https://documents.gov.lk/view/extra-gazettes/2022/10/2301-21_E.pdf,doc-archive/2022/10/10/2301-21/2301-21_english.pdf
2301-22,https://documents.gov.lk/view/extra-gazettes/2022/10/2301-22_E.pdf,doc-archive/2022/10/10/2301-22/2301-22_english.pdf
2301-23,https://documents.gov.lk/view/extra-gazettes/2022/10/2301-23_E.pdf,doc-archive/2022/10/10/2301-23/2301-23_english.pdf
2301-24,https://documents.gov.lk/view/extra-gazettes/2022/10/2301-24_E.pdf,doc-archive/2022/10/10/2301-24/2301-24_english.pdf
2301-25,https://documents.gov.lk/view/extra-gazettes/2022/10/2301-25_E.pdf,doc-archive/2022/10/10/2301-25/2301-25_english.pdf
2300-38,https://documents.gov.lk/view/extra-gazettes/2022/10/2300-38_E.pdf,doc-archive/2022/10/08/2300-38/2300-38_english.pdf
2300-39,https://documents.gov.lk/view/extra-gazettes/2022/10/2300-39_E.pdf,doc-archive/2022/10/08/2300-39/2300-39_english.pdf
2300-40,https://documents.gov.lk/view/extra-gazettes/2022/10/2300-40_E.pdf,doc-archive/2022/10/08/2300-40/2300-40_english.pdf
2300-41,https://documents.gov.lk/view/extra-gazettes/2022/10/2300-41_E.pdf,doc-archive/2022/10/08/2300-41/2300-41_english.pdf
2300-42,https://documents.gov.lk/view/extra-gazettes/2022/10/2300-42_E.pdf,doc-archive/2022/10/08/2300-42/2300-42_english.pdf
2300-43,https://documents.gov.lk/view/extra-gazettes/2022/10/2300-43_E.pdf,doc-archive/2022/10/08/2300-43/2300-43_english.pdf
2300-44,https://documents.gov.lk/view/extra-gazettes/2022/10/2300-44_E.pdf,doc-archive/2022/10/08/2300-44/2300-44_english.pdf
2300-45,https://documents.gov.lk/view/extra-gazettes/2022/10/2300-45_E.pdf,doc-archive/2022/10/08/2300-45/2300-45_english.pdf
2300-46,https://documents.gov.lk/view/extra-gazettes/2022/10/2300-46_E.pdf,doc-archive/2022/10/08/2300-46/2300-46_english.pdf
2300-47,https://documents.gov.lk/view/extra-gazettes/2022/10/2300-47_E.pdf,doc-archive/2022/10/08/2300-47/2300-47_english.pdf
2300-48,https://documents.gov.lk/view/extra-gazettes/2022/10/2300-48_E.pdf,doc-archive/2022/10/08/2300-48/2300-48_english.pdf
2300-49,https://documents.gov.lk/view/extra-gazettes/2022/10/2300-49_E.pdf,doc-archive/2022/10/08/2300-49/2300-49_english.pdf
2300-50,https://documents.gov.lk/view/extra-gazettes/2022/10/2300-50_E.pdf,doc-archive/2022/10/08/2300-50/2300-50_english.pdf
2300-51,https://documents.gov.lk/view/extra-gazettes/2022/10/2300-51_E.pdf,doc-archive/2022/10/08/2300-51/2300-51_english.pdf
2300-52,https://documents.gov.lk/view/extra-gazettes/2022/10/2300-52_E.pdf,doc-archive/2022/10/08/2300-52/2300-52_english.pdf
2300-53,https://documents.gov.lk/view/extra-gazettes/2022/10/2300-53_E.pdf,doc-archive/2022/10/08/2300-53/2300-53_english.pdf
2300-54,https://documents.gov.lk/view/extra-gazettes/2022/10/2300-54_E.pdf,doc-archive/2022/10/08/2300-54/2300-54_english.pdf
2300-55,https://documents.gov.lk/view/extra-gazettes/2022/10/2300-55_E.pdf,doc-archive/2022/10/08/2300-55/2300-55_english.pdf
2300-56,https://documents.gov.lk/view/extra-gazettes/2022/10/2300-56_E.pdf,doc-archive/2022/10/08/2300-56/2300-56_english.pdf
2300-57,https://documents.gov.lk/view/extra-gazettes/2022/10/2300-57_E.pdf,doc-archive/2022/10/08/2300-57/2300-57_english.pdf
2300-33,https://documents.gov.lk/view/extra-gazettes/2022/10/2300-33_E.pdf,doc-archive/2022/10/07/2300-33/2300-33_english.pdf
2300-34,https://documents.gov.lk/view/extra-gazettes/2022/10/2300-34_E.pdf,doc-archive/2022/10/07/2300-34/2300-34_english.pdf
2300-35,https://documents.gov.lk/view/extra-gazettes/2022/10/2300-35_E.pdf,doc-archive/2022/10/07/2300-35/2300-35_english.pdf
2300-36,https://documents.gov.lk/view/extra-gazettes/2022/10/2300-36_E.pdf,doc-archive/2022/10/07/2300-36/2300-36_english.pdf
2300-37,https://documents.gov.lk/view/extra-gazettes/2022/10/2300-37_E.pdf,doc-archive/2022/10/07/2300-37/2300-37_english.pdf
2300-25,https://documents.gov.lk/view/extra-gazettes/2022/10/2300-25_E.pdf,doc-archive/2022/10/06/2300-25/2300-25_english.pdf
2300-26,https://documents.gov.lk/view/extra-gazettes/2022/10/2300-26_E.pdf,doc-archive/2022/10/06/2300-26/2300-26_english.pdf
2300-27,https://documents.gov.lk/view/extra-gazettes/2022/10/2300-27_E.pdf,doc-archive/2022/10/06/2300-27/2300-27_english.pdf
2300-28,https://documents.gov.lk/view/extra-gazettes/2022/10/2300-28_E.pdf,doc-archive/2022/10/06/2300-28/2300-28_english.pdf
2300-29,https://documents.gov.lk/view/extra-gazettes/2022/10/2300-29_E.pdf,doc-archive/2022/10/06/2300-29/2300-29_english.pdf
2300-30,https://documents.gov.lk/view/extra-gazettes/2022/10/2300-30_E.pdf,doc-archive/2022/10/06/2300-30/2300-30_english.pdf
2300-31,https://documents.gov.lk/view/extra-gazettes/2022/10/2300-31_E.pdf,doc-archive/2022/10/06/2300-31/2300-31_english.pdf
2300-32,https://documents.gov.lk/view/extra-gazettes/2022/10/2300-32_E.pdf,doc-archive/2022/10/06/2300-32/2300-32_english.pdf
2300-12,https://documents.gov.lk/view/extra-gazettes/2022/10/2300-12_E.pdf,doc-archive/2022/10/05/2300-12/2300-12_english.pdf
2300-13,https://documents.gov.lk/view/extra-gazettes/2022/10/2300-13_E.pdf,doc-archive/2022/10/05/2300-13/2300-13_english.pdf
2300-14,https://documents.gov.lk/view/extra-gazettes/2022/10/2300-14_E.pdf,doc-archive/2022/10/05/2300-14/2300-14_english.pdf
2300-15,https://documents.gov.lk/view/extra-gazettes/2022/10/2300-15_E.pdf,doc-archive/2022/10/05/2300-15/2300-15_english.pdf
2300-16,https://documents.gov.lk/view/extra-gazettes/2022/10/2300-16_E.pdf,doc-archive/2022/10/05/2300-16/2300-16_english.pdf
2300-17,https://documents.gov.lk/view/extra-gazettes/2022/10/2300-17_E.pdf,doc-archive/2022/10/05/2300-17/2300-17_english.pdf
2300-19,https://documents.gov.lk/view/extra-gazettes/2022/10/2300-19_E.pdf,doc-archive/2022/10/05/2300-19/2300-19_english.pdf
2300-20,https://documents.gov.lk/view/extra-gazettes/2022/10/2300-20_E.pdf,doc-archive/2022/10/05/2300-20/2300-20_english.pdf
2300-21,https://documents.gov.lk/view/extra-gazettes/2022/10/2300-21_E.pdf,doc-archive/2022/10/05/2300-21/2300-21_english.pdf
2300-22,https://documents.gov.lk/view/extra-gazettes/2022/10/2300-22_E.pdf,doc-archive/2022/10/05/2300-22/2300-22_english.pdf
2300-23,https://documents.gov.lk/view/extra-gazettes/2022/10/2300-23_E.pdf,doc-archive/2022/10/05/2300-23/2300-23_english.pdf
2300-24,https://documents.gov.lk/view/extra-gazettes/2022/10/2300-24_E.pdf,doc-archive/2022/10/05/2300-24/2300-24_english.pdf
2300-09,https://documents.gov.lk/view/extra-gazettes/2022/10/2300-09_E.pdf,doc-archive/2022/10/04/2300-09/2300-09_english.pdf
2300-10,https://documents.gov.lk/view/extra-gazettes/2022/10/2300-10_E.pdf,doc-archive/2022/10/04/2300-10/2300-10_english.pdf
2300-11,https://documents.gov.lk/view/extra-gazettes/2022/10/2300-11_E.pdf,doc-archive/2022/10/04/2300-11/2300-11_english.pdf
2300-01,https://documents.gov.lk/view/extra-gazettes/2022/10/2300-01_E.pdf,doc-archive/2022/10/03/2300-01/2300-01_english.pdf
2300-02,https://documents.gov.lk/view/extra-gazettes/2022/10/2300-02_E.pdf,doc-archive/2022/10/03/2300-02/2300-02_english.pdf
2300-03,https://documents.gov.lk/view/extra-gazettes/2022/10/2300-03_E.pdf,doc-archive/2022/10/03/2300-03/2300-03_english.pdf
2300-04,https://documents.gov.lk/view/extra-gazettes/2022/10/2300-04_E.pdf,doc-archive/2022/10/03/2300-04/2300-04_english.pdf
2300-05,https://documents.gov.lk/view/extra-gazettes/2022/10/2300-05_E.pdf,doc-archive/2022/10/03/2300-05/2300-05_english.pdf
2300-06,https://documents.gov.lk/view/extra-gazettes/2022/10/2300-06_E.pdf,doc-archive/2022/10/03/2300-06/2300-06_english.pdf
2300-08,https://documents.gov.lk/view/extra-gazettes/2022/10/2300-08_E.pdf,doc-archive/2022/10/03/2300-08/2300-08_english.pdf
2299-71,https://documents.gov.lk/view/extra-gazettes/2022/10/2299-71_E.pdf,doc-archive/2022/10/01/2299-71/2299-71_english.pdf
2300-07,https://documents.gov.lk/view/extra-gazettes/2022/10/2300-07_E.pdf,doc-archive/2022/10/03/2300-07/2300-07_english.pdf
2308-16,https://documents.gov.lk/view/extra-gazettes/2022/11/2308-16_E.pdf,doc-archive/2022/11/30/2308-16/2308-16_english.pdf
2308-17,https://documents.gov.lk/view/extra-gazettes/2022/11/2308-17_E.pdf,doc-archive/2022/11/30/2308-17/2308-17_english.pdf
2308-18,https://documents.gov.lk/view/extra-gazettes/2022/11/2308-18_E.pdf,doc-archive/2022/11/30/2308-18/2308-18_english.pdf
2308-20,https://documents.gov.lk/view/extra-gazettes/2022/11/2308-20_E.pdf,doc-archive/2022/11/30/2308-20/2308-20_english.pdf
2308-19,https://documents.gov.lk/view/extra-gazettes/2022/11/2308-19_E.pdf,doc-archive/2022/11/30/2308-19/2308-19_english.pdf
2308-22,https://documents.gov.lk/view/extra-gazettes/2022/11/2308-22_E.pdf,doc-archive/2022/11/30/2308-22/2308-22_english.pdf
2308-21,https://documents.gov.lk/view/extra-gazettes/2022/11/2308-21_E.pdf,doc-archive/2022/11/30/2308-21/2308-21_english.pdf
2308-07,https://documents.gov.lk/view/extra-gazettes/2022/11/2308-07_E.pdf,doc-archive/2022/11/29/2308-07/2308-07_english.pdf
2308-08,https://documents.gov.lk/view/extra-gazettes/2022/11/2308-08_E.pdf,doc-archive/2022/11/29/2308-08/2308-08_english.pdf
2308-09,https://documents.gov.lk/view/extra-gazettes/2022/11/2308-09_E.pdf,doc-archive/2022/11/29/2308-09/2308-09_english.pdf
2308-10,https://documents.gov.lk/view/extra-gazettes/2022/11/2308-10_E.pdf,doc-archive/2022/11/29/2308-10/2308-10_english.pdf
2308-11,https://documents.gov.lk/view/extra-gazettes/2022/11/2308-11_E.pdf,doc-archive/2022/11/29/2308-11/2308-11_english.pdf
2308-12,https://documents.gov.lk/view/extra-gazettes/2022/11/2308-12_E.pdf,doc-archive/2022/11/29/2308-12/2308-12_english.pdf
2308-14,https://documents.gov.lk/view/extra-gazettes/2022/11/2308-14_E.pdf,doc-archive/2022/11/29/2308-14/2308-14_english.pdf
2308-01,https://documents.gov.lk/view/extra-gazettes/2022/11/2308-01_E.pdf,doc-archive/2022/11/28/2308-01/2308-01_english.pdf
2308-13,https://documents.gov.lk/view/extra-gazettes/2022/11/2308-13_E.pdf,doc-archive/2022/11/29/2308-13/2308-13_english.pdf
2308-02,https://documents.gov.lk/view/extra-gazettes/2022/11/2308-02_E.pdf,doc-archive/2022/11/28/2308-02/2308-02_english.pdf
2308-03,https://documents.gov.lk/view/extra-gazettes/2022/11/2308-03_E.pdf,doc-archive/2022/11/28/2308-03/2308-03_english.pdf
2308-04,https://documents.gov.lk/view/extra-gazettes/2022/11/2308-04_E.pdf,doc-archive/2022/11/28/2308-04/2308-04_english.pdf
2308-05,https://documents.gov.lk/view/extra-gazettes/2022/11/2308-05_E.pdf,doc-archive/2022/11/28/2308-05/2308-05_english.pdf
2307-69,https://documents.gov.lk/view/extra-gazettes/2022/11/2307-69_E.pdf,doc-archive/2022/11/26/2307-69/2307-69_english.pdf
2307-71,https://documents.gov.lk/view/extra-gazettes/2022/11/2307-71_E.pdf,doc-archive/2022/11/26/2307-71/2307-71_english.pdf
2307-70,https://documents.gov.lk/view/extra-gazettes/2022/11/2307-70_E.pdf,doc-archive/2022/11/26/2307-70/2307-70_english.pdf
2307-72,https://documents.gov.lk/view/extra-gazettes/2022/11/2307-72_E.pdf,doc-archive/2022/11/26/2307-72/2307-72_english.pdf
2307-73,https://documents.gov.lk/view/extra-gazettes/2022/11/2307-73_E.pdf,doc-archive/2022/11/26/2307-73/2307-73_english.pdf
2307-75,https://documents.gov.lk/view/extra-gazettes/2022/11/2307-75_E.pdf,doc-archive/2022/11/26/2307-75/2307-75_english.pdf
2307-74,https://documents.gov.lk/view/extra-gazettes/2022/11/2307-74_E.pdf,doc-archive/2022/11/26/2307-74/2307-74_english.pdf
2307-76,https://documents.gov.lk/view/extra-gazettes/2022/11/2307-76_E.pdf,doc-archive/2022/11/26/2307-76/2307-76_english.pdf
2307-78,https://documents.gov.lk/view/extra-gazettes/2022/11/2307-78_E.pdf,doc-archive/2022/11/26/2307-78/2307-78_english.pdf
2307-77,https://documents.gov.lk/view/extra-gazettes/2022/11/2307-77_E.pdf,doc-archive/2022/11/26/2307-77/2307-77_english.pdf
2307-79,https://documents.gov.lk/view/extra-gazettes/2022/11/2307-79_E.pdf,doc-archive/2022/11/26/2307-79/2307-79_english.pdf
2307-80,https://documents.gov.lk/view/extra-gazettes/2022/11/2307-80_E.pdf,doc-archive/2022/11/26/2307-80/2307-80_english.pdf
2307-81,https://documents.gov.lk/view/extra-gazettes/2022/11/2307-81_E.pdf,doc-archive/2022/11/26/2307-81/2307-81_english.pdf
2307-82,https://documents.gov.lk/view/extra-gazettes/2022/11/2307-82_E.pdf,doc-archive/2022/11/26/2307-82/2307-82_english.pdf
2307-83,https://documents.gov.lk/view/extra-gazettes/2022/11/2307-83_E.pdf,doc-archive/2022/11/26/2307-83/2307-83_english.pdf
2307-84,https://documents.gov.lk/view/extra-gazettes/2022/11/2307-84_E.pdf,doc-archive/2022/11/26/2307-84/2307-84_english.pdf
2307-85,https://documents.gov.lk/view/extra-gazettes/2022/11/2307-85_E.pdf,doc-archive/2022/11/26/2307-85/2307-85_english.pdf
2307-51,https://documents.gov.lk/view/extra-gazettes/2022/11/2307-51_E.pdf,doc-archive/2022/11/25/2307-51/2307-51_english.pdf
2307-52,https://documents.gov.lk/view/extra-gazettes/2022/11/2307-52_E.pdf,doc-archive/2022/11/25/2307-52/2307-52_english.pdf
2307-53,https://documents.gov.lk/view/extra-gazettes/2022/11/2307-53_E.pdf,doc-archive/2022/11/25/2307-53/2307-53_english.pdf
2307-55,https://documents.gov.lk/view/extra-gazettes/2022/11/2307-55_E.pdf,doc-archive/2022/11/25/2307-55/2307-55_english.pdf
2307-54,https://documents.gov.lk/view/extra-gazettes/2022/11/2307-54_E.pdf,doc-archive/2022/11/25/2307-54/2307-54_english.pdf
2307-56,https://documents.gov.lk/view/extra-gazettes/2022/11/2307-56_E.pdf,doc-archive/2022/11/25/2307-56/2307-56_english.pdf
2307-57,https://documents.gov.lk/view/extra-gazettes/2022/11/2307-57_E.pdf,doc-archive/2022/11/25/2307-57/2307-57_english.pdf
2307-58,https://documents.gov.lk/view/extra-gazettes/2022/11/2307-58_E.pdf,doc-archive/2022/11/25/2307-58/2307-58_english.pdf
2307-60,https://documents.gov.lk/view/extra-gazettes/2022/11/2307-60_E.pdf,doc-archive/2022/11/25/2307-60/2307-60_english.pdf
2307-59,https://documents.gov.lk/view/extra-gazettes/2022/11/2307-59_E.pdf,doc-archive/2022/11/25/2307-59/2307-59_english.pdf
2307-61,https://documents.gov.lk/view/extra-gazettes/2022/11/2307-61_E.pdf,doc-archive/2022/11/25/2307-61/2307-61_english.pdf
2307-63,https://documents.gov.lk/view/extra-gazettes/2022/11/2307-63_E.pdf,doc-archive/2022/11/25/2307-63/2307-63_english.pdf
2307-64,https://documents.gov.lk/view/extra-gazettes/2022/11/2307-64_E.pdf,doc-archive/2022/11/25/2307-64/2307-64_english.pdf
2307-62,https://documents.gov.lk/view/extra-gazettes/2022/11/2307-62_E.pdf,doc-archive/2022/11/25/2307-62/2307-62_english.pdf
2307-66,https://documents.gov.lk/view/extra-gazettes/2022/11/2307-66_E.pdf,doc-archive/2022/11/25/2307-66/2307-66_english.pdf
2307-67,https://documents.gov.lk/view/extra-gazettes/2022/11/2307-67_E.pdf,doc-archive/2022/11/25/2307-67/2307-67_english.pdf
2307-68,https://documents.gov.lk/view/extra-gazettes/2022/11/2307-68_E.pdf,doc-archive/2022/11/25/2307-68/2307-68_english.pdf
2307-17,https://documents.gov.lk/view/extra-gazettes/2022/11/2307-17_E.pdf,doc-archive/2022/11/24/2307-17/2307-17_english.pdf
2307-18,https://documents.gov.lk/view/extra-gazettes/2022/11/2307-18_E.pdf,doc-archive/2022/11/24/2307-18/2307-18_english.pdf
2307-19,https://documents.gov.lk/view/extra-gazettes/2022/11/2307-19_E.pdf,doc-archive/2022/11/24/2307-19/2307-19_english.pdf
2307-20,https://documents.gov.lk/view/extra-gazettes/2022/11/2307-20_E.pdf,doc-archive/2022/11/24/2307-20/2307-20_english.pdf
2307-21,https://documents.gov.lk/view/extra-gazettes/2022/11/2307-21_E.pdf,doc-archive/2022/11/24/2307-21/2307-21_english.pdf
2307-22,https://documents.gov.lk/view/extra-gazettes/2022/11/2307-22_E.pdf,doc-archive/2022/11/24/2307-22/2307-22_english.pdf
2307-23,https://documents.gov.lk/view/extra-gazettes/2022/11/2307-23_E.pdf,doc-archive/2022/11/24/2307-23/2307-23_english.pdf
2307-24,https://documents.gov.lk/view/extra-gazettes/2022/11/2307-24_E.pdf,doc-archive/2022/11/24/2307-24/2307-24_english.pdf
2307-25,https://documents.gov.lk/view/extra-gazettes/2022/11/2307-25_E.pdf,doc-archive/2022/11/24/2307-25/2307-25_english.pdf
2307-26,https://documents.gov.lk/view/extra-gazettes/2022/11/2307-26_E.pdf,doc-archive/2022/11/24/2307-26/2307-26_english.pdf
2307-27,https://documents.gov.lk/view/extra-gazettes/2022/11/2307-27_E.pdf,doc-archive/2022/11/24/2307-27/2307-27_english.pdf
2307-28,https://documents.gov.lk/view/extra-gazettes/2022/11/2307-28_E.pdf,doc-archive/2022/11/24/2307-28/2307-28_english.pdf
2307-29,https://documents.gov.lk/view/extra-gazettes/2022/11/2307-29_E.pdf,doc-archive/2022/11/24/2307-29/2307-29_english.pdf
2307-30,https://documents.gov.lk/view/extra-gazettes/2022/11/2307-30_E.pdf,doc-archive/2022/11/24/2307-30/2307-30_english.pdf
2307-31,https://documents.gov.lk/view/extra-gazettes/2022/11/2307-31_E.pdf,doc-archive/2022/11/24/2307-31/2307-31_english.pdf
2307-32,https://documents.gov.lk/view/extra-gazettes/2022/11/2307-32_E.pdf,doc-archive/2022/11/24/2307-32/2307-32_english.pdf
2307-33,https://documents.gov.lk/view/extra-gazettes/2022/11/2307-33_E.pdf,doc-archive/2022/11/24/2307-33/2307-33_english.pdf
2307-34,https://documents.gov.lk/view/extra-gazettes/2022/11/2307-34_E.pdf,doc-archive/2022/11/24/2307-34/2307-34_english.pdf
2307-35,https://documents.gov.lk/view/extra-gazettes/2022/11/2307-35_E.pdf,doc-archive/2022/11/24/2307-35/2307-35_english.pdf
2307-36,https://documents.gov.lk/view/extra-gazettes/2022/11/2307-36_E.pdf,doc-archive/2022/11/24/2307-36/2307-36_english.pdf
2307-37,https://documents.gov.lk/view/extra-gazettes/2022/11/2307-37_E.pdf,doc-archive/2022/11/24/2307-37/2307-37_english.pdf
2307-39,https://documents.gov.lk/view/extra-gazettes/2022/11/2307-39_E.pdf,doc-archive/2022/11/24/2307-39/2307-39_english.pdf
2307-40,https://documents.gov.lk/view/extra-gazettes/2022/11/2307-40_E.pdf,doc-archive/2022/11/24/2307-40/2307-40_english.pdf
2307-38,https://documents.gov.lk/view/extra-gazettes/2022/11/2307-38_E.pdf,doc-archive/2022/11/24/2307-38/2307-38_english.pdf
2307-41,https://documents.gov.lk/view/extra-gazettes/2022/11/2307-41_E.pdf,doc-archive/2022/11/24/2307-41/2307-41_english.pdf
2307-42,https://documents.gov.lk/view/extra-gazettes/2022/11/2307-42_E.pdf,doc-archive/2022/11/24/2307-42/2307-42_english.pdf
2307-44,https://documents.gov.lk/view/extra-gazettes/2022/11/2307-44_E.pdf,doc-archive/2022/11/24/2307-44/2307-44_english.pdf
2307-43,https://documents.gov.lk/view/extra-gazettes/2022/11/2307-43_E.pdf,doc-archive/2022/11/24/2307-43/2307-43_english.pdf
2307-45,https://documents.gov.lk/view/extra-gazettes/2022/11/2307-45_E.pdf,doc-archive/2022/11/24/2307-45/2307-45_english.pdf
2307-46,https://documents.gov.lk/view/extra-gazettes/2022/11/2307-46_E.pdf,doc-archive/2022/11/24/2307-46/2307-46_english.pdf
2307-47,https://documents.gov.lk/view/extra-gazettes/2022/11/2307-47_E.pdf,doc-archive/2022/11/24/2307-47/2307-47_english.pdf
2307-48,https://documents.gov.lk/view/extra-gazettes/2022/11/2307-48_E.pdf,doc-archive/2022/11/24/2307-48/2307-48_english.pdf
2307-49,https://documents.gov.lk/view/extra-gazettes/2022/11/2307-49_E.pdf,doc-archive/2022/11/24/2307-49/2307-49_english.pdf
2307-50,https://documents.gov.lk/view/extra-gazettes/2022/11/2307-50_E.pdf,doc-archive/2022/11/24/2307-50/2307-50_english.pdf
2307-12,https://documents.gov.lk/view/extra-gazettes/2022/11/2307-12_E.pdf,doc-archive/2022/11/23/2307-12/2307-12_english.pdf
2307-13,https://documents.gov.lk/view/extra-gazettes/2022/11/2307-13_E.pdf,doc-archive/2022/11/23/2307-13/2307-13_english.pdf
2307-14,https://documents.gov.lk/view/extra-gazettes/2022/11/2307-14_E.pdf,doc-archive/2022/11/23/2307-14/2307-14_english.pdf
2307-15,https://documents.gov.lk/view/extra-gazettes/2022/11/2307-15_E.pdf,doc-archive/2022/11/23/2307-15/2307-15_english.pdf
2307-16,https://documents.gov.lk/view/extra-gazettes/2022/11/2307-16_E.pdf,doc-archive/2022/11/23/2307-16/2307-16_english.pdf
2307-11,https://documents.gov.lk/view/extra-gazettes/2022/11/2307-11_E.pdf,doc-archive/2022/11/22/2307-11/2307-11_english.pdf
2307-01,https://documents.gov.lk/view/extra-gazettes/2022/11/2307-01_E.pdf,doc-archive/2022/11/21/2307-01/2307-01_english.pdf
2307-03,https://documents.gov.lk/view/extra-gazettes/2022/11/2307-03_E.pdf,doc-archive/2022/11/21/2307-03/2307-03_english.pdf
2307-04,https://documents.gov.lk/view/extra-gazettes/2022/11/2307-04_E.pdf,doc-archive/2022/11/21/2307-04/2307-04_english.pdf
2307-02,https://documents.gov.lk/view/extra-gazettes/2022/11/2307-02_E.pdf,doc-archive/2022/11/21/2307-02/2307-02_english.pdf
2307-07,https://documents.gov.lk/view/extra-gazettes/2022/11/2307-07_E.pdf,doc-archive/2022/11/21/2307-07/2307-07_english.pdf
2307-09,https://documents.gov.lk/view/extra-gazettes/2022/11/2307-09_E.pdf,doc-archive/2022/11/21/2307-09/2307-09_english.pdf
2307-08,https://documents.gov.lk/view/extra-gazettes/2022/11/2307-08_E.pdf,doc-archive/2022/11/21/2307-08/2307-08_english.pdf
2306-83,https://documents.gov.lk/view/extra-gazettes/2022/11/2306-83_E.pdf,doc-archive/2022/11/19/2306-83/2306-83_english.pdf
2307-10,https://documents.gov.lk/view/extra-gazettes/2022/11/2307-10_E.pdf,doc-archive/2022/11/21/2307-10/2307-10_english.pdf
2306-84,https://documents.gov.lk/view/extra-gazettes/2022/11/2306-84_E.pdf,doc-archive/2022/11/19/2306-84/2306-84_english.pdf
2306-86,https://documents.gov.lk/view/extra-gazettes/2022/11/2306-86_E.pdf,doc-archive/2022/11/19/2306-86/2306-86_english.pdf
2306-85,https://documents.gov.lk/view/extra-gazettes/2022/11/2306-85_E.pdf,doc-archive/2022/11/19/2306-85/2306-85_english.pdf
2306-87,https://documents.gov.lk/view/extra-gazettes/2022/11/2306-87_E.pdf,doc-archive/2022/11/19/2306-87/2306-87_english.pdf
2306-88,https://documents.gov.lk/view/extra-gazettes/2022/11/2306-88_E.pdf,doc-archive/2022/11/19/2306-88/2306-88_english.pdf
2306-89,https://documents.gov.lk/view/extra-gazettes/2022/11/2306-89_E.pdf,doc-archive/2022/11/19/2306-89/2306-89_english.pdf
2306-90,https://documents.gov.lk/view/extra-gazettes/2022/11/2306-90_E.pdf,doc-archive/2022/11/19/2306-90/2306-90_english.pdf
2306-56,https://documents.gov.lk/view/extra-gazettes/2022/11/2306-56_E.pdf,doc-archive/2022/11/18/2306-56/2306-56_english.pdf
2306-58,https://documents.gov.lk/view/extra-gazettes/2022/11/2306-58_E.pdf,doc-archive/2022/11/18/2306-58/2306-58_english.pdf
2306-57,https://documents.gov.lk/view/extra-gazettes/2022/11/2306-57_E.pdf,doc-archive/2022/11/18/2306-57/2306-57_english.pdf
2306-59,https://documents.gov.lk/view/extra-gazettes/2022/11/2306-59_E.pdf,doc-archive/2022/11/18/2306-59/2306-59_english.pdf
2306-60,https://documents.gov.lk/view/extra-gazettes/2022/11/2306-60_E.pdf,doc-archive/2022/11/18/2306-60/2306-60_english.pdf
2306-61,https://documents.gov.lk/view/extra-gazettes/2022/11/2306-61_E.pdf,doc-archive/2022/11/18/2306-61/2306-61_english.pdf
2306-62,https://documents.gov.lk/view/extra-gazettes/2022/11/2306-62_E.pdf,doc-archive/2022/11/18/2306-62/2306-62_english.pdf
2306-63,https://documents.gov.lk/view/extra-gazettes/2022/11/2306-63_E.pdf,doc-archive/2022/11/18/2306-63/2306-63_english.pdf
2306-64,https://documents.gov.lk/view/extra-gazettes/2022/11/2306-64_E.pdf,doc-archive/2022/11/18/2306-64/2306-64_english.pdf
2306-65,https://documents.gov.lk/view/extra-gazettes/2022/11/2306-65_E.pdf,doc-archive/2022/11/18/2306-65/2306-65_english.pdf
2306-66,https://documents.gov.lk/view/extra-gazettes/2022/11/2306-66_E.pdf,doc-archive/2022/11/18/2306-66/2306-66_english.pdf
2306-67,https://documents.gov.lk/view/extra-gazettes/2022/11/2306-67_E.pdf,doc-archive/2022/11/18/2306-67/2306-67_english.pdf
2306-69,https://documents.gov.lk/view/extra-gazettes/2022/11/2306-69_E.pdf,doc-archive/2022/11/18/2306-69/2306-69_english.pdf
2306-70,https://documents.gov.lk/view/extra-gazettes/2022/11/2306-70_E.pdf,doc-archive/2022/11/18/2306-70/2306-70_english.pdf
2306-71,https://documents.gov.lk/view/extra-gazettes/2022/11/2306-71_E.pdf,doc-archive/2022/11/18/2306-71/2306-71_english.pdf
2306-72,https://documents.gov.lk/view/extra-gazettes/2022/11/2306-72_E.pdf,doc-archive/2022/11/18/2306-72/2306-72_english.pdf
2306-73,https://documents.gov.lk/view/extra-gazettes/2022/11/2306-73_E.pdf,doc-archive/2022/11/18/2306-73/2306-73_english.pdf
2306-74,https://documents.gov.lk/view/extra-gazettes/2022/11/2306-74_E.pdf,doc-archive/2022/11/18/2306-74/2306-74_english.pdf
2306-75,https://documents.gov.lk/view/extra-gazettes/2022/11/2306-75_E.pdf,doc-archive/2022/11/18/2306-75/2306-75_english.pdf
2306-76,https://documents.gov.lk/view/extra-gazettes/2022/11/2306-76_E.pdf,doc-archive/2022/11/18/2306-76/2306-76_english.pdf
2306-77,https://documents.gov.lk/view/extra-gazettes/2022/11/2306-77_E.pdf,doc-archive/2022/11/18/2306-77/2306-77_english.pdf
2306-78,https://documents.gov.lk/view/extra-gazettes/2022/11/2306-78_E.pdf,doc-archive/2022/11/18/2306-78/2306-78_english.pdf
2306-79,https://documents.gov.lk/view/extra-gazettes/2022/11/2306-79_E.pdf,doc-archive/2022/11/18/2306-79/2306-79_english.pdf
2306-80,https://documents.gov.lk/view/extra-gazettes/2022/11/2306-80_E.pdf,doc-archive/2022/11/18/2306-80/2306-80_english.pdf
2306-81,https://documents.gov.lk/view/extra-gazettes/2022/11/2306-81_E.pdf,doc-archive/2022/11/18/2306-81/2306-81_english.pdf
2306-39,https://documents.gov.lk/view/extra-gazettes/2022/11/2306-39_E.pdf,doc-archive/2022/11/17/2306-39/2306-39_english.pdf
2306-82,https://documents.gov.lk/view/extra-gazettes/2022/11/2306-82_E.pdf,doc-archive/2022/11/18/2306-82/2306-82_english.pdf
2306-40,https://documents.gov.lk/view/extra-gazettes/2022/11/2306-40_E.pdf,doc-archive/2022/11/17/2306-40/2306-40_english.pdf
2306-41,https://documents.gov.lk/view/extra-gazettes/2022/11/2306-41_E.pdf,doc-archive/2022/11/17/2306-41/2306-41_english.pdf
2306-42,https://documents.gov.lk/view/extra-gazettes/2022/11/2306-42_E.pdf,doc-archive/2022/11/17/2306-42/2306-42_english.pdf
2306-43,https://documents.gov.lk/view/extra-gazettes/2022/11/2306-43_E.pdf,doc-archive/2022/11/17/2306-43/2306-43_english.pdf
2306-44,https://documents.gov.lk/view/extra-gazettes/2022/11/2306-44_E.pdf,doc-archive/2022/11/17/2306-44/2306-44_english.pdf
2306-45,https://documents.gov.lk/view/extra-gazettes/2022/11/2306-45_E.pdf,doc-archive/2022/11/17/2306-45/2306-45_english.pdf
2306-46,https://documents.gov.lk/view/extra-gazettes/2022/11/2306-46_E.pdf,doc-archive/2022/11/17/2306-46/2306-46_english.pdf
2306-47,https://documents.gov.lk/view/extra-gazettes/2022/11/2306-47_E.pdf,doc-archive/2022/11/17/2306-47/2306-47_english.pdf
2306-48,https://documents.gov.lk/view/extra-gazettes/2022/11/2306-48_E.pdf,doc-archive/2022/11/17/2306-48/2306-48_english.pdf
2306-49,https://documents.gov.lk/view/extra-gazettes/2022/11/2306-49_E.pdf,doc-archive/2022/11/17/2306-49/2306-49_english.pdf
2306-51,https://documents.gov.lk/view/extra-gazettes/2022/11/2306-51_E.pdf,doc-archive/2022/11/17/2306-51/2306-51_english.pdf
2306-52,https://documents.gov.lk/view/extra-gazettes/2022/11/2306-52_E.pdf,doc-archive/2022/11/17/2306-52/2306-52_english.pdf
2306-53,https://documents.gov.lk/view/extra-gazettes/2022/11/2306-53_E.pdf,doc-archive/2022/11/17/2306-53/2306-53_english.pdf
2306-54,https://documents.gov.lk/view/extra-gazettes/2022/11/2306-54_E.pdf,doc-archive/2022/11/17/2306-54/2306-54_english.pdf
2306-55,https://documents.gov.lk/view/extra-gazettes/2022/11/2306-55_E.pdf,doc-archive/2022/11/17/2306-55/2306-55_english.pdf
2306-50,https://documents.gov.lk/view/extra-gazettes/2022/11/2306-50_E.pdf,doc-archive/2022/11/17/2306-50/2306-50_english.pdf
2306-24,https://documents.gov.lk/view/extra-gazettes/2022/11/2306-24_E.pdf,doc-archive/2022/11/16/2306-24/2306-24_english.pdf
2306-25,https://documents.gov.lk/view/extra-gazettes/2022/11/2306-25_E.pdf,doc-archive/2022/11/16/2306-25/2306-25_english.pdf
2306-23,https://documents.gov.lk/view/extra-gazettes/2022/11/2306-23_E.pdf,doc-archive/2022/11/16/2306-23/2306-23_english.pdf
2306-26,https://documents.gov.lk/view/extra-gazettes/2022/11/2306-26_E.pdf,doc-archive/2022/11/16/2306-26/2306-26_english.pdf
2306-27,https://documents.gov.lk/view/extra-gazettes/2022/11/2306-27_E.pdf,doc-archive/2022/11/16/2306-27/2306-27_english.pdf
2306-29,https://documents.gov.lk/view/extra-gazettes/2022/11/2306-29_E.pdf,doc-archive/2022/11/16/2306-29/2306-29_english.pdf
2306-30,https://documents.gov.lk/view/extra-gazettes/2022/11/2306-30_E.pdf,doc-archive/2022/11/16/2306-30/2306-30_english.pdf
2306-28,https://documents.gov.lk/view/extra-gazettes/2022/11/2306-28_E.pdf,doc-archive/2022/11/16/2306-28/2306-28_english.pdf
2306-31,https://documents.gov.lk/view/extra-gazettes/2022/11/2306-31_E.pdf,doc-archive/2022/11/16/2306-31/2306-31_english.pdf
2306-33,https://documents.gov.lk/view/extra-gazettes/2022/11/2306-33_E.pdf,doc-archive/2022/11/16/2306-33/2306-33_english.pdf
2306-32,https://documents.gov.lk/view/extra-gazettes/2022/11/2306-32_E.pdf,doc-archive/2022/11/16/2306-32/2306-32_english.pdf
2306-34,https://documents.gov.lk/view/extra-gazettes/2022/11/2306-34_E.pdf,doc-archive/2022/11/16/2306-34/2306-34_english.pdf
2306-35,https://documents.gov.lk/view/extra-gazettes/2022/11/2306-35_E.pdf,doc-archive/2022/11/16/2306-35/2306-35_english.pdf
2306-36,https://documents.gov.lk/view/extra-gazettes/2022/11/2306-36_E.pdf,doc-archive/2022/11/16/2306-36/2306-36_english.pdf
2306-37,https://documents.gov.lk/view/extra-gazettes/2022/11/2306-37_E.pdf,doc-archive/2022/11/16/2306-37/2306-37_english.pdf
2306-38,https://documents.gov.lk/view/extra-gazettes/2022/11/2306-38_E.pdf,doc-archive/2022/11/16/2306-38/2306-38_english.pdf
2306-17,https://documents.gov.lk/view/extra-gazettes/2022/11/2306-17_E.pdf,doc-archive/2022/11/15/2306-17/2306-17_english.pdf
2306-18,https://documents.gov.lk/view/extra-gazettes/2022/11/2306-18_E.pdf,doc-archive/2022/11/15/2306-18/2306-18_english.pdf
2306-19,https://documents.gov.lk/view/extra-gazettes/2022/11/2306-19_E.pdf,doc-archive/2022/11/15/2306-19/2306-19_english.pdf
2306-20,https://documents.gov.lk/view/extra-gazettes/2022/11/2306-20_E.pdf,doc-archive/2022/11/15/2306-20/2306-20_english.pdf
2306-16,https://documents.gov.lk/view/extra-gazettes/2022/11/2306-16_E.pdf,doc-archive/2022/11/15/2306-16/2306-16_english.pdf
2306-21,https://documents.gov.lk/view/extra-gazettes/2022/11/2306-21_E.pdf,doc-archive/2022/11/15/2306-21/2306-21_english.pdf
2306-01,https://documents.gov.lk/view/extra-gazettes/2022/11/2306-01_E.pdf,doc-archive/2022/11/14/2306-01/2306-01_english.pdf
2306-22,https://documents.gov.lk/view/extra-gazettes/2022/11/2306-22_E.pdf,doc-archive/2022/11/15/2306-22/2306-22_english.pdf
2306-03,https://documents.gov.lk/view/extra-gazettes/2022/11/2306-03_E.pdf,doc-archive/2022/11/14/2306-03/2306-03_english.pdf
2306-02,https://documents.gov.lk/view/extra-gazettes/2022/11/2306-02_E.pdf,doc-archive/2022/11/14/2306-02/2306-02_english.pdf
2306-05,https://documents.gov.lk/view/extra-gazettes/2022/11/2306-05_E.pdf,doc-archive/2022/11/14/2306-05/2306-05_english.pdf
2306-07,https://documents.gov.lk/view/extra-gazettes/2022/11/2306-07_E.pdf,doc-archive/2022/11/14/2306-07/2306-07_english.pdf
2306-08,https://documents.gov.lk/view/extra-gazettes/2022/11/2306-08_E.pdf,doc-archive/2022/11/14/2306-08/2306-08_english.pdf
2306-06,https://documents.gov.lk/view/extra-gazettes/2022/11/2306-06_E.pdf,doc-archive/2022/11/14/2306-06/2306-06_english.pdf
2306-09,https://documents.gov.lk/view/extra-gazettes/2022/11/2306-09_E.pdf,doc-archive/2022/11/14/2306-09/2306-09_english.pdf
2306-10,https://documents.gov.lk/view/extra-gazettes/2022/11/2306-10_E.pdf,doc-archive/2022/11/14/2306-10/2306-10_english.pdf
2306-11,https://documents.gov.lk/view/extra-gazettes/2022/11/2306-11_E.pdf,doc-archive/2022/11/14/2306-11/2306-11_english.pdf
2306-12,https://documents.gov.lk/view/extra-gazettes/2022/11/2306-12_E.pdf,doc-archive/2022/11/14/2306-12/2306-12_english.pdf
2306-13,https://documents.gov.lk/view/extra-gazettes/2022/11/2306-13_E.pdf,doc-archive/2022/11/14/2306-13/2306-13_english.pdf
2306-14,https://documents.gov.lk/view/extra-gazettes/2022/11/2306-14_E.pdf,doc-archive/2022/11/14/2306-14/2306-14_english.pdf
2306-15,https://documents.gov.lk/view/extra-gazettes/2022/11/2306-15_E.pdf,doc-archive/2022/11/14/2306-15/2306-15_english.pdf
2305-21,https://documents.gov.lk/view/extra-gazettes/2022/11/2305-21_E.pdf,doc-archive/2022/11/11/2305-21/2305-21_english.pdf
2305-22,https://documents.gov.lk/view/extra-gazettes/2022/11/2305-22_E.pdf,doc-archive/2022/11/11/2305-22/2305-22_english.pdf
2305-23,https://documents.gov.lk/view/extra-gazettes/2022/11/2305-23_E.pdf,doc-archive/2022/11/11/2305-23/2305-23_english.pdf
2305-24,https://documents.gov.lk/view/extra-gazettes/2022/11/2305-24_E.pdf,doc-archive/2022/11/11/2305-24/2305-24_english.pdf
2305-25,https://documents.gov.lk/view/extra-gazettes/2022/11/2305-25_E.pdf,doc-archive/2022/11/11/2305-25/2305-25_english.pdf
2305-27,https://documents.gov.lk/view/extra-gazettes/2022/11/2305-27_E.pdf,doc-archive/2022/11/11/2305-27/2305-27_english.pdf
2305-26,https://documents.gov.lk/view/extra-gazettes/2022/11/2305-26_E.pdf,doc-archive/2022/11/11/2305-26/2305-26_english.pdf
2305-28,https://documents.gov.lk/view/extra-gazettes/2022/11/2305-28_E.pdf,doc-archive/2022/11/11/2305-28/2305-28_english.pdf
2305-30,https://documents.gov.lk/view/extra-gazettes/2022/11/2305-30_E.pdf,doc-archive/2022/11/11/2305-30/2305-30_english.pdf
2305-29,https://documents.gov.lk/view/extra-gazettes/2022/11/2305-29_E.pdf,doc-archive/2022/11/11/2305-29/2305-29_english.pdf
2305-31,https://documents.gov.lk/view/extra-gazettes/2022/11/2305-31_E.pdf,doc-archive/2022/11/11/2305-31/2305-31_english.pdf
2305-32,https://documents.gov.lk/view/extra-gazettes/2022/11/2305-32_E.pdf,doc-archive/2022/11/11/2305-32/2305-32_english.pdf
2305-33,https://documents.gov.lk/view/extra-gazettes/2022/11/2305-33_E.pdf,doc-archive/2022/11/11/2305-33/2305-33_english.pdf
2305-34,https://documents.gov.lk/view/extra-gazettes/2022/11/2305-34_E.pdf,doc-archive/2022/11/11/2305-34/2305-34_english.pdf
2305-35,https://documents.gov.lk/view/extra-gazettes/2022/11/2305-35_E.pdf,doc-archive/2022/11/11/2305-35/2305-35_english.pdf
2305-36,https://documents.gov.lk/view/extra-gazettes/2022/11/2305-36_E.pdf,doc-archive/2022/11/11/2305-36/2305-36_english.pdf
2305-37,https://documents.gov.lk/view/extra-gazettes/2022/11/2305-37_E.pdf,doc-archive/2022/11/11/2305-37/2305-37_english.pdf
2305-38,https://documents.gov.lk/view/extra-gazettes/2022/11/2305-38_E.pdf,doc-archive/2022/11/11/2305-38/2305-38_english.pdf
2305-41,https://documents.gov.lk/view/extra-gazettes/2022/11/2305-41_E.pdf,doc-archive/2022/11/11/2305-41/2305-41_english.pdf
2305-40,https://documents.gov.lk/view/extra-gazettes/2022/11/2305-40_E.pdf,doc-archive/2022/11/11/2305-40/2305-40_english.pdf
2305-42,https://documents.gov.lk/view/extra-gazettes/2022/11/2305-42_E.pdf,doc-archive/2022/11/11/2305-42/2305-42_english.pdf
2305-43,https://documents.gov.lk/view/extra-gazettes/2022/11/2305-43_E.pdf,doc-archive/2022/11/11/2305-43/2305-43_english.pdf
2305-44,https://documents.gov.lk/view/extra-gazettes/2022/11/2305-44_E.pdf,doc-archive/2022/11/11/2305-44/2305-44_english.pdf
2305-45,https://documents.gov.lk/view/extra-gazettes/2022/11/2305-45_E.pdf,doc-archive/2022/11/11/2305-45/2305-45_english.pdf
2305-46,https://documents.gov.lk/view/extra-gazettes/2022/11/2305-46_E.pdf,doc-archive/2022/11/11/2305-46/2305-46_english.pdf
2305-47,https://documents.gov.lk/view/extra-gazettes/2022/11/2305-47_E.pdf,doc-archive/2022/11/11/2305-47/2305-47_english.pdf
2305-48,https://documents.gov.lk/view/extra-gazettes/2022/11/2305-48_E.pdf,doc-archive/2022/11/11/2305-48/2305-48_english.pdf
2305-50,https://documents.gov.lk/view/extra-gazettes/2022/11/2305-50_E.pdf,doc-archive/2022/11/11/2305-50/2305-50_english.pdf
2305-49,https://documents.gov.lk/view/extra-gazettes/2022/11/2305-49_E.pdf,doc-archive/2022/11/11/2305-49/2305-49_english.pdf
2305-51,https://documents.gov.lk/view/extra-gazettes/2022/11/2305-51_E.pdf,doc-archive/2022/11/11/2305-51/2305-51_english.pdf
2305-52,https://documents.gov.lk/view/extra-gazettes/2022/11/2305-52_E.pdf,doc-archive/2022/11/11/2305-52/2305-52_english.pdf
2305-19,https://documents.gov.lk/view/extra-gazettes/2022/11/2305-19_E.pdf,doc-archive/2022/11/10/2305-19/2305-19_english.pdf
2305-18,https://documents.gov.lk/view/extra-gazettes/2022/11/2305-18_E.pdf,doc-archive/2022/11/10/2305-18/2305-18_english.pdf
2305-20,https://documents.gov.lk/view/extra-gazettes/2022/11/2305-20_E.pdf,doc-archive/2022/11/10/2305-20/2305-20_english.pdf
2305-12,https://documents.gov.lk/view/extra-gazettes/2022/11/2305-12_E.pdf,doc-archive/2022/11/09/2305-12/2305-12_english.pdf
2305-13,https://documents.gov.lk/view/extra-gazettes/2022/11/2305-13_E.pdf,doc-archive/2022/11/09/2305-13/2305-13_english.pdf
2305-14,https://documents.gov.lk/view/extra-gazettes/2022/11/2305-14_E.pdf,doc-archive/2022/11/09/2305-14/2305-14_english.pdf
2305-16,https://documents.gov.lk/view/extra-gazettes/2022/11/2305-16_E.pdf,doc-archive/2022/11/09/2305-16/2305-16_english.pdf
2305-15,https://documents.gov.lk/view/extra-gazettes/2022/11/2305-15_E.pdf,doc-archive/2022/11/09/2305-15/2305-15_english.pdf
2305-17,https://documents.gov.lk/view/extra-gazettes/2022/11/2305-17_E.pdf,doc-archive/2022/11/09/2305-17/2305-17_english.pdf
2305-10,https://documents.gov.lk/view/extra-gazettes/2022/11/2305-10_E.pdf,doc-archive/2022/11/08/2305-10/2305-10_english.pdf
2305-11,https://documents.gov.lk/view/extra-gazettes/2022/11/2305-11_E.pdf,doc-archive/2022/11/08/2305-11/2305-11_english.pdf
2305-09,https://documents.gov.lk/view/extra-gazettes/2022/11/2305-09_E.pdf,doc-archive/2022/11/08/2305-09/2305-09_english.pdf
2305-01,https://documents.gov.lk/view/extra-gazettes/2022/11/2305-01_E.pdf,doc-archive/2022/11/07/2305-01/2305-01_english.pdf
2305-02,https://documents.gov.lk/view/extra-gazettes/2022/11/2305-02_E.pdf,doc-archive/2022/11/07/2305-02/2305-02_english.pdf
2305-04,https://documents.gov.lk/view/extra-gazettes/2022/11/2305-04_E.pdf,doc-archive/2022/11/07/2305-04/2305-04_english.pdf
2305-03,https://documents.gov.lk/view/extra-gazettes/2022/11/2305-03_E.pdf,doc-archive/2022/11/07/2305-03/2305-03_english.pdf
2305-06,https://documents.gov.lk/view/extra-gazettes/2022/11/2305-06_E.pdf,doc-archive/2022/11/07/2305-06/2305-06_english.pdf
2305-05,https://documents.gov.lk/view/extra-gazettes/2022/11/2305-05_E.pdf,doc-archive/2022/11/07/2305-05/2305-05_english.pdf
2305-08,https://documents.gov.lk/view/extra-gazettes/2022/11/2305-08_E.pdf,doc-archive/2022/11/07/2305-08/2305-08_english.pdf
2304-28,https://documents.gov.lk/view/extra-gazettes/2022/11/2304-28_E.pdf,doc-archive/2022/11/05/2304-28/2304-28_english.pdf
2305-07,https://documents.gov.lk/view/extra-gazettes/2022/11/2305-07_E.pdf,doc-archive/2022/11/07/2305-07/2305-07_english.pdf
2304-59,https://documents.gov.lk/view/extra-gazettes/2022/11/2304-59_E.pdf,doc-archive/2022/11/05/2304-59/2304-59_english.pdf
2304-60,https://documents.gov.lk/view/extra-gazettes/2022/11/2304-60_E.pdf,doc-archive/2022/11/05/2304-60/2304-60_english.pdf
2304-61,https://documents.gov.lk/view/extra-gazettes/2022/11/2304-61_E.pdf,doc-archive/2022/11/05/2304-61/2304-61_english.pdf
2304-62,https://documents.gov.lk/view/extra-gazettes/2022/11/2304-62_E.pdf,doc-archive/2022/11/05/2304-62/2304-62_english.pdf
2304-63,https://documents.gov.lk/view/extra-gazettes/2022/11/2304-63_E.pdf,doc-archive/2022/11/05/2304-63/2304-63_english.pdf
2304-64,https://documents.gov.lk/view/extra-gazettes/2022/11/2304-64_E.pdf,doc-archive/2022/11/05/2304-64/2304-64_english.pdf
2304-65,https://documents.gov.lk/view/extra-gazettes/2022/11/2304-65_E.pdf,doc-archive/2022/11/05/2304-65/2304-65_english.pdf
2304-66,https://documents.gov.lk/view/extra-gazettes/2022/11/2304-66_E.pdf,doc-archive/2022/11/05/2304-66/2304-66_english.pdf
2304-67,https://documents.gov.lk/view/extra-gazettes/2022/11/2304-67_E.pdf,doc-archive/2022/11/05/2304-67/2304-67_english.pdf
2304-69,https://documents.gov.lk/view/extra-gazettes/2022/11/2304-69_E.pdf,doc-archive/2022/11/05/2304-69/2304-69_english.pdf
2304-68,https://documents.gov.lk/view/extra-gazettes/2022/11/2304-68_E.pdf,doc-archive/2022/11/05/2304-68/2304-68_english.pdf
2304-71,https://documents.gov.lk/view/extra-gazettes/2022/11/2304-71_E.pdf,doc-archive/2022/11/05/2304-71/2304-71_english.pdf
2304-70,https://documents.gov.lk/view/extra-gazettes/2022/11/2304-70_E.pdf,doc-archive/2022/11/05/2304-70/2304-70_english.pdf
2304-72,https://documents.gov.lk/view/extra-gazettes/2022/11/2304-72_E.pdf,doc-archive/2022/11/05/2304-72/2304-72_english.pdf
2304-73,https://documents.gov.lk/view/extra-gazettes/2022/11/2304-73_E.pdf,doc-archive/2022/11/05/2304-73/2304-73_english.pdf
2304-74,https://documents.gov.lk/view/extra-gazettes/2022/11/2304-74_E.pdf,doc-archive/2022/11/05/2304-74/2304-74_english.pdf
2304-75,https://documents.gov.lk/view/extra-gazettes/2022/11/2304-75_E.pdf,doc-archive/2022/11/05/2304-75/2304-75_english.pdf
2304-76,https://documents.gov.lk/view/extra-gazettes/2022/11/2304-76_E.pdf,doc-archive/2022/11/05/2304-76/2304-76_english.pdf
2304-77,https://documents.gov.lk/view/extra-gazettes/2022/11/2304-77_E.pdf,doc-archive/2022/11/05/2304-77/2304-77_english.pdf
2304-79,https://documents.gov.lk/view/extra-gazettes/2022/11/2304-79_E.pdf,doc-archive/2022/11/05/2304-79/2304-79_english.pdf
2304-78,https://documents.gov.lk/view/extra-gazettes/2022/11/2304-78_E.pdf,doc-archive/2022/11/05/2304-78/2304-78_english.pdf
2304-80,https://documents.gov.lk/view/extra-gazettes/2022/11/2304-80_E.pdf,doc-archive/2022/11/05/2304-80/2304-80_english.pdf
2304-81,https://documents.gov.lk/view/extra-gazettes/2022/11/2304-81_E.pdf,doc-archive/2022/11/05/2304-81/2304-81_english.pdf
2304-82,https://documents.gov.lk/view/extra-gazettes/2022/11/2304-82_E.pdf,doc-archive/2022/11/05/2304-82/2304-82_english.pdf
2304-83,https://documents.gov.lk/view/extra-gazettes/2022/11/2304-83_E.pdf,doc-archive/2022/11/05/2304-83/2304-83_english.pdf
2304-84,https://documents.gov.lk/view/extra-gazettes/2022/11/2304-84_E.pdf,doc-archive/2022/11/05/2304-84/2304-84_english.pdf
2304-85,https://documents.gov.lk/view/extra-gazettes/2022/11/2304-85_E.pdf,doc-archive/2022/11/05/2304-85/2304-85_english.pdf
2304-87,https://documents.gov.lk/view/extra-gazettes/2022/11/2304-87_E.pdf,doc-archive/2022/11/05/2304-87/2304-87_english.pdf
2304-88,https://documents.gov.lk/view/extra-gazettes/2022/11/2304-88_E.pdf,doc-archive/2022/11/05/2304-88/2304-88_english.pdf
2304-89,https://documents.gov.lk/view/extra-gazettes/2022/11/2304-89_E.pdf,doc-archive/2022/11/05/2304-89/2304-89_english.pdf
2304-56,https://documents.gov.lk/view/extra-gazettes/2022/11/2304-56_E.pdf,doc-archive/2022/11/04/2304-56/2304-56_english.pdf
2304-57,https://documents.gov.lk/view/extra-gazettes/2022/11/2304-57_E.pdf,doc-archive/2022/11/04/2304-57/2304-57_english.pdf
2304-47,https://documents.gov.lk/view/extra-gazettes/2022/11/2304-47_E.pdf,doc-archive/2022/11/03/2304-47/2304-47_english.pdf
2304-48,https://documents.gov.lk/view/extra-gazettes/2022/11/2304-48_E.pdf,doc-archive/2022/11/03/2304-48/2304-48_english.pdf
2304-58,https://documents.gov.lk/view/extra-gazettes/2022/11/2304-58_E.pdf,doc-archive/2022/11/04/2304-58/2304-58_english.pdf
2304-49,https://documents.gov.lk/view/extra-gazettes/2022/11/2304-49_E.pdf,doc-archive/2022/11/03/2304-49/2304-49_english.pdf
2304-51,https://documents.gov.lk/view/extra-gazettes/2022/11/2304-51_E.pdf,doc-archive/2022/11/03/2304-51/2304-51_english.pdf
2304-50,https://documents.gov.lk/view/extra-gazettes/2022/11/2304-50_E.pdf,doc-archive/2022/11/03/2304-50/2304-50_english.pdf
2304-52,https://documents.gov.lk/view/extra-gazettes/2022/11/2304-52_E.pdf,doc-archive/2022/11/03/2304-52/2304-52_english.pdf
2304-53,https://documents.gov.lk/view/extra-gazettes/2022/11/2304-53_E.pdf,doc-archive/2022/11/03/2304-53/2304-53_english.pdf
2304-37,https://documents.gov.lk/view/extra-gazettes/2022/11/2304-37_E.pdf,doc-archive/2022/11/02/2304-37/2304-37_english.pdf
2304-36,https://documents.gov.lk/view/extra-gazettes/2022/11/2304-36_E.pdf,doc-archive/2022/11/02/2304-36/2304-36_english.pdf
2304-38,https://documents.gov.lk/view/extra-gazettes/2022/11/2304-38_E.pdf,doc-archive/2022/11/02/2304-38/2304-38_english.pdf
2304-41,https://documents.gov.lk/view/extra-gazettes/2022/11/2304-41_E.pdf,doc-archive/2022/11/02/2304-41/2304-41_english.pdf
2304-39,https://documents.gov.lk/view/extra-gazettes/2022/11/2304-39_E.pdf,doc-archive/2022/11/02/2304-39/2304-39_english.pdf
2304-42,https://documents.gov.lk/view/extra-gazettes/2022/11/2304-42_E.pdf,doc-archive/2022/11/02/2304-42/2304-42_english.pdf
2304-43,https://documents.gov.lk/view/extra-gazettes/2022/11/2304-43_E.pdf,doc-archive/2022/11/02/2304-43/2304-43_english.pdf
2304-44,https://documents.gov.lk/view/extra-gazettes/2022/11/2304-44_E.pdf,doc-archive/2022/11/02/2304-44/2304-44_english.pdf
2304-45,https://documents.gov.lk/view/extra-gazettes/2022/11/2304-45_E.pdf,doc-archive/2022/11/02/2304-45/2304-45_english.pdf
2304-46,https://documents.gov.lk/view/extra-gazettes/2022/11/2304-46_E.pdf,doc-archive/2022/11/02/2304-46/2304-46_english.pdf
2304-15,https://documents.gov.lk/view/extra-gazettes/2022/11/2304-15_E.pdf,doc-archive/2022/11/01/2304-15/2304-15_english.pdf
2304-16,https://documents.gov.lk/view/extra-gazettes/2022/11/2304-16_E.pdf,doc-archive/2022/11/01/2304-16/2304-16_english.pdf
2304-17,https://documents.gov.lk/view/extra-gazettes/2022/11/2304-17_E.pdf,doc-archive/2022/11/01/2304-17/2304-17_english.pdf
2304-18,https://documents.gov.lk/view/extra-gazettes/2022/11/2304-18_E.pdf,doc-archive/2022/11/01/2304-18/2304-18_english.pdf
2304-19,https://documents.gov.lk/view/extra-gazettes/2022/11/2304-19_E.pdf,doc-archive/2022/11/01/2304-19/2304-19_english.pdf
2304-20,https://documents.gov.lk/view/extra-gazettes/2022/11/2304-20_E.pdf,doc-archive/2022/11/01/2304-20/2304-20_english.pdf
2304-21,https://documents.gov.lk/view/extra-gazettes/2022/11/2304-21_E.pdf,doc-archive/2022/11/01/2304-21/2304-21_english.pdf
2304-22,https://documents.gov.lk/view/extra-gazettes/2022/11/2304-22_E.pdf,doc-archive/2022/11/01/2304-22/2304-22_english.pdf
2304-23,https://documents.gov.lk/view/extra-gazettes/2022/11/2304-23_E.pdf,doc-archive/2022/11/01/2304-23/2304-23_english.pdf
2304-24,https://documents.gov.lk/view/extra-gazettes/2022/11/2304-24_E.pdf,doc-archive/2022/11/01/2304-24/2304-24_english.pdf
2304-25,https://documents.gov.lk/view/extra-gazettes/2022/11/2304-25_E.pdf,doc-archive/2022/11/01/2304-25/2304-25_english.pdf
2304-26,https://documents.gov.lk/view/extra-gazettes/2022/11/2304-26_E.pdf,doc-archive/2022/11/01/2304-26/2304-26_english.pdf
2304-29,https://documents.gov.lk/view/extra-gazettes/2022/11/2304-29_E.pdf,doc-archive/2022/11/01/2304-29/2304-29_english.pdf
2304-27,https://documents.gov.lk/view/extra-gazettes/2022/11/2304-27_E.pdf,doc-archive/2022/11/01/2304-27/2304-27_english.pdf
2304-30,https://documents.gov.lk/view/extra-gazettes/2022/11/2304-30_E.pdf,doc-archive/2022/11/01/2304-30/2304-30_english.pdf
2304-32,https://documents.gov.lk/view/extra-gazettes/2022/11/2304-32_E.pdf,doc-archive/2022/11/01/2304-32/2304-32_english.pdf
2304-31,https://documents.gov.lk/view/extra-gazettes/2022/11/2304-31_E.pdf,doc-archive/2022/11/01/2304-31/2304-31_english.pdf
2304-33,https://documents.gov.lk/view/extra-gazettes/2022/11/2304-33_E.pdf,doc-archive/2022/11/01/2304-33/2304-33_english.pdf
2304-34,https://documents.gov.lk/view/extra-gazettes/2022/11/2304-34_E.pdf,doc-archive/2022/11/01/2304-34/2304-34_english.pdf
2304-35,https://documents.gov.lk/view/extra-gazettes/2022/11/2304-35_E.pdf,doc-archive/2022/11/01/2304-35/2304-35_english.pdf
2311-23,https://documents.gov.lk/view/extra-gazettes/2022/12/2311-23_E.pdf,doc-archive/2022/12/31/2311-23/2311-23_english.pdf
2312-67,https://documents.gov.lk/view/extra-gazettes/2022/12/2312-67_E.pdf,doc-archive/2022/12/31/2312-67/2312-67_english.pdf
2312-69,https://documents.gov.lk/view/extra-gazettes/2022/12/2312-69_E.pdf,doc-archive/2022/12/31/2312-69/2312-69_english.pdf
2312-70,https://documents.gov.lk/view/extra-gazettes/2022/12/2312-70_E.pdf,doc-archive/2022/12/31/2312-70/2312-70_english.pdf
2312-68,https://documents.gov.lk/view/extra-gazettes/2022/12/2312-68_E.pdf,doc-archive/2022/12/31/2312-68/2312-68_english.pdf
2312-71,https://documents.gov.lk/view/extra-gazettes/2022/12/2312-71_E.pdf,doc-archive/2022/12/31/2312-71/2312-71_english.pdf
2312-72,https://documents.gov.lk/view/extra-gazettes/2022/12/2312-72_E.pdf,doc-archive/2022/12/31/2312-72/2312-72_english.pdf
2312-73,https://documents.gov.lk/view/extra-gazettes/2022/12/2312-73_E.pdf,doc-archive/2022/12/31/2312-73/2312-73_english.pdf
2312-61,https://documents.gov.lk/view/extra-gazettes/2022/12/2312-61_E.pdf,doc-archive/2022/12/30/2312-61/2312-61_english.pdf
2312-62,https://documents.gov.lk/view/extra-gazettes/2022/12/2312-62_E.pdf,doc-archive/2022/12/30/2312-62/2312-62_english.pdf
2312-63,https://documents.gov.lk/view/extra-gazettes/2022/12/2312-63_E.pdf,doc-archive/2022/12/30/2312-63/2312-63_english.pdf
2312-64,https://documents.gov.lk/view/extra-gazettes/2022/12/2312-64_E.pdf,doc-archive/2022/12/30/2312-64/2312-64_english.pdf
2312-35,https://documents.gov.lk/view/extra-gazettes/2022/12/2312-35_E.pdf,doc-archive/2022/12/29/2312-35/2312-35_english.pdf
2312-36,https://documents.gov.lk/view/extra-gazettes/2022/12/2312-36_E.pdf,doc-archive/2022/12/29/2312-36/2312-36_english.pdf
2312-37,https://documents.gov.lk/view/extra-gazettes/2022/12/2312-37_E.pdf,doc-archive/2022/12/29/2312-37/2312-37_english.pdf
2312-38,https://documents.gov.lk/view/extra-gazettes/2022/12/2312-38_E.pdf,doc-archive/2022/12/29/2312-38/2312-38_english.pdf
2312-40,https://documents.gov.lk/view/extra-gazettes/2022/12/2312-40_E.pdf,doc-archive/2022/12/29/2312-40/2312-40_english.pdf
2312-41,https://documents.gov.lk/view/extra-gazettes/2022/12/2312-41_E.pdf,doc-archive/2022/12/29/2312-41/2312-41_english.pdf
2312-43,https://documents.gov.lk/view/extra-gazettes/2022/12/2312-43_E.pdf,doc-archive/2022/12/29/2312-43/2312-43_english.pdf
2312-44,https://documents.gov.lk/view/extra-gazettes/2022/12/2312-44_E.pdf,doc-archive/2022/12/29/2312-44/2312-44_english.pdf
2312-45,https://documents.gov.lk/view/extra-gazettes/2022/12/2312-45_E.pdf,doc-archive/2022/12/29/2312-45/2312-45_english.pdf
2312-46,https://documents.gov.lk/view/extra-gazettes/2022/12/2312-46_E.pdf,doc-archive/2022/12/29/2312-46/2312-46_english.pdf
2312-47,https://documents.gov.lk/view/extra-gazettes/2022/12/2312-47_E.pdf,doc-archive/2022/12/29/2312-47/2312-47_english.pdf
2312-48,https://documents.gov.lk/view/extra-gazettes/2022/12/2312-48_E.pdf,doc-archive/2022/12/29/2312-48/2312-48_english.pdf
2312-49,https://documents.gov.lk/view/extra-gazettes/2022/12/2312-49_E.pdf,doc-archive/2022/12/29/2312-49/2312-49_english.pdf
2312-50,https://documents.gov.lk/view/extra-gazettes/2022/12/2312-50_E.pdf,doc-archive/2022/12/29/2312-50/2312-50_english.pdf
2312-51,https://documents.gov.lk/view/extra-gazettes/2022/12/2312-51_E.pdf,doc-archive/2022/12/29/2312-51/2312-51_english.pdf
2312-52,https://documents.gov.lk/view/extra-gazettes/2022/12/2312-52_E.pdf,doc-archive/2022/12/29/2312-52/2312-52_english.pdf
2312-53,https://documents.gov.lk/view/extra-gazettes/2022/12/2312-53_E.pdf,doc-archive/2022/12/29/2312-53/2312-53_english.pdf
2312-54,https://documents.gov.lk/view/extra-gazettes/2022/12/2312-54_E.pdf,doc-archive/2022/12/29/2312-54/2312-54_english.pdf
2312-55,https://documents.gov.lk/view/extra-gazettes/2022/12/2312-55_E.pdf,doc-archive/2022/12/29/2312-55/2312-55_english.pdf
2312-56,https://documents.gov.lk/view/extra-gazettes/2022/12/2312-56_E.pdf,doc-archive/2022/12/29/2312-56/2312-56_english.pdf
2312-57,https://documents.gov.lk/view/extra-gazettes/2022/12/2312-57_E.pdf,doc-archive/2022/12/29/2312-57/2312-57_english.pdf
2312-58,https://documents.gov.lk/view/extra-gazettes/2022/12/2312-58_E.pdf,doc-archive/2022/12/29/2312-58/2312-58_english.pdf
2312-59,https://documents.gov.lk/view/extra-gazettes/2022/12/2312-59_E.pdf,doc-archive/2022/12/29/2312-59/2312-59_english.pdf
2312-60,https://documents.gov.lk/view/extra-gazettes/2022/12/2312-60_E.pdf,doc-archive/2022/12/29/2312-60/2312-60_english.pdf
2312-15,https://documents.gov.lk/view/extra-gazettes/2022/12/2312-15_E.pdf,doc-archive/2022/12/28/2312-15/2312-15_english.pdf
2312-16,https://documents.gov.lk/view/extra-gazettes/2022/12/2312-16_E.pdf,doc-archive/2022/12/28/2312-16/2312-16_english.pdf
2312-17,https://documents.gov.lk/view/extra-gazettes/2022/12/2312-17_E.pdf,doc-archive/2022/12/28/2312-17/2312-17_english.pdf
2312-18,https://documents.gov.lk/view/extra-gazettes/2022/12/2312-18_E.pdf,doc-archive/2022/12/28/2312-18/2312-18_english.pdf
2312-19,https://documents.gov.lk/view/extra-gazettes/2022/12/2312-19_E.pdf,doc-archive/2022/12/28/2312-19/2312-19_english.pdf
2312-20,https://documents.gov.lk/view/extra-gazettes/2022/12/2312-20_E.pdf,doc-archive/2022/12/28/2312-20/2312-20_english.pdf
2312-21,https://documents.gov.lk/view/extra-gazettes/2022/12/2312-21_E.pdf,doc-archive/2022/12/28/2312-21/2312-21_english.pdf
2312-22,https://documents.gov.lk/view/extra-gazettes/2022/12/2312-22_E.pdf,doc-archive/2022/12/28/2312-22/2312-22_english.pdf
2312-23,https://documents.gov.lk/view/extra-gazettes/2022/12/2312-23_E.pdf,doc-archive/2022/12/28/2312-23/2312-23_english.pdf
2312-24,https://documents.gov.lk/view/extra-gazettes/2022/12/2312-24_E.pdf,doc-archive/2022/12/28/2312-24/2312-24_english.pdf
2312-25,https://documents.gov.lk/view/extra-gazettes/2022/12/2312-25_E.pdf,doc-archive/2022/12/28/2312-25/2312-25_english.pdf
2312-26,https://documents.gov.lk/view/extra-gazettes/2022/12/2312-26_E.pdf,doc-archive/2022/12/28/2312-26/2312-26_english.pdf
2312-27,https://documents.gov.lk/view/extra-gazettes/2022/12/2312-27_E.pdf,doc-archive/2022/12/28/2312-27/2312-27_english.pdf
2312-28,https://documents.gov.lk/view/extra-gazettes/2022/12/2312-28_E.pdf,doc-archive/2022/12/28/2312-28/2312-28_english.pdf
2312-30,https://documents.gov.lk/view/extra-gazettes/2022/12/2312-30_E.pdf,doc-archive/2022/12/28/2312-30/2312-30_english.pdf
2312-31,https://documents.gov.lk/view/extra-gazettes/2022/12/2312-31_E.pdf,doc-archive/2022/12/28/2312-31/2312-31_english.pdf
2312-29,https://documents.gov.lk/view/extra-gazettes/2022/12/2312-29_E.pdf,doc-archive/2022/12/28/2312-29/2312-29_english.pdf
2312-32,https://documents.gov.lk/view/extra-gazettes/2022/12/2312-32_E.pdf,doc-archive/2022/12/28/2312-32/2312-32_english.pdf
2312-04,https://documents.gov.lk/view/extra-gazettes/2022/12/2312-04_E.pdf,doc-archive/2022/12/27/2312-04/2312-04_english.pdf
2312-07,https://documents.gov.lk/view/extra-gazettes/2022/12/2312-07_E.pdf,doc-archive/2022/12/27/2312-07/2312-07_english.pdf
2312-08,https://documents.gov.lk/view/extra-gazettes/2022/12/2312-08_E.pdf,doc-archive/2022/12/27/2312-08/2312-08_english.pdf
2312-09,https://documents.gov.lk/view/extra-gazettes/2022/12/2312-09_E.pdf,doc-archive/2022/12/27/2312-09/2312-09_english.pdf
2312-13,https://documents.gov.lk/view/extra-gazettes/2022/12/2312-13_E.pdf,doc-archive/2022/12/27/2312-13/2312-13_english.pdf
2312-14,https://documents.gov.lk/view/extra-gazettes/2022/12/2312-14_E.pdf,doc-archive/2022/12/27/2312-14/2312-14_english.pdf
2312-01,https://documents.gov.lk/view/extra-gazettes/2022/12/2312-01_E.pdf,doc-archive/2022/12/26/2312-01/2312-01_english.pdf
2312-02,https://documents.gov.lk/view/extra-gazettes/2022/12/2312-02_E.pdf,doc-archive/2022/12/26/2312-02/2312-02_english.pdf
2311-60,https://documents.gov.lk/view/extra-gazettes/2022/12/2311-60_E.pdf,doc-archive/2022/12/24/2311-60/2311-60_english.pdf
2311-45,https://documents.gov.lk/view/extra-gazettes/2022/12/2311-45_E.pdf,doc-archive/2022/12/23/2311-45/2311-45_english.pdf
2312-10,https://documents.gov.lk/view/extra-gazettes/2022/12/2312-10_E.pdf,doc-archive/2022/12/27/2312-10/2312-10_english.pdf
2311-46,https://documents.gov.lk/view/extra-gazettes/2022/12/2311-46_E.pdf,doc-archive/2022/12/23/2311-46/2311-46_english.pdf
2311-47,https://documents.gov.lk/view/extra-gazettes/2022/12/2311-47_E.pdf,doc-archive/2022/12/23/2311-47/2311-47_english.pdf
2311-48,https://documents.gov.lk/view/extra-gazettes/2022/12/2311-48_E.pdf,doc-archive/2022/12/23/2311-48/2311-48_english.pdf
2311-50,https://documents.gov.lk/view/extra-gazettes/2022/12/2311-50_E.pdf,doc-archive/2022/12/23/2311-50/2311-50_english.pdf
2311-49,https://documents.gov.lk/view/extra-gazettes/2022/12/2311-49_E.pdf,doc-archive/2022/12/23/2311-49/2311-49_english.pdf
2311-51,https://documents.gov.lk/view/extra-gazettes/2022/12/2311-51_E.pdf,doc-archive/2022/12/23/2311-51/2311-51_english.pdf
2311-52,https://documents.gov.lk/view/extra-gazettes/2022/12/2311-52_E.pdf,doc-archive/2022/12/23/2311-52/2311-52_english.pdf
2311-53,https://documents.gov.lk/view/extra-gazettes/2022/12/2311-53_E.pdf,doc-archive/2022/12/23/2311-53/2311-53_english.pdf
2311-54,https://documents.gov.lk/view/extra-gazettes/2022/12/2311-54_E.pdf,doc-archive/2022/12/23/2311-54/2311-54_english.pdf
2311-55,https://documents.gov.lk/view/extra-gazettes/2022/12/2311-55_E.pdf,doc-archive/2022/12/23/2311-55/2311-55_english.pdf
2311-56,https://documents.gov.lk/view/extra-gazettes/2022/12/2311-56_E.pdf,doc-archive/2022/12/23/2311-56/2311-56_english.pdf
2311-57,https://documents.gov.lk/view/extra-gazettes/2022/12/2311-57_E.pdf,doc-archive/2022/12/23/2311-57/2311-57_english.pdf
2311-58,https://documents.gov.lk/view/extra-gazettes/2022/12/2311-58_E.pdf,doc-archive/2022/12/23/2311-58/2311-58_english.pdf
2311-32,https://documents.gov.lk/view/extra-gazettes/2022/12/2311-32_E.pdf,doc-archive/2022/12/22/2311-32/2311-32_english.pdf
2311-59,https://documents.gov.lk/view/extra-gazettes/2022/12/2311-59_E.pdf,doc-archive/2022/12/23/2311-59/2311-59_english.pdf
2311-34,https://documents.gov.lk/view/extra-gazettes/2022/12/2311-34_E.pdf,doc-archive/2022/12/22/2311-34/2311-34_english.pdf
2311-35,https://documents.gov.lk/view/extra-gazettes/2022/12/2311-35_E.pdf,doc-archive/2022/12/22/2311-35/2311-35_english.pdf
2311-36,https://documents.gov.lk/view/extra-gazettes/2022/12/2311-36_E.pdf,doc-archive/2022/12/22/2311-36/2311-36_english.pdf
2311-37,https://documents.gov.lk/view/extra-gazettes/2022/12/2311-37_E.pdf,doc-archive/2022/12/22/2311-37/2311-37_english.pdf
2311-38,https://documents.gov.lk/view/extra-gazettes/2022/12/2311-38_E.pdf,doc-archive/2022/12/22/2311-38/2311-38_english.pdf
2311-39,https://documents.gov.lk/view/extra-gazettes/2022/12/2311-39_E.pdf,doc-archive/2022/12/22/2311-39/2311-39_english.pdf
2311-41,https://documents.gov.lk/view/extra-gazettes/2022/12/2311-41_E.pdf,doc-archive/2022/12/22/2311-41/2311-41_english.pdf
2311-42,https://documents.gov.lk/view/extra-gazettes/2022/12/2311-42_E.pdf,doc-archive/2022/12/22/2311-42/2311-42_english.pdf
2311-43,https://documents.gov.lk/view/extra-gazettes/2022/12/2311-43_E.pdf,doc-archive/2022/12/22/2311-43/2311-43_english.pdf
2311-44,https://documents.gov.lk/view/extra-gazettes/2022/12/2311-44_E.pdf,doc-archive/2022/12/22/2311-44/2311-44_english.pdf
2311-18,https://documents.gov.lk/view/extra-gazettes/2022/12/2311-18_E.pdf,doc-archive/2022/12/21/2311-18/2311-18_english.pdf
2311-40,https://documents.gov.lk/view/extra-gazettes/2022/12/2311-40_E.pdf,doc-archive/2022/12/22/2311-40/2311-40_english.pdf
2311-20,https://documents.gov.lk/view/extra-gazettes/2022/12/2311-20_E.pdf,doc-archive/2022/12/21/2311-20/2311-20_english.pdf
2311-21,https://documents.gov.lk/view/extra-gazettes/2022/12/2311-21_E.pdf,doc-archive/2022/12/21/2311-21/2311-21_english.pdf
2311-22,https://documents.gov.lk/view/extra-gazettes/2022/12/2311-22_E.pdf,doc-archive/2022/12/21/2311-22/2311-22_english.pdf
2311-24,https://documents.gov.lk/view/extra-gazettes/2022/12/2311-24_E.pdf,doc-archive/2022/12/21/2311-24/2311-24_english.pdf
2311-19,https://documents.gov.lk/view/extra-gazettes/2022/12/2311-19_E.pdf,doc-archive/2022/12/21/2311-19/2311-19_english.pdf
2311-25,https://documents.gov.lk/view/extra-gazettes/2022/12/2311-25_E.pdf,doc-archive/2022/12/21/2311-25/2311-25_english.pdf
2311-26,https://documents.gov.lk/view/extra-gazettes/2022/12/2311-26_E.pdf,doc-archive/2022/12/21/2311-26/2311-26_english.pdf
2311-27,https://documents.gov.lk/view/extra-gazettes/2022/12/2311-27_E.pdf,doc-archive/2022/12/21/2311-27/2311-27_english.pdf
2311-28,https://documents.gov.lk/view/extra-gazettes/2022/12/2311-28_E.pdf,doc-archive/2022/12/21/2311-28/2311-28_english.pdf
2311-29,https://documents.gov.lk/view/extra-gazettes/2022/12/2311-29_E.pdf,doc-archive/2022/12/21/2311-29/2311-29_english.pdf
2311-30,https://documents.gov.lk/view/extra-gazettes/2022/12/2311-30_E.pdf,doc-archive/2022/12/21/2311-30/2311-30_english.pdf
2311-31,https://documents.gov.lk/view/extra-gazettes/2022/12/2311-31_E.pdf,doc-archive/2022/12/21/2311-31/2311-31_english.pdf
2311-13,https://documents.gov.lk/view/extra-gazettes/2022/12/2311-13_E.pdf,doc-archive/2022/12/20/2311-13/2311-13_english.pdf
2311-14,https://documents.gov.lk/view/extra-gazettes/2022/12/2311-14_E.pdf,doc-archive/2022/12/20/2311-14/2311-14_english.pdf
2311-15,https://documents.gov.lk/view/extra-gazettes/2022/12/2311-15_E.pdf,doc-archive/2022/12/20/2311-15/2311-15_english.pdf
2311-01,https://documents.gov.lk/view/extra-gazettes/2022/12/2311-01_E.pdf,doc-archive/2022/12/19/2311-01/2311-01_english.pdf
2311-02,https://documents.gov.lk/view/extra-gazettes/2022/12/2311-02_E.pdf,doc-archive/2022/12/19/2311-02/2311-02_english.pdf
2311-04,https://documents.gov.lk/view/extra-gazettes/2022/12/2311-04_E.pdf,doc-archive/2022/12/19/2311-04/2311-04_english.pdf
2311-03,https://documents.gov.lk/view/extra-gazettes/2022/12/2311-03_E.pdf,doc-archive/2022/12/19/2311-03/2311-03_english.pdf
2311-05,https://documents.gov.lk/view/extra-gazettes/2022/12/2311-05_E.pdf,doc-archive/2022/12/19/2311-05/2311-05_english.pdf
2311-07,https://documents.gov.lk/view/extra-gazettes/2022/12/2311-07_E.pdf,doc-archive/2022/12/19/2311-07/2311-07_english.pdf
2311-08,https://documents.gov.lk/view/extra-gazettes/2022/12/2311-08_E.pdf,doc-archive/2022/12/19/2311-08/2311-08_english.pdf
2311-09,https://documents.gov.lk/view/extra-gazettes/2022/12/2311-09_E.pdf,doc-archive/2022/12/19/2311-09/2311-09_english.pdf
2311-10,https://documents.gov.lk/view/extra-gazettes/2022/12/2311-10_E.pdf,doc-archive/2022/12/19/2311-10/2311-10_english.pdf
2311-11,https://documents.gov.lk/view/extra-gazettes/2022/12/2311-11_E.pdf,doc-archive/2022/12/19/2311-11/2311-11_english.pdf
2311-12,https://documents.gov.lk/view/extra-gazettes/2022/12/2311-12_E.pdf,doc-archive/2022/12/19/2311-12/2311-12_english.pdf
2310-63,https://documents.gov.lk/view/extra-gazettes/2022/12/2310-63_E.pdf,doc-archive/2022/12/17/2310-63/2310-63_english.pdf
2310-64,https://documents.gov.lk/view/extra-gazettes/2022/12/2310-64_E.pdf,doc-archive/2022/12/17/2310-64/2310-64_english.pdf
2310-66,https://documents.gov.lk/view/extra-gazettes/2022/12/2310-66_E.pdf,doc-archive/2022/12/17/2310-66/2310-66_english.pdf
2310-67,https://documents.gov.lk/view/extra-gazettes/2022/12/2310-67_E.pdf,doc-archive/2022/12/17/2310-67/2310-67_english.pdf
2310-68,https://documents.gov.lk/view/extra-gazettes/2022/12/2310-68_E.pdf,doc-archive/2022/12/17/2310-68/2310-68_english.pdf
2310-69,https://documents.gov.lk/view/extra-gazettes/2022/12/2310-69_E.pdf,doc-archive/2022/12/17/2310-69/2310-69_english.pdf
2310-70,https://documents.gov.lk/view/extra-gazettes/2022/12/2310-70_E.pdf,doc-archive/2022/12/17/2310-70/2310-70_english.pdf
2310-71,https://documents.gov.lk/view/extra-gazettes/2022/12/2310-71_E.pdf,doc-archive/2022/12/17/2310-71/2310-71_english.pdf
2310-72,https://documents.gov.lk/view/extra-gazettes/2022/12/2310-72_E.pdf,doc-archive/2022/12/17/2310-72/2310-72_english.pdf
2310-73,https://documents.gov.lk/view/extra-gazettes/2022/12/2310-73_E.pdf,doc-archive/2022/12/17/2310-73/2310-73_english.pdf
2310-74,https://documents.gov.lk/view/extra-gazettes/2022/12/2310-74_E.pdf,doc-archive/2022/12/17/2310-74/2310-74_english.pdf
2310-75,https://documents.gov.lk/view/extra-gazettes/2022/12/2310-75_E.pdf,doc-archive/2022/12/17/2310-75/2310-75_english.pdf
2310-76,https://documents.gov.lk/view/extra-gazettes/2022/12/2310-76_E.pdf,doc-archive/2022/12/17/2310-76/2310-76_english.pdf
2310-77,https://documents.gov.lk/view/extra-gazettes/2022/12/2310-77_E.pdf,doc-archive/2022/12/17/2310-77/2310-77_english.pdf
2310-79,https://documents.gov.lk/view/extra-gazettes/2022/12/2310-79_E.pdf,doc-archive/2022/12/17/2310-79/2310-79_english.pdf
2310-78,https://documents.gov.lk/view/extra-gazettes/2022/12/2310-78_E.pdf,doc-archive/2022/12/17/2310-78/2310-78_english.pdf
2310-80,https://documents.gov.lk/view/extra-gazettes/2022/12/2310-80_E.pdf,doc-archive/2022/12/17/2310-80/2310-80_english.pdf
2310-82,https://documents.gov.lk/view/extra-gazettes/2022/12/2310-82_E.pdf,doc-archive/2022/12/17/2310-82/2310-82_english.pdf
2310-81,https://documents.gov.lk/view/extra-gazettes/2022/12/2310-81_E.pdf,doc-archive/2022/12/17/2310-81/2310-81_english.pdf
2310-83,https://documents.gov.lk/view/extra-gazettes/2022/12/2310-83_E.pdf,doc-archive/2022/12/17/2310-83/2310-83_english.pdf
2310-84,https://documents.gov.lk/view/extra-gazettes/2022/12/2310-84_E.pdf,doc-archive/2022/12/17/2310-84/2310-84_english.pdf
2310-85,https://documents.gov.lk/view/extra-gazettes/2022/12/2310-85_E.pdf,doc-archive/2022/12/17/2310-85/2310-85_english.pdf
2310-86,https://documents.gov.lk/view/extra-gazettes/2022/12/2310-86_E.pdf,doc-archive/2022/12/17/2310-86/2310-86_english.pdf
2310-87,https://documents.gov.lk/view/extra-gazettes/2022/12/2310-87_E.pdf,doc-archive/2022/12/17/2310-87/2310-87_english.pdf
2310-88,https://documents.gov.lk/view/extra-gazettes/2022/12/2310-88_E.pdf,doc-archive/2022/12/17/2310-88/2310-88_english.pdf
2310-89,https://documents.gov.lk/view/extra-gazettes/2022/12/2310-89_E.pdf,doc-archive/2022/12/17/2310-89/2310-89_english.pdf
2310-90,https://documents.gov.lk/view/extra-gazettes/2022/12/2310-90_E.pdf,doc-archive/2022/12/17/2310-90/2310-90_english.pdf
2310-91,https://documents.gov.lk/view/extra-gazettes/2022/12/2310-91_E.pdf,doc-archive/2022/12/17/2310-91/2310-91_english.pdf
2310-92,https://documents.gov.lk/view/extra-gazettes/2022/12/2310-92_E.pdf,doc-archive/2022/12/17/2310-92/2310-92_english.pdf
2310-93,https://documents.gov.lk/view/extra-gazettes/2022/12/2310-93_E.pdf,doc-archive/2022/12/17/2310-93/2310-93_english.pdf
2310-94,https://documents.gov.lk/view/extra-gazettes/2022/12/2310-94_E.pdf,doc-archive/2022/12/17/2310-94/2310-94_english.pdf
2310-95,https://documents.gov.lk/view/extra-gazettes/2022/12/2310-95_E.pdf,doc-archive/2022/12/17/2310-95/2310-95_english.pdf
2310-41,https://documents.gov.lk/view/extra-gazettes/2022/12/2310-41_E.pdf,doc-archive/2022/12/16/2310-41/2310-41_english.pdf
2310-42,https://documents.gov.lk/view/extra-gazettes/2022/12/2310-42_E.pdf,doc-archive/2022/12/16/2310-42/2310-42_english.pdf
2310-43,https://documents.gov.lk/view/extra-gazettes/2022/12/2310-43_E.pdf,doc-archive/2022/12/16/2310-43/2310-43_english.pdf
2310-44,https://documents.gov.lk/view/extra-gazettes/2022/12/2310-44_E.pdf,doc-archive/2022/12/16/2310-44/2310-44_english.pdf
2310-45,https://documents.gov.lk/view/extra-gazettes/2022/12/2310-45_E.pdf,doc-archive/2022/12/16/2310-45/2310-45_english.pdf
2310-46,https://documents.gov.lk/view/extra-gazettes/2022/12/2310-46_E.pdf,doc-archive/2022/12/16/2310-46/2310-46_english.pdf
2310-47,https://documents.gov.lk/view/extra-gazettes/2022/12/2310-47_E.pdf,doc-archive/2022/12/16/2310-47/2310-47_english.pdf
2310-48,https://documents.gov.lk/view/extra-gazettes/2022/12/2310-48_E.pdf,doc-archive/2022/12/16/2310-48/2310-48_english.pdf
2310-49,https://documents.gov.lk/view/extra-gazettes/2022/12/2310-49_E.pdf,doc-archive/2022/12/16/2310-49/2310-49_english.pdf
2310-50,https://documents.gov.lk/view/extra-gazettes/2022/12/2310-50_E.pdf,doc-archive/2022/12/16/2310-50/2310-50_english.pdf
2310-52,https://documents.gov.lk/view/extra-gazettes/2022/12/2310-52_E.pdf,doc-archive/2022/12/16/2310-52/2310-52_english.pdf
2310-53,https://documents.gov.lk/view/extra-gazettes/2022/12/2310-53_E.pdf,doc-archive/2022/12/16/2310-53/2310-53_english.pdf
2310-54,https://documents.gov.lk/view/extra-gazettes/2022/12/2310-54_E.pdf,doc-archive/2022/12/16/2310-54/2310-54_english.pdf
2310-55,https://documents.gov.lk/view/extra-gazettes/2022/12/2310-55_E.pdf,doc-archive/2022/12/16/2310-55/2310-55_english.pdf
2310-56,https://documents.gov.lk/view/extra-gazettes/2022/12/2310-56_E.pdf,doc-archive/2022/12/16/2310-56/2310-56_english.pdf
2310-57,https://documents.gov.lk/view/extra-gazettes/2022/12/2310-57_E.pdf,doc-archive/2022/12/16/2310-57/2310-57_english.pdf
2310-58,https://documents.gov.lk/view/extra-gazettes/2022/12/2310-58_E.pdf,doc-archive/2022/12/16/2310-58/2310-58_english.pdf
2310-60,https://documents.gov.lk/view/extra-gazettes/2022/12/2310-60_E.pdf,doc-archive/2022/12/16/2310-60/2310-60_english.pdf
2310-61,https://documents.gov.lk/view/extra-gazettes/2022/12/2310-61_E.pdf,doc-archive/2022/12/16/2310-61/2310-61_english.pdf
2310-59,https://documents.gov.lk/view/extra-gazettes/2022/12/2310-59_E.pdf,doc-archive/2022/12/16/2310-59/2310-59_english.pdf
2310-62,https://documents.gov.lk/view/extra-gazettes/2022/12/2310-62_E.pdf,doc-archive/2022/12/16/2310-62/2310-62_english.pdf
2310-31,https://documents.gov.lk/view/extra-gazettes/2022/12/2310-31_E.pdf,doc-archive/2022/12/15/2310-31/2310-31_english.pdf
2310-32,https://documents.gov.lk/view/extra-gazettes/2022/12/2310-32_E.pdf,doc-archive/2022/12/15/2310-32/2310-32_english.pdf
2310-30,https://documents.gov.lk/view/extra-gazettes/2022/12/2310-30_E.pdf,doc-archive/2022/12/15/2310-30/2310-30_english.pdf
2310-33,https://documents.gov.lk/view/extra-gazettes/2022/12/2310-33_E.pdf,doc-archive/2022/12/15/2310-33/2310-33_english.pdf
2310-35,https://documents.gov.lk/view/extra-gazettes/2022/12/2310-35_E.pdf,doc-archive/2022/12/15/2310-35/2310-35_english.pdf
2310-36,https://documents.gov.lk/view/extra-gazettes/2022/12/2310-36_E.pdf,doc-archive/2022/12/15/2310-36/2310-36_english.pdf
2310-37,https://documents.gov.lk/view/extra-gazettes/2022/12/2310-37_E.pdf,doc-archive/2022/12/15/2310-37/2310-37_english.pdf
2310-38,https://documents.gov.lk/view/extra-gazettes/2022/12/2310-38_E.pdf,doc-archive/2022/12/15/2310-38/2310-38_english.pdf
2310-39,https://documents.gov.lk/view/extra-gazettes/2022/12/2310-39_E.pdf,doc-archive/2022/12/15/2310-39/2310-39_english.pdf
2310-40,https://documents.gov.lk/view/extra-gazettes/2022/12/2310-40_E.pdf,doc-archive/2022/12/15/2310-40/2310-40_english.pdf
2310-34,https://documents.gov.lk/view/extra-gazettes/2022/12/2310-34_E.pdf,doc-archive/2022/12/15/2310-34/2310-34_english.pdf
2310-20,https://documents.gov.lk/view/extra-gazettes/2022/12/2310-20_E.pdf,doc-archive/2022/12/14/2310-20/2310-20_english.pdf
2310-21,https://documents.gov.lk/view/extra-gazettes/2022/12/2310-21_E.pdf,doc-archive/2022/12/14/2310-21/2310-21_english.pdf
2310-22,https://documents.gov.lk/view/extra-gazettes/2022/12/2310-22_E.pdf,doc-archive/2022/12/14/2310-22/2310-22_english.pdf
2310-23,https://documents.gov.lk/view/extra-gazettes/2022/12/2310-23_E.pdf,doc-archive/2022/12/14/2310-23/2310-23_english.pdf
2310-24,https://documents.gov.lk/view/extra-gazettes/2022/12/2310-24_E.pdf,doc-archive/2022/12/14/2310-24/2310-24_english.pdf
2310-25,https://documents.gov.lk/view/extra-gazettes/2022/12/2310-25_E.pdf,doc-archive/2022/12/14/2310-25/2310-25_english.pdf
2310-26,https://documents.gov.lk/view/extra-gazettes/2022/12/2310-26_E.pdf,doc-archive/2022/12/14/2310-26/2310-26_english.pdf
2310-27,https://documents.gov.lk/view/extra-gazettes/2022/12/2310-27_E.pdf,doc-archive/2022/12/14/2310-27/2310-27_english.pdf
2310-28,https://documents.gov.lk/view/extra-gazettes/2022/12/2310-28_E.pdf,doc-archive/2022/12/14/2310-28/2310-28_english.pdf
2310-51,https://documents.gov.lk/view/extra-gazettes/2022/12/2310-51_E.pdf,doc-archive/2022/12/14/2310-51/2310-51_english.pdf
2310-29,https://documents.gov.lk/view/extra-gazettes/2022/12/2310-29_E.pdf,doc-archive/2022/12/14/2310-29/2310-29_english.pdf
2310-11,https://documents.gov.lk/view/extra-gazettes/2022/12/2310-11_E.pdf,doc-archive/2022/12/13/2310-11/2310-11_english.pdf
2310-12,https://documents.gov.lk/view/extra-gazettes/2022/12/2310-12_E.pdf,doc-archive/2022/12/13/2310-12/2310-12_english.pdf
2310-13,https://documents.gov.lk/view/extra-gazettes/2022/12/2310-13_E.pdf,doc-archive/2022/12/13/2310-13/2310-13_english.pdf
2310-14,https://documents.gov.lk/view/extra-gazettes/2022/12/2310-14_E.pdf,doc-archive/2022/12/13/2310-14/2310-14_english.pdf
2310-15,https://documents.gov.lk/view/extra-gazettes/2022/12/2310-15_E.pdf,doc-archive/2022/12/13/2310-15/2310-15_english.pdf
2310-16,https://documents.gov.lk/view/extra-gazettes/2022/12/2310-16_E.pdf,doc-archive/2022/12/13/2310-16/2310-16_english.pdf
2310-17,https://documents.gov.lk/view/extra-gazettes/2022/12/2310-17_E.pdf,doc-archive/2022/12/13/2310-17/2310-17_english.pdf
2310-18,https://documents.gov.lk/view/extra-gazettes/2022/12/2310-18_E.pdf,doc-archive/2022/12/13/2310-18/2310-18_english.pdf
2310-19,https://documents.gov.lk/view/extra-gazettes/2022/12/2310-19_E.pdf,doc-archive/2022/12/13/2310-19/2310-19_english.pdf
2310-01,https://documents.gov.lk/view/extra-gazettes/2022/12/2310-01_E.pdf,doc-archive/2022/12/12/2310-01/2310-01_english.pdf
2310-02,https://documents.gov.lk/view/extra-gazettes/2022/12/2310-02_E.pdf,doc-archive/2022/12/12/2310-02/2310-02_english.pdf
2310-03,https://documents.gov.lk/view/extra-gazettes/2022/12/2310-03_E.pdf,doc-archive/2022/12/12/2310-03/2310-03_english.pdf
2310-04,https://documents.gov.lk/view/extra-gazettes/2022/12/2310-04_E.pdf,doc-archive/2022/12/12/2310-04/2310-04_english.pdf
2310-05,https://documents.gov.lk/view/extra-gazettes/2022/12/2310-05_E.pdf,doc-archive/2022/12/12/2310-05/2310-05_english.pdf
2310-06,https://documents.gov.lk/view/extra-gazettes/2022/12/2310-06_E.pdf,doc-archive/2022/12/12/2310-06/2310-06_english.pdf
2310-07,https://documents.gov.lk/view/extra-gazettes/2022/12/2310-07_E.pdf,doc-archive/2022/12/12/2310-07/2310-07_english.pdf
2310-09,https://documents.gov.lk/view/extra-gazettes/2022/12/2310-09_E.pdf,doc-archive/2022/12/12/2310-09/2310-09_english.pdf
2310-10,https://documents.gov.lk/view/extra-gazettes/2022/12/2310-10_E.pdf,doc-archive/2022/12/12/2310-10/2310-10_english.pdf
2309-49,https://documents.gov.lk/view/extra-gazettes/2022/12/2309-49_E.pdf,doc-archive/2022/12/10/2309-49/2309-49_english.pdf
2309-50,https://documents.gov.lk/view/extra-gazettes/2022/12/2309-50_E.pdf,doc-archive/2022/12/10/2309-50/2309-50_english.pdf
2309-51,https://documents.gov.lk/view/extra-gazettes/2022/12/2309-51_E.pdf,doc-archive/2022/12/10/2309-51/2309-51_english.pdf
2309-52,https://documents.gov.lk/view/extra-gazettes/2022/12/2309-52_E.pdf,doc-archive/2022/12/10/2309-52/2309-52_english.pdf
2309-53,https://documents.gov.lk/view/extra-gazettes/2022/12/2309-53_E.pdf,doc-archive/2022/12/10/2309-53/2309-53_english.pdf
2309-54,https://documents.gov.lk/view/extra-gazettes/2022/12/2309-54_E.pdf,doc-archive/2022/12/10/2309-54/2309-54_english.pdf
2309-55,https://documents.gov.lk/view/extra-gazettes/2022/12/2309-55_E.pdf,doc-archive/2022/12/10/2309-55/2309-55_english.pdf
2309-56,https://documents.gov.lk/view/extra-gazettes/2022/12/2309-56_E.pdf,doc-archive/2022/12/10/2309-56/2309-56_english.pdf
2309-57,https://documents.gov.lk/view/extra-gazettes/2022/12/2309-57_E.pdf,doc-archive/2022/12/10/2309-57/2309-57_english.pdf
2309-31,https://documents.gov.lk/view/extra-gazettes/2022/12/2309-31_E.pdf,doc-archive/2022/12/09/2309-31/2309-31_english.pdf
2309-32,https://documents.gov.lk/view/extra-gazettes/2022/12/2309-32_E.pdf,doc-archive/2022/12/09/2309-32/2309-32_english.pdf
2309-33,https://documents.gov.lk/view/extra-gazettes/2022/12/2309-33_E.pdf,doc-archive/2022/12/09/2309-33/2309-33_english.pdf
2309-34,https://documents.gov.lk/view/extra-gazettes/2022/12/2309-34_E.pdf,doc-archive/2022/12/09/2309-34/2309-34_english.pdf
2309-36,https://documents.gov.lk/view/extra-gazettes/2022/12/2309-36_E.pdf,doc-archive/2022/12/09/2309-36/2309-36_english.pdf
2309-37,https://documents.gov.lk/view/extra-gazettes/2022/12/2309-37_E.pdf,doc-archive/2022/12/09/2309-37/2309-37_english.pdf
2309-38,https://documents.gov.lk/view/extra-gazettes/2022/12/2309-38_E.pdf,doc-archive/2022/12/09/2309-38/2309-38_english.pdf
2309-39,https://documents.gov.lk/view/extra-gazettes/2022/12/2309-39_E.pdf,doc-archive/2022/12/09/2309-39/2309-39_english.pdf
2309-40,https://documents.gov.lk/view/extra-gazettes/2022/12/2309-40_E.pdf,doc-archive/2022/12/09/2309-40/2309-40_english.pdf
2309-41,https://documents.gov.lk/view/extra-gazettes/2022/12/2309-41_E.pdf,doc-archive/2022/12/09/2309-41/2309-41_english.pdf
2309-42,https://documents.gov.lk/view/extra-gazettes/2022/12/2309-42_E.pdf,doc-archive/2022/12/09/2309-42/2309-42_english.pdf
2309-43,https://documents.gov.lk/view/extra-gazettes/2022/12/2309-43_E.pdf,doc-archive/2022/12/09/2309-43/2309-43_english.pdf
2309-44,https://documents.gov.lk/view/extra-gazettes/2022/12/2309-44_E.pdf,doc-archive/2022/12/09/2309-44/2309-44_english.pdf
2309-45,https://documents.gov.lk/view/extra-gazettes/2022/12/2309-45_E.pdf,doc-archive/2022/12/09/2309-45/2309-45_english.pdf
2309-46,https://documents.gov.lk/view/extra-gazettes/2022/12/2309-46_E.pdf,doc-archive/2022/12/09/2309-46/2309-46_english.pdf
2309-47,https://documents.gov.lk/view/extra-gazettes/2022/12/2309-47_E.pdf,doc-archive/2022/12/09/2309-47/2309-47_english.pdf
2309-48,https://documents.gov.lk/view/extra-gazettes/2022/12/2309-48_E.pdf,doc-archive/2022/12/09/2309-48/2309-48_english.pdf
2309-20,https://documents.gov.lk/view/extra-gazettes/2022/12/2309-20_E.pdf,doc-archive/2022/12/08/2309-20/2309-20_english.pdf
2309-21,https://documents.gov.lk/view/extra-gazettes/2022/12/2309-21_E.pdf,doc-archive/2022/12/08/2309-21/2309-21_english.pdf
2309-22,https://documents.gov.lk/view/extra-gazettes/2022/12/2309-22_E.pdf,doc-archive/2022/12/08/2309-22/2309-22_english.pdf
2309-23,https://documents.gov.lk/view/extra-gazettes/2022/12/2309-23_E.pdf,doc-archive/2022/12/08/2309-23/2309-23_english.pdf
2309-24,https://documents.gov.lk/view/extra-gazettes/2022/12/2309-24_E.pdf,doc-archive/2022/12/08/2309-24/2309-24_english.pdf
2309-25,https://documents.gov.lk/view/extra-gazettes/2022/12/2309-25_E.pdf,doc-archive/2022/12/08/2309-25/2309-25_english.pdf
2309-26,https://documents.gov.lk/view/extra-gazettes/2022/12/2309-26_E.pdf,doc-archive/2022/12/08/2309-26/2309-26_english.pdf
2309-27,https://documents.gov.lk/view/extra-gazettes/2022/12/2309-27_E.pdf,doc-archive/2022/12/08/2309-27/2309-27_english.pdf
2309-28,https://documents.gov.lk/view/extra-gazettes/2022/12/2309-28_E.pdf,doc-archive/2022/12/08/2309-28/2309-28_english.pdf
2309-29,https://documents.gov.lk/view/extra-gazettes/2022/12/2309-29_E.pdf,doc-archive/2022/12/08/2309-29/2309-29_english.pdf
2309-06,https://documents.gov.lk/view/extra-gazettes/2022/12/2309-06_E.pdf,doc-archive/2022/12/06/2309-06/2309-06_english.pdf
2309-07,https://documents.gov.lk/view/extra-gazettes/2022/12/2309-07_E.pdf,doc-archive/2022/12/06/2309-07/2309-07_english.pdf
2309-08,https://documents.gov.lk/view/extra-gazettes/2022/12/2309-08_E.pdf,doc-archive/2022/12/06/2309-08/2309-08_english.pdf
2309-11,https://documents.gov.lk/view/extra-gazettes/2022/12/2309-11_E.pdf,doc-archive/2022/12/06/2309-11/2309-11_english.pdf
2309-14,https://documents.gov.lk/view/extra-gazettes/2022/12/2309-14_E.pdf,doc-archive/2022/12/06/2309-14/2309-14_english.pdf
2309-12,https://documents.gov.lk/view/extra-gazettes/2022/12/2309-12_E.pdf,doc-archive/2022/12/06/2309-12/2309-12_english.pdf
2309-15,https://documents.gov.lk/view/extra-gazettes/2022/12/2309-15_E.pdf,doc-archive/2022/12/06/2309-15/2309-15_english.pdf
2309-16,https://documents.gov.lk/view/extra-gazettes/2022/12/2309-16_E.pdf,doc-archive/2022/12/06/2309-16/2309-16_english.pdf
2309-17,https://documents.gov.lk/view/extra-gazettes/2022/12/2309-17_E.pdf,doc-archive/2022/12/06/2309-17/2309-17_english.pdf
2309-18,https://documents.gov.lk/view/extra-gazettes/2022/12/2309-18_E.pdf,doc-archive/2022/12/06/2309-18/2309-18_english.pdf
2309-19,https://documents.gov.lk/view/extra-gazettes/2022/12/2309-19_E.pdf,doc-archive/2022/12/06/2309-19/2309-19_english.pdf
2309-01,https://documents.gov.lk/view/extra-gazettes/2022/12/2309-01_E.pdf,doc-archive/2022/12/05/2309-01/2309-01_english.pdf
2309-02,https://documents.gov.lk/view/extra-gazettes/2022/12/2309-02_E.pdf,doc-archive/2022/12/05/2309-02/2309-02_english.pdf
2309-03,https://documents.gov.lk/view/extra-gazettes/2022/12/2309-03_E.pdf,doc-archive/2022/12/05/2309-03/2309-03_english.pdf
2309-04,https://documents.gov.lk/view/extra-gazettes/2022/12/2309-04_E.pdf,doc-archive/2022/12/05/2309-04/2309-04_english.pdf
2309-05,https://documents.gov.lk/view/extra-gazettes/2022/12/2309-05_E.pdf,doc-archive/2022/12/05/2309-05/2309-05_english.pdf
2308-53,https://documents.gov.lk/view/extra-gazettes/2022/12/2308-53_E.pdf,doc-archive/2022/12/03/2308-53/2308-53_english.pdf
2308-54,https://documents.gov.lk/view/extra-gazettes/2022/12/2308-54_E.pdf,doc-archive/2022/12/03/2308-54/2308-54_english.pdf
2308-55,https://documents.gov.lk/view/extra-gazettes/2022/12/2308-55_E.pdf,doc-archive/2022/12/03/2308-55/2308-55_english.pdf
2308-56,https://documents.gov.lk/view/extra-gazettes/2022/12/2308-56_E.pdf,doc-archive/2022/12/03/2308-56/2308-56_english.pdf
2308-57,https://documents.gov.lk/view/extra-gazettes/2022/12/2308-57_E.pdf,doc-archive/2022/12/03/2308-57/2308-57_english.pdf
2308-58,https://documents.gov.lk/view/extra-gazettes/2022/12/2308-58_E.pdf,doc-archive/2022/12/03/2308-58/2308-58_english.pdf
2308-59,https://documents.gov.lk/view/extra-gazettes/2022/12/2308-59_E.pdf,doc-archive/2022/12/03/2308-59/2308-59_english.pdf
2308-60,https://documents.gov.lk/view/extra-gazettes/2022/12/2308-60_E.pdf,doc-archive/2022/12/03/2308-60/2308-60_english.pdf
2308-61,https://documents.gov.lk/view/extra-gazettes/2022/12/2308-61_E.pdf,doc-archive/2022/12/03/2308-61/2308-61_english.pdf
2308-62,https://documents.gov.lk/view/extra-gazettes/2022/12/2308-62_E.pdf,doc-archive/2022/12/03/2308-62/2308-62_english.pdf
2308-63,https://documents.gov.lk/view/extra-gazettes/2022/12/2308-63_E.pdf,doc-archive/2022/12/03/2308-63/2308-63_english.pdf
2308-64,https://documents.gov.lk/view/extra-gazettes/2022/12/2308-64_E.pdf,doc-archive/2022/12/03/2308-64/2308-64_english.pdf
2308-65,https://documents.gov.lk/view/extra-gazettes/2022/12/2308-65_E.pdf,doc-archive/2022/12/03/2308-65/2308-65_english.pdf
2308-66,https://documents.gov.lk/view/extra-gazettes/2022/12/2308-66_E.pdf,doc-archive/2022/12/03/2308-66/2308-66_english.pdf
2308-67,https://documents.gov.lk/view/extra-gazettes/2022/12/2308-67_E.pdf,doc-archive/2022/12/03/2308-67/2308-67_english.pdf
2308-68,https://documents.gov.lk/view/extra-gazettes/2022/12/2308-68_E.pdf,doc-archive/2022/12/03/2308-68/2308-68_english.pdf
2308-69,https://documents.gov.lk/view/extra-gazettes/2022/12/2308-69_E.pdf,doc-archive/2022/12/03/2308-69/2308-69_english.pdf
2308-70,https://documents.gov.lk/view/extra-gazettes/2022/12/2308-70_E.pdf,doc-archive/2022/12/03/2308-70/2308-70_english.pdf
2308-71,https://documents.gov.lk/view/extra-gazettes/2022/12/2308-71_E.pdf,doc-archive/2022/12/03/2308-71/2308-71_english.pdf
2308-72,https://documents.gov.lk/view/extra-gazettes/2022/12/2308-72_E.pdf,doc-archive/2022/12/03/2308-72/2308-72_english.pdf
2308-73,https://documents.gov.lk/view/extra-gazettes/2022/12/2308-73_E.pdf,doc-archive/2022/12/03/2308-73/2308-73_english.pdf
2308-32,https://documents.gov.lk/view/extra-gazettes/2022/12/2308-32_E.pdf,doc-archive/2022/12/02/2308-32/2308-32_english.pdf
2308-33,https://documents.gov.lk/view/extra-gazettes/2022/12/2308-33_E.pdf,doc-archive/2022/12/02/2308-33/2308-33_english.pdf
2308-34,https://documents.gov.lk/view/extra-gazettes/2022/12/2308-34_E.pdf,doc-archive/2022/12/02/2308-34/2308-34_english.pdf
2308-35,https://documents.gov.lk/view/extra-gazettes/2022/12/2308-35_E.pdf,doc-archive/2022/12/02/2308-35/2308-35_english.pdf
2308-36,https://documents.gov.lk/view/extra-gazettes/2022/12/2308-36_E.pdf,doc-archive/2022/12/02/2308-36/2308-36_english.pdf
2308-37,https://documents.gov.lk/view/extra-gazettes/2022/12/2308-37_E.pdf,doc-archive/2022/12/02/2308-37/2308-37_english.pdf
2308-39,https://documents.gov.lk/view/extra-gazettes/2022/12/2308-39_E.pdf,doc-archive/2022/12/02/2308-39/2308-39_english.pdf
2308-38,https://documents.gov.lk/view/extra-gazettes/2022/12/2308-38_E.pdf,doc-archive/2022/12/02/2308-38/2308-38_english.pdf
2308-40,https://documents.gov.lk/view/extra-gazettes/2022/12/2308-40_E.pdf,doc-archive/2022/12/02/2308-40/2308-40_english.pdf
2308-42,https://documents.gov.lk/view/extra-gazettes/2022/12/2308-42_E.pdf,doc-archive/2022/12/02/2308-42/2308-42_english.pdf
2308-41,https://documents.gov.lk/view/extra-gazettes/2022/12/2308-41_E.pdf,doc-archive/2022/12/02/2308-41/2308-41_english.pdf
2308-43,https://documents.gov.lk/view/extra-gazettes/2022/12/2308-43_E.pdf,doc-archive/2022/12/02/2308-43/2308-43_english.pdf
2308-44,https://documents.gov.lk/view/extra-gazettes/2022/12/2308-44_E.pdf,doc-archive/2022/12/02/2308-44/2308-44_english.pdf
2308-45,https://documents.gov.lk/view/extra-gazettes/2022/12/2308-45_E.pdf,doc-archive/2022/12/02/2308-45/2308-45_english.pdf
2308-46,https://documents.gov.lk/view/extra-gazettes/2022/12/2308-46_E.pdf,doc-archive/2022/12/02/2308-46/2308-46_english.pdf
2308-47,https://documents.gov.lk/view/extra-gazettes/2022/12/2308-47_E.pdf,doc-archive/2022/12/02/2308-47/2308-47_english.pdf
2308-48,https://documents.gov.lk/view/extra-gazettes/2022/12/2308-48_E.pdf,doc-archive/2022/12/02/2308-48/2308-48_english.pdf
2308-49,https://documents.gov.lk/view/extra-gazettes/2022/12/2308-49_E.pdf,doc-archive/2022/12/02/2308-49/2308-49_english.pdf
2308-50,https://documents.gov.lk/view/extra-gazettes/2022/12/2308-50_E.pdf,doc-archive/2022/12/02/2308-50/2308-50_english.pdf
2308-51,https://documents.gov.lk/view/extra-gazettes/2022/12/2308-51_E.pdf,doc-archive/2022/12/02/2308-51/2308-51_english.pdf
2308-23,https://documents.gov.lk/view/extra-gazettes/2022/12/2308-23_E.pdf,doc-archive/2022/12/01/2308-23/2308-23_english.pdf
2308-24,https://documents.gov.lk/view/extra-gazettes/2022/12/2308-24_E.pdf,doc-archive/2022/12/01/2308-24/2308-24_english.pdf
2308-25,https://documents.gov.lk/view/extra-gazettes/2022/12/2308-25_E.pdf,doc-archive/2022/12/01/2308-25/2308-25_english.pdf
2308-26,https://documents.gov.lk/view/extra-gazettes/2022/12/2308-26_E.pdf,doc-archive/2022/12/01/2308-26/2308-26_english.pdf
2308-27,https://documents.gov.lk/view/extra-gazettes/2022/12/2308-27_E.pdf,doc-archive/2022/12/01/2308-27/2308-27_english.pdf
2308-29,https://documents.gov.lk/view/extra-gazettes/2022/12/2308-29_E.pdf,doc-archive/2022/12/01/2308-29/2308-29_english.pdf
2308-28,https://documents.gov.lk/view/extra-gazettes/2022/12/2308-28_E.pdf,doc-archive/2022/12/01/2308-28/2308-28_english.pdf
2308-30,https://documents.gov.lk/view/extra-gazettes/2022/12/2308-30_E.pdf,doc-archive/2022/12/01/2308-30/2308-30_english.pdf
2308-31,https://documents.gov.lk/view/extra-gazettes/2022/12/2308-31_E.pdf,doc-archive/2022/12/01/2308-31/2308-31_english.pdf
