Document ID,Document Date,Gazette Type,Reasoning
2417-14,2024-12-31,LEGAL_REGULATORY,"This gazette contains regulations made by the Minister under the Merchant Shipping Act, establishing new legal requirements for non-convention vessels. It creates a regulatory framework with compliance requirements, certificates, and penalties for violations, which falls squarely under Legal/Regulatory matters (Type 5) rather than government personnel/structure changes."
2417-15,2024-12-31,LEGAL_REGULATORY,"This gazette contains regulations made by the Minister under the Merchant Shipping Act, No. 52 of 1971, which establishes new legal/regulatory frameworks for categorizing waters where registered vessels in Sri Lanka shall operate. It defines various water categories, operational areas, and technical terms, making it a statutory instrument that falls under Legal/Regulatory classification rather than government personnel or structural changes."
2417-16,2024-12-31,LEGAL_REGULATORY,"This gazette contains regulations made by the Minister under the Merchant Shipping Act, No. 52 of 1971. It establishes new regulatory frameworks for vessel classification, certification requirements, inspection procedures, and operational standards for merchant shipping. The content focuses entirely on legal/regulatory matters - creating new subsidiary legislation under an existing Act, which falls under Type 5 (Legal/Regulatory Gazettes) for legal framework and regulatory matters."
2417-17,2024-12-31,LEGAL_REGULATORY,"This gazette contains regulations made by the Minister under the Merchant Shipping Act, establishing legal standards for training, certification and watchkeeping for seafarers on domestic voyages. It creates a new regulatory framework with specific legal requirements and compliance standards, which falls under Legal/Regulatory classification (Type 5). While it mentions a minister's name, it does not focus on government personnel changes or portfolio assignments, but rather on the substantive legal regulations being promulgated."
2417-19,2024-12-31,LAND,"This gazette content is exclusively about land acquisition notices under the Land Acquisition Act, detailing specific land parcels being acquired for the Central Expressway Project. It contains descriptions of land lots, their locations, claimants, and purposes, which falls squarely under the Land Gazettes category (Type 4) for land acquisition matters."
2417-20,2024-12-31,LEGAL_REGULATORY,"This gazette content involves the imposition of special commodity levies on various goods through an order under the Special Commodity Levy Act, No. 48 of 2007. It establishes regulatory frameworks and compliance requirements for import/export duties, which falls under legal/regulatory matters. While it mentions a minister's name (Anura Kumara Dissanayake), this is in the context of exercising statutory powers rather than describing his portfolio responsibilities or making a personnel appointment, so it does not qualify as a government-related classification (Types 1-3)."
2417-21,2024-12-31,LEGAL_REGULATORY,"This gazette notification involves the Minister of Energy using statutory powers under the Ceylon Petroleum Corporation Act to revise fuel prices. The content focuses on regulatory action (price changes) made under existing legislation, which falls under Legal/Regulatory matters rather than government personnel or organizational changes. While it mentions a minister by name, it does so in the context of exercising regulatory authority rather than announcing appointments or portfolio responsibilities."
2417-01,2024-12-30,COMMERCIAL,"This gazette content contains a detailed list of financial amounts and currency codes associated with various country codes and descriptors, which appears to be a schedule of foreign exchange rates, commercial valuations, or financial allocations. This falls under business and commercial regulatory matters, specifically aligning with Type 6 (Commercial Gazettes) for financial institution regulations and commercial monetary matters."
2417-02,2024-12-30,LAND,"This gazette content exclusively deals with land title registration matters under the Registration of Title Act. It contains detailed declarations of title determinations for specific land parcels, including parcel numbers, owner names, extent of land, class of title, and encumbrances. The content focuses entirely on land ownership and property rights, falling squarely within the Land Gazette classification (Type 4) for land and property-related matters."
2417-03,2024-12-30,LAND,"This gazette content exclusively deals with land title registration matters under the Registration of Title Act, including declarations of title determinations for specific land parcels, ownership details, and land-related encumbrances. It contains detailed schedules of land parcels with ownership information, extents, and land classifications, which falls squarely under the Land Gazettes category (Type 4) for land and property-related matters."
2417-04,2024-12-30,LAND,"This gazette content exclusively deals with land title registration matters under the Registration of Title Act. It contains declarations of determination for specific land parcels, including detailed property descriptions, ownership details, and legal status of land titles. The content focuses entirely on land registration and property ownership matters, falling squarely within the Land Gazettes category (Type 4) as it involves land titles, property ownership determinations, and cadastral mapping information."
2417-05,2024-12-30,LAND,"This gazette content deals exclusively with land title registration matters, specifically declarations of determination for specific land parcels under the Registration of Title Act. It contains detailed information about land ownership, parcel numbers, cadastral maps, property boundaries, and owner identification - all falling squarely within the Land Gazette classification criteria."
2417-06,2024-12-30,LAND,"This gazette content deals exclusively with land title registration matters under the Registration of Title Act. It contains declarations of title determinations for specific land parcels, including detailed information about land ownership, parcel numbers, extents, and property rights. The document is explicitly published in ""PART III - LANDS"" and focuses on land settlement and title registration processes, which falls squarely under the Land Gazettes classification (Type 4) for land and property-related matters."
2417-07,2024-12-30,LAND,"This gazette content exclusively deals with land title registration matters under the Registration of Title Act. It contains detailed declarations of land title determinations for specific parcels of land, including parcel numbers, owner names, extent of land, title classifications, and encumbrances. The content focuses entirely on land ownership and property rights, falling squarely within the Land Gazette classification (Type 4) without any government personnel changes, organizational restructuring, or other specialized categories."
2417-08,2024-12-30,LAND,"This gazette content deals exclusively with land title registration matters under the Registration of Title Act, No. 21 of 1998. It contains declarations of determination for specific land parcels, including details of land ownership, parcel numbers, extents, and encumbrances. The content appears in ""PART III - LANDS"" of the gazette and focuses on land title settlement determinations for various plots in Kiribathkumbura, Kandy District, which falls squarely under the Land Gazettes category (Type 4) for land and property-related matters."
2417-09,2024-12-30,LAND,"This gazette content exclusively deals with land title registration matters under the Registration of Title Act. It contains declarations of title determinations for specific land parcels, including detailed information about parcel numbers, locations, owners, extents, and encumbrances. The content falls squarely within the definition of Land Gazettes as it involves land registrations, property ownership determinations, and land title settlements without any government personnel changes or structural administrative matters."
2417-11,2024-12-30,LEGAL_REGULATORY,"This gazette notification announces the approval of a temporary detention place under the Immigrants and Emigrants Act, which constitutes a regulatory matter. It involves the implementation of existing legislation (specifically Section 48 of the Act) rather than government personnel changes or structural reorganization. The content focuses on legal authority and regulatory compliance, making it a Legal/Regulatory Gazette."
2417-12,2024-12-30,LAND,"This gazette content deals exclusively with land title registration under the Registration of Title Act, specifically declaring the Commissioner's determination regarding title to multiple land parcels (Plot Nos. 1:1 through 1:9) in Matagoda village. The content includes detailed land particulars such as parcel numbers, extent in hectares, ownership status (all owned by ""The State""), and classification details. This falls squarely under Land Gazettes (Type 4) as it concerns land registration, title determination, and property ownership matters."
2417-13,2024-12-30,LAND,"This gazette content exclusively deals with land title registration matters under the Registration of Title Act. It contains declarations of determination for specific land parcels, including detailed information about land ownership, parcel numbers, extents, owner identities, and encumbrances. The content falls squarely within the definition of Land Gazettes as it involves land registrations, property ownership determinations, and title settlements for specific land parcels in designated locations."
2416-45,2024-12-28,LAND,"This gazette content deals exclusively with land title registration matters, specifically the declaration of determination of land titles for specific parcels of land in Polgahawila, Galle District. It contains detailed schedules listing land parcel numbers, extents, and ownership details (all registered to ""The State""), which falls under land registrations and property ownership matters as defined in Type 4 (Land Gazettes). The content does not involve government personnel changes, organizational restructuring, or any of the other specialized categories."
2416-46,2024-12-28,LAND,"This gazette content exclusively deals with land title registration matters under the Registration of Title Act. It contains declarations of title determinations for specific land parcels, including parcel numbers, ownership details, extent of land, and legal descriptions of properties in various villages. The content focuses entirely on land registration and property ownership matters, which falls squarely under the Land Gazettes classification (Type 4). There are no government personnel changes, organizational restructuring, or other non-land-related administrative matters present."
2416-47,2024-12-28,LAND,"This gazette content deals exclusively with land title registration matters under the Registration of Title Act. It contains declarations of determination for specific land parcels, including detailed property descriptions, ownership details, parcel numbers, extents, and encumbrances. The content focuses on land registration and title settlement processes, which falls squarely under the Land Gazettes category (Type 4) as it involves land ownership, title registration, and property rights determinations."
2416-48,2024-12-28,LAND,"This gazette content deals exclusively with land title registration and determinations under the Registration of Title Act. It contains detailed schedules of land parcels with specific plot numbers, cadastral map references, ownership details, extents, and legal status. The content falls under ""Land registrations, property ownership, land titles"" as specified in Type 4 (Land Gazettes). The document is published in ""PART III - LANDS"" of the gazette, further confirming its land-related nature."
2416-49,2024-12-28,LAND,"This gazette content exclusively deals with land title registration matters under the Registration of Title Act, No. 21 of 1998. It contains declarations of determination for specific land parcels (including parcel numbers, ownership details, extents, and classifications) in the Village of Muththettuwegama. The content focuses on land ownership, title settlements, and property registration, which falls squarely under the Land Gazettes category (Type 4) for land and property-related matters."
2416-50,2024-12-28,LAND,"This gazette content exclusively deals with land title registration matters under the Registration of Title Act. It contains detailed declarations of land title determinations for specific parcels of land, including parcel numbers, owner names, extent of land, title classifications, and encumbrances. The content is focused entirely on land ownership and property rights, falling squarely within the Land Gazette category (Type 4) which covers land registrations, property ownership, and land title matters."
2416-51,2024-12-28,LEGAL_REGULATORY,"This gazette contains regulations made by the Minister of Health and Mass Media under the Food Act, No. 26 of 1980, specifically amending the Food (Labelling and Advertising) Regulations 2022. The content focuses on legal/regulatory matters - creating and modifying statutory instruments and compliance requirements for food labelling and advertising. While a minister is named, this is not about government personnel changes or portfolio assignments, but rather about the exercise of regulatory power to amend existing legislation, making it a Legal/Regulatory Gazette."
2416-52,2024-12-28,LEGAL_REGULATORY,"This gazette content involves a regulatory amendment to the Food Act, No. 26 of 1980, specifically changing the implementation date for colour coding regulations related to sugar levels in liquids. It is a legal/regulatory matter concerning the modification of existing regulations, falling squarely under Type 5 (Legal/Regulatory Gazettes). While a minister's name appears, it is only in the context of who made the regulation under statutory authority, not as a personnel appointment or with detailed portfolio responsibilities."
2416-53,2024-12-28,LEGAL_REGULATORY,"This gazette content involves the amendment of regulations under the Food Act, No. 26 of 1980. It specifically modifies the Food (Iodization of Salt) Regulations 2023, changing the effective date of implementation. This constitutes a regulatory matter involving legal/statutory instruments, which falls under Legal/Regulatory Gazettes (Type 5). While a minister is named, this is not about government personnel changes or portfolio assignments, but rather about the exercise of regulatory authority under existing legislation."
2416-54,2024-12-28,LEGAL_REGULATORY,"This gazette content contains regulations made by the Minister of Health and Mass Media under the Food Act, No. 26 of 1980. It specifically amends the Food (Trans-Fat) Regulations 2022, which constitutes legal/regulatory matter. While a minister is named, this is not about government personnel changes or structural reorganization, but rather about establishing legal requirements and compliance frameworks for food safety regulations. The content fits the Legal/Regulatory classification (Type 5) as it involves statutory instruments and regulatory amendments."
2416-27,2024-12-27,LAND,"This gazette content deals exclusively with land title registration matters under the Registration of Title Act. It contains declarations of determination for specific land parcels, including detailed information about land ownership, parcel numbers, extents, and property details. The content is published in ""PART III - LANDS"" and focuses on land title settlement and registration, which falls squarely under the Land Gazettes category (Type 4) for land and property-related matters."
2416-28,2024-12-27,LAND,"This gazette content deals exclusively with land and property matters, specifically the declaration of streets and narrow roads as belonging to the Bibile Pradeshiya Sabha. It includes detailed schedules with land coordinates, measurements, and provisions for private land ownership claims, which falls squarely under the Land Gazette classification (Type 4) for land registrations, property ownership determinations, and land boundary matters."
2416-29,2024-12-27,LEGAL_REGULATORY,"This gazette content contains a regulatory order issued by the Consumer Affairs Authority under the Consumer Affairs Authority Act, No. 09 of 2003. It establishes maximum retail prices for specific types of canned fish, which constitutes a regulatory framework and compliance requirement. This falls under Legal/Regulatory Gazettes (Type 5) as it involves the exercise of statutory powers to create binding regulations that affect commercial activities, rather than being primarily about government personnel, organizational structure, or any of the other specialized categories."
2416-30,2024-12-27,LAND,"This gazette content deals exclusively with land-related matters, specifically the declaration of specific geographic areas within the Ratnapura Pradeshiya Sabha jurisdiction as ""developed areas"" for the purpose of levying assessments. The document contains detailed descriptions of boundaries, coordinates, and specific locations, making it primarily concerned with land use planning and property taxation matters, which falls under the Land Gazettes classification."
2416-31,2024-12-27,LAND,"This gazette content deals exclusively with land title registration matters under the Registration of Title Act. It contains declarations of land title determinations for specific parcels of land, including details about land ownership, parcel numbers, extents, locations, and ownership particulars. The content falls under ""Land registrations, property ownership, land titles"" as specified in the Land Gazettes (Type 4) category."
2416-32,2024-12-27,LAND,"This gazette content deals exclusively with land title registration matters under the Registration of Title Act, No. 21 of 1998. It contains declarations of determination for specific land parcels, including details of property ownership, land parcel numbers, extents, and ownership particulars. The content appears in ""PART III - LANDS"" of the gazette and focuses on land title settlement and property registration, which falls squarely under the Land Gazettes category (Type 4) for land and property-related matters."
2416-33,2024-12-27,LAND,"This gazette content exclusively deals with land title registration matters under the Registration of Title Act. It contains declarations of determination for specific land parcels, including detailed property descriptions, ownership details, parcel numbers, extents, and encumbrances. The content focuses on land ownership registration and title settlement, which falls squarely under the Land Gazettes category (Type 4) for land and property-related matters."
2416-35,2024-12-27,LAND,"This gazette content deals exclusively with land title registration matters under the Registration of Title Act. It contains declarations of determination by the Commissioner of Title Settlement regarding specific land parcels, including their registration details, ownership (all listed as ""The State""), and land parcel numbers with exact measurements. The content falls under ""Land registrations, property ownership, land titles"" as specified in the Land Gazettes (Type 4) classification."
2416-36,2024-12-27,LAND,"This gazette content is exclusively about land acquisition matters under the Land Acquisition Act. It contains detailed notices about specific land lots, their boundaries, compensation deposits, and legal case numbers related to land acquisition. The document is explicitly labeled ""PART III - LANDS"" and ""Land Acquisition Notices,"" confirming it deals with land and property-related matters, which falls under Type 4 (Land Gazettes)."
2416-37,2024-12-27,LAND,"This gazette content deals exclusively with land title registration matters under the Registration of Title Act. It contains declarations of determination by the Commissioner of Title Settlement regarding specific land parcels, including their numbers, extents, and ownership details (all listed as ""The State""). The content appears in ""PART III - LANDS"" of the gazette and focuses on land title settlement processes, which falls squarely under the Land Gazettes category (Type 4) for land and property-related matters."
2416-38,2024-12-27,LEGAL_REGULATORY,"This gazette content primarily involves legal/regulatory matters under the Industrial Disputes Act, specifically orders made under Section 4(1) of the Act to appoint arbitrators for industrial disputes. It contains statutory instruments and legal procedures for dispute resolution, falling clearly within the Legal/Regulatory category rather than government personnel or structural changes."
2416-39,2024-12-27,LAND,"This gazette content exclusively deals with land acquisition matters under the Land Acquisition Act, including notices for acquiring specific land parcels for road widening, corrections to previous land acquisition notices, and amendments to land descriptions. It contains detailed information about land plots, claimants, extents, and legal procedures related to land acquisition, which falls squarely under the Land Gazettes category (Type 4)."
2416-40,2024-12-27,LAND,"This gazette content deals exclusively with land title registration matters under the Registration of Title Act, No. 21 of 1998. It contains declarations of determination by the Commissioner of Title Settlement regarding specific land parcels, including detailed schedules with parcel numbers, owner names, extent of land, title classifications, and encumbrances/mortgages. The content falls under ""Land and property-related matters"" including land registrations, property ownership, and land titles as specified in Type 4 classification."
2416-41,2024-12-27,LAND,"This gazette content deals exclusively with land title registration matters under the Registration of Title Act. It contains declarations of land title determinations for specific parcels of land, including details about land ownership, parcel numbers, extents, and encumbrances. The content appears in ""PART III - LANDS"" of the gazette and focuses on property ownership and land title settlement, which clearly falls under the Land Gazettes category (Type 4) for land and property-related matters."
2416-42,2024-12-27,LAND,"This gazette content exclusively deals with land title registration matters under the Registration of Title Act. It contains declarations of title determinations for specific land parcels, including parcel numbers, cadastral map references, locations, and ownership details (all parcels are registered to ""The State""). The content focuses entirely on land registration and title settlement processes, which falls squarely under the Land Gazettes category (Type 4) for land and property-related matters."
2416-43,2024-12-27,LEGAL_REGULATORY,"This gazette content involves the Minister of Transport, Highways, Ports and Civil Aviation exercising powers under the Carriage by Air Act, No. 29 of 2018 to repeal and substitute a schedule containing revised limits of liability for air carriage. This constitutes a regulatory amendment to existing legislation, specifically modifying liability limits and setting an effective date for implementation. While a minister is named, the primary focus is on legal/regulatory changes rather than government personnel matters or detailed portfolio descriptions, making it a Legal/Regulatory Gazette."
2416-44,2024-12-27,LAND,"This gazette content deals exclusively with land and property matters, specifically the confirmation of possession of roads and narrow lanes to the Ayagama Pradeshiya Sabha. It includes detailed schedules with land coordinates, road names, and measurements, which falls under the Land Gazette classification (Type 4) for land registrations, property ownership, and land development matters."
2416-19,2024-12-26,LEGAL_REGULATORY,"This gazette content is an order made under the Public Security Ordinance (Chapter 40), which is a legal/regulatory instrument. It involves the exercise of statutory powers by the President to call out armed forces for maintaining public order, which constitutes a regulatory action under existing legislation rather than a government personnel change, structural reorganization, or any of the other specialized categories."
2416-20,2024-12-26,LAND,"This gazette content deals exclusively with land title registration matters under the Registration of Title Act. It contains declarations of determination for specific land parcels (including parcel numbers, locations, and ownership details) by the Commissioner of Land Title Settlement. The content focuses on land ownership, title settlement, and property registration, which falls squarely under the Land Gazettes category (Type 4) for land and property-related matters."
2416-22,2024-12-26,LAND,"This gazette content deals exclusively with land title registration matters under the Registration of Title Act. It contains declarations of determination for specific land parcels, including detailed information about parcel numbers, extent, ownership details, and land classifications. The content appears in ""PART III - LANDS"" of the gazette and focuses on land ownership registration and title settlement, which falls squarely under the Land Gazettes category (Type 4) for land and property-related matters."
2416-23,2024-12-26,LAND,"This gazette content exclusively deals with land-related matters, specifically notices calling for claims to land parcels under the Registration of Title Act. It involves land title settlement, cadastral maps, and determination of land ownership in various districts. The content falls under the Land Gazettes category as it primarily concerns land registration, title claims, and property ownership matters without any government personnel changes, organizational restructuring, or other specialized categories."
2416-24,2024-12-26,LAND,"This gazette content exclusively deals with land title registration matters under the Registration of Title Act, No. 21 of 1998. It contains declarations of determination for specific land parcels (including parcel numbers, cadastral maps, locations, and ownership details) by the Commissioner General of Land Title Settlement. The content focuses on land ownership, titles, and property registrations in specific locations within Kalutara District, which falls squarely under the Land Gazettes category (Type 4) for land and property-related matters."
2416-25,2024-12-26,LAND,"This gazette content exclusively deals with land title registration matters under the Registration of Title Act, specifically declaring determinations of land titles for multiple parcels in Kurunegala District. It contains detailed schedules with land parcel numbers, extent measurements, ownership details, and property characteristics, which falls squarely under the Land Gazettes category (Type 4) for land and property-related matters."
2416-26,2024-12-26,LAND,"This gazette content exclusively deals with land title registration matters under the Registration of Title Act. It contains declarations of determination for specific land parcels, including parcel numbers, cadastral map references, location details, ownership information, and land extent measurements. The content focuses entirely on land registration and title settlement processes, which falls squarely under the Land Gazettes category (Type 4) for land and property-related matters."
2416-04,2024-12-24,LEGAL_REGULATORY,"This gazette contains regulations made by the President under the Registered Stock and Securities Ordinance, specifically authorizing the issuance of Treasury Bonds for loan restructuring. It establishes legal/regulatory frameworks for financial instruments and debt management, falling squarely under Legal/Regulatory classification (Type 5) as it involves statutory instruments and regulatory procedures rather than government personnel changes or organizational restructuring."
2416-05,2024-12-24,LEGAL_REGULATORY,"This gazette notification announces the determination of the Legal Rate of Interest by the Central Bank of Sri Lanka under the authority of the Civil Procedure Code. It involves a regulatory matter concerning legal interest rates, falling under the Legal/Regulatory classification (Type 5) for statutory instruments and regulatory frameworks."
2416-06,2024-12-24,LEGAL_REGULATORY,"This gazette content is a notification by the Central Bank of Sri Lanka establishing the Market Rate of Interest under the Debt Recovery (Special Provisions) Act. It constitutes a regulatory determination made under statutory authority, specifically referencing Section 30 of Act No. 02 of 1990. This falls squarely under Legal/Regulatory matters (Type 5) as it involves the implementation and enforcement of existing legislation through regulatory action."
2416-07,2024-12-24,LAND,"This gazette content primarily deals with the approval of a development plan for the Greater Matara area, which involves land use planning, zoning changes, and urban development regulations. The content focuses on the statutory approval process for a regional development plan covering multiple local government authorities, making it clearly a land and property-related matter under the Land Gazettes classification (Type 4). While it mentions a minister's name, this is incidental to the land development content rather than being the primary focus of personnel changes or detailed portfolio responsibilities."
2416-08,2024-12-24,HYBRID,"This gazette contains both a named individual (Anura Karunathilaka, Minister of Urban Development, Construction and Housing) and detailed descriptions of his responsibilities and powers under specific legislation (Urban Development Authority Law, Section 8(F) and 8(G)). The content outlines both ""who"" (the Minister) and ""what"" (approval of development plans, exercise of powers under specific acts) with detailed subject matter responsibilities, making it a Hybrid Gazette."
2416-09,2024-12-24,LAND,"This gazette content primarily deals with land and property-related matters, specifically the declaration of specific land areas as an Urban Development Area under the Urban Development Authority Law. It contains detailed descriptions of land boundaries, Grama Niladari divisions, and geographic specifications, which falls squarely under the Land Gazette classification (Type 4) for land development projects and land use planning."
2416-10,2024-12-24,LAND,"This gazette content primarily deals with land development matters. It is an order under the Urban Development Authority Law declaring a specific geographical area (with detailed metes and bounds descriptions) as an Urban Development Area. The content focuses on land boundaries, Grama Niladhari divisions, and urban development zoning - all of which fall under land and property-related matters. While it mentions a minister's name, this is incidental to the land development declaration rather than being the primary focus of the gazette."
2416-11,2024-12-24,LEGAL_REGULATORY,"This gazette content primarily involves the promulgation of regulations under the Imports and Exports Control Act, specifically amending existing import/export control regulations. It contains legal/regulatory content including statutory instruments, regulatory amendments, and references to specific legislation (Act No. 1 of 1969 as amended). While it mentions a minister's name, this is in the context of exercising statutory powers to make regulations, not detailing personal portfolio responsibilities or government structural changes, making it primarily a legal/regulatory matter rather than a government personnel or organizational gazette."
2416-12,2024-12-24,ORGANISATIONAL,"This gazette content contains the National Consumer Price Index announcement published by the Department of Census and Statistics. It does not involve government structural changes, personnel appointments, or detailed portfolio responsibilities (Types 1-3). It also does not fit any of the specialized categories (land, legal/regulatory, commercial, elections, public service, or judicial/law enforcement). As a statistical announcement about economic indicators, it falls under miscellaneous administrative matters."
2416-13,2024-12-24,LEGAL_REGULATORY,"This gazette content involves the Minister exercising powers under the Societies Ordinance (Chapter 123) to authorize purposes for specific societies and limit the application of the ordinance. This constitutes regulatory action under existing legislation, making it a Legal/Regulatory matter rather than a government personnel or structural change. The mention of the minister's name and title is incidental to the regulatory function being performed."
2416-14,2024-12-24,LAND,"This gazette content primarily deals with land acquisition matters under the Land Acquisition Act. It contains orders for taking possession of specific land parcels with detailed descriptions of the land locations, boundaries, and extents. The content focuses exclusively on land/property matters without involving government personnel changes, structural changes, or detailed portfolio responsibilities of the minister mentioned. The ministerial signature is incidental to the land acquisition authority rather than being the primary focus of the gazette."
2416-15,2024-12-24,LAND,"This gazette content primarily deals with land acquisition matters under the Land Acquisition Act. It contains detailed descriptions of specific land parcels being acquired, including their locations, boundaries, and extents. While it mentions a government minister (Kuragamage Don Lal Kantha), this is only in the context of exercising statutory powers for land acquisition, not for government personnel changes or portfolio assignments. The core content focuses exclusively on land/property matters, making it a Land Gazette."
2416-16,2024-12-24,LAND,"This gazette content primarily deals with land acquisition matters under the Land Acquisition Act. It contains detailed descriptions of specific land parcels, their boundaries, and extents for acquisition purposes. While it mentions a government minister (Kuragamage Don Lal Kantha), this is only in the context of exercising statutory powers under land acquisition legislation, not for government personnel changes or portfolio assignments. The core content focuses exclusively on land property matters, making it a Land Gazette."
2416-18,2024-12-24,LAND,"This gazette primarily deals with land acquisition matters under the Land Acquisition Act. It contains detailed descriptions of specific land parcels, their boundaries, extents, and locations in Dikkumbura Village. While it mentions a government minister (K. D. Lal Kantha) and his title, the core content focuses on the revocation of a land acquisition order and the technical details of the land parcels involved, making it primarily a land-related matter rather than a government personnel or structural announcement."
2416-01,2024-12-23,LEGAL_REGULATORY,"This gazette notification establishes new exchange rates for customs duties and other charges under the Customs Ordinance. It constitutes a regulatory framework for financial/commercial transactions at customs, falling under Legal/Regulatory matters (new regulations and compliance requirements). While it names an official (P. B. S. C. Nonis), this is in the context of exercising statutory authority rather than a personnel appointment, and there are no detailed portfolio responsibilities described."
2416-02,2024-12-23,LEGAL_REGULATORY,"This gazette content primarily involves the publication of a legal order under the Sri Lanka Land Development Corporation Act, establishing regulatory requirements for canal reservations. It contains detailed legal provisions, terms, conditions, and restrictions regarding land use near canals, making it a legal/regulatory matter rather than a government personnel/structure announcement or other specialized category."
2416-03,2024-12-23,PEOPLE,"This gazette contains only government personnel changes (appointments to the Board of Library Service of Uva Province) with named individuals and their basic titles/positions. It does not include detailed descriptions of portfolio responsibilities or subject matter areas for these appointments, which would be required for a Hybrid classification. The content focuses solely on who is being appointed to which positions."
2415-79,2024-12-22,LEGAL_REGULATORY,"This gazette content contains regulations made by the Minister of Finance under the Regulation of Insurance Industry Act, No. 43 of 2000. It amends existing insurance regulations regarding annual fees payable to the Insurance Regulatory Commission. This falls under ""Legal/Regulatory Gazettes"" as it involves regulatory frameworks, statutory instruments, and compliance requirements for the insurance industry, rather than government personnel changes or structural modifications."
2415-66,2024-12-21,LEGAL_REGULATORY,"This gazette content primarily involves the declaration of a new welfare benefit payment scheme under the Welfare Benefits Act, No. 24 of 2002. It constitutes a regulatory matter where the Minister is exercising powers vested by an existing Act to implement a new scheme and rescind a previous notification. This falls under Legal/Regulatory classification as it deals with the implementation of regulations and statutory instruments rather than government personnel changes, organizational structure, or other specialized categories."
2415-68,2024-12-21,LAND,"This gazette content specifically deals with land title registration under the Registration of Title Act, declaring a determination regarding title to a specific parcel of land (Plot 1:11 of Block 12) in Echchankulama village. It contains detailed land particulars including parcel number, extent, ownership details, and encumbrances, making it primarily about land and property matters, which falls under the Land Gazettes classification (Type 4)."
2415-69,2024-12-21,LAND,"This gazette content exclusively deals with land title registration matters under the Registration of Title Act. It contains declarations of title determination for specific land parcels, including details of land ownership, property boundaries, mortgages, and encumbrances. The document is specifically published in ""PART III - LANDS"" of the gazette, confirming its focus on land and property-related administrative matters, which aligns perfectly with the Land Gazette classification (Type 4)."
2415-70,2024-12-21,LAND,"This gazette content exclusively deals with land title registration under the Registration of Title Act, specifically declaring the determination of title for a specific land parcel (No. 1:153 of Block 3) in Balalla village. It contains detailed land particulars including parcel number, extent, owner information, and legal status, making it clearly a land-related matter that falls under Type 4 (Land Gazettes) classification."
2415-71,2024-12-21,LAND,"This gazette content deals exclusively with land title registration matters under the Registration of Title Act, No. 21 of 1998. It contains declarations of determination by the Commissioner of Title Settlement regarding specific land parcels, including detailed schedules with parcel numbers, owner names, land extents, and property classifications. The content appears in ""PART III - LANDS"" of the gazette and focuses on land ownership determinations, making it clearly fall under the Land Gazettes category (Type 4)."
2415-72,2024-12-21,LAND,"This gazette content deals exclusively with land-related matters, specifically the determination and publication of land valuations (உாித்ᾐப் பதிᾫ) under the 1998 Land Valuation Act. It contains detailed tables listing specific land plots with their valuation details, plot numbers, ownership information, and classification types. The content focuses entirely on land administration and property valuation matters, fitting perfectly within the Land Gazette classification (Type 4) without any government personnel changes or structural modifications."
2415-73,2024-12-21,LAND,"This gazette content deals exclusively with land title registration matters under the Registration of Title Act. It contains declarations of land title determinations for specific parcels of land, including details about land ownership (State vs. Private), parcel numbers, extents, locations, and encumbrances. The content focuses on land registration and property rights rather than government personnel changes, organizational structures, or other specialized categories."
2415-74,2024-12-21,LAND,"This gazette content specifically deals with land title registration under the Registration of Title Act, declaring a determination regarding title to a specific parcel of land (No. 17:0432) with detailed land particulars including location, extent, owner information, and title classification. This falls squarely within the Land Gazette category (Type 4) as it concerns land registration and property ownership matters."
2415-75,2024-12-21,LAND,"This gazette content deals exclusively with land title registration matters for intestate properties, specifically calling for claims to properties of deceased individuals without wills. It involves land parcels, cadastral maps, property registration under the Registration of Title Act, and procedures for establishing land ownership - all falling under land and property-related matters as defined in Type 4 (Land Gazettes)."
2415-76,2024-12-21,LAND,"This gazette content deals exclusively with land title registration matters for intestate properties, including specific parcel numbers, land extents, and cadastral details. It involves the legal process of claiming rights to land properties through the Registration of Title Act, which falls squarely under the Land Gazettes category (Type 4) for land and property-related matters."
2415-77,2024-12-21,LAND,"This gazette content deals exclusively with land and property matters, specifically calling for claims to intestate property (property of deceased persons without a will) and providing detailed land parcel information including cadastral maps, parcel numbers, extents, and certificate of title numbers. It involves the registration of land titles under the Registration of Title Act, which falls squarely within the Land Gazette classification category."
2415-78,2024-12-21,LAND,"This gazette content exclusively deals with land-related matters, specifically notices calling for claims to land parcels under the Registration of Title Act. It involves land title registration, cadastral mapping, and determination of land ownership in various districts. The content focuses entirely on land administration and property rights, falling squarely within the Land Gazettes category (Type 4) without any government personnel changes, organizational restructuring, or other specialized categories."
2415-60,2024-12-20,ELECTIONS,"This gazette content pertains to electoral processes, specifically the certification of electoral registers and the allocation of parliamentary seats to electoral districts. It is issued by the Election Commission under constitutional authority (Article 98(8)) and involves the core electoral function of determining representation. This fits the definition of Type 7 (Elections Gazettes) for matters including electoral boundary changes and electoral commission decisions."
2415-61,2024-12-20,PUBLIC_SERVICE,"This gazette notification amends pension regulations regarding compulsory retirement ages for specific categories of medical and dental officers. It deals with public service retirement benefits and service conditions, which falls under Public Service Gazettes (Type 8) covering ""Pension and retirement benefits"" and ""Service conditions and benefits"" for public sector employees. While it mentions a minister's name, this is only in the signature block and does not involve detailed portfolio responsibilities or government structural changes that would trigger Types 1-3."
2415-62,2024-12-20,LAND,"This gazette content exclusively deals with land title registration matters under the Registration of Title Act, No. 21 of 1998. It contains declarations of determination for specific land parcels (including parcel numbers, extents, ownership details, and encumbrances) in various locations within Galle District. The content focuses on land ownership registration, property titles, and land settlement matters, which squarely fits the Land Gazette classification (Type 4) for land and property-related administrative matters."
2415-63,2024-12-20,LEGAL_REGULATORY,"This gazette content primarily deals with legal/regulatory matters under the Industrial Disputes Act, specifically the revocation and issuance of orders for arbitration proceedings. It contains statutory instruments and legal notices regarding industrial dispute resolution, falling clearly under Legal/Regulatory classification rather than government personnel or structural changes."
2415-64,2024-12-20,LEGAL_REGULATORY,"This gazette content contains orders and appointments made under the Industrial Disputes Act, which constitutes legal/regulatory matters. It involves statutory instruments (orders under Section 4(1) of the Act), appointment of arbitrators for dispute resolution, and references to specific legislative enactments and amendments. While it mentions the Minister of Labour, it does so in the context of exercising statutory powers rather than announcing personnel changes or portfolio responsibilities, making it primarily a legal/regulatory notification."
2415-65,2024-12-20,LEGAL_REGULATORY,"This gazette content primarily involves legal/regulatory matters under the Industrial Disputes Act, including the appointment of an arbitrator and revocation of previous orders. It contains statutory instruments and legal procedures for dispute resolution, with ministerial actions being performed in a legal capacity rather than constituting government personnel or structural changes."
2415-67,2024-12-20,LAND,"This gazette content exclusively deals with land title registration matters under the Registration of Title Act, including declarations of title determinations for specific land parcels, ownership details, property boundaries, and encumbrances. It contains detailed schedules with parcel numbers, owner information, land extents, and property rights - all characteristic of land-related administrative matters falling under Type 4 (Land Gazettes)."
2415-54,2024-12-19,HYBRID,"This gazette contains both a named individual (President Anura Kumara Dissanayake) and detailed delegation of specific financial powers and responsibilities (borrowing and issuing debt securities, signing agreements and guarantees related to foreign loans) to the Secretary to the Treasury. The content includes both the ""who"" (government person) and ""what"" (detailed government responsibilities/portfolios), making it a Hybrid Gazette according to the classification rules."
2415-55,2024-12-19,LEGAL_REGULATORY,"This gazette contains regulations made by the President under the Registered Stock and Securities Ordinance, establishing legal frameworks for debt restructuring and issuance of Treasury Bonds. It falls under Legal/Regulatory classification as it creates new regulatory provisions and authorizes specific financial procedures under existing legislation."
2415-56,2024-12-19,LEGAL_REGULATORY,"This gazette contains an order issued under the Foreign Exchange Act, No. 12 of 2017, which establishes regulatory frameworks and compliance requirements for foreign exchange transactions. It outlines specific limits, conditions, and procedures for outward remittances and investments, making it a legal/regulatory matter rather than a government personnel or structural change."
2415-57,2024-12-19,LEGAL_REGULATORY,"This gazette content primarily deals with legal/regulatory matters. It contains an order issued under the Sri Lanka Land Development Corporation Act, establishing canal reservation regulations and enforcement provisions. The content focuses on statutory powers, legal requirements, and regulatory compliance rather than government personnel changes, organizational structure, or land ownership matters. It amends existing legislation and establishes new regulatory frameworks for canal reservations, making it clearly a Legal/Regulatory gazette."
2415-58,2024-12-19,HYBRID,"This gazette names a specific individual (Mr. Yakupity Indika Manjula Silva) and provides detailed information about his responsibilities, including his current role (Additional Secretary) and his new appointment as Registrar of Industries with specific reference to industrial registration activities under a particular Act. This combination of a named person and detailed portfolio responsibilities qualifies it as a Hybrid Gazette (Type 3)."
2415-59,2024-12-19,HYBRID,"This gazette contains both specific named individuals (e.g., Dr. N. S. Kumanayake, Commander of the Army, W. L. A. Saman Priyantha, etc.) AND detailed descriptions of their responsibilities and tasks for the ""Clean Sri Lanka"" Programme. The content includes both the ""who"" (government personnel appointments) and the ""what"" (specific portfolio responsibilities and implementation tasks), making it a Hybrid Gazette according to the classification rules."
2415-35,2024-12-18,LEGAL_REGULATORY,"This gazette content promulgates new regulations under the Imports and Exports Control Act, specifically amending previous regulations to remove temporary suspensions on importation of motor vehicles. It contains detailed regulatory provisions, HS code classifications, and legal amendments, making it primarily about legal/regulatory framework rather than government personnel, organizational changes, or other specialized categories."
2415-36,2024-12-18,LAND,"This gazette content exclusively deals with land acquisition notices under the Land Acquisition Act, specifically describing government acquisition of land/servitude for public purposes. It contains detailed descriptions of specific land parcels (including lot numbers, land names, descriptions, claimants, and extents), notification procedures for interested parties, and compensation claims - all falling squarely within the Land Gazette classification criteria for land acquisitions and property matters."
2415-37,2024-12-18,LAND,"This gazette content exclusively deals with land acquisition notices under the Land Acquisition Act, specifically detailing the acquisition of various plots of land and servitudes for public purposes. It includes descriptions of land parcels, their locations, extents, and claimant information, which falls squarely under the Land Gazettes category (Type 4) for land and property-related matters."
2415-38,2024-12-18,LAND,"This gazette content exclusively deals with land acquisition notices under the Land Acquisition Act, specifically describing multiple parcels of land being acquired by the government for public purposes. It includes detailed descriptions of land plots, their locations, extents, and the legal process for acquisition and compensation. This fits perfectly within the Land Gazettes category (Type 4) as it focuses on land and property-related matters without involving government personnel changes, organizational restructuring, or other specialized categories."
2415-39,2024-12-18,LAND,"This gazette content exclusively deals with land acquisition notices under the Land Acquisition Act, describing specific parcels of land being acquired by the government for public purposes. It contains detailed descriptions of land plots, locations, extents, and claimant information, with no mention of government personnel changes, organizational restructuring, or any other specialized categories. The content falls squarely within the definition of Land Gazettes (Type 4) as it concerns land acquisitions and property matters."
2415-40,2024-12-18,LAND,"This gazette content exclusively deals with land acquisition notices under the Land Acquisition Act, providing detailed descriptions of specific parcels of land being acquired by the government for public purposes. It includes comprehensive land details (lot numbers, land names, descriptions, extents), location information (village, GN division, DS division, district, province), and procedural requirements for interested parties. This falls squarely under the Land Gazettes category as it concerns land acquisition and property matters."
2415-41,2024-12-18,LAND,"This gazette content deals exclusively with land and property matters, specifically the declaration of roads and narrow lanes owned by the Kuruwita Pradeshiya Sabha. It includes detailed schedules with land coordinates, road names, and dimensions, and outlines the legal process for land acquisition and ownership disputes, which falls squarely under the Land Gazette classification (Type 4)."
2415-42,2024-12-18,LAND,"This gazette content deals exclusively with land title registration matters under the Registration of Title Act. It contains declarations of land title determinations for specific parcels of land, including detailed schedules with parcel numbers, extents, and ownership details (all registered to ""The State""). The content falls under land registrations and property ownership matters, which aligns perfectly with Type 4 (Land Gazettes) classification for land and property-related administrative matters."
2415-43,2024-12-18,LAND,"This gazette content deals exclusively with land title registration matters, specifically the declaration of determinations by the Commissioner of Title Settlement regarding ownership of specific land parcels. It contains detailed schedules listing parcel numbers, extents, owner names, and land title classifications, falling squarely within the Land Gazette category (Type 4) for land and property-related matters."
2415-44,2024-12-18,LAND,"This gazette content deals exclusively with land title registration matters under the Registration of Title Act. It contains declarations of title determination for specific land parcels, including parcel numbers, extents, and ownership details (all listed as ""The State""). The content falls under land and property-related matters, specifically focusing on land title settlements and registrations, which aligns perfectly with the Land Gazette classification (Type 4)."
2415-45,2024-12-18,LAND,"This gazette content deals exclusively with land title registration matters under the Registration of Title Act. It contains declarations of determination for specific land parcels (including parcel numbers, locations, and ownership details) by the Commissioner General of Land Title Settlement. The content focuses on land registration, title determinations, and property ownership (all parcels are registered to ""The State""), which falls squarely under the Land Gazette classification category."
2415-46,2024-12-18,LAND,"This gazette content exclusively deals with land title registration matters under the Registration of Title Act. It contains declarations of land title determinations for specific parcels of land, including details about land ownership, property boundaries, cadastral maps, and land classifications. The content focuses entirely on land and property-related administrative matters, falling squarely under the Land Gazettes category (Type 4) without any government personnel changes, organizational restructuring, or other specialized categories."
2415-47,2024-12-18,LAND,"This gazette content exclusively deals with land title registration and determinations regarding specific land parcels under the Registration of Title Act. It contains detailed information about land parcel numbers, ownership details, extent of land, and legal status of properties. The content falls squarely within the definition of Land Gazettes, which cover land registrations, property ownership, land titles, and related administrative determinations."
2415-48,2024-12-18,LAND,"This gazette notification primarily deals with land matters, specifically the cancellation of a vesting order for a specific parcel of land described in detail in the schedule. It involves land acquisition and property rights (canceling the transfer of land to the Urban Development Authority), which falls squarely under the Land Gazette classification (Type 4). While it mentions a minister by name, this is incidental to the core land-related action being taken, and no detailed ministerial portfolio responsibilities are described beyond the minister's title."
2415-49,2024-12-18,LAND,"This gazette content deals exclusively with land title registration matters, specifically the declaration of determination of land titles for multiple parcels of land in various locations. It involves the Commissioner of Title Settlement exercising powers under the Registration of Title Act to formally determine ownership of specific land parcels, which falls squarely under the Land Gazettes category (Type 4) for land registrations, property ownership, and land title matters."
2415-50,2024-12-18,LAND,"This gazette content exclusively deals with land title registration matters under the Registration of Title Act. It contains detailed declarations of land title determinations for specific parcels of land, including parcel numbers, owner names, land extents, and property details. The content focuses entirely on land ownership registration and title settlement, which falls squarely under the Land Gazettes category (Type 4) as it involves land registrations, property ownership determinations, and land title matters."
2415-51,2024-12-18,LAND,"This gazette content exclusively deals with land title registration matters under the Registration of Title Act. It contains declarations of determination for specific land parcels, including detailed property descriptions, ownership details, extent measurements, and legal conditions affecting the titles. The content focuses entirely on land registration and property ownership matters, which falls squarely under the Land Gazettes classification (Type 4)."
2415-52,2024-12-18,LAND,"This gazette content specifically deals with land title registration under the Registration of Title Act. It contains a declaration by the Commissioner of Title Settlement regarding the determination of title for a specific parcel of land (Parcel No. 1:90) in Kadurupe, Galle District. The content includes detailed land particulars such as extent, owner information, title class, and encumbrances, which falls squarely within the Land Gazette category (Type 4) for land and property-related matters."
2415-53,2024-12-18,LAND,"This gazette content deals exclusively with land title registration matters under the Registration of Title Act. It contains declarations of determination for specific land parcels, including detailed information about land ownership, parcel numbers, extents, and property details. The content falls under ""Land registrations, property ownership, land titles"" as specified in the Land Gazettes (Type 4) category. While it mentions a government official (Commissioner General of Land Title Settlement), this is incidental to the primary purpose of registering land titles, and there are no government structural changes or personnel appointments being made."
2415-22,2024-12-17,LAND,"This gazette content exclusively deals with land title registration matters under the Registration of Title Act. It contains declarations of title determinations for specific land parcels, including detailed property descriptions, ownership details, extent measurements, and encumbrances. The content focuses entirely on land registration and property rights, falling squarely within the Land Gazettes category (Type 4) without any government personnel changes, organizational restructuring, or other specialized categories."
2415-23,2024-12-17,LAND,"This gazette content exclusively deals with land title registration matters under the Registration of Title Act. It contains declarations of land title determinations for specific parcels of land, including detailed land particulars such as parcel numbers, extent, ownership details, and encumbrances. The content focuses entirely on land registration and property ownership matters, which falls squarely under the Land Gazettes classification (Type 4). There is no mention of government personnel changes, organizational restructuring, or any other category that would take precedence over the land-specific content."
2415-24,2024-12-17,LAND,"This gazette content exclusively deals with land title registration matters under the Registration of Title Act. It contains declarations of land title determinations for specific parcels of land, including detailed property descriptions, ownership details, and legal status of land titles. The content falls squarely within the Land Gazette category as it involves land registrations, property ownership determinations, and title settlements for specific land parcels in various locations."
2415-25,2024-12-17,LAND,"This gazette content deals exclusively with land title registration matters under the Registration of Title Act, including determinations of land ownership, parcel numbers, cadastral maps, and property details for specific land parcels in various villages. It contains detailed schedules listing land parcels, their extent, owners, and encumbrances, which falls squarely under the Land Gazettes category (Type 4) for land and property-related matters."
2415-26,2024-12-17,LAND,"This gazette content exclusively deals with land title registration matters, specifically the determination of land ownership for specific parcels in Kandy District under the Registration of Title Act. It contains detailed land parcel information, ownership details, and legal determinations regarding land titles, which falls squarely within the Land Gazette classification (Type 4) for land and property-related matters."
2415-28,2024-12-17,LAND,"This gazette content exclusively deals with land title registration and determinations under the Registration of Title Act. It contains detailed schedules of land parcels, their extents, ownership details, and legal determinations regarding land titles in specific locations. The content falls squarely within the Land Gazette category as it involves land registrations, property ownership determinations, and land title settlements, with no government personnel or structural changes mentioned."
2415-29,2024-12-17,LAND,"This gazette content exclusively deals with land title registration matters, specifically the declaration of title determinations for multiple land parcels under the Registration of Title Act. It contains detailed information about land ownership, parcel numbers, extents, owner names, and title classifications, which falls squarely within the Land Gazette category (Type 4) for land and property-related matters."
2415-30,2024-12-17,LAND,"This gazette content deals exclusively with land title registration matters under the Registration of Title Act, No. 21 of 1998. It contains declarations of determination by the Commissioner of Title Settlement regarding specific land parcels, including their registration details, ownership (Land Reforms Commission, The State, and individual owners), extent, and encumbrances. The content appears in ""PART III - LANDS"" of the gazette and focuses entirely on land property matters, making it a clear example of Type 4 (Land Gazettes)."
2415-31,2024-12-17,LAND,"This gazette content deals exclusively with land title registration matters under the Registration of Title Act. It contains declarations of determination for specific land parcels, including detailed information about parcel numbers, extents, owners, and title classifications. The content appears in ""PART III - LANDS"" of the gazette and focuses on land ownership and title settlement, which falls squarely under the Land Gazettes category (Type 4) for land and property-related matters."
2415-33,2024-12-17,LAND,"This gazette content is exclusively about land title registration under the Registration of Title Act, specifically declaring the determination of title for a specific parcel of land (No. 1:17 of Block 4) in Kurunegala District. It contains detailed land particulars including parcel number, extent, owner information, and title classification. The content falls under ""Land and property-related matters"" as defined in Type 4, dealing with land registrations and title settlements rather than government personnel, organizational changes, or other specialized categories."
2415-34,2024-12-17,ORGANISATIONAL,"This gazette notification describes a structural/administrative change to government organization without naming specific individuals. It transfers the Department of Provincial Engineering Services from the Chief Ministry & Ministry of Education to the Chief Secretariat - Central Province, and outlines the subjects before and after the amendment. While the Governor's name appears in the signature, this is a formal requirement and the content itself focuses exclusively on organizational restructuring and portfolio assignments without detailing any individual's specific responsibilities or making personnel appointments."
2415-01,2024-12-16,LEGAL_REGULATORY,"This gazette notification is issued under the Customs Ordinance (Chapter 235) and establishes new rates of exchange for customs duties and charges. It constitutes a regulatory framework for customs operations, making it a legal/regulatory matter rather than a government personnel or structural change. The content involves statutory instruments and compliance requirements for customs payments, which falls squarely under Type 5 (Legal/Regulatory Gazettes)."
2415-02,2024-12-16,COMMERCIAL,"This gazette notice announces the cancellation of a finance company's license due to amalgamation with another finance company under the Finance Business Act. This content deals specifically with business and financial institution regulations, which falls under the Commercial classification (Type 6) for business and commercial matters, including financial institution regulations and corporate amalgamations."
2415-03,2024-12-16,PUBLIC_SERVICE,"This gazette notification announces a special allowance payable to workers in specific trades (cocoa, cardamom, and pepper), which falls under public sector service conditions and benefits. It is issued by the Commissioner General of Labour under the Wages Boards Ordinance, making it a public service administrative matter rather than a government structural/personnel change or specialized category like commercial or legal."
2415-06,2024-12-16,LAND,"This gazette content exclusively deals with land title claims and registration matters under the Registration of Title Act. It involves notices calling for claims to specific land parcels, references to cadastral maps, land ownership determinations, and procedures for land title settlement. The content is entirely focused on land and property-related administrative matters, falling squarely within the Land Gazette classification (Type 4) without any government personnel changes, structural reorganizations, or other specialized categories."
2415-07,2024-12-16,LAND,"This gazette content deals exclusively with land title registration matters under the Registration of Title Act. It contains declarations of determination for specific land parcels, including detailed information about land ownership, parcel numbers, extents, locations, and encumbrances. The content appears in ""PART III - LANDS"" of the gazette and focuses on land adjudication and title settlement processes, which clearly falls under the Land Gazettes category (Type 4) for land and property-related matters."
2415-08,2024-12-16,LAND,"This gazette content exclusively deals with land title registration matters under the Registration of Title Act. It contains declarations of title determinations for specific land parcels, including parcel numbers, extents, ownership details (all listed as ""The State""), and other land registration particulars. The content falls under ""Land registrations, property ownership, land titles"" as specified in the Land Gazettes (Type 4) category, with no government personnel changes or structural administrative matters present."
2415-09,2024-12-16,LAND,"This gazette content exclusively deals with land title registration matters under the Registration of Title Act. It contains declarations of land title determinations for specific parcels of land, including detailed information about land ownership, property boundaries, encumbrances, and legal rights associated with the properties. The content falls squarely within the definition of Land Gazettes (Type 4) as it focuses on land registrations, property ownership, land titles, and related legal determinations regarding land parcels."
2415-10,2024-12-16,LAND,"This gazette content deals exclusively with land title registration matters under the Registration of Title Act. It contains declarations of land title determinations for specific parcels of land, including detailed schedules with parcel numbers, extents, owner names, and property rights. The content focuses on land ownership, title settlements, and property registration, which falls squarely under the Land Gazettes category (Type 4) as it primarily concerns land and property-related administrative matters."
2415-11,2024-12-16,LAND,"This gazette content deals exclusively with land title registration matters under the Registration of Title Act. It contains declarations of land title determinations for specific parcels of land, including detailed schedules with parcel numbers, extents, nature of land, ownership details, and encumbrances. The content is published in ""PART III - LANDS"" of the gazette and focuses on land ownership and title settlement, which falls squarely under the Land Gazettes category (Type 4) for land and property-related matters."
2415-12,2024-12-16,LAND,"This gazette content deals exclusively with land title registration matters under the Registration of Title Act. It contains declarations of determination for specific land parcels, including detailed information about land ownership, parcel numbers, extents, locations, and owner particulars. The content appears in ""PART III - LANDS"" of the gazette and focuses on land settlement and title registration processes, which clearly falls under the Land Gazettes category (Type 4)."
2415-13,2024-12-16,LAND,"This gazette content deals exclusively with land settlement matters under the Land Settlement Ordinance. It contains a final order amendment regarding specific land lots (118, 744, 745, 746, 747, 748) in Dodawatta village, Kegalle District, declaring that these lands have ceased to be subject to legal proceedings under the ordinance. The content focuses on land demarcation, settlement orders, and property status - all falling squarely within the Land Gazette classification (Type 4) for land and property-related administrative matters."
2415-14,2024-12-16,LAND,"This gazette content deals exclusively with land title registration under the Registration of Title Act. It contains a declaration by the Commissioner of Title Settlement regarding the determination of title to a specific parcel of land (Plot 1:7, Block 1) in Abhayapura village, including details about the land extent, owner information, and legal status. The content appears in ""PART III - LANDS"" of the gazette and focuses entirely on land property matters, making it a clear example of a Land Gazette (Type 4)."
2415-15,2024-12-16,LAND,"This gazette content deals exclusively with land title registration matters under the Registration of Title Act. It contains declarations of determination by the Commissioner of Land Title Settlement regarding specific land parcels (including parcel numbers, locations, ownership details, and land characteristics). The content focuses on land ownership adjudication, title registration, and property rights - all falling squarely within the Land Gazette classification (Type 4) for land and property-related matters."
2415-16,2024-12-16,LAND,"This gazette content exclusively deals with land title registration matters under the Registration of Title Act. It contains detailed declarations of land ownership, parcel numbers, cadastral map references, property extents, owner names and identities, and specific land-related encumbrances or conditions. The content falls under ""Land registrations, property ownership, land titles"" as specified in the Land Gazettes (Type 4) category, with no government personnel or structural changes mentioned."
2415-17,2024-12-16,LAND,"This gazette content deals exclusively with land title registration matters under the Registration of Title Act. It contains declarations of determination for specific land parcels (including parcel numbers, cadastral map references, locations, and ownership details), which falls squarely under the Land Gazette classification for land registrations, property ownership, and land title matters."
2415-18,2024-12-16,PEOPLE,"This gazette content solely announces the resignation of a named individual (Honourable Asoka Sapumal Ranwala) from a specific government position (Speaker of the Parliament). It does not contain any details about government structural changes or detailed portfolio responsibilities, making it a clear example of a People Gazette (Type 2)."
2415-19,2024-12-16,ELECTIONS,"This gazette notice announces election results for a Local Authority (Elpitiya Pradeshiya Sabha), specifically declaring the names of elected members for each ward and members returned for the Local Authority. It is published under the Local Authorities Elections Ordinance and comes from the Election Commission, making it clearly related to electoral processes and results."
2415-20,2024-12-16,ORGANISATIONAL,"This gazette notification is about the recognition of a degree program (Bachelor of Science Honours in Psychology) at the Sri Lanka Institute of Information Technology. While it mentions a minister's name and title, it does not involve government structural changes, personnel appointments, or detailed ministerial portfolio responsibilities. The content focuses on educational regulations and degree program accreditation, which falls under the Miscellaneous category for educational matters not covered by other specialized types."
2415-21,2024-12-16,LAND,"This gazette content is exclusively about land acquisition matters under the Land Acquisition Act. It contains detailed notices for acquiring specific land lots in Colombo District for public purposes, including descriptions of properties, claimants, and acquisition procedures. This fits perfectly within the Land Gazettes category (Type 4) which covers land acquisitions, transfers, and property-related administrative matters."
2414-46,2024-12-13,LAND,"This gazette content deals exclusively with land title registration matters under the Registration of Title Act. It contains declarations of title determinations for specific land parcels, including detailed schedules with parcel numbers, extents, owner names, and title classifications. The content is focused on land ownership and property rights, falling squarely within the Land Gazettes category (Type 4) which covers land registrations, property ownership, land titles, and related administrative determinations."
2414-47,2024-12-13,LAND,"This gazette content exclusively deals with land title registration matters under the Registration of Title Act. It contains multiple declarations of land title determinations for specific parcels of land, including details about land ownership, parcel numbers, extents, nature of land, and encumbrances. The content falls squarely within the Land Gazette category as it involves land registrations, property ownership determinations, and land title settlements, without any government personnel changes or structural administrative matters."
2414-48,2024-12-13,LAND,"This gazette content exclusively deals with land title registration and determinations under the Registration of Title Act. It contains detailed schedules of land parcels with ownership details, extents, encumbrances, and legal determinations regarding land titles. The content is specifically categorized under ""PART III - LANDS"" and focuses entirely on land registration matters, making it a clear example of Type 4 (Land Gazettes) according to the classification criteria."
2414-49,2024-12-13,LAND,"This gazette content deals exclusively with land title registration matters under the Registration of Title Act. It contains declarations of title determinations for specific land parcels, including parcel numbers, extents, ownership details (primarily ""The State""), and land classifications. The content focuses on land registration, title settlement, and property ownership determinations, which falls squarely under the Land Gazettes category (Type 4) for land and property-related administrative matters."
2414-50,2024-12-13,LAND,"This gazette content exclusively deals with land title registration matters, specifically calling for claims to land parcels in multiple districts under the Registration of Title Act. It involves land ownership claims, cadastral maps, and title settlement procedures, which directly falls under the Land Gazettes category (Type 4) for land and property-related matters."
2414-51,2024-12-13,LAND,"This gazette content exclusively deals with land title registration matters under the Registration of Title Act. It contains declarations of determination by the Commissioner of Title Settlement regarding specific land parcels (Parcel No. 121 and Parcel No. 03), including details about land ownership, extent, location, and encumbrances. The content falls squarely within the Land Gazette category as it involves land registration, title determination, and property ownership matters without any government personnel changes or structural administrative modifications."
2414-52,2024-12-13,PEOPLE,"The gazette content lists specific individuals (Ms. K. D. R. Olga, Dr. Anil Jasinghe, Mr. M. A. L. S. N. K. Manthrinayake) being appointed to government positions (Secretaries to Ministries). It provides their names and basic titles (e.g., ""Secretary, Ministry of Women and Child Affairs"") but does NOT include any detailed descriptions of their portfolio responsibilities or subject matter duties. This fits the definition of a People Gazette (Type 2)."
2414-53,2024-12-13,PEOPLE,"This gazette content specifically names three individuals (Mr. Hettigodage Maithreesena, Mr. Priyalath Keembihettige, and Mr. Alexander Maha Widhana Janaka Mahesh) and announces their expulsion from their posts as Directors of the Southern Provincial Road Passenger Transport Authority. The notice contains personnel changes (expulsions) with basic titles only (""Director"") but does not include any detailed descriptions of their portfolio responsibilities or subject matter duties. This fits the definition of a People Gazette (Type 2)."
2414-54,2024-12-13,LAND,"This gazette content specifically deals with land title registration under the Registration of Title Act, No. 21 of 1998. It contains a declaration by the Commissioner of Title Settlement regarding the determination of title to a specific parcel of land (Parcel No. 1:169 of Block 03) with detailed land particulars including location, extent, ownership details, and encumbrances. The content falls under ""PART III - LANDS"" and focuses exclusively on land registration matters, making it a clear example of Type 4 (Land Gazettes) according to the classification criteria."
2414-55,2024-12-13,LAND,"This gazette content deals exclusively with land title registration matters under the Registration of Title Act. It contains declarations of determination for specific land parcels (Parcel Nos. 421 and 49) with detailed land ownership information, including owner names, property extent, location details, and encumbrances. The content falls under ""Land registrations, property ownership, land titles"" as specified in the Land Gazettes (Type 4) category."
2414-56,2024-12-13,LAND,"This gazette content exclusively deals with land title registration matters under the Registration of Title Act. It contains declarations of land title determinations for specific parcels of land, including detailed information about land parcels, owners, extents, and title classifications. The content falls squarely within the Land Gazette category as it focuses on land registration, title settlement, and property ownership matters without involving government personnel changes, organizational restructuring, or other specialized categories."
2414-57,2024-12-13,LAND,"This gazette content deals exclusively with land title registration matters under the Registration of Title Act, No. 21 of 1998. It contains declarations of determination for specific land parcels (Nos. 14, 94, and 95) with detailed property information including owner names, land extent, title class, encumbrances, and specific location details. The content falls under PART III - LANDS and involves the formal registration and determination of land titles, which clearly fits the Land Gazettes category (Type 4) for land and property-related matters."
2414-58,2024-12-13,LAND,"This gazette content specifically deals with land title registration under the Registration of Title Act, No. 21 of 1998. It contains a declaration by the Commissioner of Title Settlement regarding the determination of title to a specific parcel of land (No. 1:198 of Block 06) in Meddegama village, including detailed particulars about the land extent, owner information, and property details. The content is exclusively focused on land and property matters, falling squarely under the Land Gazettes category (Type 4) as it involves land registration, title determination, and property ownership details."
2414-59,2024-12-13,LAND,"This gazette content deals exclusively with land title registration matters for intestate properties, including specific parcel numbers, land extents, cadastral details, and the legal process for claiming rights to properties under the Registration of Title Act. It falls under the Land Gazette category as it primarily concerns land ownership, title registration, and property claims rather than government personnel, organizational changes, or other specialized categories."
2414-60,2024-12-13,LAND,"This gazette content exclusively deals with land title registration under the Registration of Title Act. It contains a formal declaration by the Commissioner of Title Settlement regarding the determination of title to a specific parcel of land (Parcel No. 45, Block 04) with detailed land particulars including location, extent, owner information, and title classification. The content focuses entirely on land property matters without any government personnel changes, structural changes, or other specialized categories."
2414-61,2024-12-13,LAND,"This gazette content deals exclusively with land title registration matters under the Registration of Title Act, No. 21 of 1998. It contains declarations of determination for specific land parcels (including parcel numbers, locations, owner details, and land extent), which falls squarely under the Land Gazettes category (Type 4) for land registrations, property ownership, and land title matters. The content does not involve government personnel changes, organizational restructuring, or any of the other specialized categories."
2414-62,2024-12-13,LAND,"This gazette content deals exclusively with land title registration under the Registration of Title Act, specifically declaring the determination of land titles for specific parcels in Kandy District. It contains detailed land parcel numbers, owner information, property extents, and addresses, making it clearly a land-related matter falling under Type 4 (Land Gazettes)."
2414-63,2024-12-13,LAND,"This gazette content deals exclusively with land and property matters, specifically calling for claims to intestate property (property of deceased persons without wills) and the registration of land titles under the Registration of Title Act. It contains detailed land descriptions including cadastral map numbers, parcel numbers, land extents, and locations. The content falls under land registrations and property ownership matters, which aligns perfectly with the Land Gazette classification (Type 4)."
2414-64,2024-12-13,LAND,"This gazette content specifically deals with land title registration under the Registration of Title Act, declaring the determination of title for a specific parcel of land (No. 1:107 of Block 08) with detailed land particulars including location, extent, owner information, and encumbrances. This falls squarely within the Land Gazette category (Type 4) as it concerns land registration and property ownership matters."
2414-65,2024-12-13,LAND,"This gazette content deals exclusively with land title registration matters for intestate properties, including specific parcel numbers, land extents, and cadastral details. It involves legal notices for claiming interests in land properties under the Registration of Title Act, which falls squarely within the Land Gazette classification (Type 4) for land and property-related matters."
2414-32,2024-12-12,LEGAL_REGULATORY,"This gazette primarily concerns the announcement and enforcement of regulations for the Sri Pada pilgrimage season under the Pilgrimages Ordinance. It references specific legal notifications from previous gazettes and outlines detailed regulatory requirements for various aspects of the pilgrimage (lodging, construction, sanitation, commerce, etc.), making it a legal/regulatory matter rather than a government personnel/structure announcement or other specialized category."
2414-33,2024-12-12,LAND,"This gazette content deals exclusively with land title registration matters under the Registration of Title Act, No. 21 of 1998. It contains declarations of title determinations for specific land parcels, including detailed information about land ownership, parcel numbers, extents, owners' names and addresses, and encumbrances. The content appears in ""PART III - LANDS"" of the gazette and focuses entirely on land registration and property ownership matters, which falls squarely under the Land Gazettes classification (Type 4)."
2414-34,2024-12-12,ELECTIONS,"This gazette content specifically declares the results of a parliamentary election, listing individuals who have been elected as Members of Parliament for specified parties. This falls directly under the ""Elections Gazettes"" category (Type 7), which includes election results and declarations, as outlined in the classification guidelines."
2414-35,2024-12-12,LAND,"This gazette contains multiple notices under Section 7 of the Land Acquisition Act, detailing the government's intention to acquire specific parcels of land for public purposes (Central Expressway Project). It includes detailed descriptions of land lots, their locations, extents, and ownership information, which falls squarely under land and property-related matters as defined in Type 4 (Land Gazettes)."
2414-36,2024-12-12,LAND,"This gazette content is exclusively about land acquisition matters under the Land Acquisition Act. It contains detailed notices about specific land lots, their boundaries, compensation deposits, and legal case numbers related to land acquisition. The content focuses solely on land/property matters without any government personnel changes, structural reorganizations, or other specialized categories, making it clearly a Land Gazette (Type 4)."
2414-37,2024-12-12,LAND,"This gazette content exclusively deals with land title registration matters under the Registration of Title Act, specifically declaring determinations of land ownership for multiple parcels in Anuradhapura District. It contains detailed schedules of land parcels with their extent, ownership status (all owned by ""The State""), and specific land classifications. The content falls squarely under land and property-related matters as defined in Type 4, including land registrations, title determinations, and property ownership declarations."
2414-38,2024-12-12,LAND,"This gazette content deals exclusively with land title registration matters under the Registration of Title Act, No. 21 of 1998. It contains declarations of determination by the Commissioner of Title Settlement regarding specific land parcels, including detailed schedules with parcel numbers, extents, owner names, identity card numbers, title classifications, and encumbrances. The content is focused on land ownership and property rights, falling squarely within the Land Gazette category (Type 4) as it involves land registrations, property ownership determinations, and title settlements for specific land parcels in designated locations."
2414-39,2024-12-12,LAND,"This gazette content deals exclusively with land title registration matters under the Registration of Title Act. It contains declarations of determination by the Commissioner of Title Settlement regarding specific land parcels, including ownership details, parcel numbers, extents, and locations. The content appears in ""PART III - LANDS"" of the gazette and focuses on land title settlements, which clearly falls under the Land Gazettes category (Type 4) for land and property-related matters."
2414-40,2024-12-12,LAND,"This gazette content exclusively deals with land title registration matters under the Registration of Title Act. It contains specific declarations about land parcels, including parcel numbers, extents, ownership details, and property characteristics. The content focuses on the determination of land titles for specific properties in Karawdeniya, which falls squarely under the Land Gazettes category (Type 4) for land and property-related matters."
2414-41,2024-12-12,LAND,"This gazette content exclusively deals with land title registration matters under the Registration of Title Act, including specific determinations of land ownership, parcel numbers, property boundaries, and encumbrances. It contains detailed land registration information for multiple parcels in the Gampaha District, including owner names, property extents, and legal encumbrances, which falls squarely under the Land Gazettes category (Type 4) for land and property-related matters."
2414-42,2024-12-12,LAND,"This gazette content exclusively deals with land title registration matters under the Registration of Title Act. It contains declarations of title determinations for specific land parcels, including detailed property descriptions, ownership information, and cadastral references. The content focuses entirely on land registration and property ownership matters, which falls squarely under the Land Gazettes classification (Type 4). There are no government personnel changes, organizational restructuring, or other non-land related administrative matters present."
2414-43,2024-12-12,LAND,"This gazette content exclusively deals with land title registration and determinations under the Registration of Title Act. It contains detailed schedules of specific land parcels, their ownership details, extents, and legal status. The document is published in ""PART III - LANDS"" and focuses entirely on land settlement matters, making it a clear example of a Land Gazette (Type 4) according to the classification criteria."
2414-44,2024-12-12,LAND,"This gazette content exclusively deals with land title registration matters under the Registration of Title Act. It contains detailed declarations of land title determinations for specific parcels of land, including parcel numbers, cadastral map references, owner names, land extents, and property details. The content falls squarely under ""Land and property-related matters"" including ""land registrations, property ownership, land titles"" as specified in the Land Gazettes (Type 4) classification. There is no government personnel or structural content that would trigger Types 1-3, and it doesn't fit any other specialized categories."
2414-45,2024-12-12,LAND,"This gazette content deals exclusively with land title registration matters under the Registration of Title Act, No. 21 of 1998. It contains declarations of determination for specific land parcels (including parcel numbers, extent measurements, owner details, and encumbrances) in the Mailawalana area. The content focuses on land ownership registration, title settlement, and property rights - all falling squarely within the Land Gazette classification category. There are no government personnel changes, organizational restructuring, or other non-land related administrative matters present."
2414-11,2024-12-11,ELECTIONS,"This gazette content is a declaration of elected Members of Parliament following a parliamentary election, published by the Election Commission. It specifically announces election results under Article 99A of the Constitution, which falls squarely under the ""Elections Gazettes"" category (Type 7) for electoral processes, results, and declarations."
2414-12,2024-12-11,PEOPLE,"This gazette exclusively announces personnel awards (Utthama Seva Padakkama) to named individuals in the Sri Lankan armed forces. It contains a detailed schedule listing specific officers by name, rank, and regiment. While it mentions the President's authority to award these medals, it does not describe any structural changes to government departments or detailed portfolio responsibilities for the individuals. The content focuses solely on recognizing specific people for their service."
2414-13,2024-12-11,LEGAL_REGULATORY,"This gazette notification concerns the extension of a permitted period under specific legal provisions (Provincial Council Act No. 12 of 1989 and Provincial Council (Consequential Provisions) Act, No. 15 of 1987). It is a legal/regulatory matter involving statutory instruments and the exercise of powers vested by law, fitting the definition of Type 5 (Legal/Regulatory Gazettes). While it mentions a government official (the Governor), the core content is about legal authority and regulatory timelines, not about government personnel changes or structural reorganization."
2414-14,2024-12-11,LEGAL_REGULATORY,"This gazette content contains regulations issued under the Inland Revenue Act, specifying procedures for withholding tax from payments to non-resident persons. It establishes legal requirements for licensed commercial banks, authorized dealers, and withholding agents regarding tax clearance certificates and outward remittances. This falls under Legal/Regulatory Gazettes as it deals with regulatory frameworks, compliance requirements, and statutory instruments related to tax law implementation."
2414-15,2024-12-11,LAND,"This gazette content exclusively deals with land title registration matters under the Registration of Title Act. It contains declarations of land title determinations for specific parcels of land, including detailed schedules with parcel numbers, extents, owner names, and property details. The content is focused entirely on land ownership and title settlement, falling squarely within the Land Gazettes category (Type 4) which covers land registrations, property ownership, and land title matters."
2414-16,2024-12-11,LAND,"This gazette content exclusively deals with land title registration matters under the Registration of Title Act, No. 21 of 1998. It contains declarations of determination by the Commissioner of Title Settlement regarding specific land parcels, including detailed schedules with parcel numbers, extents, owner names, and property rights. The content appears in ""PART III - LANDS"" of the gazette and focuses entirely on land ownership and title settlement, making it clearly fall under the Land Gazettes category (Type 4)."
2414-17,2024-12-11,LAND,"This gazette content exclusively deals with land title registration matters under the Registration of Title Act. It contains declarations of determination for specific land parcels, including parcel numbers, locations, ownership details, and encumbrances. The content focuses entirely on land registration and title settlement processes, which falls squarely under the Land Gazettes category (Type 4) as it involves land registrations, property ownership determinations, and land title matters."
2414-18,2024-12-11,LAND,"This gazette content exclusively deals with land title registration matters under the Registration of Title Act, specifically declaring determinations of land titles for multiple parcels of land in specific locations. It contains detailed schedules with land parcel numbers, ownership details, extents, and encumbrances, making it clearly a land-related gazette under Type 4 classification."
2414-19,2024-12-11,LAND,"This gazette content deals exclusively with land title registration and determinations under the Registration of Title Act. It contains detailed schedules of specific land parcels with their ownership details, extents, and legal status. The content falls under ""Land registrations, property ownership, land titles"" as specified in the Land Gazettes (Type 4) category, and appears in ""PART III - LANDS"" of the gazette."
2414-20,2024-12-11,LAND,"This gazette content exclusively deals with land title amendments under the Registration of Title Act, including specific modifications to land parcel details (owner names, national identity numbers, land extents, and expunging particulars) for multiple land parcels across different districts. The content falls under ""Land and property-related matters"" as defined in Type 4, specifically covering land registrations, title amendments, and property ownership details without any government personnel changes or structural administrative modifications."
2414-21,2024-12-11,LAND,"This gazette content deals exclusively with land title registration matters, specifically declarations of title determinations for specific land parcels under the Registration of Title Act. It contains detailed information about land parcels, their owners, property boundaries, and legal status - all falling squarely within the Land Gazette classification criteria."
2414-22,2024-12-11,LAND,"This gazette content exclusively deals with land acquisition matters under the Land Acquisition Act. It contains multiple notices for acquiring specific land parcels for public purposes (construction of Basnagoda Reservoir and Water Treatment Plant), including detailed descriptions of the lands, their locations, extents, and claimants. The content focuses entirely on land/property matters without any government personnel changes, structural reorganizations, or other specialized categories, making it clearly a Land Gazette."
2414-23,2024-12-11,LAND,"This gazette content deals exclusively with land title registration matters under the Registration of Title Act. It contains declarations of land title determinations for specific parcels of land, including details about land parcel numbers, extents, ownership information, and property characteristics. The content appears in ""PART III - LANDS"" of the gazette and focuses on land registration and title settlement processes, which aligns perfectly with the Land Gazettes category (Type 4) for land and property-related matters."
2414-24,2024-12-11,LAND,"This gazette content deals exclusively with land title registration matters under the Registration of Title Act. It contains declarations of determination for specific land parcels, including detailed information about land ownership, parcel numbers, extents, locations, and encumbrances. The content appears in ""PART III - LANDS"" of the gazette and focuses on land settlement and title registration processes, which clearly falls under the Land Gazettes category (Type 4) for land and property-related matters."
2414-25,2024-12-11,LAND,"This gazette content exclusively deals with land title registration under the Registration of Title Act, specifically declaring the determination of title for a specific parcel of land (Plot 1:4 of Block 3) in Polonnaruwa District. It includes detailed land particulars such as extent, owner information, title class, and addresses - all characteristic of land and property-related matters that fall under Type 4 (Land Gazettes). There is no mention of government personnel changes, organizational restructuring, or any other category that would take precedence."
2414-26,2024-12-11,LAND,"This gazette content exclusively deals with land title registration matters under the Registration of Title Act. It contains a declaration by the Commissioner of Title Settlement regarding the determination of title to specific land parcels (Nos. 1:28 and 1:74) in Kurunegala District, including details about the land extent, ownership (Pradeshiya Sabha and The State), and other land-specific particulars. This fits squarely within the Land Gazette category (Type 4) as it involves land registration, title determination, and property ownership matters without any government personnel changes or structural administrative modifications."
2414-27,2024-12-11,LAND,"This gazette content deals exclusively with land title registration matters under the Registration of Title Act. It contains declarations of determination for specific land parcels, including detailed information about parcel numbers, extents, owner names, addresses, identity card numbers, and title classifications. The content appears in ""PART III - LANDS"" of the gazette and focuses on land ownership registration and title settlement, which clearly falls under the Land Gazettes category (Type 4) for land and property-related matters."
2414-28,2024-12-11,LAND,"This gazette content exclusively deals with land title registration matters under the Registration of Title Act, No. 21 of 1998. It contains declarations of determination for specific land parcels, including detailed information about land ownership, parcel numbers, extents, and property details. The content falls under ""Land and property-related matters"" including ""land registrations, property ownership, land titles"" as defined in Type 4 (Land Gazettes). There are no government personnel changes, organizational restructuring, or other specialized categories that would take precedence over this land-focused content."
2414-29,2024-12-11,LAND,"This gazette content deals exclusively with land title registration matters under the Registration of Title Act. It contains declarations of determination for specific land parcels, including detailed schedules with parcel numbers, extents, owner names, and title classifications. The content focuses on land ownership, title settlement, and property registration, which falls squarely under the Land Gazettes category (Type 4) for land and property-related matters."
2414-30,2024-12-11,LAND,"This gazette content exclusively deals with land title registration matters under the Registration of Title Act. It contains declarations of determination for specific land parcels, including detailed ownership information, property boundaries, encumbrances, and registration particulars. The content focuses entirely on land and property-related administrative matters, falling squarely within the Land Gazette classification (Type 4) without any government personnel changes, organizational restructuring, or other specialized categories."
2414-31,2024-12-11,LAND,"This gazette content exclusively deals with land title registration matters under the Registration of Title Act. It contains declarations of land title determinations for specific parcels of land, including detailed property descriptions, ownership details, land extents, and encumbrances. The content focuses entirely on land registration and property ownership matters, which falls squarely under the Land Gazettes category (Type 4) as it involves land titles, property ownership determinations, and land parcel registrations."
2414-05,2024-12-10,LAND,"This gazette content primarily deals with land and property matters, specifically the declaration of roads and narrow lanes as property owned by the Ayagama Pradeshiya Sabha. It includes detailed lists of roads with coordinates, lengths, and widths, and provides legal notice procedures for land ownership claims. This falls under the Land Gazettes category (Type 4) as it concerns land ownership, property boundaries, and land registration matters."
2414-06,2024-12-10,ORGANISATIONAL,"This gazette content deals exclusively with government structural and administrative changes related to provincial council financial management. It grants permission for expenditure disbursement, amends financial statements, and outlines budget allocations to various provincial government departments and programs. No specific individuals are named (only generic titles like ""Chief Secretary""), and it focuses solely on administrative functions and financial restructuring of the Sabaragamuwa Provincial Council without detailing personnel appointments or individual responsibilities."
2414-07,2024-12-10,LEGAL_REGULATORY,"This gazette content involves the Minister of Justice and National Integration exercising powers under Section 114 of the Trusts Ordinance (Chapter 87) to authorize the incorporation of a charitable trust. The content focuses on the legal framework for trust incorporation, including the legal powers, rights, and status granted to the trustees. This falls under Legal/Regulatory matters (new regulations, statutory instruments, and legal procedures) rather than government personnel or structural changes."
2414-08,2024-12-10,HYBRID,"This gazette names a specific individual (S. B. S. Abayakoon, Governor of the Central Provincial Council) and delegates specific powers and responsibilities (powers of the Co-operative Societies Registrar under specified sections of the Co-operative Societies Statute and Rules) to another named individual (Mr. B. M. P. S. B. Basnayake). It contains both ""who"" (government personnel) and ""what"" (detailed responsibilities/portfolios), making it a Hybrid Gazette."
2414-09,2024-12-10,LAND,"This gazette content exclusively deals with land acquisition matters under the Land Acquisition Act. It contains detailed notices about specific land parcels being acquired for public purposes, including descriptions of the properties, their locations, extents, and compensation procedures. The content focuses entirely on land-related administrative processes without involving government personnel changes, structural reorganizations, or any other category-specific content."
2414-10,2024-12-10,ORGANISATIONAL,"This gazette content announces the dates for the Annual Feast of St. Sebastian's National Shrine. It references existing regulations under the Pilgrimage Ordinance but does not contain any government structural changes, personnel appointments, or detailed portfolio assignments. The content primarily deals with a religious/cultural event announcement and falls under administrative matters not covered by Types 1-9, making it Miscellaneous."
2414-01,2024-12-09,LEGAL_REGULATORY,"This gazette notification establishes new exchange rates for customs duties and charges under the Customs Ordinance. It constitutes a regulatory framework for customs valuation and compliance requirements, falling squarely under Legal/Regulatory matters (Type 5). The content involves no government structural changes, personnel appointments, or any of the other specialized categories except legal/regulatory instruments."
2414-02,2024-12-09,LEGAL_REGULATORY,"This gazette content is a regulatory order issued by the Consumer Affairs Authority under the Consumer Affairs Authority Act, No. 09 of 2003. It establishes maximum wholesale and retail prices for specific varieties of local rice, which constitutes a regulatory framework and compliance requirement. This falls under Legal/Regulatory Gazettes (Type 5) as it involves regulatory matters and statutory instruments rather than government personnel/structure changes or other specialized categories."
2414-03,2024-12-09,LAND,"This gazette content primarily deals with land acquisition matters under the Land Acquisition Act. It specifies the acquisition of particular land parcels, describes their boundaries and extents, and authorizes the taking of possession by the Acquiring Officer. The content focuses entirely on land-related administrative procedures without involving government personnel changes, structural reorganizations, or detailed portfolio assignments that would fall under Types 1-3."
2414-04,2024-12-09,LEGAL_REGULATORY,"This gazette content is a legal/regulatory notification issued under the Consumer Affairs Authority Act, No. 09 of 2003. It establishes maximum retail prices for imported rice varieties through a regulatory order, which falls under legal framework and regulatory matters. The content does not involve government structure/personnel changes, land matters, commercial registrations, elections, public service, judicial matters, or other specialized categories that would take precedence over Type 5."
2413-68,2024-12-07,ORGANISATIONAL,"This gazette notification announces a cultural festival at a specific religious site (Beralapanathara Galbokka Selagiri Maha Viharaya) under the Pilgrimages Ordinance. While it references a legal ordinance, the primary content is about scheduling a cultural/religious event rather than establishing new laws, regulations, or government structural changes. This falls under cultural/administrative matters not covered by the specialized categories 1-9, making it Miscellaneous (Type 10)."
2413-57,2024-12-06,LAND,"This gazette content exclusively deals with land title registration matters, specifically calling for claims to land parcels in multiple districts under the Registration of Title Act. It involves land ownership claims, cadastral maps, and land title settlement procedures, which directly falls under the Land Gazettes category (Type 4) for land and property-related matters."
2413-58,2024-12-06,LAND,"This gazette content exclusively deals with land-related matters, specifically calling for claims to land parcels under the Registration of Title Act. It involves land title settlement processes, cadastral maps, and determination of land ownership/possession interests across multiple districts. The content falls squarely within the Land Gazette category as it primarily concerns land registration, title claims, and property ownership matters without any government personnel changes or structural administrative modifications."
2413-59,2024-12-06,LAND,"This gazette content exclusively deals with land-related matters, specifically calling for claims to land parcels under the Registration of Title Act. It involves land title registration, cadastral mapping, and determination of land ownership in various villages of Anuradhapura District. The content falls under the specialized Land Gazettes category (Type 4) as it primarily concerns land registration, title claims, and property ownership matters without any government personnel changes or structural administrative modifications."
2413-60,2024-12-06,LAND,"This gazette content exclusively deals with land-related matters, specifically calling for claims to land parcels under the Registration of Title Act. It involves land ownership claims, cadastral maps, land title settlement procedures, and property registration processes in various districts. The content falls under the Land Gazettes category as it primarily concerns land and property matters without involving government personnel changes, structural changes, or other specialized categories."
2413-61,2024-12-06,LAND,"This gazette content exclusively deals with land-related matters, specifically notices calling for claims to land parcels under the Registration of Title Act. It involves land title registration, cadastral mapping, and determination of land ownership rights across multiple districts. The content focuses entirely on land administration and property rights, fitting the definition of Land Gazettes (Type 4) without any government personnel changes, organizational restructuring, or other specialized categories."
2413-62,2024-12-06,LAND,"This gazette content exclusively deals with land title registration matters, specifically calling for claims to land parcels under the Registration of Title Act. It involves land ownership claims, cadastral maps, and title settlement procedures across multiple districts (Anuradhapura, Matale, Galle, Matara), which falls squarely under the Land Gazette classification (Type 4) for land and property-related matters."
2413-63,2024-12-06,LAND,"This gazette content deals exclusively with land title registration matters for intestate properties, specifically calling for claims to properties of deceased individuals and providing detailed land parcel information including cadastral maps, parcel numbers, and land extents. It falls under the Land Gazettes category as it concerns property ownership and land title settlement under the Registration of Title Act."
2413-64,2024-12-06,LAND,"This gazette content exclusively deals with land title registration matters under the Registration of Title Act. It contains multiple declarations of title determinations for specific land parcels, including detailed property descriptions, ownership information, and cadastral references. The content falls under ""Land registrations, property ownership, land titles"" as specified in the Land Gazettes (Type 4) category, with no government personnel or structural changes present."
2413-65,2024-12-06,LAND,"This gazette content exclusively deals with land title registration matters, specifically the declaration of determinations by the Commissioner of Land Title Settlement regarding specific land parcels in Welamboda. It contains detailed schedules with parcel numbers, owner names, land extents, and title classifications, which falls squarely under the Land Gazettes category (Type 4) for land and property-related matters."
2413-66,2024-12-06,LAND,"This gazette content deals exclusively with land and property matters, specifically calling for claims to intestate property (property of deceased persons without a will) and providing detailed land registration information including cadastral maps, parcel numbers, land extents, and certificate of title numbers. It falls under the Land Gazettes category as it concerns land titles, property ownership transfers, and land registration procedures under the Registration of Title Act."
2413-67,2024-12-06,LAND,"This gazette content deals exclusively with land title registration matters under the Registration of Title Act. It contains a declaration by the Commissioner of Title Settlement determining titles to specific land parcels, including detailed schedules with parcel numbers, extents, owner names, and land classifications. The content focuses on land property matters without any government personnel changes, structural changes, or other specialized categories, making it clearly a Land Gazette (Type 4)."
2413-44,2024-12-05,PUBLIC_SERVICE,"This gazette content pertains to public service administration, specifically the issuance of official media accreditations by the Department of Government Information. It outlines recruitment procedures, application requirements, and administrative guidelines for media professionals, which falls under Public Service Gazettes (Type 8) as it deals with public sector service conditions and administrative circulars rather than government structure/personnel changes or other specialized categories."
2413-45,2024-12-05,LAND,"This gazette content is exclusively about land title registration under the Registration of Title Act. It contains a declaration by the Commissioner of Title Settlement regarding the determination of title to a specific parcel of land (Parcel No. 1:2 of Block 3) with detailed land particulars including location, extent, owner information, and title class. The content falls under ""Land and property-related matters"" as defined in Type 4, specifically covering land registrations and title settlements."
2413-46,2024-12-05,LAND,"This gazette content deals exclusively with land title registration matters under the Registration of Title Act. It contains declarations of title determinations for specific land parcels, including details of land ownership, property boundaries, encumbrances, and legal status of various plots in Naththandiya. The content falls under ""Land and property-related matters"" including ""land registrations, property ownership, land titles"" as specified in Type 4 (Land Gazettes) classification criteria."
2413-47,2024-12-05,LAND,"This gazette content deals exclusively with land title registration matters, specifically the declaration of title determinations for multiple land parcels under the Registration of Title Act. It contains detailed information about land parcel numbers, ownership details, property extents, and legal encumbrances - all characteristic of land-related administrative matters. The content falls under Type 4 (Land Gazettes) as it primarily concerns land registration and property ownership determinations."
2413-48,2024-12-05,LAND,"This gazette content exclusively deals with land title registration matters under the Registration of Title Act. It contains declarations of determination by the Commissioner of Title Settlement regarding specific land parcels, including their registration details, ownership status (all owned by ""The State""), extent measurements, and nature of land use (roads, water ways, reserved lands). The content falls squarely under land and property-related matters as defined in Type 4, with no government personnel changes or structural administrative changes that would trigger Types 1-3."
2413-49,2024-12-05,LAND,"This gazette content deals exclusively with land title registration matters under the Registration of Title Act, including declarations of title determinations for specific land parcels, ownership details, property boundaries, and land settlement procedures. It contains detailed schedules with parcel numbers, owner information, land extents, and encumbrances - all characteristic of land-related administrative matters."
2413-50,2024-12-05,LAND,"This gazette content exclusively deals with land title registration matters, specifically the declaration of determinations by the Commissioner of Title Settlement regarding specific land parcels. It contains detailed information about land ownership, parcel numbers, extents, and property rights, which falls squarely under the Land Gazette classification (Type 4) for land and property-related matters."
2413-51,2024-12-05,LAND,"This gazette content deals exclusively with land title registration matters under the Registration of Title Act. It contains declarations of determination by the Commissioner of Title Settlement regarding specific land parcels, including detailed schedules with parcel numbers, extents, owner names, and title classifications. The content falls under ""Land registrations, property ownership, land titles"" as specified in the Land Gazettes (Type 4) category."
2413-53,2024-12-05,LAND,"This gazette content is exclusively about land title registration under the Registration of Title Act. It contains a declaration by the Commissioner of Title Settlement regarding the determination of title to specific land parcels (Parcel Nos. 1:14 and 1:15) with detailed land particulars including location, extent, and ownership details. The content falls squarely within the Land Gazette category as it deals with land registration, title determination, and property ownership matters without any government personnel changes or structural administrative modifications."
2413-54,2024-12-05,LAND,"This gazette content exclusively deals with land title registration matters, specifically calling for claims to land parcels in various districts under the Registration of Title Act. It involves land ownership claims, cadastral maps, and title settlement procedures, which directly falls under the Land Gazettes category (Type 4) for land and property-related matters."
2413-55,2024-12-05,COMMERCIAL,"This gazette notification concerns the completion of liquidation for numerous Co-operative Societies under specific Co-operative Societies Acts. The content deals with business registrations, corporate dissolutions, and the formal closure of commercial entities (co-operative societies), which falls squarely under the definition of Commercial Gazettes (Type 6) for business and commercial matters, specifically corporate dissolutions."
2413-56,2024-12-05,LAND,"This gazette content consists entirely of land acquisition notices published under the Land Acquisition Act. It details specific land parcels being acquired by the government for road widening, including descriptions of the land (lot numbers, names, extents), compensation amounts, and related court case references. This falls squarely under Land Gazettes (Type 4) as it deals with land acquisitions and property matters."
2413-30,2024-12-04,ELECTIONS,"This gazette notice concerns the filling of a vacancy for a Member of the Elpitiya Pradeshiya Sabha (a local government authority) under the Local Authorities Elections Ordinance. It details the process triggered by a resignation and the subsequent nomination by a political party secretary, culminating in the official declaration of a new elected member. The content is exclusively focused on an electoral process at the local government level, fitting the definition of Type 7 (Elections Gazettes) for matters related to candidate nominations and declarations."
2413-31,2024-12-04,ELECTIONS,"This gazette concerns the filling of a vacancy in the office of Chairman of the Elpitiya Pradeshiya Sabha, which is an electoral process matter under the Local Authorities Elections Ordinance. It involves the declaration of an elected official to fill a position that became vacant due to resignation, following procedures outlined in election laws. This falls squarely under Elections Gazettes (Type 7) which cover electoral processes, candidate nominations, and declarations of election results for local authorities."
2413-32,2024-12-04,LAND,"This gazette content exclusively deals with land title registration matters, specifically the declaration of determinations by the Commissioner of Title Settlement regarding specific land parcels. It contains detailed information about land ownership, parcel numbers, extents, and registration details under the Registration of Title Act, making it clearly a Land Gazette (Type 4) according to the classification criteria."
2413-33,2024-12-04,LAND,"This gazette content exclusively deals with land title registration matters under the Registration of Title Act. It contains declarations of determination for specific land parcels, including detailed property descriptions, ownership details, and cadastral information. The content focuses entirely on land registration and property ownership matters, which falls squarely under the Land Gazettes classification (Type 4). There are no government personnel changes, organizational restructuring, or other non-land related administrative matters present."
2413-34,2024-12-04,LAND,"This gazette content deals exclusively with land title registration matters under the Registration of Title Act, No. 21 of 1998. It contains declarations of determination by the Commissioner of Title Settlement regarding specific land parcels, including detailed information about land ownership, extent, location, and registration particulars. The content appears in ""PART III - LANDS"" of the gazette and focuses on property ownership and land title settlement, which clearly falls under the Land Gazettes category (Type 4)."
2413-35,2024-12-04,LAND,"This gazette content deals exclusively with land title registration matters under the Registration of Title Act, specifically declaring determinations of land ownership for specific parcels in Dewarammulla. It contains detailed land parcel numbers, ownership details, property extents, and legal declarations regarding land titles, making it clearly a Land Gazette (Type 4) according to the classification criteria."
2413-36,2024-12-04,LAND,"This gazette content exclusively deals with land title registration under the Registration of Title Act, specifically declaring the Commissioner's determination of title for multiple land parcels in Kurunegala District. It contains detailed land parcel numbers, ownership details, extent measurements, and land classifications, making it primarily about land and property matters. There is no government personnel or structural content, nor does it fit any other specialized categories like legal, commercial, or public service."
2413-37,2024-12-04,LEGAL_REGULATORY,"This gazette content primarily involves the promulgation of new regulations under the Imports and Exports Control Act, specifically the ""Imports and Exports (Control) Regulations No. 13 of 2024."" It contains legal/regulatory content including amendments to existing regulations, exemption provisions, enforcement mechanisms, and operational instructions. While it mentions a minister's name, this is in the context of exercising statutory powers to create regulations, not detailing personal portfolio responsibilities or making personnel appointments. The core content is regulatory in nature, fitting Type 5 (Legal/Regulatory)."
2413-38,2024-12-04,LEGAL_REGULATORY,"This gazette content involves the publication of Performance Auditing Standards for the National Audit Office of Sri Lanka under the authority of the National Audit Act, No. 19 of 2018. It establishes regulatory frameworks and compliance requirements for performance audits, which falls under Legal/Regulatory matters (Type 5). The content does not involve government personnel changes, structural changes, or any of the other specialized categories like land, commercial, elections, public service, or judicial matters."
2413-39,2024-12-04,LAND,"This gazette content exclusively deals with land acquisition matters under the Land Acquisition Act. It contains detailed notices for the acquisition of multiple parcels of land for public purposes, including specific lot numbers, land descriptions, original owners, and extents. The content falls under ""Land acquisitions, transfers, or disposals"" as specified in the Land Gazettes (Type 4) classification, with no government personnel changes, organizational restructuring, or other specialized categories present."
2413-40,2024-12-04,LAND,"This gazette content primarily deals with land acquisition matters under the Land Acquisition Act. It contains specific notices about acquiring land for government purposes (construction of a Grama Niladhari Office) and correcting land extent measurements. The content focuses exclusively on land-related administrative procedures, including property descriptions, extents, claimant information, and acquisition processes, which falls squarely under the Land Gazettes classification."
2413-41,2024-12-04,LAND,"This gazette content exclusively deals with amendments to land title registrations under the Registration of Title Act. It contains multiple entries detailing specific changes to land parcel numbers, mortgage conditions, land extents, and other property-related particulars across various districts. The content focuses entirely on land title corrections and updates, falling squarely within the Land Gazette category (Type 4) which covers land registrations, property ownership matters, and land title amendments."
2413-42,2024-12-04,LAND,"This gazette content deals exclusively with land title registrations and amendments to land parcel details under the Registration of Title Act. It contains specific details about land parcels, cadastral maps, servitude rights, and access rights to various land plots across different districts. The content falls under land and property-related matters, making it a clear Land Gazette classification."
2413-43,2024-12-04,LAND,"This gazette content exclusively deals with land title registration matters under the Registration of Title Act, No. 21 of 1998. It contains declarations of determination by the Commissioner of Land Title Settlement regarding specific land parcels, including detailed schedules with parcel numbers, owner names, land extents, title classifications, and encumbrances. The content falls squarely under ""Land and property-related matters"" including ""land registrations, property ownership, land titles"" as defined in Type 4 (Land Gazettes)."
2413-16,2024-12-03,LAND,"This gazette content exclusively deals with land title registration under the Registration of Title Act, specifically declaring the determination of title for two land parcels (1:157 and 1:158) in Kalutara District. It contains detailed land particulars including parcel numbers, extent, owner information, title class, and addresses. The content falls squarely under Land Gazettes (Type 4) as it concerns land registration, property ownership, and title settlement matters without any government personnel changes or structural administrative elements."
2413-17,2024-12-03,LAND,"This gazette content deals exclusively with land title registration matters under the Registration of Title Act, specifically declaring determinations of land title ownership for multiple parcels of land in Kurunegala District. The content includes detailed schedules of land parcels, their extents, and ownership status (all owned by ""The State""), which falls squarely under the Land Gazettes category (Type 4) for land and property-related matters."
2413-18,2024-12-03,LAND,"This gazette content exclusively deals with land title registration and property ownership matters under the Registration of Title Act. It contains detailed listings of land parcels, their extents, owners, and specific land-related encumbrances or conditions. The document is specifically published in ""PART III - LANDS"" and involves the Commissioner of Title Settlement making determinations about land titles, which falls squarely within the Land Gazettes category (Type 4) for land and property-related matters."
2413-19,2024-12-03,LAND,"This gazette content exclusively deals with land title registration matters under the Registration of Title Act. It contains declarations of determination for specific land parcels, including detailed property descriptions, ownership details, and encumbrances. The content focuses entirely on land registration and property rights, falling squarely within the Land Gazettes category (Type 4) without any government personnel changes, organizational restructuring, or other specialized categories."
2413-20,2024-12-03,LAND,"This gazette content exclusively deals with land title registration matters under the Registration of Title Act, including specific determinations of land ownership, parcel numbers, cadastral maps, and property details for multiple land parcels in Kurunegala District. It contains detailed schedules with owner names, land extents, and title classifications, making it clearly a land-related gazette under Type 4 classification."
2413-21,2024-12-03,LAND,"This gazette content deals exclusively with land registration and title clarification matters under the 1998 Title Registration Act. It contains multiple declarations by the Commissioner of Title Settlement regarding ownership determinations for specific land plots in various locations, including detailed information about plot numbers, sizes, and registered owners. The content falls squarely within the Land Gazette category as it focuses on land ownership, property titles, and land registration processes."
2413-22,2024-12-03,LAND,"This gazette content exclusively deals with land title registration matters under the Registration of Title Act. It contains declarations of land title determinations for specific parcels of land, including detailed property descriptions, ownership information, and land-related encumbrances. The content falls squarely within the Land Gazette category as it focuses on land registration, title settlement, and property ownership matters without any government personnel changes or structural administrative modifications."
2413-23,2024-12-03,LAND,"This gazette content exclusively deals with land acquisition notices under the Land Acquisition Act for the Kirioya Elephant Pass Development Project. It contains detailed descriptions of specific land parcels, their boundaries, current usage, and the process for claiming compensation - all characteristic of land-related administrative matters falling under Type 4 (Land Gazettes)."
2413-24,2024-12-03,LAND,"This gazette content exclusively deals with land acquisition notices under the Land Acquisition Act. It contains detailed descriptions of specific parcels of land being acquired by the government for various public purposes (Coast Conservation Department, police station construction, and wastewater recycling project). The content focuses on property descriptions, ownership details, compensation claims, and legal procedures for land acquisition, which squarely fits the Land Gazettes classification (Type 4)."
2413-25,2024-12-03,PEOPLE,"This gazette contains ONLY government personnel changes (appointments of named individuals as Secretaries to Ministries) with basic titles only. It does NOT include detailed descriptions of portfolio responsibilities or subject matter areas for which these individuals will be responsible, making it a People Gazette (Type 2) rather than a Hybrid Gazette (Type 3)."
2413-26,2024-12-03,LAND,"This gazette content deals exclusively with land title registration matters under the Registration of Title Act, No. 21 of 1998. It contains declarations of determination by the Commissioner of Title Settlement regarding specific land parcels, including detailed schedules with parcel numbers, owner names, extents, and other land-specific particulars. The content appears in ""PART III - LANDS"" of the gazette and focuses entirely on land ownership and title settlement, making it clearly fall under the Land Gazettes category (Type 4)."
2413-27,2024-12-03,LAND,"This gazette content exclusively deals with land title registration matters, specifically the declaration of determinations by the Commissioner of Title Settlement regarding specific land parcels. It contains detailed information about land ownership, parcel numbers, extents, property boundaries, and encumbrances - all characteristic of land-related administrative matters as defined in Type 4 (Land Gazettes)."
2413-28,2024-12-03,LAND,"This gazette content exclusively deals with land title registration matters under the Registration of Title Act, No. 21 of 1998. It contains declarations of determination by the Commissioner of Land Title Settlement regarding specific land parcels, including detailed schedules with parcel numbers, extents, ownership details, and encumbrances. The content focuses entirely on land registration and property ownership matters, which falls squarely under the Land Gazettes category (Type 4) as it involves land titles, ownership determinations, and property registrations."
2413-29,2024-12-03,LAND,"This gazette content exclusively deals with land title registration matters, specifically the declaration of determinations by the Commissioner of Title Settlement regarding specific land parcels. It contains detailed information about land ownership, parcel numbers, extents, and property rights, which falls squarely under the Land Gazettes category (Type 4) for land and property-related matters."
2413-01,2024-12-02,LEGAL_REGULATORY,"This gazette notification establishes new rates of exchange for customs duties and other charges under the Customs Ordinance. It constitutes a regulatory framework for customs valuation and compliance requirements, falling squarely under Legal/Regulatory matters (Type 5) as it involves statutory instruments and regulatory compliance rather than government personnel, organizational structure, or other specialized categories."
2413-02,2024-12-02,LAND,"This gazette content deals exclusively with land title registration matters under the Registration of Title Act, No. 21 of 1998. It contains declarations of determination by the Commissioner of Title Settlement regarding specific land parcels, including detailed property descriptions, ownership details, extent measurements, encumbrances, and legal interests. The content appears in ""PART III - LANDS"" of the gazette and focuses entirely on land title settlement and property registration, fitting perfectly within the Land Gazette classification (Type 4)."
2413-03,2024-12-02,LAND,"This gazette content deals exclusively with land title registration matters under the Registration of Title Act. It contains declarations of determination for specific land parcels, including detailed schedules with parcel numbers, extents, owner names, and title classifications. The content is published in ""PART III - LANDS"" and focuses on land ownership and title settlement, making it clearly a Land Gazette (Type 4) according to the classification criteria."
2413-04,2024-12-02,LAND,"This gazette content deals exclusively with land title registration and determinations under the Registration of Title Act. It contains detailed schedules of specific land parcels (including parcel numbers, extents, ownership details, and encumbrances) in various locations, making it primarily concerned with land and property matters. The content falls under ""PART III - LANDS"" and involves the Commissioner General of Land Title Settlement making determinations about land ownership, which aligns perfectly with Type 4 (Land Gazettes) for land registrations, property ownership, and land title matters."
2413-05,2024-12-02,LAND,"This gazette content deals exclusively with land title registration matters under the Registration of Title Act, specifically declaring determinations of land ownership for multiple parcels of land in various villages. It contains detailed land parcel numbers, cadastral map references, locations, and ownership determinations (all stating ""The State"" as owner). The content falls under PART III - LANDS and involves land settlement and title registration, which clearly fits the Land Gazettes category (Type 4) for land and property-related matters."
2413-06,2024-12-02,LAND,"This gazette content exclusively deals with land title registration matters under the Registration of Title Act. It contains declarations of determination for specific land parcels (including parcel numbers, extents, and ownership details) by the Commissioner of Land Title Settlement. The content focuses on land ownership, title classification, and property registration, which falls squarely under the Land Gazettes category (Type 4) for land and property-related matters."
2413-07,2024-12-02,LAND,"This gazette content exclusively deals with land title registration and determinations under the Registration of Title Act. It contains specific land parcel details, cadastral map references, ownership declarations, and property particulars for multiple land parcels in various villages. The content falls squarely within the Land Gazette category as it focuses on land registration, title settlement, and property ownership matters without any government personnel changes, organizational restructuring, or other specialized administrative matters."
2413-08,2024-12-02,LAND,"This gazette content deals exclusively with land title registration matters under the Registration of Title Act. It contains declarations of determination for specific land parcels, including details about land ownership, parcel numbers, extents, and property rights. The document is specifically published in ""PART III - LANDS"" and focuses on land title settlement determinations for multiple properties in various villages, making it clearly a Land Gazette according to the classification criteria."
2413-09,2024-12-02,LAND,"This gazette content deals exclusively with land title registration matters under the Registration of Title Act. It contains declarations of title determinations for specific land parcels, including detailed property descriptions, ownership information, and legal status of land titles. The content falls under ""Land and property-related matters"" including land registrations, property ownership, and land titles as defined in Type 4 classification."
2413-10,2024-12-02,LAND,"This gazette content deals exclusively with land title registration matters under the Registration of Title Act. It contains declarations of determination regarding title to specific land parcels (including parcel numbers, extents, and ownership details) in the Thirunelvely Central North area. The content focuses on land ownership adjudication and title settlement, which falls squarely under the Land Gazettes category (Type 4) for land and property-related matters."
2413-11,2024-12-02,LAND,"This gazette content is a notice under the Land Acquisition Act for the acquisition of specific land parcels in Kotikawaththa area for flood control and townscape development. It contains detailed descriptions of 40 land lots with their boundaries, extents, claimants, and present land uses. The content primarily deals with land acquisition matters, which falls squarely under the Land Gazettes classification (Type 4) for land and property-related matters including land acquisitions, transfers, and property descriptions."
2413-12,2024-12-02,COMMERCIAL,"This gazette contains rules made by the Heart to Heart Trust Fund regarding its incorporation, name, address, objects, powers, management structure, and financial operations. The content focuses on business registration matters, organizational rules, and operational guidelines for a corporate entity, which falls under commercial/business matters rather than government personnel, structure, land, legal, or other specialized categories."
2413-13,2024-12-02,PUBLIC_SERVICE,"This gazette contains a public notice from a municipal council regarding the public inspection period for a proposed budget report. It deals with local government administration and public service procedures (budget review and public consultation), which falls under Public Service Gazettes (Type 8) for public sector services and administration."
2413-14,2024-12-02,LAND,"This gazette content deals exclusively with land title registration matters under the Registration of Title Act. It contains declarations of determination for specific land parcels, including detailed information about land ownership, parcel numbers, extents, cadastral maps, and property rights. The content appears in ""PART III - LANDS"" of the gazette and focuses on land settlement and title registration processes, which clearly falls under the Land Gazettes category (Type 4) for land and property-related matters."
2413-15,2024-12-02,LAND,"This gazette content exclusively deals with land title registration matters under the Registration of Title Act, No. 21 of 1998. It contains declarations of determination for specific land parcels, including detailed ownership information, property boundaries, encumbrances, and legal status of land titles. The content is published in ""PART III - LANDS"" and focuses entirely on land registration and property ownership matters, which falls squarely under the Land Gazettes classification (Type 4)."
