Document ID,Document Date,Gazette Type,Reasoning
2295-08,2022-08-31,LEGAL_REGULATORY,"This gazette content involves the amendment of the Value Added Tax Act through a statutory order, which falls under legal/regulatory matters. It contains a specific legal instrument (Order under Section 2A of the VAT Act) that modifies tax rates and regulations, making it primarily about legal framework and regulatory changes rather than government personnel or organizational structure."
2295-09,2022-08-31,LEGAL_REGULATORY,"This gazette content contains an order made under the Casino Business (Regulation) Act, No. 17 of 2010, which establishes regulatory requirements for casino operations. It designates specific areas where casino business can be conducted and sets an effective date for the regulation. This falls under Legal/Regulatory classification as it involves regulatory frameworks and compliance requirements for business operations, specifically under existing legislation."
2295-10,2022-08-31,LEGAL_REGULATORY,"This gazette contains regulations made by the Minister of Finance under the Casino Business (Regulation) Act, No. 17 of 2010. It establishes legal and regulatory frameworks for casino business licensing, including application procedures, evaluation criteria, license fees, and cancellation procedures. This fits Type 5 (Legal/Regulatory) as it involves subsidiary legislation and regulatory requirements rather than government personnel changes or organizational restructuring."
2295-11,2022-08-31,ELECTIONS,"This gazette content pertains to electoral processes, specifically the certification and public availability of supplementary electoral registers for inspection across multiple electoral districts. It involves election administration under the Registration of Electors Act and its amendments, falling squarely within the Elections category (Type 7) as it deals with voter registration matters and electoral district operations."
2295-12,2022-08-31,ELECTIONS,"This gazette content is specifically about electoral processes, focusing on the revision of electoral registers, display of supplementary lists, and procedures for submitting claims and objections related to voter registration. It is issued by the Election Commission and deals with electoral matters as defined in Type 7 (Elections Gazettes), which includes voter registration matters and electoral commission notices."
2295-15,2022-08-31,ELECTIONS,"This gazette notice concerns the filling of a vacancy in a local government body (Valikamam South Pradeshiya Sabha) under the Local Authorities Elections Ordinance. It specifically deals with electoral processes, including the resignation of a member and the nomination of a replacement by a recognized political party, which falls under Election-related matters."
2295-16,2022-08-31,LAND,"This gazette content is primarily about land acquisition under the Land Acquisition Act. It contains a specific order for taking possession of a described parcel of land, including detailed property boundaries, location information, and survey details. While it mentions a Minister (Harin Fernando) and his title, the core content focuses entirely on land matters rather than government personnel changes or portfolio responsibilities, making it a Land Gazette (Type 4) rather than a government-related classification."
2295-17,2022-08-31,LAND,"This gazette content exclusively deals with land title registration and property ownership matters under the Registration of Title Act. It contains detailed declarations of land title determinations for specific parcels of land, including owner names, property details, and legal descriptions. The content focuses entirely on land registration and property rights, falling squarely within the Land Gazettes category (Type 4) as it involves land titles, ownership determinations, and property registrations without any government personnel changes or structural administrative matters."
2295-03,2022-08-30,LAND,"This gazette content is primarily about land acquisition under the Land Acquisition Act. It contains detailed declarations for specific land parcels, including their locations, boundaries, extents, and survey information. While it mentions a government minister (Nalaka Jude Harin Fernando), this is only in his capacity as the official declaring the land acquisition, not as the main subject of the gazette. The core content focuses entirely on land/property matters, making it a Land Gazette (Type 4)."
2295-04,2022-08-30,COMMERCIAL,"This gazette content announces the issuance of a license to Assetline Finance Ltd to engage in finance business under the Finance Business Act. This falls under commercial matters involving business registrations, licensing, and financial institution regulations, making it a Commercial Gazette (Type 6). The content does not involve government structure/personnel changes or any of the other specialized categories."
2295-05,2022-08-30,LEGAL_REGULATORY,"This gazette contains a Special Direction issued under the Consumer Affairs Authority Act, No. 9 of 2003, which establishes regulatory requirements for manufacturers and traders regarding specific goods. It creates legal obligations and compliance requirements for businesses, making it a regulatory matter that falls under Legal/Regulatory classification (Type 5). The content does not involve government structure/personnel changes, land matters, commercial registrations, elections, public service, judicial matters, or other specialized categories."
2295-06,2022-08-30,ELECTIONS,"This gazette notice concerns the filling of a vacancy for a member of the Vavuniya Urban Council, which is a process directly related to electoral matters under the Local Authorities Elections Ordinance. It involves the declaration of a selected candidate to fill a vacant elected position, falling squarely under the ""Elections Gazettes"" category (Type 7) for electoral processes and related matters."
2295-07,2022-08-30,ELECTIONS,"This gazette content deals specifically with filling vacancies in local government bodies (Kattankudy Urban Council and Karaithivu Pradeshiya Sabha) under the Local Authorities Elections Ordinance. It involves electoral processes, including the declaration of selected members to fill positions that became vacant due to resignation and non-attendance of meetings. This falls under the Elections category as it concerns electoral procedures and appointments within local government electoral systems."
2295-01,2022-08-29,LEGAL_REGULATORY,"This gazette notification establishes new rates of exchange for customs duties and other charges under the Customs Ordinance. It is a regulatory instrument issued by the Director General of Customs, exercising powers granted by statute. The content focuses on legal compliance requirements and financial regulations, making it a Legal/Regulatory Gazette (Type 5)."
2295-02,2022-08-29,ELECTIONS,"This gazette notice announces a meeting for the election to fill the vacancy of Vice Chairman of a local authority (Karainagar Pradeshiya Sabha). It is issued under the Local Authorities Elections Ordinance and specifically references the Local Authorities Elections (Amendment) Act. The content pertains directly to electoral processes at the local government level, fitting the definition of Type 7 (Elections Gazettes) for matters concerning electoral processes, candidate nominations, and filling vacancies."
2299-32,2022-08-28,LAND,"This gazette content exclusively deals with land title registration and determinations under the Registration of Title Act. It contains detailed schedules of land parcels with ownership details, property boundaries, encumbrances, and legal determinations regarding land titles. The content focuses entirely on land and property matters, specifically the formal registration and declaration of land titles by the Commissioner of Land Title Settlement, making it a clear example of a Land Gazette."
2294-70,2022-08-27,LAND,"This gazette content is a land acquisition notice under the Land Acquisition Act, declaring that specific parcels of land are needed for a public purpose and will be acquired. It contains detailed descriptions of multiple land lots with their boundaries, extents, and locations. While it mentions a government minister's name, the primary focus is on land matters rather than government personnel or structural changes, making it a Land Gazette (Type 4)."
2294-73,2022-08-27,LAND,"This gazette notice is about land acquisition under the Land Acquisition Act, specifically describing multiple parcels of land to be acquired by the government for public purpose. It includes detailed descriptions of land lots, boundaries, ownership information, and compensation procedures, which falls squarely under the Land Gazettes category (Type 4) for land and property-related matters."
2294-74,2022-08-27,LAND,"This gazette content is exclusively about land acquisition matters under the Land Acquisition Act. It contains a notice regarding amendments to inquiry dates and compensation claim deadlines for a specific land acquisition process. The content focuses solely on land-related administrative procedures without any government personnel changes, structural reorganizations, or other non-land matters."
2294-75,2022-08-27,ORGANISATIONAL,"This gazette notification announces the dates for an annual religious festival at a specific temple. The content does not involve government structure/personnel (Types 1-3) or fit any specialized categories (Types 4-9). It is an administrative notice about a cultural/religious event, which falls under Miscellaneous gazettes."
2294-54,2022-08-26,LEGAL_REGULATORY,"This gazette notification is a legal/regulatory instrument issued under the Measurement Units, Standards and Services Act, No. 35 of 1995. It contains a formal declaration about the post of Metrology Experimental Officer, which constitutes regulatory matter and falls under statutory instruments/subsidiary legislation. While it mentions a minister's name, this is in the context of exercising statutory powers rather than announcing a personnel change or detailing portfolio responsibilities. The core content is regulatory in nature, making it Type 5 (Legal/Regulatory)."
2294-55,2022-08-26,LEGAL_REGULATORY,"This gazette contains regulations made by the Minister of Health under the Homoeopathy Act, No. 10 of 2016. It establishes legal and regulatory frameworks for the registration of homoeopathic medical practitioners, including examination procedures, board appointments, and certification requirements. While it mentions the Minister of Health (Keheliya Rambukwella), it does not describe his portfolio responsibilities in detail, and the primary content is regulatory in nature, making it a Legal/Regulatory Gazette rather than a government personnel or hybrid classification."
2294-56,2022-08-26,PEOPLE,"This gazette content specifically names an individual (Mr. G. R. Wimaladasa) and appoints him to a government position (Chairman of the Uva Provincial Library Service Board). It does not include any detailed description of his portfolio responsibilities or subject matter duties, which would be required for a Hybrid (Type 3) classification. The content focuses solely on the personnel appointment made by the provincial governor."
2294-57,2022-08-26,LEGAL_REGULATORY,"This gazette contains a rule made by the Minister under the Births and Deaths Registration Act, No. 17 of 1951, specifically amending Form A of the Act. This constitutes a regulatory matter involving the modification of existing legislation, which falls under Legal/Regulatory classification (Type 5). While it mentions the Minister's name and title, it does not focus on government personnel changes or detailed portfolio responsibilities, but rather on the legal/regulatory amendment itself."
2294-58,2022-08-26,LAND,"This gazette content is a Land Acquisition Notice published under the Land Acquisition Act. It specifically declares that a particular piece of land (described by location, boundaries, and extent) is needed for a public purpose and will be acquired. The content focuses entirely on land/property matters, falling squarely under the Land Gazette classification (Type 4) for land acquisitions and property-related administrative actions."
2294-59,2022-08-26,LAND,"This gazette content is a Land Acquisition Notice published under the Land Acquisition Act. It specifically declares that certain described lands are needed for public purpose and will be acquired. The content includes detailed descriptions of the land parcels (extents, boundaries, lot numbers, survey details, and location information), which falls squarely under the Land Gazette classification (Type 4) for land acquisition matters. While it mentions a minister's name, this is incidental to the primary land acquisition purpose and does not include detailed portfolio responsibilities that would make it a Hybrid type."
2294-60,2022-08-26,LEGAL_REGULATORY,"This gazette content publishes a Collective Agreement between a state bank and a union under the Industrial Disputes Act. It constitutes a regulatory/legal instrument governing employment terms and conditions, falling under Legal/Regulatory matters (Type 5) rather than government structure/personnel classifications. The content involves statutory publication of a legally binding agreement, not government organizational changes or personnel appointments."
2294-62,2022-08-26,LEGAL_REGULATORY,"This gazette content publishes a Collective Agreement between a company and a trade union under the Industrial Disputes Act. It contains detailed regulatory provisions about employment terms, salaries, bonuses, and benefits. This falls under Legal/Regulatory Gazettes (Type 5) as it involves the publication of a legally binding agreement and regulatory framework for employment relations, specifically made under statutory authority (Industrial Disputes Act Chapter 131)."
2294-65,2022-08-26,ELECTIONS,"This gazette notice concerns the filling of a vacancy for a member of a local authority (Rideegama Pradeshiya Sabha) under the Local Authorities Elections Ordinance. The content specifically deals with the electoral process for a local government body, including the declaration of a selected member to fill a vacancy caused by resignation, which falls under the Elections category (Type 7)."
2294-66,2022-08-26,ORGANISATIONAL,"This gazette content deals exclusively with government structural and administrative changes related to provincial council financial management. It grants permission for expenditure amendments and disbursements from the Sabaragamuwa Provincial Council Fund, specifying budget allocations across various government departments and programs. The content focuses on administrative functions, financial restructuring, and allocation of funds to different government entities without naming any specific individuals or detailing personal appointments. This fits the definition of Organisational Gazettes (Type 1) as it concerns government structural/administrative changes without personnel mentions."
2294-67,2022-08-26,LEGAL_REGULATORY,"This gazette content primarily concerns the imposition of an entertainment tax by a Provincial Council. It involves a regulatory matter (levying a tax) under a specific ordinance (Entertainment Tax Ordinance No. 12 of 1946), making it a Legal/Regulatory gazette. While it mentions government officials (the Governor), it does not focus on government structural changes, personnel appointments, or detailed portfolio responsibilities, so it does not qualify for Types 1-3. The content is specifically about a tax regulation, fitting Type 5."
2294-68,2022-08-26,ELECTIONS,"This gazette notice concerns the filling of a vacancy in the office of a member of the Kandy Municipal Council, which is a process governed by the Local Authorities Elections Ordinance. The content specifically deals with electoral procedures, including the resignation of a member, the nomination process by a political party, and the official declaration of a new member. This falls squarely under the ""Elections Gazettes"" category (Type 7), which covers electoral processes, candidate nominations, and declarations related to local authorities."
2294-69,2022-08-26,ELECTIONS,"This gazette notice concerns the filling of a vacancy in a local government body (Kesbewa Urban Council) under the Local Authorities Elections Ordinance. It specifically deals with the electoral process for a local authority, including the nomination and declaration of an elected member to fill a vacant seat, which falls under the Elections classification (Type 7)."
2294-37,2022-08-25,LAND,"This gazette content is a declaration under the Land Acquisition Act for the acquisition of multiple land lots for public purpose. It contains detailed descriptions of specific land parcels, their extents, boundaries, and claimants, making it primarily about land and property matters. This fits the Land Gazettes category (Type 4) which includes land acquisitions, transfers, and property-related administrative notices."
2294-38,2022-08-25,ELECTIONS,"This gazette contains notices under the Local Authorities Elections Ordinance declaring that two members of the Nikaweratiya Pradeshiya Sabha have vacated their offices due to ceasing membership in a political party. This content directly relates to electoral processes and the status of elected officials in local government, fitting the definition of Elections Gazettes (Type 7) which cover electoral matters including vacating of offices."
2294-39,2022-08-25,ELECTIONS,"This gazette notice declares that a member of the Nikaweratiya Pradeshiya Sabha has vacated their office due to ceasing membership in a political party. This is a notice under the Local Authorities Elections Ordinance specifically concerning the status of an elected member of a local government body, making it clearly related to electoral processes."
2294-40,2022-08-25,ELECTIONS,"This gazette content deals specifically with filling vacancies in local government bodies (Kobeigane Pradeshiya Sabha and Kayts Pradeshiya Sabha) under the Local Authorities Elections Ordinance. It involves electoral processes, including the declaration of selected members to fill positions that became vacant due to resignation or party membership cessation. This falls squarely under Election Gazettes (Type 7) as it concerns electoral matters at the local government level."
2294-41,2022-08-25,LEGAL_REGULATORY,"This gazette content is a legal/regulatory notice certifying a debt owed to the Sri Lanka Ports Authority under specific legislation (Sri Lanka Ports Authority Act No. 51 of 1979 as amended). It contains statutory certification of outstanding charges, making it a regulatory matter rather than a government personnel/structure announcement or any other specialized category."
2294-42,2022-08-25,COMMERCIAL,"This gazette content involves a certificate issued by the Sri Lanka Ports Authority regarding outstanding commercial payments due from S. S. Shipping (Private) Limited. It deals with commercial debt recovery between a government authority and a private shipping company, including specific invoice amounts and payment details. This falls under commercial matters (business regulations, financial obligations, and commercial compliance) rather than government structure/personnel, land, legal, elections, public service, judicial, or miscellaneous categories."
2294-43,2022-08-25,HYBRID,"This gazette names a specific individual (A. D. Susil Premajayantha) with his title (Minister of Education) and details the specific action taken (amending the schedule to add the ""Department of Information and Communication Technology"" to the Uva Wellassa University). It contains both the ""who"" (government person) and the ""what"" (detailed government action/responsibility), making it a Hybrid Gazette."
2294-44,2022-08-25,LAND,"This gazette content is primarily about land acquisition under the Land Acquisition Act. It contains a formal declaration for acquiring a specific plot of land (0.405 Hectare) for public purpose, including detailed land description, boundaries, and location details. While it mentions a minister's name and title, the core content focuses entirely on land matters, making it a Land Gazette (Type 4) rather than a government personnel or hybrid classification."
2294-46,2022-08-25,LEGAL_REGULATORY,"This gazette content primarily concerns the publication of an arbitration award related to an industrial dispute under the Industrial Disputes Act. It involves legal proceedings, statutory instruments, and regulatory compliance matters related to labor disputes, which falls under the Legal/Regulatory classification (Type 5). The content does not involve government structure/personnel changes (Types 1-3) or fit any other specialized categories such as land, commercial, elections, public service, or judicial matters."
2294-48,2022-08-25,LEGAL_REGULATORY,"This gazette content primarily involves the amendment of university faculties and departments through a legal order issued under the Universities Act, No. 16 of 1978. It constitutes a regulatory change to the structure of higher education institutions, which falls under Legal/Regulatory matters (Type 5) rather than government personnel or organizational changes. The mention of the Minister's name is incidental to the legal/regulatory function being performed."
2294-49,2022-08-25,ELECTIONS,"This gazette notice concerns the filling of a vacancy for a member of a local authority (Pitabeddara Pradeshiya Sabha) under the Local Authorities Elections Ordinance. It details the process triggered by a resignation and the subsequent nomination by a political party, which falls under electoral processes and declarations related to local government elections."
2294-50,2022-08-25,LEGAL_REGULATORY,"This gazette content primarily involves regulatory matters concerning tariff revisions for sewerage services under the National Water Supply and Drainage Board Law. It contains legal notices, regulatory frameworks, and compliance requirements for different customer categories, making it a Legal/Regulatory Gazette (Type 5). While it mentions Minister Keheliya Rambukwella, it does so only in his capacity as the issuing authority and does not describe his portfolio responsibilities or constitute a personnel change, so government classification types do not apply."
2294-51,2022-08-25,LEGAL_REGULATORY,"This gazette contains a legal notice under Section 84 of the National Water Supply and Drainage Board Law No. 02 of 1974, establishing new water tariffs and regulatory requirements. While it includes a minister's name, this is incidental to the primary purpose of publishing regulatory changes and tariff structures, making it a Legal/Regulatory gazette rather than a government personnel or hybrid classification."
2294-52,2022-08-25,LEGAL_REGULATORY,"This gazette content primarily concerns a legal/regulatory matter - an order issued under the Universities Act (No. 16 of 1978) to amend degree programs offered by an educational institution. It involves statutory authority, regulatory compliance requirements, and amendments to official schedules, which falls squarely under Legal/Regulatory Gazettes (Type 5). While it mentions a minister by name, this is incidental to the legal/regulatory nature of the content, and there are no detailed portfolio responsibilities or government structural changes that would make it a government-related classification."
2294-53,2022-08-25,ELECTIONS,"This gazette notice announces the election results and declarations of new Chairpersons for specific Local Authorities (Valvettithurai Urban Council and Karainagar Pradeshiya Sabha) under the Local Authorities Elections Ordinance. It falls squarely within the definition of Type 7 (Elections Gazettes) as it deals with electoral processes, specifically the outcome of elections for local government positions."
2294-34,2022-08-24,ELECTIONS,"This gazette notice concerns the filling of vacancies in a local government body (Kuchchaveli Pradeshiya Sabha) under the Local Authorities Elections Ordinance. It specifically deals with electoral processes - declaring elected members to fill vacancies caused by a member ceasing to belong to a party and by death. This falls under Election Gazettes (Type 7) as it involves electoral procedures, candidate nominations, and declarations of elected members for local government positions."
2294-35,2022-08-24,ELECTIONS,"This gazette notice announces the election and declaration of a new Vice Chairman for a local authority (Rabewa Pradeshiya Sabha) under the Local Authorities Elections Ordinance. It specifically deals with electoral processes and results at the local government level, making it a clear example of an Elections Gazette (Type 7)."
2294-36,2022-08-24,ORGANISATIONAL,"This gazette notification announces the awarding of the President's and University Colours to the General Sir John Kotelawala Defence University. This content does not involve government structural changes (Type 1), personnel appointments (Type 2), or hybrid government matters (Type 3). It also does not fit any of the specialized categories (land, legal/regulatory, commercial, elections, public service, or judicial/law enforcement). As an honorary award presentation to an educational institution, it falls under miscellaneous administrative matters."
2294-29,2022-08-23,LEGAL_REGULATORY,"This gazette content primarily involves the amendment of import/export control regulations under the Imports and Exports Control Act. It contains detailed regulatory changes, temporary suspensions, and licensing requirements for specific goods categories. While it mentions Minister Ranil Wickremesinghe, the focus is on legal/regulatory framework modifications rather than government personnel changes or portfolio assignments. The content fits the Legal/Regulatory classification as it deals with statutory instruments, regulatory amendments, and compliance requirements for import/export controls."
2294-30,2022-08-23,LEGAL_REGULATORY,"This gazette contains new regulations promulgated under the Imports and Exports Control Act, establishing legal frameworks for import/export control. It creates regulatory requirements, compliance procedures, and legal instructions for customs operations, falling squarely under Legal/Regulatory matters rather than government personnel/structure changes."
2294-31,2022-08-23,LEGAL_REGULATORY,"This gazette notification extends the deadline for a Commission of Inquiry to submit its final report. It references the Commission of Inquiry Act and previous proclamations published in gazettes, making it primarily about legal/regulatory matters concerning the operation and timeline of a formal commission established under statutory authority."
2294-32,2022-08-23,LAND,"The gazette content primarily deals with land matters, specifically declaring an area as an Urban Development Area with detailed metes and bounds descriptions. It involves land development planning and zoning changes under the Urban Development Authority Law, which falls under land and property-related matters. While it mentions a minister's name, the core content is about land development rather than government personnel changes or detailed portfolio responsibilities."
2294-33,2022-08-23,ORGANISATIONAL,"This gazette content announces the National Consumer Price Index for July 2022, computed by the Department of Census and Statistics. It does not involve government structure/personnel (Types 1-3) and does not fit any specialized categories (land, legal, commercial, elections, public service, or judicial). This is a statistical announcement related to economic data, which falls under miscellaneous administrative matters not covered by other categories."
2294-01,2022-08-22,LEGAL_REGULATORY,"This gazette notification is issued by the Director General of Customs under the authority of the Customs Ordinance (Chapter 235). It establishes new official rates of exchange for various foreign currencies to be used for calculating customs duties and other charges. This constitutes a regulatory framework and compliance requirement for international trade, falling squarely under the Legal/Regulatory classification (Type 5) for statutory instruments and regulatory matters."
2294-02,2022-08-22,LAND,"This gazette content deals exclusively with land settlement matters under the Land Settlement Ordinance. It contains final orders for settling specific land parcels in Vavuniya District, including detailed schedules showing land lots, extents, and on whom the lands are settled (either to The State or to named individuals). The content focuses entirely on land title registration and property settlement, which falls squarely under the Land Gazettes category (Type 4) for land and property-related matters."
2294-03,2022-08-22,LAND,"This gazette content deals exclusively with land settlement orders under the Land Settlement Ordinance, specifying the settlement of numerous land lots to either ""The State"" or named individuals. It contains detailed land descriptions, extents, and registration information, making it primarily about land and property matters, which falls under the Land Gazettes classification (Type 4)."
2294-04,2022-08-22,LAND,"This gazette content exclusively deals with land title registration matters under the Registration of Title Act. It contains declarations of determination for specific land parcels (including parcel numbers, locations, cadastral map references, and ownership details) by the Commissioner General of Land Title Settlement. The content focuses entirely on land registration, title settlement, and property ownership determinations, which falls squarely under the Land Gazettes classification (Type 4). There are no government personnel changes, organizational restructuring, or other non-land-related administrative matters present."
2294-05,2022-08-22,LAND,"This gazette content exclusively deals with land title registration and declarations regarding specific land parcels under the Registration of Title Act. It contains detailed information about land parcel numbers, extents, ownership (all by ""The State""), classifications, and encumbrances related to water lines, canals, and roads. The content falls squarely within the Land Gazette category as it concerns land registration, title settlement, and property matters without any government personnel changes or structural administrative modifications."
2294-06,2022-08-22,LAND,"This gazette content exclusively deals with land title registration matters under the Registration of Title Act. It contains declarations of determination by the Commissioner of Land Title Settlement regarding specific land parcels, including detailed schedules with parcel numbers, extents, owner names, and title classifications. The content focuses entirely on land ownership and property rights, falling squarely within the Land Gazette category (Type 4) as it involves land registrations, property ownership determinations, and title settlements."
2294-07,2022-08-22,LAND,"This gazette content exclusively deals with land title registration matters under the Registration of Title Act, No. 21 of 1998. It contains declarations of determination by the Commissioner of Title Settlement regarding specific land parcels, including detailed information about parcel numbers, extents, owners' names and addresses, title classifications, and encumbrances. The content falls under ""Land and property-related matters"" including ""land registrations, property ownership, land titles"" as specified in the Land Gazettes (Type 4) classification."
2294-08,2022-08-22,LAND,"This gazette content exclusively deals with land title registration matters under the Registration of Title Act. It contains declarations of determination for specific land parcels, including detailed information about land ownership, parcel numbers, extents, and owner details. The content falls squarely within the Land Gazette category as it focuses on land registration and title settlement processes without involving government personnel changes, organizational restructuring, or other specialized categories."
2294-09,2022-08-22,LAND,"This gazette content consists entirely of multiple ""NOTICE CALLING FOR CLAIMS TO LAND PARCELS"" announcements under the Registration of Title Act. The notices specifically address land ownership claims, cadastral maps, land parcels in various districts, and the process for determining land titles. This falls squarely under Land Gazettes (Type 4) as it deals with land registration, title claims, and property ownership matters."
2294-10,2022-08-22,LAND,"This gazette content exclusively deals with land title registration matters, specifically the declaration of determinations by the Commissioner of Title Settlement regarding specific land parcels. It contains detailed information about land ownership, parcel numbers, extents, owner identities, and encumbrances - all falling under land and property-related matters as defined in Type 4 (Land Gazettes)."
2294-11,2022-08-22,LAND,"This gazette content exclusively deals with land title registration matters under the Registration of Title Act. It contains detailed declarations of land title determinations for specific parcels of land, including parcel numbers, owner information, extent of land, and encumbrances. The content focuses entirely on land ownership and property rights, falling squarely within the Land Gazette classification (Type 4) which covers land registrations, property ownership, and land title matters."
2294-12,2022-08-22,LAND,"This gazette content exclusively deals with land title registration matters under the Registration of Title Act. It contains a formal declaration by the Commissioner of Title Settlement determining ownership of specific land parcels (including parcel numbers, extents, and nature of title) in a defined geographical area. The content focuses entirely on land adjudication, property ownership determinations, and land registration processes, which falls squarely under the Land Gazettes classification (Type 4). There is no government personnel changes, organizational restructuring, or other non-land related administrative matters present."
2294-13,2022-08-22,LAND,"This gazette content exclusively deals with land-related matters, specifically calling for claims to land parcels under the Registration of Title Act. It involves land title registration, cadastral maps, land ownership claims, and property boundary determinations - all falling squarely within the Land Gazette classification (Type 4). There is no government personnel or structural changes, legal/regulatory framework creation, commercial matters, or other specialized categories present."
2294-14,2022-08-22,LAND,"This gazette content exclusively deals with land title registration matters under the Registration of Title Act. It contains declarations of determination by the Commissioner of Land Title Settlement regarding specific land parcels, including detailed schedules with parcel numbers, extents, owner names, and title classifications. The content focuses entirely on land ownership and property rights, falling squarely within the Land Gazette category (Type 4) as it involves land registrations, property ownership determinations, and title settlements."
2294-15,2022-08-22,LAND,"This gazette content exclusively deals with land title registration matters under the Registration of Title Act. It contains declarations of title determinations for specific land parcels, including detailed information about land ownership, property boundaries, encumbrances, and registration particulars. The content focuses entirely on land and property-related administrative matters, falling squarely within the Land Gazette classification (Type 4) without any government personnel changes, organizational restructuring, or other specialized categories."
2294-16,2022-08-22,LAND,"This gazette content deals exclusively with land-related matters, specifically calling for claims to land parcels and addressing land title registration under the Registration of Title Act. It involves land ownership claims, cadastral maps, and land title settlement procedures, which clearly falls under the Land Gazettes category (Type 4) for land and property-related matters."
2294-17,2022-08-22,LAND,"This gazette content exclusively deals with land title registration matters under the Registration of Title Act. It contains declarations of determination for specific land parcels (including parcel numbers, extents, owner details, and encumbrances) in various locations, making it primarily concerned with land and property-related administrative matters. The content does not involve government personnel changes, organizational restructuring, or any of the other specialized categories beyond land administration."
2294-18,2022-08-22,LAND,"This gazette content exclusively deals with land and property-related matters, specifically calling for claims to land parcels under the Registration of Title Act. It involves land title registration, cadastral mapping, and determination of land ownership interests across multiple districts. The content focuses entirely on land administration processes without any government personnel changes, structural modifications, or other specialized categories."
2294-19,2022-08-22,LAND,"This gazette content exclusively deals with land title registration matters under the Registration of Title Act. It contains multiple declarations of determination for specific land parcels (including parcel numbers, cadastral maps, locations, and ownership details) by the Commissioner General of Land Title Settlement. The content focuses entirely on land registration, ownership determinations, and property rights, which falls squarely under the Land Gazettes category (Type 4) for land and property-related matters."
2294-20,2022-08-22,LAND,"This gazette content deals exclusively with land title registration matters under the Registration of Title Act. It contains declarations of title determinations for specific land parcels (including parcel numbers, locations, ownership details, and property characteristics) in various villages. The content focuses on land ownership, property boundaries, and title settlements, which falls squarely under the Land Gazettes category (Type 4) for land and property-related matters."
2294-21,2022-08-22,LAND,"This gazette content specifically deals with land title registration under the Registration of Title Act, declaring a determination regarding title to a specific parcel of land (Parcel No. 211, Block 03) with detailed land particulars including location, extent, ownership details, and encumbrances. This falls squarely within the Land Gazette category (Type 4) as it concerns land registration and property ownership matters."
2294-22,2022-08-22,LAND,"This gazette content deals exclusively with land title registration matters, specifically the declaration of determinations by the Commissioner of Title Settlement regarding specific land parcels (including parcel numbers, locations, ownership details, and encumbrances) under the Registration of Title Act. It contains detailed land ownership information, property boundaries, and registration particulars, which squarely fits the Land Gazette classification (Type 4) for land and property-related matters."
2294-23,2022-08-22,LAND,"This gazette content deals exclusively with land title registration matters under the Registration of Title Act, No. 21 of 1998. It contains declarations of determination for specific land parcels (including parcel numbers, extents, owner details, and title classifications) in various villages within the Gampaha District. The content focuses on land ownership registration, title settlement, and property rights - all falling squarely within the Land Gazette classification (Type 4) for land and property-related matters."
2294-24,2022-08-22,LAND,"This gazette content exclusively deals with land title claims and registration matters under the Registration of Title Act. It involves notices calling for claims to specific land parcels in Monaragala District, referencing cadastral maps, land ownership determination processes, and land title settlement procedures. The content focuses entirely on land and property matters, fitting the definition of Type 4 (Land Gazettes) which covers land registrations, title claims, land acquisitions, and property ownership issues."
2294-25,2022-08-22,LAND,"This gazette contains multiple notices calling for claims to land parcels under the Registration of Title Act, dealing specifically with land ownership, possession interests, cadastral maps, and land title determinations. The content focuses exclusively on land-related matters including land registrations, title settlements, and property claims across multiple districts, which falls squarely under the Land Gazettes classification (Type 4)."
2294-26,2022-08-22,LEGAL_REGULATORY,"This gazette notification contains an order amending the Ports and Airports Development Levy Act, No. 18 of 2011. It establishes regulatory procedures and compliance requirements for the exemption of levies on imported essential goods received as aid/donations. While it mentions Minister Ranil Wickremesinghe, the primary content focuses on legal/regulatory framework, procedures, and compliance requirements rather than government personnel changes or detailed portfolio responsibilities. This fits the Legal/Regulatory classification (Type 5) as it deals with statutory instruments and regulatory procedures under existing legislation."
2294-27,2022-08-22,ELECTIONS,"This gazette notice concerns the filling of vacancies in local government bodies (Kanthale Pradeshiya Sabha and Udunuwara Pradeshiya Sabha) under the Local Authorities Elections Ordinance. It specifically addresses electoral processes for local authorities, including declarations of vacancies and the nomination of replacement members by political parties. This falls squarely under ""Electoral processes and related matters"" as defined for Type 7 (Elections Gazettes)."
2294-28,2022-08-22,ELECTIONS,"This gazette notice concerns the filling of a vacancy in a local government body (Chavakachcheri Pradeshiya Sabha) due to a resignation, and specifically declares a new member as elected. This falls under electoral processes and declarations related to local authorities, making it an Elections Gazette (Type 7) as it deals with candidate nominations and declarations for a local government office."
2293-70,2022-08-20,LEGAL_REGULATORY,"This gazette content primarily concerns the appointment of arbitrators to settle industrial disputes under the Industrial Disputes Act. It involves legal orders issued by the Minister of Labour and Foreign Employment, referencing specific legislative enactments and their amendments. The core content is about implementing legal/regulatory procedures for dispute resolution, which falls under legal framework and regulatory matters rather than government personnel changes, organisational structure, or other specialized categories."
2293-71,2022-08-20,LEGAL_REGULATORY,"This gazette content primarily involves legal/regulatory matters under the Industrial Disputes Act, specifically orders made by the Minister of Labour and Foreign Employment to appoint arbitrators for industrial disputes. It contains statutory instruments, legal orders, and references to specific legislative enactments and amendments, making it a clear example of Legal/Regulatory classification (Type 5). While it mentions a government minister's name, it does not focus on government personnel changes or portfolio responsibilities, but rather on the exercise of legal powers under existing legislation."
2293-74,2022-08-20,LAND,"This gazette content is primarily focused on land acquisition matters under the Land Acquisition Act. It contains detailed declarations about specific land parcels being acquired for public purpose, including lot descriptions, boundaries, extents, and cadastral references. While it mentions a government minister (Nalaka Jude Harin Fernando) in his official capacity, the core content is about land acquisition rather than government personnel or structural changes, making it a Land Gazette (Type 4)."
2293-75,2022-08-20,LEGAL_REGULATORY,"This gazette contains a legal/regulatory notice issued by the Public Utilities Commission of Sri Lanka under Section 10(3) of the Sri Lanka Electricity Act, No. 20 of 2009 (amended). It grants certificates of exemption from licensing requirements for electricity distribution and supply to specific entities, which constitutes a regulatory action and falls under legal/regulatory matters rather than government structure/personnel changes."
2293-76,2022-08-20,LAND,"This gazette content is primarily focused on land acquisition matters under the Land Acquisition Act. It contains a declaration by the Minister for a specific public purpose acquisition of land, including detailed descriptions of the land parcels, boundaries, and extents. While it mentions a government minister (Harin Fernando), the core content is about land/property acquisition rather than government personnel changes or portfolio responsibilities, making it a Land Gazette (Type 4) according to the classification priority rules."
2293-77,2022-08-20,LAND,"This gazette content is primarily about land acquisition under the Land Acquisition Act, specifically describing the acquisition of a particular land parcel for resettlement purposes. It includes detailed descriptions of the land, its boundaries, and the legal process for acquisition, which falls squarely under the Land Gazettes category (Type 4) for land and property-related matters."
2293-49,2022-08-19,LAND,"This gazette content deals exclusively with land and property matters, specifically calling for claims to intestate property (property of deceased persons without wills) and the potential registration of land titles under the Registration of Title Act. It contains detailed land descriptions including village names, cadastral map numbers, parcel numbers, and land extents. The content falls under the Land Gazette category as it primarily concerns property ownership, land titles, and land registration procedures."
2293-50,2022-08-19,LAND,"This gazette content deals exclusively with land and property matters, specifically calling for claims to intestate property (property of deceased persons without wills) and the subsequent registration of land titles under the Registration of Title Act. It contains detailed land descriptions including cadastral map numbers, parcel numbers, land extents, and certificate of title numbers, which are all characteristic of land-related administrative matters."
2293-51,2022-08-19,LAND,"This gazette content exclusively deals with amendments to land title registrations under the Registration of Title Act. It contains multiple entries detailing specific changes to land parcel ownership records, property boundaries, access rights, and encumbrances. The content is entirely focused on land and property matters, including amendments to land titles, ownership details, and property-specific conditions, which falls squarely under the Land Gazettes classification (Type 4)."
2293-52,2022-08-19,LAND,"This gazette content exclusively deals with amendments to land title registrations under the Registration of Title Act. It contains multiple entries detailing specific corrections and modifications to land parcel numbers, extents, and village names across various districts. The content focuses entirely on land administration matters including cadastral mapping, parcel numbering, and land title settlements, which falls squarely under the Land Gazettes classification (Type 4). There are no government personnel changes, organizational restructuring, or other non-land related administrative matters present."
2293-53,2022-08-19,LAND,"This gazette content deals exclusively with land title registration matters under the Registration of Title Act. It contains multiple amendments to land titles for specific parcels of land in various locations (Katukurunda, Kirimatiya, Ampitiya Pallegama, Kehelwala, and Boyagama), providing detailed cadastral information including block numbers, map numbers, village names, Grama Niladhari divisions, and administrative divisions. The content focuses solely on land registration and title amendments, which falls squarely under the Land Gazettes category (Type 4) for land and property-related matters."
2293-54,2022-08-19,LAND,"This gazette content exclusively deals with land title registrations and amendments under the Registration of Title Act. It contains multiple entries detailing specific changes to land parcel records, including amendments to ownership details, encumbrances, mortgages, and title classifications for various land parcels across different districts. The content is purely land and property-related, falling squarely within the Land Gazette classification (Type 4) without any government personnel changes, organizational restructuring, or other specialized categories."
2293-55,2022-08-19,LAND,"This gazette content exclusively deals with amendments to land title registrations under the Registration of Title Act, specifically addressing changes to parcel numbers, access rights, land extents, and expunging particulars for various land parcels across multiple districts. The content is entirely focused on land and property-related matters, falling squarely within the Land Gazette classification (Type 4) without any government personnel changes, organizational restructuring, or other specialized categories."
2293-56,2022-08-19,LAND,"This gazette content exclusively deals with land title registration amendments under the Registration of Title Act. It contains multiple entries detailing specific changes to land parcel records, including amendments to ownership details, land classifications, encumbrances, and administrative boundaries. The content focuses entirely on land and property matters, falling squarely within the Land Gazettes category (Type 4) as it involves land registrations, title amendments, and property ownership modifications without any government personnel changes or structural administrative matters."
2293-57,2022-08-19,LAND,"This gazette content exclusively deals with land title amendments under the Registration of Title Act, specifically addressing the expungement of particulars for multiple parcels of land across different districts. It contains detailed land descriptions including parcel numbers, block numbers, cadastral map references, village names, Grama Niladhari divisions, and administrative divisions. The content falls squarely under land and property-related matters, specifically land title registration amendments, which is the definition of Type 4 (Land Gazettes)."
2293-58,2022-08-19,LAND,"This gazette content specifically deals with the amendment of land title registration under the Registration of Title Act. It contains detailed information about a specific parcel of land (No. 58 of Block 02) with cadastral map references, location details (village, Grama Niladhari Division, Divisional Secretary's Division, District, and Province), and references to previous gazette publications. The content is exclusively focused on land title matters and is issued by the Commissioner General of Land Title Settlement, making it clearly a Land Gazette (Type 4)."
2293-59,2022-08-19,LEGAL_REGULATORY,"This gazette content publishes the Sri Lanka Financial Reporting Standard 17 (Insurance Contracts) under the Sri Lanka Accounting and Auditing Standards Act, establishing principles for recognition, measurement, presentation and disclosure of insurance contracts. This constitutes regulatory/legal framework establishment for financial reporting standards, fitting the Legal/Regulatory classification (Type 5) as it involves statutory instruments and regulatory compliance requirements for accounting practices."
2293-60,2022-08-19,LEGAL_REGULATORY,"This gazette content contains amendments to SLFRS 17 (Sri Lanka Financial Reporting Standard 17) - Insurance Contracts, which constitutes regulatory changes to accounting standards. This falls under Legal/Regulatory classification as it involves modifications to statutory instruments and regulatory frameworks governing accounting practices, specifically under the Sri Lanka Accounting and Auditing Standards Act, No. 15 of 1995."
2293-61,2022-08-19,LEGAL_REGULATORY,"This gazette content announces the adoption of amendments to Sri Lanka Financial Reporting Standards (SLFRS) and a temporary exemption from SLFRS 9, published under the Sri Lanka Accounting and Auditing Standards Act. It deals with regulatory frameworks, compliance requirements, and statutory instruments related to accounting standards, which falls under Legal/Regulatory matters rather than government structure/personnel changes."
2293-62,2022-08-19,LEGAL_REGULATORY,"This gazette content publishes the adoption of Sri Lanka Accounting Standard SLSRS 4400 (Revised) under the authority of the Sri Lanka Accounting and Auditing Standards Act, No. 15 of 1995. It contains regulatory framework and compliance requirements for accounting professionals, making it a Legal/Regulatory gazette."
2293-63,2022-08-19,LEGAL_REGULATORY,"This gazette notification contains an order made under the Universities Act, No. 16 of 1978, specifically amending the schedule to establish a new department. This constitutes a regulatory matter involving statutory instruments and legal amendments, falling clearly under Legal/Regulatory classification (Type 5). While it mentions a minister's name, it does not involve government structural changes, personnel appointments, or detailed portfolio responsibilities that would trigger Types 1-3."
2293-64,2022-08-19,ELECTIONS,"This gazette notice concerns the filling of a vacancy in a local government body (Matale Municipal Council) under the Local Authorities Elections Ordinance. It specifically deals with the nomination and declaration of a new council member following a vacancy due to a member ceasing to belong to their political party. This content falls squarely under electoral processes and local authority member appointments, making it a clear example of an Elections Gazette (Type 7)."
2293-65,2022-08-19,ELECTIONS,"This gazette notice specifically concerns the filling of a vacancy in a local government body (Matale Pradeshiya Sabha) under the Local Authorities Elections Ordinance. It details the process of nominating a replacement member after a seat became vacant due to a member ceasing to belong to their political party. The content falls squarely within electoral processes and candidate nominations for local authorities, making it a clear example of an Elections Gazette (Type 7)."
2293-66,2022-08-19,ELECTIONS,"This gazette content concerns the filling of vacancies in local government bodies (Musalai Pradeshiya Sabha and Katana Pradeshiya Sabha) due to a member's death and a member ceasing to belong to a party. It specifically deals with electoral processes under the Local Authorities Elections Ordinance, including the nomination and declaration of newly elected members to fill these vacancies. This falls squarely under Election Gazettes (Type 7) as it involves electoral procedures and declarations rather than government personnel appointments or structural changes."
2293-67,2022-08-19,LAND,"This gazette content exclusively deals with land title registration matters under the Registration of Title Act. It contains declarations of determination for specific land parcels (including parcel numbers, locations, ownership details, and encumbrances) by the Commissioner General of Land Title Settlement. The content focuses entirely on land ownership, title settlement, and property registration, which falls squarely under the Land Gazettes category (Type 4) for land and property-related matters."
2293-68,2022-08-19,LEGAL_REGULATORY,"This gazette content is an order issued by the President under the Public Security Ordinance, calling out the armed forces for the maintenance of public order. It constitutes a legal/regulatory action, specifically the exercise of statutory powers to deploy military forces, which falls under the definition of Type 5 (Legal/Regulatory Gazettes) for legal framework and regulatory matters, including statutory instruments and orders."
2293-69,2022-08-19,LEGAL_REGULATORY,"This gazette content contains a legal/regulatory order issued by the Consumer Affairs Authority under the Consumer Affairs Authority Act, No. 09 of 2003. It establishes maximum retail prices for eggs, which constitutes a regulatory framework and compliance requirement falling under Legal/Regulatory classification (Type 5). The content does not involve government structure/personnel changes, land matters, commercial registrations, elections, public service, judicial matters, or other specialized categories that would take precedence."
2293-36,2022-08-18,LAND,"This gazette content deals exclusively with land title registration matters under the Registration of Title Act. It contains declarations of title determinations for specific land parcels, including parcel numbers, cadastral map references, ownership details, and land classifications. The content focuses on land registration, property ownership determinations, and land title settlements, which falls squarely under the Land Gazettes category (Type 4) for land and property-related administrative matters."
2293-37,2022-08-18,LAND,"This gazette content exclusively deals with land title registration matters under the Registration of Title Act. It contains declarations of determination for specific land parcels, including detailed information about parcel numbers, extents, owners, and title classifications. The content focuses entirely on land ownership and property rights, falling squarely within the Land Gazette category (Type 4) which covers land registrations, property ownership, and land title matters."
2293-38,2022-08-18,LAND,"This gazette content exclusively deals with land title registration matters under the Registration of Title Act. It contains multiple declarations of land title determinations for specific parcels of land, including detailed information about land parcels, owners, extents, and legal status. The content falls under ""Land registrations, property ownership, land titles"" as specified in the Land Gazettes (Type 4) category."
2293-39,2022-08-18,LAND,"This gazette content exclusively deals with land title registration matters under the Registration of Title Act. It contains multiple declarations of determination by the Commissioner of Land Title Settlement regarding specific land parcels, including detailed schedules with parcel numbers, extents, owner names, and title classifications. The content falls squarely within the Land Gazette category as it concerns land registrations, property ownership determinations, and title settlements."
2293-40,2022-08-18,LAND,"This gazette content deals exclusively with land title registration matters under the Registration of Title Act, No. 21 of 1998. It contains declarations of determination by the Commissioner of Title Settlement regarding specific land parcels, including detailed information about parcel numbers, extents, owners, and encumbrances. The content appears in ""PART III - LANDS"" of the gazette and focuses on property ownership and land title settlements, which falls squarely under the Land Gazettes category (Type 4) for land and property-related matters."
2293-41,2022-08-18,LAND,"This gazette content exclusively deals with land title registration matters under the Registration of Title Act, specifically declaring determinations of land titles for multiple parcels in Puttalam. It contains detailed schedules with land parcel numbers, extents, owner names, and title classifications, making it clearly a Land Gazette according to the classification criteria."
2293-42,2022-08-18,LAND,"This gazette content exclusively deals with land title registration matters under the Registration of Title Act. It contains declarations of title determinations for specific land parcels, including parcel numbers, ownership details, extent of land, and legal encumbrances. The content falls under ""Land registrations, property ownership, land titles"" as specified in the Land Gazettes (Type 4) classification, with no government personnel or structural changes present."
2293-43,2022-08-18,LAND,"This gazette content exclusively deals with land title registration matters under the Registration of Title Act. It contains declarations of determination for specific land parcels, including detailed ownership information, parcel numbers, extents, and legal encumbrances. The content focuses entirely on land ownership and property rights, falling squarely within the Land Gazette classification (Type 4) for land and property-related matters."
2293-44,2022-08-18,LAND,"This gazette content is exclusively about land acquisition notices under the Land Acquisition Act. It details specific land parcels being acquired by the government for a public purpose, including lot numbers, land names, descriptions, extents, and claimant information. The content is published in ""PART III – LANDS"" and fits the definition of Type 4 (Land Gazettes) for land acquisitions and property-related matters. It does not involve government personnel changes, organizational structure, or any of the other specialized categories."
2293-45,2022-08-18,ORGANISATIONAL,"This gazette content announces the schedule and regulations for the Esala Festival at Sabaragamu Maha Saman Devalaya. It does not involve government structural changes, personnel appointments, or detailed portfolio responsibilities (Types 1-3). It also does not fit any specialized categories (land, legal/regulatory, commercial, elections, public service, or judicial/law enforcement). The content deals with cultural/religious festival administration, which falls under miscellaneous administrative matters."
2293-46,2022-08-18,LEGAL_REGULATORY,"This gazette notification involves the Minister of Justice exercising powers under the Mediation Boards Act (No. 72 of 1988) to specify which Divisional Secretary's Divisions will be subject to the Act's provisions. The content focuses on establishing the legal/regulatory framework for mediation board operations in specific administrative areas, making it primarily a regulatory matter under existing legislation. While a minister is named, the notification does not involve government personnel changes or portfolio assignments, but rather the implementation of a legal act."
2293-47,2022-08-18,ELECTIONS,"This gazette content specifically deals with filling vacancies in local government offices (Chavakachcheri Pradeshiya Sabha) due to resignations and the subsequent declaration of newly elected members through the electoral process. It operates under the Local Authorities Elections Ordinance and involves the formal declaration of election results for specific wards, making it clearly related to electoral processes and procedures."
2293-48,2022-08-18,ELECTIONS,"This gazette content deals specifically with filling vacancies in a local government body (Chavakachcheri Pradeshiya Sabha) under the Local Authorities Elections Ordinance. It involves the electoral process for local government positions, including declarations of elected members to fill vacancies caused by resignations. This falls directly under election-related matters, specifically covering candidate nominations and declarations of election results for local government positions."
2293-24,2022-08-17,LAND,"This gazette content is exclusively about land acquisition matters under the Land Acquisition Act. It contains detailed notices of specific land parcels being acquired, including village names, plan numbers, lot numbers, land names, extents, statutory values, and court case references. The content focuses solely on land/property matters without any government personnel changes, organizational restructuring, or other specialized categories, making it a clear Land Gazette (Type 4)."
2293-25,2022-08-17,ORGANISATIONAL,"This gazette content involves amendments to degree programs and admission criteria for educational institutions (Institute of Chemistry, Ceylon and Esoft Metro Campus). While it mentions the Minister of Education by name, it does not focus on government personnel changes or structural reorganization. The content primarily deals with educational standards and academic program regulations, which falls under the Miscellaneous category as it involves educational matters not covered by the specialized categories 4-9."
2293-28,2022-08-17,LAND,"This gazette notice is a Land Acquisition Notice published under the Land Acquisition Act, specifically detailing the acquisition of a specific land parcel (Lot No. 03, Alupathakadahena) for a public purpose. It provides a legal description of the property, its location, extent, and procedures for claimants to seek compensation. The content is exclusively focused on land and property matters, fitting the definition of a Land Gazette."
2293-29,2022-08-17,ORGANISATIONAL,"This gazette notification concerns the organization and regulations for the Annual Perahara (procession) of the Badulla Katharagama Devalaya. It outlines the event schedule, the procession route, and various prohibitions and permissions for activities during the festival. The content is administrative but does not fit any of the government-related classifications (Types 1-3) as it does not involve government structural changes or personnel appointments. It also does not fit any of the specialized categories (Types 4-9) as it is not primarily about land, legal, commercial, electoral, public service, or judicial matters. Therefore, it falls under the Miscellaneous category (Type 10) for other administrative matters."
2293-30,2022-08-17,LAND,"This gazette content is a Land Acquisition Notice published under the Land Acquisition Act. It specifically declares that a particular piece of land (with detailed boundaries and lot numbers) is needed for a public purpose and will be acquired. The content is entirely focused on land and property-related matters, falling squarely under the Land Gazettes (Type 4) classification."
2293-31,2022-08-17,LAND,"This gazette notice is exclusively about land acquisition under the Land Acquisition Act. It provides detailed descriptions of specific land parcels being acquired for public purpose, including lot numbers, extent, location, and claimant information. The content falls squarely within the Land Gazette category as it deals with government acquisition of land and property matters."
2293-32,2022-08-17,LAND,"This gazette content is exclusively about land acquisition matters, specifically the government's intention to acquire 71 allotments of land for public purpose. It contains detailed descriptions of specific land parcels, their locations, boundaries, extents, and current claimants. The content falls under ""Land acquisitions, transfers, or disposals"" as defined in the Land Gazettes (Type 4) category, with no government personnel changes or structural administrative changes that would trigger Types 1-3."
2293-33,2022-08-17,LAND,"This gazette primarily deals with land matters, specifically the transfer and vesting of the Batticaloa Airport land to the Civil Aviation Authority. The content includes detailed land descriptions with survey plan numbers, lot numbers, boundaries, and exact measurements (77.7301 hectares), which are characteristic of Land Gazettes. While it mentions a minister's name and title, the core content focuses on land transfer and property description rather than government personnel changes or detailed portfolio responsibilities."
2293-34,2022-08-17,ELECTIONS,"This gazette notice specifically concerns the vacation of office by a member of the Walapane Pradeshiya Sabha (a local authority) due to ceasing membership in a political party. This falls under electoral processes and local government member status, making it an Elections Gazette (Type 7) as it deals with the composition of an elected local authority body under the Local Authorities Elections Ordinance."
2293-35,2022-08-17,ELECTIONS,"This gazette notice concerns the filling of a vacancy in a local government body (Bentota Pradeshiya Sabha) due to the death of an elected member. The content specifically references the Local Authorities Elections Ordinance and outlines the procedural steps for nominating and declaring a new member. This falls directly under electoral processes at the local government level, making it a clear example of an Elections Gazette (Type 7)."
2293-17,2022-08-16,LAND,"This gazette content exclusively deals with land title registration matters, specifically the declaration of determinations by the Commissioner of Title Settlement regarding ownership of specific land parcels. It contains detailed schedules with parcel numbers, owner names, land extents, and other property-related information. The content falls under ""Land registrations, property ownership, land titles"" as defined in Type 4 (Land Gazettes) and does not involve government personnel changes, organizational restructuring, or any of the other specialized categories."
2293-18,2022-08-16,LAND,"This gazette content exclusively deals with land title registration matters under the Registration of Title Act. It contains multiple declarations of determination by the Commissioner of Land Title Settlement regarding specific land parcels, including detailed schedules with parcel numbers, extents, owner names, identity card numbers, and land title classifications. The content focuses entirely on land ownership registration and title settlement, which falls squarely under the Land Gazettes category (Type 4) for land and property-related matters."
2293-19,2022-08-16,LAND,"This gazette content deals exclusively with land title registration and determinations under the Registration of Title Act. It contains detailed schedules of specific land parcels, their ownership status (primarily state-owned), extents, and encumbrances. The content focuses on land administration matters including title settlements, cadastral mapping, and property registrations, which squarely fits the Land Gazette classification (Type 4)."
2293-21,2022-08-16,LAND,"This gazette content deals exclusively with land title registration matters under the Registration of Title Act. It contains declarations of determination by the Commissioner of Title Settlement regarding specific land parcels, including parcel numbers, locations, ownership details, and land characteristics. The content focuses on land registration, title settlement, and property ownership determinations, which falls squarely under the Land Gazettes category (Type 4) for land and property-related matters."
2293-22,2022-08-16,LEGAL_REGULATORY,"This gazette content primarily involves the amendment of the legal framework governing the University of Jaffna through an order issued under the Universities Act, No. 16 of 1978. It modifies the schedule specifying faculties and departments, which constitutes a regulatory matter falling under legal/statutory instruments. While a minister's name appears, this is in the context of exercising statutory powers to make regulatory changes, not about government personnel changes or detailed portfolio responsibilities. The core content is legal/regulatory in nature, not governmental structure or personnel."
2293-23,2022-08-16,ORGANISATIONAL,"This gazette notification concerns the regulation of a religious festival (Mahiyangana Esala Festival), including camp area demarcation, permitted commercial activities, vehicle parking, and public health measures. It is issued by a Divisional Secretary under the Pilgrimages Ordinance and deals with temporary administrative arrangements for a specific event. The content does not involve government structure/personnel changes (Types 1-3) nor does it fit any of the specialized categories (4-9) as it pertains to cultural/religious event management rather than land, legal, commercial, electoral, public service, or judicial matters."
2293-01,2022-08-15,LAND,"This gazette content exclusively deals with land title registration matters under the Registration of Title Act. It contains declarations of determination for specific land parcels (including parcel numbers, extents, owner details, and land classifications) by the Commissioner General of Land Title Settlement. The content focuses on property ownership, land titles, and registration details without any government personnel changes, structural changes, or other specialized categories."
2293-02,2022-08-15,LAND,"This gazette content exclusively deals with land title registration under the Registration of Title Act. It contains a formal declaration by the Commissioner of Title Settlement regarding the determination of title to a specific parcel of land (No. 104 of Block 04) with detailed land particulars including location, extent, owner information, and title classification. The content falls squarely within the Land Gazette category as it concerns land registration and property ownership matters."
2293-03,2022-08-15,LAND,"This gazette content deals exclusively with land title registration amendments under the Registration of Title Act, specifically addressing cadastral map corrections and servitude rights for multiple land parcels. It contains detailed descriptions of land parcels, block numbers, cadastral maps, and property rights (servitude and access rights), which falls squarely under the Land Gazette classification (Type 4) for land and property-related matters."
2293-04,2022-08-15,LAND,"This gazette content exclusively deals with land title registration matters under the Registration of Title Act. It contains declarations of title determinations for specific land parcels, including details about land ownership, parcel numbers, extents, and legal encumbrances. The content focuses entirely on land property matters, specifically title settlement and registration, which falls squarely under the Land Gazettes category (Type 4)."
2293-05,2022-08-15,LAND,"This gazette content exclusively deals with land title registration matters, specifically the declaration of determinations by the Commissioner of Land Title Settlement regarding specific land parcels in Homagama. It contains detailed information about land ownership, parcel numbers, extents, and legal determinations under the Registration of Title Act. The content falls squarely within the Land Gazette category as it focuses on land registrations, property ownership, and title settlements without any government personnel changes or structural administrative matters."
2293-06,2022-08-15,LAND,"This gazette content exclusively deals with land title registration matters under the Registration of Title Act. It contains declarations of determination for specific land parcels (including parcel numbers, locations, owner details, and title classifications) by the Commissioner General of Land Title Settlement. The content focuses entirely on land ownership, title settlements, and property registration, which falls squarely under the Land Gazettes category (Type 4) as it involves land registrations, property ownership, and land title matters."
2293-07,2022-08-15,LEGAL_REGULATORY,"This gazette content primarily involves the amendment of regulations under the Foreign Exchange Act, No. 12 of 2017. It contains a legal order issued by the Minister of Finance under Section 8 of the Act, modifying foreign currency retention and deposit rules. While it mentions Minister Ranil Wickremesinghe, it does not focus on his appointment or portfolio responsibilities, but rather on the regulatory changes themselves. The content is fundamentally about legal/regulatory framework modifications rather than government personnel or structural changes, making it a Legal/Regulatory Gazette (Type 5)."
2293-08,2022-08-15,LAND,"This gazette content exclusively deals with land title registration matters under the Registration of Title Act, specifically declaring determinations of land titles for specific parcels in Kurunegala District. It contains detailed schedules with parcel numbers, owner information, land extents, and title classifications, making it clearly a Land Gazette according to the classification criteria."
2293-10,2022-08-15,LEGAL_REGULATORY,"This gazette content primarily concerns the publication of an industrial dispute arbitration award under the Industrial Disputes Act. It involves legal proceedings, an arbitrator's decision, and references to specific sections of legislation (Chapter 131). The content focuses on regulatory compliance and legal enforcement of labor laws, making it a Legal/Regulatory matter rather than a government personnel/structure issue or any other specialized category."
2293-11,2022-08-15,LAND,"This gazette content is primarily about land acquisition under the Land Acquisition Act, specifically declaring that certain land lots in Oruwala village are needed for public purpose and will be acquired. It contains detailed descriptions of land parcels, boundaries, and extents, making it clearly fall under the Land Gazettes category (Type 4) for land and property-related matters. While it mentions a government minister's name, this is incidental to the land acquisition declaration rather than being the primary focus of the content."
2293-12,2022-08-15,LAND,"This gazette notice is a land acquisition notice under the Land Acquisition Act, specifically describing the acquisition of two land lots (Bathalawelkoratuwa and Henawetta alias Aluthwatta) for public purpose. It provides detailed descriptions of the properties including their location, extent, and purpose of acquisition, along with procedures for interested parties to claim compensation. This falls squarely under Land Gazettes (Type 4) as it deals with land acquisition matters."
2293-13,2022-08-15,LAND,"This gazette content is a Land Acquisition Notice published under the Land Acquisition Act, specifically detailing the government's intention to acquire a specific parcel of land (Galpihillawatta) for a public purpose. It includes the land's description, extent, boundaries, and owner information, and calls for interested parties to submit compensation claims. The content is exclusively focused on land and property-related matters, falling squarely under the Land Gazettes category (Type 4)."
2293-14,2022-08-15,LEGAL_REGULATORY,"This gazette content is a Customs Notification issued under the Customs Ordinance, establishing new rates of exchange for customs duties and charges. It constitutes a regulatory framework for customs operations, falling squarely under Legal/Regulatory matters (Type 5) as it involves statutory instruments and compliance requirements for customs valuation."
2293-15,2022-08-15,LAND,"This gazette content primarily deals with land acquisition matters under the Land Acquisition Act. It contains specific orders for taking possession of described land parcels, including detailed descriptions of the land lots, boundaries, and locations. While it mentions a government minister (Nalaka Jude Harin Fernando), this is incidental to the main purpose of the document, which is land acquisition. The content does not focus on government structure, personnel changes, or portfolio responsibilities, but rather on the administrative process of acquiring specific land properties."
2293-16,2022-08-15,LAND,"This gazette content is primarily about land acquisition under the Land Acquisition Act, specifying particular land parcels with detailed descriptions, boundaries, and extents. While it mentions a minister's name and title, the core content focuses exclusively on land matters (acquisition and property details) without detailing ministerial portfolio responsibilities or government structural changes, making it a Land Gazette."
2292-57,2022-08-13,LEGAL_REGULATORY,"This gazette content contains rules made by the Sri Lanka Anti-Doping Agency under the Convention Against Doping in Sport Act, No. 33 of 2013. It establishes regulatory frameworks, compliance requirements, and legal procedures for anti-doping enforcement in sports. This falls under Legal/Regulatory classification as it involves statutory instruments and regulatory matters rather than government personnel changes, organizational restructuring, or any of the other specialized categories."
2292-42,2022-08-12,LAND,"This gazette content exclusively deals with land title registration matters under the Registration of Title Act. It contains multiple declarations of determination by the Commissioner of Title Settlement regarding specific land parcels, including detailed information about parcel numbers, extents, ownership details, and land classifications. The content focuses entirely on land registration and property ownership matters, which falls squarely under the Land Gazettes category (Type 4). There are no government personnel changes, organizational restructuring, or other non-land related administrative matters present."
2292-43,2022-08-12,LAND,"This gazette content exclusively deals with land title registration matters under the Registration of Title Act. It contains declarations of determination for specific land parcels, including parcel numbers, locations, ownership details, and land characteristics. The content focuses on land registration, title settlement, and property ownership determinations, which squarely fits the Land Gazettes category (Type 4) as it primarily concerns land and property-related administrative matters."
2292-44,2022-08-12,LAND,"This gazette content deals exclusively with land title registration matters under the Registration of Title Act. It contains declarations of determination by the Commissioner of Title Settlement regarding specific land parcels, including parcel numbers, block numbers, cadastral map references, and ownership details. The content focuses on land registration, title settlements, and property ownership determinations, which squarely fits the Land Gazette classification (Type 4) for land and property-related matters."
2292-45,2022-08-12,LAND,"This gazette content exclusively deals with land title registration matters under the Registration of Title Act. It contains declarations of determination for specific land parcels, including detailed information about land parcel numbers, owners, property extents, and ownership classifications. The content focuses entirely on land registration and title settlement processes, which falls squarely under the Land Gazettes category (Type 4) for land and property-related matters."
2292-46,2022-08-12,LAND,"This gazette content exclusively deals with land title registration under the Registration of Title Act. It contains a declaration by the Commissioner of Title Settlement regarding the determination of title for a specific parcel of land (Parcel No. 31, Block 01) with detailed land particulars including location, extent, ownership details, and encumbrances. The content falls squarely within the Land Gazette category as it concerns land registration, title settlement, and property ownership matters."
2292-47,2022-08-12,LAND,"This gazette content deals specifically with land title registration and intestate property claims, falling under land and property-related matters. It involves notices calling for claims to property of deceased individuals without wills, detailing specific land parcels, cadastral information, and registration procedures under the Registration of Title Act. This fits the Land Gazette classification (Type 4) as it primarily concerns land ownership, title registration, and property transfer matters."
2292-48,2022-08-12,LAND,"This gazette content exclusively deals with land title registration matters under the Registration of Title Act. It contains declarations of title determinations for specific land parcels, including detailed information about land ownership, parcel numbers, extents, locations, and encumbrances. The content falls squarely within the Land Gazette category as it involves land registrations, property ownership determinations, and title settlements for specific land parcels in various villages."
2292-49,2022-08-12,LAND,"This gazette content exclusively deals with land title registration matters under the Registration of Title Act, specifically declaring determinations of land ownership for various parcels in Walaswewa and Nuwanpura villages. It contains detailed schedules with parcel numbers, owner names, land extents, and title classifications, making it clearly focused on land and property-related matters as defined in Type 4 (Land Gazettes)."
2292-50,2022-08-12,LEGAL_REGULATORY,"This gazette contains rules made under the Monetary Law Act regarding the repatriation and conversion of export proceeds, which constitutes regulatory matters and legal instruments issued by the Central Bank of Sri Lanka. It involves amendments to existing regulations and establishes compliance requirements for exporters, fitting the definition of Legal/Regulatory Gazettes (Type 5) that cover ""regulatory frameworks and compliance requirements"" and ""statutory instruments and subsidiary legislation."""
2292-51,2022-08-12,LAND,"This gazette content exclusively deals with land title registration matters under the Registration of Title Act. It contains multiple declarations of determination for specific land parcels (including parcel numbers, locations, ownership details, and encumbrances) by the Commissioner General of Land Title Settlement. The content focuses entirely on land property matters, including title determinations, ownership registration, and property encumbrances, which falls squarely under the Land Gazettes classification (Type 4)."
2292-52,2022-08-12,ELECTIONS,"This gazette concerns the filling of a vacancy for a member of a local authority (Kurunegala Pradeshiya Sabha) under the Local Authorities Elections Ordinance. It details the electoral process for replacing a resigned member, including the nomination by a political party and the official declaration by the Returning Officer. This content falls squarely under electoral processes, making it an Elections Gazette."
2292-53,2022-08-12,ELECTIONS,"This gazette content specifically deals with filling vacancies in local government bodies (Pradeshiya Sabhas) due to members not attending meetings or death, under the Local Authorities Elections Ordinance. It involves the declaration of newly elected members to fill these vacancies through a process managed by election officials. This falls squarely under electoral processes and related matters, making it an Elections Gazette (Type 7)."
2292-54,2022-08-12,LAND,"This gazette content primarily deals with land acquisition matters under the Land Acquisition Act. It contains detailed declarations for specific land parcels (including lot numbers, boundaries, extents, and locations) that are being acquired for public purposes. While it mentions a government minister (Harin Fernando), the core content focuses exclusively on land/property matters without detailing ministerial portfolio responsibilities or government structural changes, making it a Land Gazette."
2292-55,2022-08-12,LAND,"This gazette content exclusively concerns land acquisition matters under the Land Acquisition Act. It contains detailed notices for acquiring specific land parcels and servitudes for public purposes, including land descriptions, locations, claimant information, and compensation procedures. The content falls squarely within the definition of Land Gazettes (Type 4) as it deals with land acquisitions, property ownership matters, and land registration processes."
2292-56,2022-08-12,ELECTIONS,"This gazette content specifically deals with filling vacancies in local government bodies (Buttala Pradeshiya Sabha and Kataragama Pradeshiya Sabha) under the Local Authorities Elections Ordinance. It concerns electoral processes at the local level, including the declaration of selected members to fill positions that became vacant due to party membership cessation. This falls squarely under the Elections category (Type 7) as it involves electoral matters and declarations related to local authority elections."
2292-36,2022-08-10,LEGAL_REGULATORY,"This gazette content primarily involves the promulgation of a new regulation under the Finance Act, specifically amending existing hub regulations to allow certain enterprises to sell/export fuel oils under specific conditions. The content focuses on legal/regulatory matters - creating new rules, specifying compliance requirements, and establishing regulatory frameworks for economic activities. While it mentions Minister Ranil Wickremesinghe, it does so only in the context of his authority to issue regulations under existing legislation, without detailing his portfolio responsibilities or making personnel changes, making it a legal/regulatory gazette rather than a government personnel or hybrid type."
2292-37,2022-08-10,ELECTIONS,"This gazette notice concerns the filling of a vacancy for the office of Chairman in the Imaduwa Pradeshiya Sabha, a local government authority. The content is specifically issued under the Local Authorities Elections Ordinance and details the electoral process for this local government position, making it a clear fit for the Elections category (Type 7)."
2292-38,2022-08-10,ELECTIONS,"This gazette contains notices under the Local Authorities Elections Ordinance declaring that specific individuals have vacated their offices as members of local government bodies (Matale Municipal Council and Matale Pradeshiya Sabha) due to ceasing membership in a political party. This content directly relates to electoral processes and the status of elected officials, falling under Election Gazettes (Type 7) which cover electoral matters including vacating of offices."
2292-39,2022-08-10,ELECTIONS,"This gazette notice announces that a member of the Lunugamvehera Pradeshiya Sabha has vacated their office due to ceasing membership in a political party. This is an electoral matter specifically under the Local Authorities Elections Ordinance, falling clearly under Type 7 (Elections Gazettes) which covers electoral processes including declarations about member status and vacancies in local government bodies."
2292-40,2022-08-10,ELECTIONS,"This gazette notice concerns the filling of a vacancy in a local government authority (Manmunai South West Pradeshiya Sabha) due to the death of a member. It specifically deals with the electoral process under the Local Authorities Elections Ordinance, including the nomination and declaration of a new elected member. This falls squarely under election-related matters, making it Type 7 (Elections Gazettes) rather than a government personnel or structural classification."
2292-41,2022-08-10,LEGAL_REGULATORY,"This gazette content is an order issued under the Special Commodity Levy Act, No. 48 of 2007, imposing and modifying special commodity levies on various imported goods. It establishes regulatory requirements for importers, specifies tariff rates for different commodity classifications, and creates exemptions for specific purposes. This falls squarely under Legal/Regulatory classification as it involves statutory instruments, regulatory frameworks, and compliance requirements rather than government personnel changes, organizational restructuring, or other specialized categories."
2292-13,2022-08-09,LEGAL_REGULATORY,"This gazette notification contains amendments to postal rules and regulations under the Post Office Ordinance. It involves modifications to legal frameworks and regulatory requirements for postal services, including changes to fee structures and service parameters. While it mentions a minister (Dr. Bandula Gunawardana), it does so only in the context of his authority to make these rules under existing legislation, and does not include any detailed portfolio responsibilities or personnel changes. The core content is purely regulatory in nature, making it a Legal/Regulatory Gazette."
2292-14,2022-08-09,LAND,"This gazette content exclusively deals with land acquisition matters under the Land Acquisition Act. It contains notices under Section 33 regarding statutory compensation for acquired lands, including specific details about land parcels (names, extents, locations), compensation amounts, and court case references. The content focuses entirely on land/property matters without any government personnel changes, organizational restructuring, or other specialized categories, making it clearly a Land Gazette."
2292-15,2022-08-09,LEGAL_REGULATORY,"This gazette contains rules and regulations made by the Insurance Regulatory Commission of Sri Lanka under the Regulation of Insurance Industry Act, No. 43 of 2000. It specifically amends previous rules regarding insurance brokers' accounting requirements and establishes new regulatory frameworks for quarterly reporting. This falls under Legal/Regulatory matters as it involves statutory instruments and compliance requirements for the insurance industry."
2292-16,2022-08-09,LAND,"This gazette content is a land acquisition notice under the Land Acquisition Act, declaring specific parcels of land needed for public purpose. It contains detailed descriptions of multiple land lots with boundaries, extents, and claimant information, making it primarily about land and property matters. While it mentions a government minister (Nalaka Jude Harin Fernando), this is only in his capacity to declare the land acquisition under statutory authority, and the core content focuses entirely on land descriptions rather than government personnel changes or portfolio responsibilities."
2292-17,2022-08-09,LAND,"This gazette notice is primarily about land acquisition under the Land Acquisition Act. It specifically describes a land parcel to be acquired for public purpose, provides detailed land description (location, survey details, size), and outlines procedures for claimants. This fits squarely within Type 4 (Land Gazettes) which covers land acquisitions, transfers, and property-related matters."
2292-18,2022-08-09,LEGAL_REGULATORY,"This gazette contains new regulations made by the Minister under the Merchant Shipping Act, No. 52 of 1971. It establishes legal requirements for maritime labor, including applicability rules, minimum age requirements, and working conditions for seafarers. This falls under ""Legal/Regulatory Gazettes"" as it creates new regulatory frameworks and compliance requirements under existing legislation."
2292-19,2022-08-09,ELECTIONS,"This gazette notice announces the convening of meetings for the election of new Chairmen for Local Authorities in the Northern Province. It specifies dates, times, and venues for these electoral meetings under the Local Authorities Elections (Amendment) Act. This content falls squarely under electoral processes and related administrative matters, making it Type 7 (Elections)."
2292-20,2022-08-09,LAND,"This gazette content is exclusively about land title registration under the Registration of Title Act, specifically declaring the determination of title for a specific parcel of land (No. 111 of Block 05) with detailed land particulars including location, extent, owner information, and title classification. It falls squarely within the Land Gazette category as it deals with land registration and title settlement matters."
2292-21,2022-08-09,LAND,"This gazette content exclusively deals with land title registration under the Registration of Title Act, specifically declaring the determination of title for a specific parcel of land (Plot 09, Block 08) in Bothalapitiya, Kandy District. It contains detailed land particulars including parcel number, extent, owner information, and title classification, which falls squarely under the Land Gazettes category (Type 4) for land and property-related matters."
2292-22,2022-08-09,LAND,"This gazette content exclusively deals with land title registration matters under the Registration of Title Act, specifically declaring determinations of land ownership for specific parcels in various locations. It contains detailed land parcel information, ownership details, and legal declarations regarding land titles, which falls squarely under the Land Gazettes category (Type 4) for land and property-related matters."
2292-23,2022-08-09,LAND,"This gazette content specifically deals with land title registration under the Registration of Title Act, declaring the determination of land parcels (No. 143 and 144) with detailed ownership information, property boundaries, and cadastral references. It falls squarely within the Land Gazette category as it concerns land registration, title settlement, and property ownership matters in specific geographic locations."
2292-24,2022-08-09,LAND,"This gazette content exclusively deals with land title registration under the Registration of Title Act. It contains a declaration by the Commissioner of Title Settlement regarding the determination of title for a specific land parcel (No. 0452) with detailed land particulars including location, extent, owner information, and encumbrances. This falls squarely within the Land Gazette category (Type 4) as it concerns land registration and property ownership matters."
2292-25,2022-08-09,LAND,"This gazette content deals exclusively with land title registration matters under the Registration of Title Act. It contains declarations of determination for specific land parcels (including parcel numbers, locations, ownership details, and land characteristics) by the Commissioner of Land Title Settlement. The content focuses on land ownership registration, property boundaries, and title settlements, which falls squarely under the Land Gazettes category (Type 4) for land and property-related administrative matters."
2292-26,2022-08-09,LAND,"This gazette content exclusively deals with land title registration matters, specifically the declaration of determinations by the Commissioner of Title Settlement regarding specific land parcels. It contains detailed information about land ownership, parcel numbers, extents, and property characteristics, falling squarely within the Land Gazette category (Type 4) which covers land registrations, property ownership, and land title matters."
2292-27,2022-08-09,LAND,"This gazette content deals exclusively with land title registration matters under the Registration of Title Act. It contains declarations of determination for specific land parcels, including detailed property descriptions, ownership details, and legal status of land titles. The content focuses on land registration, property ownership determinations, and cadastral mapping - all falling squarely within the Land Gazette classification (Type 4) for land and property-related administrative matters."
2292-28,2022-08-09,ELECTIONS,"This gazette notice concerns the filling of a vacancy in a local government council (Rathnapura Municipal Council) under the Local Authorities Elections Ordinance. It specifically deals with the electoral process for local authorities, including the nomination and declaration of a new council member to fill a seat that became vacant. This content falls squarely under the ""Elections Gazettes"" category (Type 7), which covers electoral processes, candidate nominations, and declarations related to local government elections."
2292-29,2022-08-09,LEGAL_REGULATORY,"This gazette content is an order made under the Special Commodity Levy Act, No. 48 of 2007, which constitutes a regulatory matter. It outlines specific procedures and requirements for waiving the Special Commodity Levy on imported essential goods received as donations. The content focuses on legal/regulatory framework implementation rather than government personnel changes, organizational structure, or any of the other specialized categories."
2292-30,2022-08-09,ORGANISATIONAL,"This gazette notification involves the amendment of university faculties/departments (specifically adding the Department of Mechanical Engineering to the University of Jaffna) under the Universities Act. While it mentions a Minister's name, it does not involve government structural changes, personnel appointments, or detailed portfolio responsibilities. This content falls under educational/academic administrative matters, which does not fit Types 1-9 and is therefore classified as Miscellaneous (Type 10)."
2292-31,2022-08-09,LEGAL_REGULATORY,"This gazette notification contains a legal/regulatory order made under the Revenue Protection Act, No. 19 of 1962. It establishes new customs exemption procedures for imported essential goods received as aid/donations, including specific regulatory requirements, approval processes, and compliance measures. While it mentions the Minister of Finance by name, the primary content is regulatory in nature - creating new legal procedures and requirements rather than focusing on government personnel changes or portfolio assignments."
2292-32,2022-08-09,LEGAL_REGULATORY,"This gazette notification is an Order issued under Section 14 of the Sri Lanka Export Development Act, No. 40 of 1979. It amends a previous gazette notification by inserting a new paragraph that establishes regulatory procedures and compliance requirements for the importation of essential goods received as aid/donations. The content focuses entirely on creating a legal/regulatory framework for customs exemptions and handling of donated goods, including conditions, approval processes, accountability measures, and enforcement provisions under the Customs Ordinance for violations. While it names the Minister who issued the order, it does not describe his portfolio responsibilities in detail, and the primary purpose is regulatory rather than about government personnel or structure."
2292-33,2022-08-09,ELECTIONS,"This gazette notice concerns the filling of a vacancy for a member of a local authority (Imaduwa Pradeshiya Sabha) due to the death of the incumbent. The content details the process under the Local Authorities Elections Ordinance, including the nomination by a political party and the official declaration of the newly elected member. This falls squarely under the ""Elections Gazettes"" category (Type 7), which covers electoral processes, candidate nominations, and declarations of election results for public offices."
2292-34,2022-08-09,LEGAL_REGULATORY,"This gazette contains regulations made by the Minister under the Civil Aviation Act, establishing legal requirements and procedures for water aerodrome licensing and operations. It creates a regulatory framework for civil aviation matters, which falls under Legal/Regulatory classification (Type 5). While it mentions a minister's name, it does not contain detailed portfolio responsibilities or government structural changes that would make it a government-related type."
2292-35,2022-08-09,LEGAL_REGULATORY,"This gazette content contains amendments to the rules of the Institute of Environmental Professionals Sri Lanka made under Section 7 of their Incorporation Act. It deals with regulatory frameworks, legal amendments to membership criteria, financial procedures, and compliance requirements for a professional institute. This falls under Legal/Regulatory matters (Type 5) as it involves statutory instruments and regulatory modifications rather than government personnel/structure changes or other specialized categories."
2292-01,2022-08-08,LEGAL_REGULATORY,"This gazette notification announces new rates of exchange for customs duties and charges, which constitutes a regulatory framework under the Customs Ordinance. It establishes compliance requirements for import/export transactions and rescinds previous regulations, making it a legal/regulatory matter rather than a government personnel, organizational, or specialized administrative matter."
2292-02,2022-08-08,LAND,"This gazette notice is specifically about land acquisition under the Land Acquisition Act. It describes a particular land parcel being acquired for public purpose, provides detailed land description (extent, lot number, cadastral references, location), and outlines the legal process for compensation claims. This fits perfectly within Type 4 (Land Gazettes) as it deals with land acquisition and property matters."
2292-03,2022-08-08,ELECTIONS,"This gazette notice concerns the filling of a vacancy in a local government body (Ambanganga Korale Pradeshiya Sabha) under the Local Authorities Elections Ordinance. It specifically deals with electoral procedures for local authorities, including the declaration of an elected member to fill a vacancy caused by a member's absence. This falls squarely under Election Gazettes (Type 7) as it involves electoral processes and declarations related to local government elections."
2292-05,2022-08-08,LAND,"This gazette content exclusively deals with land title registration matters under the Registration of Title Act. It contains declarations of determination by the Commissioner of Title Settlement regarding specific land parcels, including parcel numbers, cadastral map references, ownership details, and land registration particulars. The content focuses entirely on land ownership and title settlement processes, fitting perfectly within the Land Gazette category (Type 4) which covers land registrations, property ownership, and land title matters."
2292-06,2022-08-08,LEGAL_REGULATORY,"This gazette content primarily involves the exercise of statutory powers under the Industrial Disputes Act to appoint arbitrators for industrial disputes. It contains legal orders made under specific legislative authority (Section 4(1) of the Industrial Disputes Act), references to legislative enactments and amendments, and formal legal procedures for dispute resolution. While it mentions a government minister (Manusha Nanayakkara), this is in the context of exercising legal authority rather than describing government personnel changes or portfolio responsibilities. The core content is regulatory and legal in nature, falling under Legal/Regulatory classification."
2292-07,2022-08-08,LEGAL_REGULATORY,"This gazette content primarily consists of orders made under the Industrial Disputes Act, appointing arbitrators to settle specific industrial disputes. It references specific legislative enactments (Chapter 131 of the Legislative Enactments of Ceylon) and exercises powers granted by that legislation. While it mentions a Minister's name, this is in the context of executing statutory powers rather than announcing a personnel change or detailing portfolio responsibilities. The core content is regulatory/legal in nature, dealing with the implementation of labor dispute resolution mechanisms under existing law."
2292-08,2022-08-08,LEGAL_REGULATORY,"This gazette content primarily involves the appointment of an arbitrator under the Industrial Disputes Act to settle a labor dispute between an employees' association and a private company. The content centers on legal/regulatory matters - specifically the exercise of statutory powers under existing legislation (Industrial Disputes Act, Chapter 131) to address an industrial dispute. While it mentions Minister Manusha Nanayakkara by name and title, it does not describe his ministerial portfolio responsibilities in detail, nor does it involve government structural changes or personnel appointments. The core content is regulatory in nature, dealing with legal procedures for dispute resolution under established labor laws."
2292-09,2022-08-08,ELECTIONS,"This gazette content specifically deals with filling vacancies in local government councils (Balangoda Urban Council and Nivithigala Pradeshiya Sabha) under the Local Authorities Elections Ordinance. It involves electoral processes at the local government level, including the declaration of selected members to fill positions that became vacant due to party membership cessation. This falls squarely under Election Gazettes (Type 7) as it concerns electoral matters and local authority member appointments."
2292-10,2022-08-08,ELECTIONS,"This gazette content specifically deals with filling vacancies in a local authority (Morawewa Pradeshiya Sabha) under the Local Authorities Elections Ordinance. It involves the electoral process for local government positions, including the nomination and declaration of new members to fill seats that became vacant due to party membership changes. This falls squarely under Election Gazettes (Type 7) as it concerns electoral processes and candidate nominations/registrations for local government bodies."
2292-11,2022-08-08,LEGAL_REGULATORY,"This gazette contains regulations made by the Minister under the Fauna and Flora Protection Ordinance, amending existing regulations related to entry fees, permits, and tourist activities in national reserves. This constitutes legal/regulatory matter involving statutory instruments and subsidiary legislation, falling under Type 5 (Legal/Regulatory Gazettes). While it mentions a minister's name, it does not involve government personnel changes or structural reorganization, but rather focuses on regulatory framework and compliance requirements."
2292-12,2022-08-08,ELECTIONS,"This gazette notice announces that a member of the Wellawaya Pradeshiya Sabha has vacated their office, which is an electoral matter related to local government. The notice is issued under the Local Authorities Elections Ordinance and specifically references Section 10 A (1) (a), making it clearly about electoral processes and declarations, fitting Type 7 (Elections)."
2291-43,2022-08-05,LEGAL_REGULATORY,"This gazette content contains regulations made by the President under the Public Security Ordinance, specifically amending emergency regulations. It deals with legal amendments to existing regulations, which falls under Legal/Regulatory matters (Type 5) rather than government personnel or structural changes. The content focuses on modifying legal provisions and regulatory frameworks, not on government appointments, organizational changes, or any of the other specialized categories."
2291-44,2022-08-05,LEGAL_REGULATORY,"This gazette content primarily involves the promulgation of new regulations under the Imports and Exports Control Act, specifically creating the ""Imports and Exports (Control) Regulations No. 11 of 2022."" It modifies import control schedules by banning certain chemicals (Glyphosate) and requiring import licenses for others, which falls under legal/regulatory framework modifications rather than government personnel or structural changes."
2291-45,2022-08-05,JUDICIAL_LAW_ENFORCEMENT,"This gazette notification concerns the suspension of a local government authority (Katharagama Pradeshiya Sabha) and the appointment of a retired judicial officer to investigate the matter. The content focuses on the exercise of gubernatorial powers over local administration and the extension of a judicial investigation, which falls under law enforcement and judicial oversight of local government. This aligns with Type 9 (Judicial/Law Enforcement), which covers law enforcement regulations, procedures, and the appointment of officers for investigative purposes."
2291-32,2022-08-04,LAND,"This gazette content is a Land Acquisition Notice published under the Land Acquisition Act. It specifically describes the acquisition of three land lots (with details including lot numbers, land names, descriptions, claimants, and extents) for a public purpose related to the Southern Highway extension. The content deals exclusively with land acquisition matters, falling squarely under the Land Gazettes category (Type 4) for land and property-related administrative matters."
2291-33,2022-08-04,LAND,"This gazette content is primarily about land acquisition under the Land Acquisition Act. It contains detailed descriptions of specific land parcels being acquired, including their boundaries, extents, and locations. The document is published in the ""LANDS"" section of the gazette and focuses exclusively on property matters without involving government personnel changes, organizational restructuring, or other specialized categories."
2291-34,2022-08-04,LAND,"This gazette notification primarily deals with land matters, specifically the cancellation of a vesting order for a defined land area (0.0480 Hectares) related to a school property. The content focuses on land registration and property rights rather than government personnel changes, organizational structure, or other specialized categories."
2291-35,2022-08-04,LAND,"This gazette content exclusively deals with land title registration matters, specifically declarations of determination for specific land parcels under the Registration of Title Act. It contains detailed information about land parcels, their locations, extents, and ownership details, which falls squarely under the Land Gazettes category (Type 4) for land and property-related matters."
2291-36,2022-08-04,LAND,"This gazette notification primarily deals with land matters, specifically the designation of two parcels of land (Kalapaluwawa Cemetery and Batapotha Cemetery) as public cemeteries. The content includes detailed land descriptions, boundaries, survey information, and property ownership details, which are characteristic of Land Gazettes (Type 4). While it mentions government officials (the Governor) and references legal ordinances, the core subject matter is land use and property designation for cemetery purposes."
2291-37,2022-08-04,PEOPLE,"This gazette content announces the appointment of a named individual (Hon. Nimal Siripala de Silva) to a ministerial position (Minister of Ports, Shipping & Aviation) with a specific start date. It includes the person's name and basic title but does not provide any detailed descriptions of portfolio responsibilities, subject areas, or specific duties. This fits the definition of a People Gazette (Type 2), which covers government personnel changes without detailed portfolio information."
2291-38,2022-08-04,LAND,"This gazette content is a notice under the Land Acquisition Act regarding the government's intention to acquire 75 specific land allotments for public purpose. It contains detailed descriptions of individual land parcels, including lot numbers, land names, descriptions, claimants, and exact land extents. The content is exclusively focused on land acquisition matters, which falls squarely under the Land Gazettes category (Type 4) for land and property-related matters."
2291-39,2022-08-04,LAND,"This gazette content is exclusively about land acquisition matters under the Land Acquisition Act. It contains detailed notices for acquiring specific land parcels for public purposes, including lot numbers, descriptions, extents, and claimant information. The content focuses solely on land-related administrative procedures without any government personnel changes, structural reorganizations, or other specialized categories."
2291-40,2022-08-04,LAND,"This gazette content exclusively deals with land acquisition matters under the Land Acquisition Act. It contains detailed notices for acquiring specific land parcels for public purposes, including lot numbers, descriptions, extents, and claimant information. The content falls squarely within the Land Gazette category (Type 4) as it involves government acquisition of land and property-related matters."
2291-41,2022-08-04,LAND,"This gazette content is a notice under the Land Acquisition Act regarding the government's intention to acquire 60 specific land allotments for public purpose. It contains detailed descriptions of land parcels, including lot numbers, names, descriptions, claimants, and exact measurements. The content falls squarely under land and property-related matters, specifically land acquisition by the government, which aligns with Type 4 (Land Gazettes) classification."
2291-42,2022-08-04,ELECTIONS,"This gazette notice announces a meeting for the election of a vice chairman for a local authority (Rabewa Pradeshiya Sabha) under the Local Authorities Elections Ordinance. It specifically deals with electoral processes at the local government level, including the scheduling of an election meeting, which falls under the Elections category (Type 7) for electoral processes and related matters."
2291-25,2022-08-03,LEGAL_REGULATORY,"This gazette content primarily involves the declaration of tax exemptions and regulatory concessions for a specific strategic development project under the Strategic Development Projects Act. It outlines legal provisions, amendments to tax laws (Inland Revenue Act, VAT Act, etc.), and regulatory frameworks for granting exemptions, making it a Legal/Regulatory matter rather than a government personnel or structural change."
2291-26,2022-08-03,LEGAL_REGULATORY,"This gazette content involves the President exercising powers under the Essential Public Services Act (No. 61 of 1979) to declare specific services as essential public services. This constitutes a regulatory action that establishes legal frameworks and compliance requirements for maintaining essential services during potential disruptions. The content focuses on legal/regulatory matters rather than government personnel changes, organizational restructuring, or any of the other specialized categories."
2291-27,2022-08-03,LEGAL_REGULATORY,"This gazette content establishes a Commission of Inquiry under the Commissions of Inquiry Act and amends its investigative timeframe. It deals with legal procedures, statutory instruments, and the establishment of a formal legal inquiry mechanism, making it primarily a legal/regulatory matter rather than a government personnel or structural change."
2291-28,2022-08-03,ELECTIONS,"This gazette content concerns the filling of vacancies in local government bodies (Pradeshiya Sabhas) under the Local Authorities Elections Ordinance. It specifically deals with electoral processes at the local government level, including the declaration of selected members to fill seats that became vacant due to party membership cessation. This falls squarely under Election Gazettes (Type 7) as it involves electoral procedures and declarations rather than government personnel appointments or structural changes."
2291-30,2022-08-03,Error,API request failed: 504 Server Error: Gateway Timeout for url: https://eg-7060af6f-a5a9-44dd-b4e6-af36d56dbd47-prod.e1-us-east-azure.bijiraapis.dev/sample/deep-seek/v1.0/v1/chat/completions
2291-31,2022-08-03,LEGAL_REGULATORY,"This gazette notification involves the exercise of powers under the Societies Ordinance (Chapter 123) to authorize purposes and limit application of the ordinance for specific societies. It constitutes a regulatory action under existing legislation, making it a Legal/Regulatory matter rather than a government personnel or structural change. The mention of the minister's name and title is incidental to the legal/regulatory function being performed."
2291-11,2022-08-02,ELECTIONS,"This gazette notice announces the election results and declaration of a new Chairman for a local authority (Rabewa Pradeshiya Sabha) under the Local Authorities Elections Ordinance. It specifically deals with electoral processes and declarations, which falls under the Elections category (Type 7). While it names an individual (Salibuge Thaibu), this is part of an election result declaration rather than a government personnel appointment, and the content does not describe detailed portfolio responsibilities that would make it a Hybrid type."
2291-12,2022-08-02,LAND,"This gazette content exclusively deals with land title registration under the Registration of Title Act, specifically declaring the determination of title for a specific parcel of land (No. 87 of Block 01) with detailed land particulars including location, extent, owner information, and encumbrances. It falls squarely within the Land Gazette category as it concerns property ownership and land title settlement matters."
2291-13,2022-08-02,LAND,"This gazette content exclusively deals with land title registration matters under the Registration of Title Act. It contains a formal declaration by the Commissioner of Title Settlement determining ownership of specific land parcels (No. 221, 223, 224 and 225) with detailed property particulars including parcel numbers, extents, owner names, identity card numbers, and title classifications. The content falls squarely within the Land Gazette category as it concerns land registration, property ownership determinations, and title settlement matters."
2291-14,2022-08-02,LAND,"This gazette content deals exclusively with land title registration matters under the Registration of Title Act. It contains declarations of determination for specific land parcels (including parcel numbers, extents, ownership details, and locations) by the Commissioner General of Land Title Settlement. The content appears in ""PART III - LANDS"" of the gazette and focuses on land ownership adjudication and title settlement, which falls squarely under the Land Gazettes category (Type 4) for land and property-related matters."
2291-15,2022-08-02,LAND,"This gazette content deals exclusively with land title registration matters under the Registration of Title Act. It contains declarations of determination for specific land parcels (Parcel No. 125 and 280) with detailed property information including owner names, land extent, location details, and title classifications. The content falls under ""Land registrations, property ownership, land titles"" as specified in the Land Gazettes (Type 4) category."
2291-16,2022-08-02,LAND,"This gazette content deals exclusively with land title registration matters under the Registration of Title Act, No. 21 of 1998. It contains declarations of determination for specific land parcels (Parcel No. 24 and Parcel No. 173) with detailed information about land ownership, extent, location, and title classification. The content appears in ""PART III - LANDS"" of the gazette and involves the Commissioner General of Land Title Settlement making determinations about land ownership, which falls squarely within the Land Gazettes category (Type 4) for land and property-related matters."
2291-17,2022-08-02,LAND,"This gazette content exclusively deals with land title registration under the Registration of Title Act, specifically declaring the determination of title for a specific parcel of land (Land No. 148 of Block 04) in Uduwawala, Kandy District. It contains detailed land particulars including parcel number, extent, owner information, and title classification, making it clearly a land-related matter falling under Type 4 (Land Gazettes)."
2291-18,2022-08-02,LAND,"This gazette content exclusively deals with land title registration matters under the Registration of Title Act. It contains declarations of determination for specific land parcels (including parcel numbers, extents, ownership details, and encumbrances) by the Commissioner General of Land Title Settlement. The content focuses entirely on land registration, title settlement, and property ownership matters, which falls squarely under the Land Gazettes classification (Type 4)."
2291-19,2022-08-02,LAND,"This gazette content deals exclusively with land and property matters, specifically the registration and vesting of land titles under the Land Acquisition Act. It contains detailed descriptions of land parcels, their locations, survey numbers, and the legal process for vesting ownership. There are no government personnel appointments, structural changes, or other non-land administrative matters present."
2291-20,2022-08-02,LAND,"This gazette content exclusively deals with land title registration matters under the Registration of Title Act. It contains declarations of determination for specific land parcels, including detailed information about parcel numbers, extents, ownership details, and land classifications. The content focuses entirely on land registration and title settlement processes, which falls squarely under the Land Gazettes category (Type 4) as it involves land registrations, property ownership determinations, and land title matters."
2291-21,2022-08-02,LAND,"This gazette content exclusively deals with land title registration and determinations regarding specific land parcels under the Registration of Title Act. It contains detailed schedules listing land parcel numbers, extents, ownership details (primarily ""The State"" and local government bodies), and land classifications. The content focuses entirely on land administration matters, specifically title settlement declarations for multiple land parcels in the Anuradhapura district, which falls squarely under the Land Gazettes category (Type 4)."
2291-22,2022-08-02,LAND,"This gazette content is exclusively about land acquisition under the Land Acquisition Act, detailing specific parcels of land to be acquired for a public purpose (North West Province project). It contains detailed descriptions of land lots, claimants, and acquisition procedures, which falls squarely under the Land Gazettes category (Type 4) for land and property-related matters."
2291-23,2022-08-02,ELECTIONS,"This gazette notice concerns a local government electoral matter, specifically the declaration that a member of the Kuchchaveli Pradeshiya Sabha has vacated their office due to ceasing membership in their political party (Sri Lanka Muslim Congress). This falls under election-related processes as defined by the Local Authorities Elections Ordinance, making it a clear example of an Elections Gazette (Type 7)."
2291-24,2022-08-02,ELECTIONS,"This gazette notice concerns the filling of a vacancy in a local government council (Boralesgamuwa Urban Council) under the Local Authorities Elections Ordinance. It specifically deals with the electoral process for local authorities, including the nomination and declaration of a new council member to fill a seat vacated by resignation, which falls under the Elections category (Type 7)."
2291-01,2022-08-01,LEGAL_REGULATORY,"This gazette notification establishes new rates of exchange for customs duties and charges under the Customs Ordinance. It constitutes a regulatory framework for customs valuation and compliance requirements, falling squarely under Legal/Regulatory matters (Type 5). The notification is issued by the Director General of Customs in an official regulatory capacity, not as a government personnel or structural change."
2291-02,2022-08-01,LEGAL_REGULATORY,"This gazette content amends the list of designated persons under the United Nations Regulations, which constitutes a legal/regulatory action. It involves modifying subsidiary legislation (the regulations) under the principal United Nations Act, making it a clear example of legal framework and regulatory matters. While it names a government official (General Kamal Gunaratne) as the Competent Authority, this is only in his capacity as the issuer of the legal notice, and the content does not involve government personnel changes or portfolio assignments."
2291-03,2022-08-01,LAND,"This gazette content is a Land Acquisition Notice published under the Land Acquisition Act. It specifically declares that a particular land parcel is needed for a public purpose and will be acquired. The content provides detailed land information including location, extent, boundaries, and survey details. This falls squarely under Type 4 (Land Gazettes) which covers land acquisitions, transfers, and property-related matters. While a government minister is named, the primary focus is on the land acquisition process rather than government personnel or portfolio responsibilities."
2291-04,2022-08-01,LEGAL_REGULATORY,"This gazette content announces the availability of the Mid-Year Fiscal Position Report - 2022, which is issued under the Fiscal Management (Responsibility) Act, No. 03 of 2003. The content focuses on regulatory compliance and statutory reporting requirements rather than government personnel changes, organizational structure, or any of the other specialized categories. This falls under Legal/Regulatory matters as it pertains to the implementation and notification of requirements established by legislation."
2291-06,2022-08-01,LAND,"This gazette content is a Land Acquisition Notice under Section 7 of the Land Acquisition Act. It specifically describes the acquisition of a defined parcel of land (including its location, extent, lot number, and boundaries) for the public purpose of creating a playground for a school. The entire document focuses exclusively on land and property-related matters, fitting the definition of a Land Gazette."
2291-07,2022-08-01,LAND,"This gazette content primarily deals with the approval of a development plan for an urban development area, which falls under land use planning and zoning changes. The content focuses on land development matters rather than government personnel changes, structural changes, or other specialized categories. The mention of the minister's name is incidental to the land-related approval process and does not include detailed portfolio responsibilities that would shift it to a government classification type."
2291-08,2022-08-01,HYBRID,"This gazette contains both specific personnel appointments (naming individuals like Mr. P. H. Premasinghe) AND detailed portfolio responsibilities (e.g., ""Secretary of the Ministry of Education, Finance & Planning, Law & Order..."" with extensive subject matter listings). This combination of ""who"" (government person) and ""what"" (detailed government responsibilities) meets the criteria for Hybrid Gazette (Type 3)."
2291-09,2022-08-01,LAND,"This gazette content exclusively deals with land acquisition matters under the Land Acquisition Act, specifically providing detailed notices of government intention to acquire multiple parcels of land for public purposes (Central Expressway Project). It contains detailed descriptions of land parcels, their locations, extents, current use, and claimant information, along with procedures for compensation claims. This fits perfectly within the Land Gazettes category (Type 4) as it focuses on land acquisition and property matters."
2291-10,2022-08-01,LAND,"This gazette content exclusively deals with land acquisition notices under the Land Acquisition Act. It contains detailed descriptions of specific land parcels being acquired by the government for public purposes, including lot numbers, land names, descriptions (paddy field/garden), extents, and claimant information. The content falls squarely under ""Land acquisitions, transfers, or disposals"" as defined in the Land Gazettes (Type 4) category, with no government personnel changes, organizational restructuring, or other specialized categories present."
