doc_id,download_url,file_path
2160-46,https://documents.gov.lk/view/extra-gazettes/2020/1/2160-46_E.pdf,doc-archive/2020/01/31/2160-46/2160-46_english.pdf
2160-47,https://documents.gov.lk/view/extra-gazettes/2020/1/2160-47_E.pdf,doc-archive/2020/01/31/2160-47/2160-47_english.pdf
2160-48,https://documents.gov.lk/view/extra-gazettes/2020/1/2160-48_E.pdf,doc-archive/2020/01/31/2160-48/2160-48_english.pdf
2160-49,https://documents.gov.lk/view/extra-gazettes/2020/1/2160-49_E.pdf,doc-archive/2020/01/31/2160-49/2160-49_english.pdf
2160-50,https://documents.gov.lk/view/extra-gazettes/2020/1/2160-50_E.pdf,doc-archive/2020/01/31/2160-50/2160-50_english.pdf
2160-51,https://documents.gov.lk/view/extra-gazettes/2020/1/2160-51_E.pdf,doc-archive/2020/01/31/2160-51/2160-51_english.pdf
2160-52,https://documents.gov.lk/view/extra-gazettes/2020/1/2160-52_E.pdf,doc-archive/2020/01/31/2160-52/2160-52_english.pdf
2160-53,https://documents.gov.lk/view/extra-gazettes/2020/1/2160-53_E.pdf,doc-archive/2020/01/31/2160-53/2160-53_english.pdf
2160-55,https://documents.gov.lk/view/extra-gazettes/2020/1/2160-55_E.pdf,doc-archive/2020/01/31/2160-55/2160-55_english.pdf
2160-54,https://documents.gov.lk/view/extra-gazettes/2020/1/2160-54_E.pdf,doc-archive/2020/01/31/2160-54/2160-54_english.pdf
2160-57,https://documents.gov.lk/view/extra-gazettes/2020/1/2160-57_E.pdf,doc-archive/2020/01/31/2160-57/2160-57_english.pdf
2160-56,https://documents.gov.lk/view/extra-gazettes/2020/1/2160-56_E.pdf,doc-archive/2020/01/31/2160-56/2160-56_english.pdf
2160-58,https://documents.gov.lk/view/extra-gazettes/2020/1/2160-58_E.pdf,doc-archive/2020/01/31/2160-58/2160-58_english.pdf
2160-59,https://documents.gov.lk/view/extra-gazettes/2020/1/2160-59_E.pdf,doc-archive/2020/01/31/2160-59/2160-59_english.pdf
2160-61,https://documents.gov.lk/view/extra-gazettes/2020/1/2160-61_E.pdf,doc-archive/2020/01/31/2160-61/2160-61_english.pdf
2160-33,https://documents.gov.lk/view/extra-gazettes/2020/1/2160-33_E.pdf,doc-archive/2020/01/30/2160-33/2160-33_english.pdf
2160-60,https://documents.gov.lk/view/extra-gazettes/2020/1/2160-60_E.pdf,doc-archive/2020/01/31/2160-60/2160-60_english.pdf
2160-34,https://documents.gov.lk/view/extra-gazettes/2020/1/2160-34_E.pdf,doc-archive/2020/01/30/2160-34/2160-34_english.pdf
2160-35,https://documents.gov.lk/view/extra-gazettes/2020/1/2160-35_E.pdf,doc-archive/2020/01/30/2160-35/2160-35_english.pdf
2160-36,https://documents.gov.lk/view/extra-gazettes/2020/1/2160-36_E.pdf,doc-archive/2020/01/30/2160-36/2160-36_english.pdf
2160-38,https://documents.gov.lk/view/extra-gazettes/2020/1/2160-38_E.pdf,doc-archive/2020/01/30/2160-38/2160-38_english.pdf
2160-40,https://documents.gov.lk/view/extra-gazettes/2020/1/2160-40_E.pdf,doc-archive/2020/01/30/2160-40/2160-40_english.pdf
2160-41,https://documents.gov.lk/view/extra-gazettes/2020/1/2160-41_E.pdf,doc-archive/2020/01/30/2160-41/2160-41_english.pdf
2160-42,https://documents.gov.lk/view/extra-gazettes/2020/1/2160-42_E.pdf,doc-archive/2020/01/30/2160-42/2160-42_english.pdf
2160-39,https://documents.gov.lk/view/extra-gazettes/2020/1/2160-39_E.pdf,doc-archive/2020/01/30/2160-39/2160-39_english.pdf
2160-43,https://documents.gov.lk/view/extra-gazettes/2020/1/2160-43_E.pdf,doc-archive/2020/01/30/2160-43/2160-43_english.pdf
2160-44,https://documents.gov.lk/view/extra-gazettes/2020/1/2160-44_E.pdf,doc-archive/2020/01/30/2160-44/2160-44_english.pdf
2160-45,https://documents.gov.lk/view/extra-gazettes/2020/1/2160-45_E.pdf,doc-archive/2020/01/30/2160-45/2160-45_english.pdf
2160-27,https://documents.gov.lk/view/extra-gazettes/2020/1/2160-27_E.pdf,doc-archive/2020/01/29/2160-27/2160-27_english.pdf
2160-29,https://documents.gov.lk/view/extra-gazettes/2020/1/2160-29_E.pdf,doc-archive/2020/01/29/2160-29/2160-29_english.pdf
2160-28,https://documents.gov.lk/view/extra-gazettes/2020/1/2160-28_E.pdf,doc-archive/2020/01/29/2160-28/2160-28_english.pdf
2160-30,https://documents.gov.lk/view/extra-gazettes/2020/1/2160-30_E.pdf,doc-archive/2020/01/29/2160-30/2160-30_english.pdf
2160-31,https://documents.gov.lk/view/extra-gazettes/2020/1/2160-31_E.pdf,doc-archive/2020/01/29/2160-31/2160-31_english.pdf
2160-32,https://documents.gov.lk/view/extra-gazettes/2020/1/2160-32_E.pdf,doc-archive/2020/01/29/2160-32/2160-32_english.pdf
2160-12,https://documents.gov.lk/view/extra-gazettes/2020/1/2160-12_E.pdf,doc-archive/2020/01/28/2160-12/2160-12_english.pdf
2160-14,https://documents.gov.lk/view/extra-gazettes/2020/1/2160-14_E.pdf,doc-archive/2020/01/28/2160-14/2160-14_english.pdf
2160-13,https://documents.gov.lk/view/extra-gazettes/2020/1/2160-13_E.pdf,doc-archive/2020/01/28/2160-13/2160-13_english.pdf
2160-15,https://documents.gov.lk/view/extra-gazettes/2020/1/2160-15_E.pdf,doc-archive/2020/01/28/2160-15/2160-15_english.pdf
2160-16,https://documents.gov.lk/view/extra-gazettes/2020/1/2160-16_E.pdf,doc-archive/2020/01/28/2160-16/2160-16_english.pdf
2160-17,https://documents.gov.lk/view/extra-gazettes/2020/1/2160-17_E.pdf,doc-archive/2020/01/28/2160-17/2160-17_english.pdf
2160-18,https://documents.gov.lk/view/extra-gazettes/2020/1/2160-18_E.pdf,doc-archive/2020/01/28/2160-18/2160-18_english.pdf
2160-19,https://documents.gov.lk/view/extra-gazettes/2020/1/2160-19_E.pdf,doc-archive/2020/01/28/2160-19/2160-19_english.pdf
2160-20,https://documents.gov.lk/view/extra-gazettes/2020/1/2160-20_E.pdf,doc-archive/2020/01/28/2160-20/2160-20_english.pdf
2160-22,https://documents.gov.lk/view/extra-gazettes/2020/1/2160-22_E.pdf,doc-archive/2020/01/28/2160-22/2160-22_english.pdf
2160-23,https://documents.gov.lk/view/extra-gazettes/2020/1/2160-23_E.pdf,doc-archive/2020/01/28/2160-23/2160-23_english.pdf
2160-21,https://documents.gov.lk/view/extra-gazettes/2020/1/2160-21_E.pdf,doc-archive/2020/01/28/2160-21/2160-21_english.pdf
2160-24,https://documents.gov.lk/view/extra-gazettes/2020/1/2160-24_E.pdf,doc-archive/2020/01/28/2160-24/2160-24_english.pdf
2160-26,https://documents.gov.lk/view/extra-gazettes/2020/1/2160-26_E.pdf,doc-archive/2020/01/28/2160-26/2160-26_english.pdf
2160-25,https://documents.gov.lk/view/extra-gazettes/2020/1/2160-25_E.pdf,doc-archive/2020/01/28/2160-25/2160-25_english.pdf
2160-01,https://documents.gov.lk/view/extra-gazettes/2020/1/2160-01_E.pdf,doc-archive/2020/01/27/2160-01/2160-01_english.pdf
2160-02,https://documents.gov.lk/view/extra-gazettes/2020/1/2160-02_E.pdf,doc-archive/2020/01/27/2160-02/2160-02_english.pdf
2160-03,https://documents.gov.lk/view/extra-gazettes/2020/1/2160-03_E.pdf,doc-archive/2020/01/27/2160-03/2160-03_english.pdf
2160-04,https://documents.gov.lk/view/extra-gazettes/2020/1/2160-04_E.pdf,doc-archive/2020/01/27/2160-04/2160-04_english.pdf
2160-05,https://documents.gov.lk/view/extra-gazettes/2020/1/2160-05_E.pdf,doc-archive/2020/01/27/2160-05/2160-05_english.pdf
2160-06,https://documents.gov.lk/view/extra-gazettes/2020/1/2160-06_E.pdf,doc-archive/2020/01/27/2160-06/2160-06_english.pdf
2160-07,https://documents.gov.lk/view/extra-gazettes/2020/1/2160-07_E.pdf,doc-archive/2020/01/27/2160-07/2160-07_english.pdf
2160-08,https://documents.gov.lk/view/extra-gazettes/2020/1/2160-08_E.pdf,doc-archive/2020/01/27/2160-08/2160-08_english.pdf
2160-09,https://documents.gov.lk/view/extra-gazettes/2020/1/2160-09_E.pdf,doc-archive/2020/01/27/2160-09/2160-09_english.pdf
2160-10,https://documents.gov.lk/view/extra-gazettes/2020/1/2160-10_E.pdf,doc-archive/2020/01/27/2160-10/2160-10_english.pdf
2160-11,https://documents.gov.lk/view/extra-gazettes/2020/1/2160-11_E.pdf,doc-archive/2020/01/27/2160-11/2160-11_english.pdf
2159-50,https://documents.gov.lk/view/extra-gazettes/2020/1/2159-50_E.pdf,doc-archive/2020/01/25/2159-50/2159-50_english.pdf
2159-51,https://documents.gov.lk/view/extra-gazettes/2020/1/2159-51_E.pdf,doc-archive/2020/01/25/2159-51/2159-51_english.pdf
2159-52,https://documents.gov.lk/view/extra-gazettes/2020/1/2159-52_E.pdf,doc-archive/2020/01/25/2159-52/2159-52_english.pdf
2159-53,https://documents.gov.lk/view/extra-gazettes/2020/1/2159-53_E.pdf,doc-archive/2020/01/25/2159-53/2159-53_english.pdf
2159-54,https://documents.gov.lk/view/extra-gazettes/2020/1/2159-54_E.pdf,doc-archive/2020/01/25/2159-54/2159-54_english.pdf
2159-55,https://documents.gov.lk/view/extra-gazettes/2020/1/2159-55_E.pdf,doc-archive/2020/01/25/2159-55/2159-55_english.pdf
2159-56,https://documents.gov.lk/view/extra-gazettes/2020/1/2159-56_E.pdf,doc-archive/2020/01/25/2159-56/2159-56_english.pdf
2159-57,https://documents.gov.lk/view/extra-gazettes/2020/1/2159-57_E.pdf,doc-archive/2020/01/25/2159-57/2159-57_english.pdf
2159-58,https://documents.gov.lk/view/extra-gazettes/2020/1/2159-58_E.pdf,doc-archive/2020/01/25/2159-58/2159-58_english.pdf
2159-59,https://documents.gov.lk/view/extra-gazettes/2020/1/2159-59_E.pdf,doc-archive/2020/01/25/2159-59/2159-59_english.pdf
2159-60,https://documents.gov.lk/view/extra-gazettes/2020/1/2159-60_E.pdf,doc-archive/2020/01/25/2159-60/2159-60_english.pdf
2159-61,https://documents.gov.lk/view/extra-gazettes/2020/1/2159-61_E.pdf,doc-archive/2020/01/25/2159-61/2159-61_english.pdf
2159-63,https://documents.gov.lk/view/extra-gazettes/2020/1/2159-63_E.pdf,doc-archive/2020/01/25/2159-63/2159-63_english.pdf
2159-62,https://documents.gov.lk/view/extra-gazettes/2020/1/2159-62_E.pdf,doc-archive/2020/01/25/2159-62/2159-62_english.pdf
2159-64,https://documents.gov.lk/view/extra-gazettes/2020/1/2159-64_E.pdf,doc-archive/2020/01/25/2159-64/2159-64_english.pdf
2159-40,https://documents.gov.lk/view/extra-gazettes/2020/1/2159-40_E.pdf,doc-archive/2020/01/24/2159-40/2159-40_english.pdf
2159-41,https://documents.gov.lk/view/extra-gazettes/2020/1/2159-41_E.pdf,doc-archive/2020/01/24/2159-41/2159-41_english.pdf
2159-42,https://documents.gov.lk/view/extra-gazettes/2020/1/2159-42_E.pdf,doc-archive/2020/01/24/2159-42/2159-42_english.pdf
2159-43,https://documents.gov.lk/view/extra-gazettes/2020/1/2159-43_E.pdf,doc-archive/2020/01/24/2159-43/2159-43_english.pdf
2159-44,https://documents.gov.lk/view/extra-gazettes/2020/1/2159-44_E.pdf,doc-archive/2020/01/24/2159-44/2159-44_english.pdf
2159-46,https://documents.gov.lk/view/extra-gazettes/2020/1/2159-46_E.pdf,doc-archive/2020/01/24/2159-46/2159-46_english.pdf
2159-47,https://documents.gov.lk/view/extra-gazettes/2020/1/2159-47_E.pdf,doc-archive/2020/01/24/2159-47/2159-47_english.pdf
2159-48,https://documents.gov.lk/view/extra-gazettes/2020/1/2159-48_E.pdf,doc-archive/2020/01/24/2159-48/2159-48_english.pdf
2159-49,https://documents.gov.lk/view/extra-gazettes/2020/1/2159-49_E.pdf,doc-archive/2020/01/24/2159-49/2159-49_english.pdf
2159-35,https://documents.gov.lk/view/extra-gazettes/2020/1/2159-35_E.pdf,doc-archive/2020/01/23/2159-35/2159-35_english.pdf
2159-36,https://documents.gov.lk/view/extra-gazettes/2020/1/2159-36_E.pdf,doc-archive/2020/01/23/2159-36/2159-36_english.pdf
2159-37,https://documents.gov.lk/view/extra-gazettes/2020/1/2159-37_E.pdf,doc-archive/2020/01/23/2159-37/2159-37_english.pdf
2159-38,https://documents.gov.lk/view/extra-gazettes/2020/1/2159-38_E.pdf,doc-archive/2020/01/23/2159-38/2159-38_english.pdf
2159-39,https://documents.gov.lk/view/extra-gazettes/2020/1/2159-39_E.pdf,doc-archive/2020/01/23/2159-39/2159-39_english.pdf
2159-14,https://documents.gov.lk/view/extra-gazettes/2020/1/2159-14_E.pdf,doc-archive/2020/01/22/2159-14/2159-14_english.pdf
2159-15,https://documents.gov.lk/view/extra-gazettes/2020/1/2159-15_E.pdf,doc-archive/2020/01/22/2159-15/2159-15_english.pdf
2159-16,https://documents.gov.lk/view/extra-gazettes/2020/1/2159-16_E.pdf,doc-archive/2020/01/22/2159-16/2159-16_english.pdf
2159-17,https://documents.gov.lk/view/extra-gazettes/2020/1/2159-17_E.pdf,doc-archive/2020/01/22/2159-17/2159-17_english.pdf
2159-18,https://documents.gov.lk/view/extra-gazettes/2020/1/2159-18_E.pdf,doc-archive/2020/01/22/2159-18/2159-18_english.pdf
2159-19,https://documents.gov.lk/view/extra-gazettes/2020/1/2159-19_E.pdf,doc-archive/2020/01/22/2159-19/2159-19_english.pdf
2159-20,https://documents.gov.lk/view/extra-gazettes/2020/1/2159-20_E.pdf,doc-archive/2020/01/22/2159-20/2159-20_english.pdf
2159-21,https://documents.gov.lk/view/extra-gazettes/2020/1/2159-21_E.pdf,doc-archive/2020/01/22/2159-21/2159-21_english.pdf
2159-07,https://documents.gov.lk/view/extra-gazettes/2020/1/2159-07_E.pdf,doc-archive/2020/01/21/2159-07/2159-07_english.pdf
2159-08,https://documents.gov.lk/view/extra-gazettes/2020/1/2159-08_E.pdf,doc-archive/2020/01/21/2159-08/2159-08_english.pdf
2159-22,https://documents.gov.lk/view/extra-gazettes/2020/1/2159-22_E.pdf,doc-archive/2020/01/22/2159-22/2159-22_english.pdf
2159-09,https://documents.gov.lk/view/extra-gazettes/2020/1/2159-09_E.pdf,doc-archive/2020/01/21/2159-09/2159-09_english.pdf
2159-10,https://documents.gov.lk/view/extra-gazettes/2020/1/2159-10_E.pdf,doc-archive/2020/01/21/2159-10/2159-10_english.pdf
2159-11,https://documents.gov.lk/view/extra-gazettes/2020/1/2159-11_E.pdf,doc-archive/2020/01/21/2159-11/2159-11_english.pdf
2159-12,https://documents.gov.lk/view/extra-gazettes/2020/1/2159-12_E.pdf,doc-archive/2020/01/21/2159-12/2159-12_english.pdf
2159-01,https://documents.gov.lk/view/extra-gazettes/2020/1/2159-01_E.pdf,doc-archive/2020/01/20/2159-01/2159-01_english.pdf
2159-13,https://documents.gov.lk/view/extra-gazettes/2020/1/2159-13_E.pdf,doc-archive/2020/01/21/2159-13/2159-13_english.pdf
2159-02,https://documents.gov.lk/view/extra-gazettes/2020/1/2159-02_E.pdf,doc-archive/2020/01/20/2159-02/2159-02_english.pdf
2159-03,https://documents.gov.lk/view/extra-gazettes/2020/1/2159-03_E.pdf,doc-archive/2020/01/20/2159-03/2159-03_english.pdf
2159-04,https://documents.gov.lk/view/extra-gazettes/2020/1/2159-04_E.pdf,doc-archive/2020/01/20/2159-04/2159-04_english.pdf
2159-05,https://documents.gov.lk/view/extra-gazettes/2020/1/2159-05_E.pdf,doc-archive/2020/01/20/2159-05/2159-05_english.pdf
2159-06,https://documents.gov.lk/view/extra-gazettes/2020/1/2159-06_E.pdf,doc-archive/2020/01/20/2159-06/2159-06_english.pdf
2158-39,https://documents.gov.lk/view/extra-gazettes/2020/1/2158-39_E.pdf,doc-archive/2020/01/17/2158-39/2158-39_english.pdf
2158-40,https://documents.gov.lk/view/extra-gazettes/2020/1/2158-40_E.pdf,doc-archive/2020/01/17/2158-40/2158-40_english.pdf
2158-41,https://documents.gov.lk/view/extra-gazettes/2020/1/2158-41_E.pdf,doc-archive/2020/01/17/2158-41/2158-41_english.pdf
2158-42,https://documents.gov.lk/view/extra-gazettes/2020/1/2158-42_E.pdf,doc-archive/2020/01/17/2158-42/2158-42_english.pdf
2158-34,https://documents.gov.lk/view/extra-gazettes/2020/1/2158-34_E.pdf,doc-archive/2020/01/16/2158-34/2158-34_english.pdf
2158-36,https://documents.gov.lk/view/extra-gazettes/2020/1/2158-36_E.pdf,doc-archive/2020/01/16/2158-36/2158-36_english.pdf
2158-35,https://documents.gov.lk/view/extra-gazettes/2020/1/2158-35_E.pdf,doc-archive/2020/01/16/2158-35/2158-35_english.pdf
2158-38,https://documents.gov.lk/view/extra-gazettes/2020/1/2158-38_E.pdf,doc-archive/2020/01/16/2158-38/2158-38_english.pdf
2158-37,https://documents.gov.lk/view/extra-gazettes/2020/1/2158-37_E.pdf,doc-archive/2020/01/16/2158-37/2158-37_english.pdf
2158-21,https://documents.gov.lk/view/extra-gazettes/2020/1/2158-21_E.pdf,doc-archive/2020/01/15/2158-21/2158-21_english.pdf
2158-22,https://documents.gov.lk/view/extra-gazettes/2020/1/2158-22_E.pdf,doc-archive/2020/01/15/2158-22/2158-22_english.pdf
2158-24,https://documents.gov.lk/view/extra-gazettes/2020/1/2158-24_E.pdf,doc-archive/2020/01/15/2158-24/2158-24_english.pdf
2158-23,https://documents.gov.lk/view/extra-gazettes/2020/1/2158-23_E.pdf,doc-archive/2020/01/15/2158-23/2158-23_english.pdf
2158-25,https://documents.gov.lk/view/extra-gazettes/2020/1/2158-25_E.pdf,doc-archive/2020/01/15/2158-25/2158-25_english.pdf
2158-26,https://documents.gov.lk/view/extra-gazettes/2020/1/2158-26_E.pdf,doc-archive/2020/01/15/2158-26/2158-26_english.pdf
2158-27,https://documents.gov.lk/view/extra-gazettes/2020/1/2158-27_E.pdf,doc-archive/2020/01/15/2158-27/2158-27_english.pdf
2158-28,https://documents.gov.lk/view/extra-gazettes/2020/1/2158-28_E.pdf,doc-archive/2020/01/15/2158-28/2158-28_english.pdf
2158-29,https://documents.gov.lk/view/extra-gazettes/2020/1/2158-29_E.pdf,doc-archive/2020/01/15/2158-29/2158-29_english.pdf
2158-30,https://documents.gov.lk/view/extra-gazettes/2020/1/2158-30_E.pdf,doc-archive/2020/01/15/2158-30/2158-30_english.pdf
2158-31,https://documents.gov.lk/view/extra-gazettes/2020/1/2158-31_E.pdf,doc-archive/2020/01/15/2158-31/2158-31_english.pdf
2158-32,https://documents.gov.lk/view/extra-gazettes/2020/1/2158-32_E.pdf,doc-archive/2020/01/15/2158-32/2158-32_english.pdf
2158-33,https://documents.gov.lk/view/extra-gazettes/2020/1/2158-33_E.pdf,doc-archive/2020/01/15/2158-33/2158-33_english.pdf
2158-11,https://documents.gov.lk/view/extra-gazettes/2020/1/2158-11_E.pdf,doc-archive/2020/01/14/2158-11/2158-11_english.pdf
2158-10,https://documents.gov.lk/view/extra-gazettes/2020/1/2158-10_E.pdf,doc-archive/2020/01/14/2158-10/2158-10_english.pdf
2158-12,https://documents.gov.lk/view/extra-gazettes/2020/1/2158-12_E.pdf,doc-archive/2020/01/14/2158-12/2158-12_english.pdf
2158-13,https://documents.gov.lk/view/extra-gazettes/2020/1/2158-13_E.pdf,doc-archive/2020/01/14/2158-13/2158-13_english.pdf
2158-14,https://documents.gov.lk/view/extra-gazettes/2020/1/2158-14_E.pdf,doc-archive/2020/01/14/2158-14/2158-14_english.pdf
2158-15,https://documents.gov.lk/view/extra-gazettes/2020/1/2158-15_E.pdf,doc-archive/2020/01/14/2158-15/2158-15_english.pdf
2158-16,https://documents.gov.lk/view/extra-gazettes/2020/1/2158-16_E.pdf,doc-archive/2020/01/14/2158-16/2158-16_english.pdf
2158-17,https://documents.gov.lk/view/extra-gazettes/2020/1/2158-17_E.pdf,doc-archive/2020/01/14/2158-17/2158-17_english.pdf
2158-18,https://documents.gov.lk/view/extra-gazettes/2020/1/2158-18_E.pdf,doc-archive/2020/01/14/2158-18/2158-18_english.pdf
2158-19,https://documents.gov.lk/view/extra-gazettes/2020/1/2158-19_E.pdf,doc-archive/2020/01/14/2158-19/2158-19_english.pdf
2158-20,https://documents.gov.lk/view/extra-gazettes/2020/1/2158-20_E.pdf,doc-archive/2020/01/14/2158-20/2158-20_english.pdf
2158-01,https://documents.gov.lk/view/extra-gazettes/2020/1/2158-01_E.pdf,doc-archive/2020/01/13/2158-01/2158-01_english.pdf
2158-02,https://documents.gov.lk/view/extra-gazettes/2020/1/2158-02_E.pdf,doc-archive/2020/01/13/2158-02/2158-02_english.pdf
2158-03,https://documents.gov.lk/view/extra-gazettes/2020/1/2158-03_E.pdf,doc-archive/2020/01/13/2158-03/2158-03_english.pdf
2158-04,https://documents.gov.lk/view/extra-gazettes/2020/1/2158-04_E.pdf,doc-archive/2020/01/13/2158-04/2158-04_english.pdf
2158-05,https://documents.gov.lk/view/extra-gazettes/2020/1/2158-05_E.pdf,doc-archive/2020/01/13/2158-05/2158-05_english.pdf
2158-06,https://documents.gov.lk/view/extra-gazettes/2020/1/2158-06_E.pdf,doc-archive/2020/01/13/2158-06/2158-06_english.pdf
2158-07,https://documents.gov.lk/view/extra-gazettes/2020/1/2158-07_E.pdf,doc-archive/2020/01/13/2158-07/2158-07_english.pdf
2158-08,https://documents.gov.lk/view/extra-gazettes/2020/1/2158-08_E.pdf,doc-archive/2020/01/13/2158-08/2158-08_english.pdf
2158-09,https://documents.gov.lk/view/extra-gazettes/2020/1/2158-09_E.pdf,doc-archive/2020/01/13/2158-09/2158-09_english.pdf
2157-27,https://documents.gov.lk/view/extra-gazettes/2020/1/2157-27_E.pdf,doc-archive/2020/01/09/2157-27/2157-27_english.pdf
2157-28,https://documents.gov.lk/view/extra-gazettes/2020/1/2157-28_E.pdf,doc-archive/2020/01/09/2157-28/2157-28_english.pdf
2157-29,https://documents.gov.lk/view/extra-gazettes/2020/1/2157-29_E.pdf,doc-archive/2020/01/09/2157-29/2157-29_english.pdf
2157-46,https://documents.gov.lk/view/extra-gazettes/2020/1/2157-46_E.pdf,doc-archive/2020/01/11/2157-46/2157-46_english.pdf
2157-30,https://documents.gov.lk/view/extra-gazettes/2020/1/2157-30_E.pdf,doc-archive/2020/01/09/2157-30/2157-30_english.pdf
2157-33,https://documents.gov.lk/view/extra-gazettes/2020/1/2157-33_E.pdf,doc-archive/2020/01/09/2157-33/2157-33_english.pdf
2157-32,https://documents.gov.lk/view/extra-gazettes/2020/1/2157-32_E.pdf,doc-archive/2020/01/09/2157-32/2157-32_english.pdf
2157-34,https://documents.gov.lk/view/extra-gazettes/2020/1/2157-34_E.pdf,doc-archive/2020/01/09/2157-34/2157-34_english.pdf
2157-36,https://documents.gov.lk/view/extra-gazettes/2020/1/2157-36_E.pdf,doc-archive/2020/01/09/2157-36/2157-36_english.pdf
2157-35,https://documents.gov.lk/view/extra-gazettes/2020/1/2157-35_E.pdf,doc-archive/2020/01/09/2157-35/2157-35_english.pdf
2157-37,https://documents.gov.lk/view/extra-gazettes/2020/1/2157-37_E.pdf,doc-archive/2020/01/09/2157-37/2157-37_english.pdf
2157-38,https://documents.gov.lk/view/extra-gazettes/2020/1/2157-38_E.pdf,doc-archive/2020/01/09/2157-38/2157-38_english.pdf
2157-39,https://documents.gov.lk/view/extra-gazettes/2020/1/2157-39_E.pdf,doc-archive/2020/01/09/2157-39/2157-39_english.pdf
2157-40,https://documents.gov.lk/view/extra-gazettes/2020/1/2157-40_E.pdf,doc-archive/2020/01/09/2157-40/2157-40_english.pdf
2157-41,https://documents.gov.lk/view/extra-gazettes/2020/1/2157-41_E.pdf,doc-archive/2020/01/09/2157-41/2157-41_english.pdf
2157-43,https://documents.gov.lk/view/extra-gazettes/2020/1/2157-43_E.pdf,doc-archive/2020/01/09/2157-43/2157-43_english.pdf
2157-42,https://documents.gov.lk/view/extra-gazettes/2020/1/2157-42_E.pdf,doc-archive/2020/01/09/2157-42/2157-42_english.pdf
2157-44,https://documents.gov.lk/view/extra-gazettes/2020/1/2157-44_E.pdf,doc-archive/2020/01/09/2157-44/2157-44_english.pdf
2157-22,https://documents.gov.lk/view/extra-gazettes/2020/1/2157-22_E.pdf,doc-archive/2020/01/08/2157-22/2157-22_english.pdf
2157-23,https://documents.gov.lk/view/extra-gazettes/2020/1/2157-23_E.pdf,doc-archive/2020/01/08/2157-23/2157-23_english.pdf
2157-45,https://documents.gov.lk/view/extra-gazettes/2020/1/2157-45_E.pdf,doc-archive/2020/01/09/2157-45/2157-45_english.pdf
2157-25,https://documents.gov.lk/view/extra-gazettes/2020/1/2157-25_E.pdf,doc-archive/2020/01/08/2157-25/2157-25_english.pdf
2157-24,https://documents.gov.lk/view/extra-gazettes/2020/1/2157-24_E.pdf,doc-archive/2020/01/08/2157-24/2157-24_english.pdf
2157-26,https://documents.gov.lk/view/extra-gazettes/2020/1/2157-26_E.pdf,doc-archive/2020/01/08/2157-26/2157-26_english.pdf
2157-09,https://documents.gov.lk/view/extra-gazettes/2020/1/2157-09_E.pdf,doc-archive/2020/01/07/2157-09/2157-09_english.pdf
2157-10,https://documents.gov.lk/view/extra-gazettes/2020/1/2157-10_E.pdf,doc-archive/2020/01/07/2157-10/2157-10_english.pdf
2157-11,https://documents.gov.lk/view/extra-gazettes/2020/1/2157-11_E.pdf,doc-archive/2020/01/07/2157-11/2157-11_english.pdf
2157-12,https://documents.gov.lk/view/extra-gazettes/2020/1/2157-12_E.pdf,doc-archive/2020/01/07/2157-12/2157-12_english.pdf
2157-13,https://documents.gov.lk/view/extra-gazettes/2020/1/2157-13_E.pdf,doc-archive/2020/01/07/2157-13/2157-13_english.pdf
2157-14,https://documents.gov.lk/view/extra-gazettes/2020/1/2157-14_E.pdf,doc-archive/2020/01/07/2157-14/2157-14_english.pdf
2157-15,https://documents.gov.lk/view/extra-gazettes/2020/1/2157-15_E.pdf,doc-archive/2020/01/07/2157-15/2157-15_english.pdf
2157-16,https://documents.gov.lk/view/extra-gazettes/2020/1/2157-16_E.pdf,doc-archive/2020/01/07/2157-16/2157-16_english.pdf
2157-17,https://documents.gov.lk/view/extra-gazettes/2020/1/2157-17_E.pdf,doc-archive/2020/01/07/2157-17/2157-17_english.pdf
2157-18,https://documents.gov.lk/view/extra-gazettes/2020/1/2157-18_E.pdf,doc-archive/2020/01/07/2157-18/2157-18_english.pdf
2157-19,https://documents.gov.lk/view/extra-gazettes/2020/1/2157-19_E.pdf,doc-archive/2020/01/07/2157-19/2157-19_english.pdf
2157-20,https://documents.gov.lk/view/extra-gazettes/2020/1/2157-20_E.pdf,doc-archive/2020/01/07/2157-20/2157-20_english.pdf
2157-21,https://documents.gov.lk/view/extra-gazettes/2020/1/2157-21_E.pdf,doc-archive/2020/01/07/2157-21/2157-21_english.pdf
2157-02,https://documents.gov.lk/view/extra-gazettes/2020/1/2157-02_E.pdf,doc-archive/2020/01/06/2157-02/2157-02_english.pdf
2157-03,https://documents.gov.lk/view/extra-gazettes/2020/1/2157-03_E.pdf,doc-archive/2020/01/06/2157-03/2157-03_english.pdf
2157-04,https://documents.gov.lk/view/extra-gazettes/2020/1/2157-04_E.pdf,doc-archive/2020/01/06/2157-04/2157-04_english.pdf
2157-05,https://documents.gov.lk/view/extra-gazettes/2020/1/2157-05_E.pdf,doc-archive/2020/01/06/2157-05/2157-05_english.pdf
2157-06,https://documents.gov.lk/view/extra-gazettes/2020/1/2157-06_E.pdf,doc-archive/2020/01/06/2157-06/2157-06_english.pdf
2157-07,https://documents.gov.lk/view/extra-gazettes/2020/1/2157-07_E.pdf,doc-archive/2020/01/06/2157-07/2157-07_english.pdf
2157-08,https://documents.gov.lk/view/extra-gazettes/2020/1/2157-08_E.pdf,doc-archive/2020/01/06/2157-08/2157-08_english.pdf
2156-34,https://documents.gov.lk/view/extra-gazettes/2020/1/2156-34_E.pdf,doc-archive/2020/01/04/2156-34/2156-34_english.pdf
2156-27,https://documents.gov.lk/view/extra-gazettes/2020/1/2156-27_E.pdf,doc-archive/2020/01/03/2156-27/2156-27_english.pdf
2156-28,https://documents.gov.lk/view/extra-gazettes/2020/1/2156-28_E.pdf,doc-archive/2020/01/03/2156-28/2156-28_english.pdf
2156-29,https://documents.gov.lk/view/extra-gazettes/2020/1/2156-29_E.pdf,doc-archive/2020/01/03/2156-29/2156-29_english.pdf
2156-30,https://documents.gov.lk/view/extra-gazettes/2020/1/2156-30_E.pdf,doc-archive/2020/01/03/2156-30/2156-30_english.pdf
2156-31,https://documents.gov.lk/view/extra-gazettes/2020/1/2156-31_E.pdf,doc-archive/2020/01/03/2156-31/2156-31_english.pdf
2156-32,https://documents.gov.lk/view/extra-gazettes/2020/1/2156-32_E.pdf,doc-archive/2020/01/03/2156-32/2156-32_english.pdf
2156-33,https://documents.gov.lk/view/extra-gazettes/2020/1/2156-33_E.pdf,doc-archive/2020/01/03/2156-33/2156-33_english.pdf
2156-20,https://documents.gov.lk/view/extra-gazettes/2020/1/2156-20_E.pdf,doc-archive/2020/01/02/2156-20/2156-20_english.pdf
2156-21,https://documents.gov.lk/view/extra-gazettes/2020/1/2156-21_E.pdf,doc-archive/2020/01/02/2156-21/2156-21_english.pdf
2156-22,https://documents.gov.lk/view/extra-gazettes/2020/1/2156-22_E.pdf,doc-archive/2020/01/02/2156-22/2156-22_english.pdf
2156-23,https://documents.gov.lk/view/extra-gazettes/2020/1/2156-23_E.pdf,doc-archive/2020/01/02/2156-23/2156-23_english.pdf
2156-24,https://documents.gov.lk/view/extra-gazettes/2020/1/2156-24_E.pdf,doc-archive/2020/01/02/2156-24/2156-24_english.pdf
2156-25,https://documents.gov.lk/view/extra-gazettes/2020/1/2156-25_E.pdf,doc-archive/2020/01/02/2156-25/2156-25_english.pdf
2156-26,https://documents.gov.lk/view/extra-gazettes/2020/1/2156-26_E.pdf,doc-archive/2020/01/02/2156-26/2156-26_english.pdf
2156-18,https://documents.gov.lk/view/extra-gazettes/2020/1/2156-18_E.pdf,doc-archive/2020/01/01/2156-18/2156-18_english.pdf
2156-19,https://documents.gov.lk/view/extra-gazettes/2020/1/2156-19_E.pdf,doc-archive/2020/01/01/2156-19/2156-19_english.pdf
2164-71,https://documents.gov.lk/view/extra-gazettes/2020/2/2164-71_E.pdf,doc-archive/2020/02/29/2164-71/2164-71_english.pdf
2164-57,https://documents.gov.lk/view/extra-gazettes/2020/2/2164-57_E.pdf,doc-archive/2020/02/28/2164-57/2164-57_english.pdf
2164-58,https://documents.gov.lk/view/extra-gazettes/2020/2/2164-58_E.pdf,doc-archive/2020/02/28/2164-58/2164-58_english.pdf
2164-56,https://documents.gov.lk/view/extra-gazettes/2020/2/2164-56_E.pdf,doc-archive/2020/02/28/2164-56/2164-56_english.pdf
2164-59,https://documents.gov.lk/view/extra-gazettes/2020/2/2164-59_E.pdf,doc-archive/2020/02/28/2164-59/2164-59_english.pdf
2164-60,https://documents.gov.lk/view/extra-gazettes/2020/2/2164-60_E.pdf,doc-archive/2020/02/28/2164-60/2164-60_english.pdf
2164-61,https://documents.gov.lk/view/extra-gazettes/2020/2/2164-61_E.pdf,doc-archive/2020/02/28/2164-61/2164-61_english.pdf
2164-63,https://documents.gov.lk/view/extra-gazettes/2020/2/2164-63_E.pdf,doc-archive/2020/02/28/2164-63/2164-63_english.pdf
2164-62,https://documents.gov.lk/view/extra-gazettes/2020/2/2164-62_E.pdf,doc-archive/2020/02/28/2164-62/2164-62_english.pdf
2164-64,https://documents.gov.lk/view/extra-gazettes/2020/2/2164-64_E.pdf,doc-archive/2020/02/28/2164-64/2164-64_english.pdf
2164-65,https://documents.gov.lk/view/extra-gazettes/2020/2/2164-65_E.pdf,doc-archive/2020/02/28/2164-65/2164-65_english.pdf
2164-67,https://documents.gov.lk/view/extra-gazettes/2020/2/2164-67_E.pdf,doc-archive/2020/02/28/2164-67/2164-67_english.pdf
2164-68,https://documents.gov.lk/view/extra-gazettes/2020/2/2164-68_E.pdf,doc-archive/2020/02/28/2164-68/2164-68_english.pdf
2164-66,https://documents.gov.lk/view/extra-gazettes/2020/2/2164-66_E.pdf,doc-archive/2020/02/28/2164-66/2164-66_english.pdf
2164-69,https://documents.gov.lk/view/extra-gazettes/2020/2/2164-69_E.pdf,doc-archive/2020/02/28/2164-69/2164-69_english.pdf
2164-70,https://documents.gov.lk/view/extra-gazettes/2020/2/2164-70_E.pdf,doc-archive/2020/02/28/2164-70/2164-70_english.pdf
2164-27,https://documents.gov.lk/view/extra-gazettes/2020/2/2164-27_E.pdf,doc-archive/2020/02/27/2164-27/2164-27_english.pdf
2164-26,https://documents.gov.lk/view/extra-gazettes/2020/2/2164-26_E.pdf,doc-archive/2020/02/27/2164-26/2164-26_english.pdf
2164-28,https://documents.gov.lk/view/extra-gazettes/2020/2/2164-28_E.pdf,doc-archive/2020/02/27/2164-28/2164-28_english.pdf
2164-29,https://documents.gov.lk/view/extra-gazettes/2020/2/2164-29_E.pdf,doc-archive/2020/02/27/2164-29/2164-29_english.pdf
2164-30,https://documents.gov.lk/view/extra-gazettes/2020/2/2164-30_E.pdf,doc-archive/2020/02/27/2164-30/2164-30_english.pdf
2164-31,https://documents.gov.lk/view/extra-gazettes/2020/2/2164-31_E.pdf,doc-archive/2020/02/27/2164-31/2164-31_english.pdf
2164-32,https://documents.gov.lk/view/extra-gazettes/2020/2/2164-32_E.pdf,doc-archive/2020/02/27/2164-32/2164-32_english.pdf
2164-33,https://documents.gov.lk/view/extra-gazettes/2020/2/2164-33_E.pdf,doc-archive/2020/02/27/2164-33/2164-33_english.pdf
2164-35,https://documents.gov.lk/view/extra-gazettes/2020/2/2164-35_E.pdf,doc-archive/2020/02/27/2164-35/2164-35_english.pdf
2164-34,https://documents.gov.lk/view/extra-gazettes/2020/2/2164-34_E.pdf,doc-archive/2020/02/27/2164-34/2164-34_english.pdf
2164-36,https://documents.gov.lk/view/extra-gazettes/2020/2/2164-36_E.pdf,doc-archive/2020/02/27/2164-36/2164-36_english.pdf
2164-37,https://documents.gov.lk/view/extra-gazettes/2020/2/2164-37_E.pdf,doc-archive/2020/02/27/2164-37/2164-37_english.pdf
2164-38,https://documents.gov.lk/view/extra-gazettes/2020/2/2164-38_E.pdf,doc-archive/2020/02/27/2164-38/2164-38_english.pdf
2164-39,https://documents.gov.lk/view/extra-gazettes/2020/2/2164-39_E.pdf,doc-archive/2020/02/27/2164-39/2164-39_english.pdf
2164-40,https://documents.gov.lk/view/extra-gazettes/2020/2/2164-40_E.pdf,doc-archive/2020/02/27/2164-40/2164-40_english.pdf
2164-41,https://documents.gov.lk/view/extra-gazettes/2020/2/2164-41_E.pdf,doc-archive/2020/02/27/2164-41/2164-41_english.pdf
2164-42,https://documents.gov.lk/view/extra-gazettes/2020/2/2164-42_E.pdf,doc-archive/2020/02/27/2164-42/2164-42_english.pdf
2164-43,https://documents.gov.lk/view/extra-gazettes/2020/2/2164-43_E.pdf,doc-archive/2020/02/27/2164-43/2164-43_english.pdf
2164-44,https://documents.gov.lk/view/extra-gazettes/2020/2/2164-44_E.pdf,doc-archive/2020/02/27/2164-44/2164-44_english.pdf
2164-45,https://documents.gov.lk/view/extra-gazettes/2020/2/2164-45_E.pdf,doc-archive/2020/02/27/2164-45/2164-45_english.pdf
2164-46,https://documents.gov.lk/view/extra-gazettes/2020/2/2164-46_E.pdf,doc-archive/2020/02/27/2164-46/2164-46_english.pdf
2164-47,https://documents.gov.lk/view/extra-gazettes/2020/2/2164-47_E.pdf,doc-archive/2020/02/27/2164-47/2164-47_english.pdf
2164-51,https://documents.gov.lk/view/extra-gazettes/2020/2/2164-51_E.pdf,doc-archive/2020/02/27/2164-51/2164-51_english.pdf
2164-53,https://documents.gov.lk/view/extra-gazettes/2020/2/2164-53_E.pdf,doc-archive/2020/02/27/2164-53/2164-53_english.pdf
2164-54,https://documents.gov.lk/view/extra-gazettes/2020/2/2164-54_E.pdf,doc-archive/2020/02/27/2164-54/2164-54_english.pdf
2164-55,https://documents.gov.lk/view/extra-gazettes/2020/2/2164-55_E.pdf,doc-archive/2020/02/27/2164-55/2164-55_english.pdf
2164-19,https://documents.gov.lk/view/extra-gazettes/2020/2/2164-19_E.pdf,doc-archive/2020/02/26/2164-19/2164-19_english.pdf
2164-20,https://documents.gov.lk/view/extra-gazettes/2020/2/2164-20_E.pdf,doc-archive/2020/02/26/2164-20/2164-20_english.pdf
2164-21,https://documents.gov.lk/view/extra-gazettes/2020/2/2164-21_E.pdf,doc-archive/2020/02/26/2164-21/2164-21_english.pdf
2164-22,https://documents.gov.lk/view/extra-gazettes/2020/2/2164-22_E.pdf,doc-archive/2020/02/26/2164-22/2164-22_english.pdf
2164-23,https://documents.gov.lk/view/extra-gazettes/2020/2/2164-23_E.pdf,doc-archive/2020/02/26/2164-23/2164-23_english.pdf
2164-24,https://documents.gov.lk/view/extra-gazettes/2020/2/2164-24_E.pdf,doc-archive/2020/02/26/2164-24/2164-24_english.pdf
2164-11,https://documents.gov.lk/view/extra-gazettes/2020/2/2164-11_E.pdf,doc-archive/2020/02/25/2164-11/2164-11_english.pdf
2164-25,https://documents.gov.lk/view/extra-gazettes/2020/2/2164-25_E.pdf,doc-archive/2020/02/26/2164-25/2164-25_english.pdf
2164-12,https://documents.gov.lk/view/extra-gazettes/2020/2/2164-12_E.pdf,doc-archive/2020/02/25/2164-12/2164-12_english.pdf
2164-13,https://documents.gov.lk/view/extra-gazettes/2020/2/2164-13_E.pdf,doc-archive/2020/02/25/2164-13/2164-13_english.pdf
2164-14,https://documents.gov.lk/view/extra-gazettes/2020/2/2164-14_E.pdf,doc-archive/2020/02/25/2164-14/2164-14_english.pdf
2164-15,https://documents.gov.lk/view/extra-gazettes/2020/2/2164-15_E.pdf,doc-archive/2020/02/25/2164-15/2164-15_english.pdf
2164-17,https://documents.gov.lk/view/extra-gazettes/2020/2/2164-17_E.pdf,doc-archive/2020/02/25/2164-17/2164-17_english.pdf
2164-18,https://documents.gov.lk/view/extra-gazettes/2020/2/2164-18_E.pdf,doc-archive/2020/02/25/2164-18/2164-18_english.pdf
2164-01,https://documents.gov.lk/view/extra-gazettes/2020/2/2164-01_E.pdf,doc-archive/2020/02/24/2164-01/2164-01_english.pdf
2164-02,https://documents.gov.lk/view/extra-gazettes/2020/2/2164-02_E.pdf,doc-archive/2020/02/24/2164-02/2164-02_english.pdf
2164-03,https://documents.gov.lk/view/extra-gazettes/2020/2/2164-03_E.pdf,doc-archive/2020/02/24/2164-03/2164-03_english.pdf
2164-04,https://documents.gov.lk/view/extra-gazettes/2020/2/2164-04_E.pdf,doc-archive/2020/02/24/2164-04/2164-04_english.pdf
2164-05,https://documents.gov.lk/view/extra-gazettes/2020/2/2164-05_E.pdf,doc-archive/2020/02/24/2164-05/2164-05_english.pdf
2164-06,https://documents.gov.lk/view/extra-gazettes/2020/2/2164-06_E.pdf,doc-archive/2020/02/24/2164-06/2164-06_english.pdf
2164-07,https://documents.gov.lk/view/extra-gazettes/2020/2/2164-07_E.pdf,doc-archive/2020/02/24/2164-07/2164-07_english.pdf
2164-08,https://documents.gov.lk/view/extra-gazettes/2020/2/2164-08_E.pdf,doc-archive/2020/02/24/2164-08/2164-08_english.pdf
2164-09,https://documents.gov.lk/view/extra-gazettes/2020/2/2164-09_E.pdf,doc-archive/2020/02/24/2164-09/2164-09_english.pdf
2164-10,https://documents.gov.lk/view/extra-gazettes/2020/2/2164-10_E.pdf,doc-archive/2020/02/24/2164-10/2164-10_english.pdf
2163-34,https://documents.gov.lk/view/extra-gazettes/2020/2/2163-34_E.pdf,doc-archive/2020/02/22/2163-34/2163-34_english.pdf
2163-35,https://documents.gov.lk/view/extra-gazettes/2020/2/2163-35_E.pdf,doc-archive/2020/02/22/2163-35/2163-35_english.pdf
2163-36,https://documents.gov.lk/view/extra-gazettes/2020/2/2163-36_E.pdf,doc-archive/2020/02/22/2163-36/2163-36_english.pdf
2163-38,https://documents.gov.lk/view/extra-gazettes/2020/2/2163-38_E.pdf,doc-archive/2020/02/22/2163-38/2163-38_english.pdf
2163-37,https://documents.gov.lk/view/extra-gazettes/2020/2/2163-37_E.pdf,doc-archive/2020/02/22/2163-37/2163-37_english.pdf
2163-39,https://documents.gov.lk/view/extra-gazettes/2020/2/2163-39_E.pdf,doc-archive/2020/02/22/2163-39/2163-39_english.pdf
2163-41,https://documents.gov.lk/view/extra-gazettes/2020/2/2163-41_E.pdf,doc-archive/2020/02/22/2163-41/2163-41_english.pdf
2163-40,https://documents.gov.lk/view/extra-gazettes/2020/2/2163-40_E.pdf,doc-archive/2020/02/22/2163-40/2163-40_english.pdf
2163-42,https://documents.gov.lk/view/extra-gazettes/2020/2/2163-42_E.pdf,doc-archive/2020/02/22/2163-42/2163-42_english.pdf
2163-43,https://documents.gov.lk/view/extra-gazettes/2020/2/2163-43_E.pdf,doc-archive/2020/02/22/2163-43/2163-43_english.pdf
2163-44,https://documents.gov.lk/view/extra-gazettes/2020/2/2163-44_E.pdf,doc-archive/2020/02/22/2163-44/2163-44_english.pdf
2163-46,https://documents.gov.lk/view/extra-gazettes/2020/2/2163-46_E.pdf,doc-archive/2020/02/22/2163-46/2163-46_english.pdf
2163-45,https://documents.gov.lk/view/extra-gazettes/2020/2/2163-45_E.pdf,doc-archive/2020/02/22/2163-45/2163-45_english.pdf
2163-24,https://documents.gov.lk/view/extra-gazettes/2020/2/2163-24_E.pdf,doc-archive/2020/02/20/2163-24/2163-24_english.pdf
2163-25,https://documents.gov.lk/view/extra-gazettes/2020/2/2163-25_E.pdf,doc-archive/2020/02/20/2163-25/2163-25_english.pdf
2163-26,https://documents.gov.lk/view/extra-gazettes/2020/2/2163-26_E.pdf,doc-archive/2020/02/20/2163-26/2163-26_english.pdf
2163-28,https://documents.gov.lk/view/extra-gazettes/2020/2/2163-28_E.pdf,doc-archive/2020/02/20/2163-28/2163-28_english.pdf
2163-27,https://documents.gov.lk/view/extra-gazettes/2020/2/2163-27_E.pdf,doc-archive/2020/02/20/2163-27/2163-27_english.pdf
2163-29,https://documents.gov.lk/view/extra-gazettes/2020/2/2163-29_E.pdf,doc-archive/2020/02/20/2163-29/2163-29_english.pdf
2163-30,https://documents.gov.lk/view/extra-gazettes/2020/2/2163-30_E.pdf,doc-archive/2020/02/20/2163-30/2163-30_english.pdf
2163-31,https://documents.gov.lk/view/extra-gazettes/2020/2/2163-31_E.pdf,doc-archive/2020/02/20/2163-31/2163-31_english.pdf
2163-32,https://documents.gov.lk/view/extra-gazettes/2020/2/2163-32_E.pdf,doc-archive/2020/02/20/2163-32/2163-32_english.pdf
2163-19,https://documents.gov.lk/view/extra-gazettes/2020/2/2163-19_E.pdf,doc-archive/2020/02/19/2163-19/2163-19_english.pdf
2163-33,https://documents.gov.lk/view/extra-gazettes/2020/2/2163-33_E.pdf,doc-archive/2020/02/20/2163-33/2163-33_english.pdf
2163-20,https://documents.gov.lk/view/extra-gazettes/2020/2/2163-20_E.pdf,doc-archive/2020/02/19/2163-20/2163-20_english.pdf
2163-21,https://documents.gov.lk/view/extra-gazettes/2020/2/2163-21_E.pdf,doc-archive/2020/02/19/2163-21/2163-21_english.pdf
2163-22,https://documents.gov.lk/view/extra-gazettes/2020/2/2163-22_E.pdf,doc-archive/2020/02/19/2163-22/2163-22_english.pdf
2163-23,https://documents.gov.lk/view/extra-gazettes/2020/2/2163-23_E.pdf,doc-archive/2020/02/19/2163-23/2163-23_english.pdf
2163-13,https://documents.gov.lk/view/extra-gazettes/2020/2/2163-13_E.pdf,doc-archive/2020/02/18/2163-13/2163-13_english.pdf
2163-14,https://documents.gov.lk/view/extra-gazettes/2020/2/2163-14_E.pdf,doc-archive/2020/02/18/2163-14/2163-14_english.pdf
2163-16,https://documents.gov.lk/view/extra-gazettes/2020/2/2163-16_E.pdf,doc-archive/2020/02/18/2163-16/2163-16_english.pdf
2163-15,https://documents.gov.lk/view/extra-gazettes/2020/2/2163-15_E.pdf,doc-archive/2020/02/18/2163-15/2163-15_english.pdf
2163-17,https://documents.gov.lk/view/extra-gazettes/2020/2/2163-17_E.pdf,doc-archive/2020/02/18/2163-17/2163-17_english.pdf
2163-01,https://documents.gov.lk/view/extra-gazettes/2020/2/2163-01_E.pdf,doc-archive/2020/02/17/2163-01/2163-01_english.pdf
2163-18,https://documents.gov.lk/view/extra-gazettes/2020/2/2163-18_E.pdf,doc-archive/2020/02/18/2163-18/2163-18_english.pdf
2163-02,https://documents.gov.lk/view/extra-gazettes/2020/2/2163-02_E.pdf,doc-archive/2020/02/17/2163-02/2163-02_english.pdf
2163-03,https://documents.gov.lk/view/extra-gazettes/2020/2/2163-03_E.pdf,doc-archive/2020/02/17/2163-03/2163-03_english.pdf
2163-04,https://documents.gov.lk/view/extra-gazettes/2020/2/2163-04_E.pdf,doc-archive/2020/02/17/2163-04/2163-04_english.pdf
2163-06,https://documents.gov.lk/view/extra-gazettes/2020/2/2163-06_E.pdf,doc-archive/2020/02/17/2163-06/2163-06_english.pdf
2163-07,https://documents.gov.lk/view/extra-gazettes/2020/2/2163-07_E.pdf,doc-archive/2020/02/17/2163-07/2163-07_english.pdf
2163-09,https://documents.gov.lk/view/extra-gazettes/2020/2/2163-09_E.pdf,doc-archive/2020/02/17/2163-09/2163-09_english.pdf
2163-08,https://documents.gov.lk/view/extra-gazettes/2020/2/2163-08_E.pdf,doc-archive/2020/02/17/2163-08/2163-08_english.pdf
2163-10,https://documents.gov.lk/view/extra-gazettes/2020/2/2163-10_E.pdf,doc-archive/2020/02/17/2163-10/2163-10_english.pdf
2163-11,https://documents.gov.lk/view/extra-gazettes/2020/2/2163-11_E.pdf,doc-archive/2020/02/17/2163-11/2163-11_english.pdf
2163-12,https://documents.gov.lk/view/extra-gazettes/2020/2/2163-12_E.pdf,doc-archive/2020/02/17/2163-12/2163-12_english.pdf
2162-70,https://documents.gov.lk/view/extra-gazettes/2020/2/2162-70_E.pdf,doc-archive/2020/02/15/2162-70/2162-70_english.pdf
2162-71,https://documents.gov.lk/view/extra-gazettes/2020/2/2162-71_E.pdf,doc-archive/2020/02/15/2162-71/2162-71_english.pdf
2162-51,https://documents.gov.lk/view/extra-gazettes/2020/2/2162-51_E.pdf,doc-archive/2020/02/14/2162-51/2162-51_english.pdf
2162-52,https://documents.gov.lk/view/extra-gazettes/2020/2/2162-52_E.pdf,doc-archive/2020/02/14/2162-52/2162-52_english.pdf
2162-53,https://documents.gov.lk/view/extra-gazettes/2020/2/2162-53_E.pdf,doc-archive/2020/02/14/2162-53/2162-53_english.pdf
2162-54,https://documents.gov.lk/view/extra-gazettes/2020/2/2162-54_E.pdf,doc-archive/2020/02/14/2162-54/2162-54_english.pdf
2162-55,https://documents.gov.lk/view/extra-gazettes/2020/2/2162-55_E.pdf,doc-archive/2020/02/14/2162-55/2162-55_english.pdf
2162-57,https://documents.gov.lk/view/extra-gazettes/2020/2/2162-57_E.pdf,doc-archive/2020/02/14/2162-57/2162-57_english.pdf
2162-56,https://documents.gov.lk/view/extra-gazettes/2020/2/2162-56_E.pdf,doc-archive/2020/02/14/2162-56/2162-56_english.pdf
2162-58,https://documents.gov.lk/view/extra-gazettes/2020/2/2162-58_E.pdf,doc-archive/2020/02/14/2162-58/2162-58_english.pdf
2162-60,https://documents.gov.lk/view/extra-gazettes/2020/2/2162-60_E.pdf,doc-archive/2020/02/14/2162-60/2162-60_english.pdf
2162-61,https://documents.gov.lk/view/extra-gazettes/2020/2/2162-61_E.pdf,doc-archive/2020/02/14/2162-61/2162-61_english.pdf
2162-59,https://documents.gov.lk/view/extra-gazettes/2020/2/2162-59_E.pdf,doc-archive/2020/02/14/2162-59/2162-59_english.pdf
2162-62,https://documents.gov.lk/view/extra-gazettes/2020/2/2162-62_E.pdf,doc-archive/2020/02/14/2162-62/2162-62_english.pdf
2162-64,https://documents.gov.lk/view/extra-gazettes/2020/2/2162-64_E.pdf,doc-archive/2020/02/14/2162-64/2162-64_english.pdf
2162-63,https://documents.gov.lk/view/extra-gazettes/2020/2/2162-63_E.pdf,doc-archive/2020/02/14/2162-63/2162-63_english.pdf
2162-65,https://documents.gov.lk/view/extra-gazettes/2020/2/2162-65_E.pdf,doc-archive/2020/02/14/2162-65/2162-65_english.pdf
2162-66,https://documents.gov.lk/view/extra-gazettes/2020/2/2162-66_E.pdf,doc-archive/2020/02/14/2162-66/2162-66_english.pdf
2162-67,https://documents.gov.lk/view/extra-gazettes/2020/2/2162-67_E.pdf,doc-archive/2020/02/14/2162-67/2162-67_english.pdf
2162-69,https://documents.gov.lk/view/extra-gazettes/2020/2/2162-69_E.pdf,doc-archive/2020/02/14/2162-69/2162-69_english.pdf
2162-29,https://documents.gov.lk/view/extra-gazettes/2020/2/2162-29_E.pdf,doc-archive/2020/02/13/2162-29/2162-29_english.pdf
2162-68,https://documents.gov.lk/view/extra-gazettes/2020/2/2162-68_E.pdf,doc-archive/2020/02/14/2162-68/2162-68_english.pdf
2162-30,https://documents.gov.lk/view/extra-gazettes/2020/2/2162-30_E.pdf,doc-archive/2020/02/13/2162-30/2162-30_english.pdf
2162-32,https://documents.gov.lk/view/extra-gazettes/2020/2/2162-32_E.pdf,doc-archive/2020/02/13/2162-32/2162-32_english.pdf
2162-31,https://documents.gov.lk/view/extra-gazettes/2020/2/2162-31_E.pdf,doc-archive/2020/02/13/2162-31/2162-31_english.pdf
2162-33,https://documents.gov.lk/view/extra-gazettes/2020/2/2162-33_E.pdf,doc-archive/2020/02/13/2162-33/2162-33_english.pdf
2162-35,https://documents.gov.lk/view/extra-gazettes/2020/2/2162-35_E.pdf,doc-archive/2020/02/13/2162-35/2162-35_english.pdf
2162-36,https://documents.gov.lk/view/extra-gazettes/2020/2/2162-36_E.pdf,doc-archive/2020/02/13/2162-36/2162-36_english.pdf
2162-34,https://documents.gov.lk/view/extra-gazettes/2020/2/2162-34_E.pdf,doc-archive/2020/02/13/2162-34/2162-34_english.pdf
2162-37,https://documents.gov.lk/view/extra-gazettes/2020/2/2162-37_E.pdf,doc-archive/2020/02/13/2162-37/2162-37_english.pdf
2162-39,https://documents.gov.lk/view/extra-gazettes/2020/2/2162-39_E.pdf,doc-archive/2020/02/13/2162-39/2162-39_english.pdf
2162-40,https://documents.gov.lk/view/extra-gazettes/2020/2/2162-40_E.pdf,doc-archive/2020/02/13/2162-40/2162-40_english.pdf
2162-41,https://documents.gov.lk/view/extra-gazettes/2020/2/2162-41_E.pdf,doc-archive/2020/02/13/2162-41/2162-41_english.pdf
2162-42,https://documents.gov.lk/view/extra-gazettes/2020/2/2162-42_E.pdf,doc-archive/2020/02/13/2162-42/2162-42_english.pdf
2162-38,https://documents.gov.lk/view/extra-gazettes/2020/2/2162-38_E.pdf,doc-archive/2020/02/13/2162-38/2162-38_english.pdf
2162-43,https://documents.gov.lk/view/extra-gazettes/2020/2/2162-43_E.pdf,doc-archive/2020/02/13/2162-43/2162-43_english.pdf
2162-44,https://documents.gov.lk/view/extra-gazettes/2020/2/2162-44_E.pdf,doc-archive/2020/02/13/2162-44/2162-44_english.pdf
2162-45,https://documents.gov.lk/view/extra-gazettes/2020/2/2162-45_E.pdf,doc-archive/2020/02/13/2162-45/2162-45_english.pdf
2162-47,https://documents.gov.lk/view/extra-gazettes/2020/2/2162-47_E.pdf,doc-archive/2020/02/13/2162-47/2162-47_english.pdf
2162-48,https://documents.gov.lk/view/extra-gazettes/2020/2/2162-48_E.pdf,doc-archive/2020/02/13/2162-48/2162-48_english.pdf
2162-46,https://documents.gov.lk/view/extra-gazettes/2020/2/2162-46_E.pdf,doc-archive/2020/02/13/2162-46/2162-46_english.pdf
2162-49,https://documents.gov.lk/view/extra-gazettes/2020/2/2162-49_E.pdf,doc-archive/2020/02/13/2162-49/2162-49_english.pdf
2162-22,https://documents.gov.lk/view/extra-gazettes/2020/2/2162-22_E.pdf,doc-archive/2020/02/12/2162-22/2162-22_english.pdf
2162-21,https://documents.gov.lk/view/extra-gazettes/2020/2/2162-21_E.pdf,doc-archive/2020/02/12/2162-21/2162-21_english.pdf
2162-23,https://documents.gov.lk/view/extra-gazettes/2020/2/2162-23_E.pdf,doc-archive/2020/02/12/2162-23/2162-23_english.pdf
2162-25,https://documents.gov.lk/view/extra-gazettes/2020/2/2162-25_E.pdf,doc-archive/2020/02/12/2162-25/2162-25_english.pdf
2162-26,https://documents.gov.lk/view/extra-gazettes/2020/2/2162-26_E.pdf,doc-archive/2020/02/12/2162-26/2162-26_english.pdf
2162-27,https://documents.gov.lk/view/extra-gazettes/2020/2/2162-27_E.pdf,doc-archive/2020/02/12/2162-27/2162-27_english.pdf
2162-28,https://documents.gov.lk/view/extra-gazettes/2020/2/2162-28_E.pdf,doc-archive/2020/02/12/2162-28/2162-28_english.pdf
2162-15,https://documents.gov.lk/view/extra-gazettes/2020/2/2162-15_E.pdf,doc-archive/2020/02/11/2162-15/2162-15_english.pdf
2162-24,https://documents.gov.lk/view/extra-gazettes/2020/2/2162-24_E.pdf,doc-archive/2020/02/12/2162-24/2162-24_english.pdf
2162-16,https://documents.gov.lk/view/extra-gazettes/2020/2/2162-16_E.pdf,doc-archive/2020/02/11/2162-16/2162-16_english.pdf
2162-18,https://documents.gov.lk/view/extra-gazettes/2020/2/2162-18_E.pdf,doc-archive/2020/02/11/2162-18/2162-18_english.pdf
2162-19,https://documents.gov.lk/view/extra-gazettes/2020/2/2162-19_E.pdf,doc-archive/2020/02/11/2162-19/2162-19_english.pdf
2162-17,https://documents.gov.lk/view/extra-gazettes/2020/2/2162-17_E.pdf,doc-archive/2020/02/11/2162-17/2162-17_english.pdf
2162-20,https://documents.gov.lk/view/extra-gazettes/2020/2/2162-20_E.pdf,doc-archive/2020/02/11/2162-20/2162-20_english.pdf
2162-02,https://documents.gov.lk/view/extra-gazettes/2020/2/2162-02_E.pdf,doc-archive/2020/02/10/2162-02/2162-02_english.pdf
2162-01,https://documents.gov.lk/view/extra-gazettes/2020/2/2162-01_E.pdf,doc-archive/2020/02/10/2162-01/2162-01_english.pdf
2162-03,https://documents.gov.lk/view/extra-gazettes/2020/2/2162-03_E.pdf,doc-archive/2020/02/10/2162-03/2162-03_english.pdf
2162-05,https://documents.gov.lk/view/extra-gazettes/2020/2/2162-05_E.pdf,doc-archive/2020/02/10/2162-05/2162-05_english.pdf
2162-06,https://documents.gov.lk/view/extra-gazettes/2020/2/2162-06_E.pdf,doc-archive/2020/02/10/2162-06/2162-06_english.pdf
2162-04,https://documents.gov.lk/view/extra-gazettes/2020/2/2162-04_E.pdf,doc-archive/2020/02/10/2162-04/2162-04_english.pdf
2162-07,https://documents.gov.lk/view/extra-gazettes/2020/2/2162-07_E.pdf,doc-archive/2020/02/10/2162-07/2162-07_english.pdf
2162-08,https://documents.gov.lk/view/extra-gazettes/2020/2/2162-08_E.pdf,doc-archive/2020/02/10/2162-08/2162-08_english.pdf
2162-10,https://documents.gov.lk/view/extra-gazettes/2020/2/2162-10_E.pdf,doc-archive/2020/02/10/2162-10/2162-10_english.pdf
2162-09,https://documents.gov.lk/view/extra-gazettes/2020/2/2162-09_E.pdf,doc-archive/2020/02/10/2162-09/2162-09_english.pdf
2162-11,https://documents.gov.lk/view/extra-gazettes/2020/2/2162-11_E.pdf,doc-archive/2020/02/10/2162-11/2162-11_english.pdf
2162-12,https://documents.gov.lk/view/extra-gazettes/2020/2/2162-12_E.pdf,doc-archive/2020/02/10/2162-12/2162-12_english.pdf
2162-13,https://documents.gov.lk/view/extra-gazettes/2020/2/2162-13_E.pdf,doc-archive/2020/02/10/2162-13/2162-13_english.pdf
2161-35,https://documents.gov.lk/view/extra-gazettes/2020/2/2161-35_E.pdf,doc-archive/2020/02/07/2161-35/2161-35_english.pdf
2161-36,https://documents.gov.lk/view/extra-gazettes/2020/2/2161-36_E.pdf,doc-archive/2020/02/07/2161-36/2161-36_english.pdf
2162-14,https://documents.gov.lk/view/extra-gazettes/2020/2/2162-14_E.pdf,doc-archive/2020/02/10/2162-14/2162-14_english.pdf
2161-37,https://documents.gov.lk/view/extra-gazettes/2020/2/2161-37_E.pdf,doc-archive/2020/02/07/2161-37/2161-37_english.pdf
2161-38,https://documents.gov.lk/view/extra-gazettes/2020/2/2161-38_E.pdf,doc-archive/2020/02/07/2161-38/2161-38_english.pdf
2161-39,https://documents.gov.lk/view/extra-gazettes/2020/2/2161-39_E.pdf,doc-archive/2020/02/07/2161-39/2161-39_english.pdf
2161-40,https://documents.gov.lk/view/extra-gazettes/2020/2/2161-40_E.pdf,doc-archive/2020/02/07/2161-40/2161-40_english.pdf
2161-41,https://documents.gov.lk/view/extra-gazettes/2020/2/2161-41_E.pdf,doc-archive/2020/02/07/2161-41/2161-41_english.pdf
2161-42,https://documents.gov.lk/view/extra-gazettes/2020/2/2161-42_E.pdf,doc-archive/2020/02/07/2161-42/2161-42_english.pdf
2161-43,https://documents.gov.lk/view/extra-gazettes/2020/2/2161-43_E.pdf,doc-archive/2020/02/07/2161-43/2161-43_english.pdf
2161-26,https://documents.gov.lk/view/extra-gazettes/2020/2/2161-26_E.pdf,doc-archive/2020/02/06/2161-26/2161-26_english.pdf
2161-27,https://documents.gov.lk/view/extra-gazettes/2020/2/2161-27_E.pdf,doc-archive/2020/02/06/2161-27/2161-27_english.pdf
2161-28,https://documents.gov.lk/view/extra-gazettes/2020/2/2161-28_E.pdf,doc-archive/2020/02/06/2161-28/2161-28_english.pdf
2161-29,https://documents.gov.lk/view/extra-gazettes/2020/2/2161-29_E.pdf,doc-archive/2020/02/06/2161-29/2161-29_english.pdf
2161-30,https://documents.gov.lk/view/extra-gazettes/2020/2/2161-30_E.pdf,doc-archive/2020/02/06/2161-30/2161-30_english.pdf
2161-31,https://documents.gov.lk/view/extra-gazettes/2020/2/2161-31_E.pdf,doc-archive/2020/02/06/2161-31/2161-31_english.pdf
2161-32,https://documents.gov.lk/view/extra-gazettes/2020/2/2161-32_E.pdf,doc-archive/2020/02/06/2161-32/2161-32_english.pdf
2161-33,https://documents.gov.lk/view/extra-gazettes/2020/2/2161-33_E.pdf,doc-archive/2020/02/06/2161-33/2161-33_english.pdf
2161-34,https://documents.gov.lk/view/extra-gazettes/2020/2/2161-34_E.pdf,doc-archive/2020/02/06/2161-34/2161-34_english.pdf
2161-19,https://documents.gov.lk/view/extra-gazettes/2020/2/2161-19_E.pdf,doc-archive/2020/02/05/2161-19/2161-19_english.pdf
2161-21,https://documents.gov.lk/view/extra-gazettes/2020/2/2161-21_E.pdf,doc-archive/2020/02/05/2161-21/2161-21_english.pdf
2161-22,https://documents.gov.lk/view/extra-gazettes/2020/2/2161-22_E.pdf,doc-archive/2020/02/05/2161-22/2161-22_english.pdf
2161-20,https://documents.gov.lk/view/extra-gazettes/2020/2/2161-20_E.pdf,doc-archive/2020/02/05/2161-20/2161-20_english.pdf
2161-23,https://documents.gov.lk/view/extra-gazettes/2020/2/2161-23_E.pdf,doc-archive/2020/02/05/2161-23/2161-23_english.pdf
2161-25,https://documents.gov.lk/view/extra-gazettes/2020/2/2161-25_E.pdf,doc-archive/2020/02/05/2161-25/2161-25_english.pdf
2161-01,https://documents.gov.lk/view/extra-gazettes/2020/2/2161-01_E.pdf,doc-archive/2020/02/03/2161-01/2161-01_english.pdf
2161-24,https://documents.gov.lk/view/extra-gazettes/2020/2/2161-24_E.pdf,doc-archive/2020/02/05/2161-24/2161-24_english.pdf
2161-02,https://documents.gov.lk/view/extra-gazettes/2020/2/2161-02_E.pdf,doc-archive/2020/02/03/2161-02/2161-02_english.pdf
2161-03,https://documents.gov.lk/view/extra-gazettes/2020/2/2161-03_E.pdf,doc-archive/2020/02/03/2161-03/2161-03_english.pdf
2161-04,https://documents.gov.lk/view/extra-gazettes/2020/2/2161-04_E.pdf,doc-archive/2020/02/03/2161-04/2161-04_english.pdf
2161-05,https://documents.gov.lk/view/extra-gazettes/2020/2/2161-05_E.pdf,doc-archive/2020/02/03/2161-05/2161-05_english.pdf
2161-06,https://documents.gov.lk/view/extra-gazettes/2020/2/2161-06_E.pdf,doc-archive/2020/02/03/2161-06/2161-06_english.pdf
2161-07,https://documents.gov.lk/view/extra-gazettes/2020/2/2161-07_E.pdf,doc-archive/2020/02/03/2161-07/2161-07_english.pdf
2161-08,https://documents.gov.lk/view/extra-gazettes/2020/2/2161-08_E.pdf,doc-archive/2020/02/03/2161-08/2161-08_english.pdf
2161-09,https://documents.gov.lk/view/extra-gazettes/2020/2/2161-09_E.pdf,doc-archive/2020/02/03/2161-09/2161-09_english.pdf
2161-10,https://documents.gov.lk/view/extra-gazettes/2020/2/2161-10_E.pdf,doc-archive/2020/02/03/2161-10/2161-10_english.pdf
2161-11,https://documents.gov.lk/view/extra-gazettes/2020/2/2161-11_E.pdf,doc-archive/2020/02/03/2161-11/2161-11_english.pdf
2161-12,https://documents.gov.lk/view/extra-gazettes/2020/2/2161-12_E.pdf,doc-archive/2020/02/03/2161-12/2161-12_english.pdf
2161-13,https://documents.gov.lk/view/extra-gazettes/2020/2/2161-13_E.pdf,doc-archive/2020/02/03/2161-13/2161-13_english.pdf
2161-14,https://documents.gov.lk/view/extra-gazettes/2020/2/2161-14_E.pdf,doc-archive/2020/02/03/2161-14/2161-14_english.pdf
2161-15,https://documents.gov.lk/view/extra-gazettes/2020/2/2161-15_E.pdf,doc-archive/2020/02/03/2161-15/2161-15_english.pdf
2161-17,https://documents.gov.lk/view/extra-gazettes/2020/2/2161-17_E.pdf,doc-archive/2020/02/03/2161-17/2161-17_english.pdf
2161-16,https://documents.gov.lk/view/extra-gazettes/2020/2/2161-16_E.pdf,doc-archive/2020/02/03/2161-16/2161-16_english.pdf
2161-18,https://documents.gov.lk/view/extra-gazettes/2020/2/2161-18_E.pdf,doc-archive/2020/02/03/2161-18/2161-18_english.pdf
2160-62,https://documents.gov.lk/view/extra-gazettes/2020/2/2160-62_E.pdf,doc-archive/2020/02/01/2160-62/2160-62_english.pdf
2160-63,https://documents.gov.lk/view/extra-gazettes/2020/2/2160-63_E.pdf,doc-archive/2020/02/01/2160-63/2160-63_english.pdf
2160-64,https://documents.gov.lk/view/extra-gazettes/2020/2/2160-64_E.pdf,doc-archive/2020/02/01/2160-64/2160-64_english.pdf
2169-02,https://documents.gov.lk/view/extra-gazettes/2020/3/2169-02_E.pdf,doc-archive/2020/03/31/2169-02/2169-02_english.pdf
2168-09,https://documents.gov.lk/view/extra-gazettes/2020/3/2168-09_E.pdf,doc-archive/2020/03/27/2168-09/2168-09_english.pdf
2169-01,https://documents.gov.lk/view/extra-gazettes/2020/3/2169-01_E.pdf,doc-archive/2020/03/30/2169-01/2169-01_english.pdf
2168-07,https://documents.gov.lk/view/extra-gazettes/2020/3/2168-07_E.pdf,doc-archive/2020/03/26/2168-07/2168-07_english.pdf
2168-08,https://documents.gov.lk/view/extra-gazettes/2020/3/2168-08_E.pdf,doc-archive/2020/03/26/2168-08/2168-08_english.pdf
2168-06,https://documents.gov.lk/view/extra-gazettes/2020/3/2168-06_E.pdf,doc-archive/2020/03/25/2168-06/2168-06_english.pdf
2168-04,https://documents.gov.lk/view/extra-gazettes/2020/3/2168-04_E.pdf,doc-archive/2020/03/24/2168-04/2168-04_english.pdf
2168-05,https://documents.gov.lk/view/extra-gazettes/2020/3/2168-05_E.pdf,doc-archive/2020/03/24/2168-05/2168-05_english.pdf
2168-10,https://documents.gov.lk/view/extra-gazettes/2020/3/2168-10_E.pdf,doc-archive/2020/03/27/2168-10/2168-10_english.pdf
2168-02,https://documents.gov.lk/view/extra-gazettes/2020/3/2168-02_E.pdf,doc-archive/2020/03/23/2168-02/2168-02_english.pdf
2168-01,https://documents.gov.lk/view/extra-gazettes/2020/3/2168-01_E.pdf,doc-archive/2020/03/23/2168-01/2168-01_english.pdf
2168-03,https://documents.gov.lk/view/extra-gazettes/2020/3/2168-03_E.pdf,doc-archive/2020/03/23/2168-03/2168-03_english.pdf
2167-19,https://documents.gov.lk/view/extra-gazettes/2020/3/2167-19_E.pdf,doc-archive/2020/03/21/2167-19/2167-19_english.pdf
2167-12,https://documents.gov.lk/view/extra-gazettes/2020/3/2167-12_E.pdf,doc-archive/2020/03/20/2167-12/2167-12_english.pdf
2167-13,https://documents.gov.lk/view/extra-gazettes/2020/3/2167-13_E.pdf,doc-archive/2020/03/20/2167-13/2167-13_english.pdf
2167-16,https://documents.gov.lk/view/extra-gazettes/2020/3/2167-16_E.pdf,doc-archive/2020/03/20/2167-16/2167-16_english.pdf
2167-17,https://documents.gov.lk/view/extra-gazettes/2020/3/2167-17_E.pdf,doc-archive/2020/03/20/2167-17/2167-17_english.pdf
2167-18,https://documents.gov.lk/view/extra-gazettes/2020/3/2167-18_E.pdf,doc-archive/2020/03/20/2167-18/2167-18_english.pdf
2167-10,https://documents.gov.lk/view/extra-gazettes/2020/3/2167-10_E.pdf,doc-archive/2020/03/18/2167-10/2167-10_english.pdf
2167-11,https://documents.gov.lk/view/extra-gazettes/2020/3/2167-11_E.pdf,doc-archive/2020/03/18/2167-11/2167-11_english.pdf
2167-04,https://documents.gov.lk/view/extra-gazettes/2020/3/2167-04_E.pdf,doc-archive/2020/03/17/2167-04/2167-04_english.pdf
2167-05,https://documents.gov.lk/view/extra-gazettes/2020/3/2167-05_E.pdf,doc-archive/2020/03/17/2167-05/2167-05_english.pdf
2167-06,https://documents.gov.lk/view/extra-gazettes/2020/3/2167-06_E.pdf,doc-archive/2020/03/17/2167-06/2167-06_english.pdf
2167-07,https://documents.gov.lk/view/extra-gazettes/2020/3/2167-07_E.pdf,doc-archive/2020/03/17/2167-07/2167-07_english.pdf
2167-08,https://documents.gov.lk/view/extra-gazettes/2020/3/2167-08_E.pdf,doc-archive/2020/03/17/2167-08/2167-08_english.pdf
2167-09,https://documents.gov.lk/view/extra-gazettes/2020/3/2167-09_E.pdf,doc-archive/2020/03/17/2167-09/2167-09_english.pdf
2167-01,https://documents.gov.lk/view/extra-gazettes/2020/3/2167-01_E.pdf,doc-archive/2020/03/16/2167-01/2167-01_english.pdf
2167-02,https://documents.gov.lk/view/extra-gazettes/2020/3/2167-02_E.pdf,doc-archive/2020/03/16/2167-02/2167-02_english.pdf
2167-03,https://documents.gov.lk/view/extra-gazettes/2020/3/2167-03_E.pdf,doc-archive/2020/03/16/2167-03/2167-03_english.pdf
2166-51,https://documents.gov.lk/view/extra-gazettes/2020/3/2166-51_E.pdf,doc-archive/2020/03/15/2166-51/2166-51_english.pdf
2166-33,https://documents.gov.lk/view/extra-gazettes/2020/3/2166-33_E.pdf,doc-archive/2020/03/13/2166-33/2166-33_english.pdf
2166-50,https://documents.gov.lk/view/extra-gazettes/2020/3/2166-50_E.pdf,doc-archive/2020/03/14/2166-50/2166-50_english.pdf
2166-34,https://documents.gov.lk/view/extra-gazettes/2020/3/2166-34_E.pdf,doc-archive/2020/03/13/2166-34/2166-34_english.pdf
2166-35,https://documents.gov.lk/view/extra-gazettes/2020/3/2166-35_E.pdf,doc-archive/2020/03/13/2166-35/2166-35_english.pdf
2166-36,https://documents.gov.lk/view/extra-gazettes/2020/3/2166-36_E.pdf,doc-archive/2020/03/13/2166-36/2166-36_english.pdf
2166-37,https://documents.gov.lk/view/extra-gazettes/2020/3/2166-37_E.pdf,doc-archive/2020/03/13/2166-37/2166-37_english.pdf
2166-39,https://documents.gov.lk/view/extra-gazettes/2020/3/2166-39_E.pdf,doc-archive/2020/03/13/2166-39/2166-39_english.pdf
2166-38,https://documents.gov.lk/view/extra-gazettes/2020/3/2166-38_E.pdf,doc-archive/2020/03/13/2166-38/2166-38_english.pdf
2166-40,https://documents.gov.lk/view/extra-gazettes/2020/3/2166-40_E.pdf,doc-archive/2020/03/13/2166-40/2166-40_english.pdf
2166-42,https://documents.gov.lk/view/extra-gazettes/2020/3/2166-42_E.pdf,doc-archive/2020/03/13/2166-42/2166-42_english.pdf
2166-43,https://documents.gov.lk/view/extra-gazettes/2020/3/2166-43_E.pdf,doc-archive/2020/03/13/2166-43/2166-43_english.pdf
2166-44,https://documents.gov.lk/view/extra-gazettes/2020/3/2166-44_E.pdf,doc-archive/2020/03/13/2166-44/2166-44_english.pdf
2166-41,https://documents.gov.lk/view/extra-gazettes/2020/3/2166-41_E.pdf,doc-archive/2020/03/13/2166-41/2166-41_english.pdf
2166-45,https://documents.gov.lk/view/extra-gazettes/2020/3/2166-45_E.pdf,doc-archive/2020/03/13/2166-45/2166-45_english.pdf
2166-46,https://documents.gov.lk/view/extra-gazettes/2020/3/2166-46_E.pdf,doc-archive/2020/03/13/2166-46/2166-46_english.pdf
2166-47,https://documents.gov.lk/view/extra-gazettes/2020/3/2166-47_E.pdf,doc-archive/2020/03/13/2166-47/2166-47_english.pdf
2166-49,https://documents.gov.lk/view/extra-gazettes/2020/3/2166-49_E.pdf,doc-archive/2020/03/13/2166-49/2166-49_english.pdf
2166-18,https://documents.gov.lk/view/extra-gazettes/2020/3/2166-18_E.pdf,doc-archive/2020/03/12/2166-18/2166-18_english.pdf
2166-19,https://documents.gov.lk/view/extra-gazettes/2020/3/2166-19_E.pdf,doc-archive/2020/03/12/2166-19/2166-19_english.pdf
2166-48,https://documents.gov.lk/view/extra-gazettes/2020/3/2166-48_E.pdf,doc-archive/2020/03/13/2166-48/2166-48_english.pdf
2166-21,https://documents.gov.lk/view/extra-gazettes/2020/3/2166-21_E.pdf,doc-archive/2020/03/12/2166-21/2166-21_english.pdf
2166-22,https://documents.gov.lk/view/extra-gazettes/2020/3/2166-22_E.pdf,doc-archive/2020/03/12/2166-22/2166-22_english.pdf
2166-23,https://documents.gov.lk/view/extra-gazettes/2020/3/2166-23_E.pdf,doc-archive/2020/03/12/2166-23/2166-23_english.pdf
2166-24,https://documents.gov.lk/view/extra-gazettes/2020/3/2166-24_E.pdf,doc-archive/2020/03/12/2166-24/2166-24_english.pdf
2166-25,https://documents.gov.lk/view/extra-gazettes/2020/3/2166-25_E.pdf,doc-archive/2020/03/12/2166-25/2166-25_english.pdf
2166-26,https://documents.gov.lk/view/extra-gazettes/2020/3/2166-26_E.pdf,doc-archive/2020/03/12/2166-26/2166-26_english.pdf
2166-20,https://documents.gov.lk/view/extra-gazettes/2020/3/2166-20_E.pdf,doc-archive/2020/03/12/2166-20/2166-20_english.pdf
2166-27,https://documents.gov.lk/view/extra-gazettes/2020/3/2166-27_E.pdf,doc-archive/2020/03/12/2166-27/2166-27_english.pdf
2166-28,https://documents.gov.lk/view/extra-gazettes/2020/3/2166-28_E.pdf,doc-archive/2020/03/12/2166-28/2166-28_english.pdf
2166-29,https://documents.gov.lk/view/extra-gazettes/2020/3/2166-29_E.pdf,doc-archive/2020/03/12/2166-29/2166-29_english.pdf
2166-30,https://documents.gov.lk/view/extra-gazettes/2020/3/2166-30_E.pdf,doc-archive/2020/03/12/2166-30/2166-30_english.pdf
2166-31,https://documents.gov.lk/view/extra-gazettes/2020/3/2166-31_E.pdf,doc-archive/2020/03/12/2166-31/2166-31_english.pdf
2166-32,https://documents.gov.lk/view/extra-gazettes/2020/3/2166-32_E.pdf,doc-archive/2020/03/12/2166-32/2166-32_english.pdf
2166-10,https://documents.gov.lk/view/extra-gazettes/2020/3/2166-10_E.pdf,doc-archive/2020/03/11/2166-10/2166-10_english.pdf
2166-11,https://documents.gov.lk/view/extra-gazettes/2020/3/2166-11_E.pdf,doc-archive/2020/03/11/2166-11/2166-11_english.pdf
2166-13,https://documents.gov.lk/view/extra-gazettes/2020/3/2166-13_E.pdf,doc-archive/2020/03/11/2166-13/2166-13_english.pdf
2166-14,https://documents.gov.lk/view/extra-gazettes/2020/3/2166-14_E.pdf,doc-archive/2020/03/11/2166-14/2166-14_english.pdf
2166-12,https://documents.gov.lk/view/extra-gazettes/2020/3/2166-12_E.pdf,doc-archive/2020/03/11/2166-12/2166-12_english.pdf
2166-15,https://documents.gov.lk/view/extra-gazettes/2020/3/2166-15_E.pdf,doc-archive/2020/03/11/2166-15/2166-15_english.pdf
2166-16,https://documents.gov.lk/view/extra-gazettes/2020/3/2166-16_E.pdf,doc-archive/2020/03/11/2166-16/2166-16_english.pdf
2166-17,https://documents.gov.lk/view/extra-gazettes/2020/3/2166-17_E.pdf,doc-archive/2020/03/11/2166-17/2166-17_english.pdf
2166-03,https://documents.gov.lk/view/extra-gazettes/2020/3/2166-03_E.pdf,doc-archive/2020/03/10/2166-03/2166-03_english.pdf
2166-04,https://documents.gov.lk/view/extra-gazettes/2020/3/2166-04_E.pdf,doc-archive/2020/03/10/2166-04/2166-04_english.pdf
2166-05,https://documents.gov.lk/view/extra-gazettes/2020/3/2166-05_E.pdf,doc-archive/2020/03/10/2166-05/2166-05_english.pdf
2166-02,https://documents.gov.lk/view/extra-gazettes/2020/3/2166-02_E.pdf,doc-archive/2020/03/10/2166-02/2166-02_english.pdf
2166-06,https://documents.gov.lk/view/extra-gazettes/2020/3/2166-06_E.pdf,doc-archive/2020/03/10/2166-06/2166-06_english.pdf
2166-08,https://documents.gov.lk/view/extra-gazettes/2020/3/2166-08_E.pdf,doc-archive/2020/03/10/2166-08/2166-08_english.pdf
2166-07,https://documents.gov.lk/view/extra-gazettes/2020/3/2166-07_E.pdf,doc-archive/2020/03/10/2166-07/2166-07_english.pdf
2166-09,https://documents.gov.lk/view/extra-gazettes/2020/3/2166-09_E.pdf,doc-archive/2020/03/10/2166-09/2166-09_english.pdf
2166-01,https://documents.gov.lk/view/extra-gazettes/2020/3/2166-01_E.pdf,doc-archive/2020/03/09/2166-01/2166-01_english.pdf
2165-72,https://documents.gov.lk/view/extra-gazettes/2020/3/2165-72_E.pdf,doc-archive/2020/03/07/2165-72/2165-72_english.pdf
2165-73,https://documents.gov.lk/view/extra-gazettes/2020/3/2165-73_E.pdf,doc-archive/2020/03/07/2165-73/2165-73_english.pdf
2165-74,https://documents.gov.lk/view/extra-gazettes/2020/3/2165-74_E.pdf,doc-archive/2020/03/07/2165-74/2165-74_english.pdf
2165-61,https://documents.gov.lk/view/extra-gazettes/2020/3/2165-61_E.pdf,doc-archive/2020/03/06/2165-61/2165-61_english.pdf
2165-62,https://documents.gov.lk/view/extra-gazettes/2020/3/2165-62_E.pdf,doc-archive/2020/03/06/2165-62/2165-62_english.pdf
2165-63,https://documents.gov.lk/view/extra-gazettes/2020/3/2165-63_E.pdf,doc-archive/2020/03/06/2165-63/2165-63_english.pdf
2165-64,https://documents.gov.lk/view/extra-gazettes/2020/3/2165-64_E.pdf,doc-archive/2020/03/06/2165-64/2165-64_english.pdf
2165-65,https://documents.gov.lk/view/extra-gazettes/2020/3/2165-65_E.pdf,doc-archive/2020/03/06/2165-65/2165-65_english.pdf
2165-66,https://documents.gov.lk/view/extra-gazettes/2020/3/2165-66_E.pdf,doc-archive/2020/03/06/2165-66/2165-66_english.pdf
2165-68,https://documents.gov.lk/view/extra-gazettes/2020/3/2165-68_E.pdf,doc-archive/2020/03/06/2165-68/2165-68_english.pdf
2165-69,https://documents.gov.lk/view/extra-gazettes/2020/3/2165-69_E.pdf,doc-archive/2020/03/06/2165-69/2165-69_english.pdf
2165-70,https://documents.gov.lk/view/extra-gazettes/2020/3/2165-70_E.pdf,doc-archive/2020/03/06/2165-70/2165-70_english.pdf
2165-71,https://documents.gov.lk/view/extra-gazettes/2020/3/2165-71_E.pdf,doc-archive/2020/03/06/2165-71/2165-71_english.pdf
2165-67,https://documents.gov.lk/view/extra-gazettes/2020/3/2165-67_E.pdf,doc-archive/2020/03/06/2165-67/2165-67_english.pdf
2165-33,https://documents.gov.lk/view/extra-gazettes/2020/3/2165-33_E.pdf,doc-archive/2020/03/05/2165-33/2165-33_english.pdf
2165-34,https://documents.gov.lk/view/extra-gazettes/2020/3/2165-34_E.pdf,doc-archive/2020/03/05/2165-34/2165-34_english.pdf
2165-35,https://documents.gov.lk/view/extra-gazettes/2020/3/2165-35_E.pdf,doc-archive/2020/03/05/2165-35/2165-35_english.pdf
2165-37,https://documents.gov.lk/view/extra-gazettes/2020/3/2165-37_E.pdf,doc-archive/2020/03/05/2165-37/2165-37_english.pdf
2165-36,https://documents.gov.lk/view/extra-gazettes/2020/3/2165-36_E.pdf,doc-archive/2020/03/05/2165-36/2165-36_english.pdf
2165-38,https://documents.gov.lk/view/extra-gazettes/2020/3/2165-38_E.pdf,doc-archive/2020/03/05/2165-38/2165-38_english.pdf
2165-40,https://documents.gov.lk/view/extra-gazettes/2020/3/2165-40_E.pdf,doc-archive/2020/03/05/2165-40/2165-40_english.pdf
2165-41,https://documents.gov.lk/view/extra-gazettes/2020/3/2165-41_E.pdf,doc-archive/2020/03/05/2165-41/2165-41_english.pdf
2165-39,https://documents.gov.lk/view/extra-gazettes/2020/3/2165-39_E.pdf,doc-archive/2020/03/05/2165-39/2165-39_english.pdf
2165-42,https://documents.gov.lk/view/extra-gazettes/2020/3/2165-42_E.pdf,doc-archive/2020/03/05/2165-42/2165-42_english.pdf
2165-44,https://documents.gov.lk/view/extra-gazettes/2020/3/2165-44_E.pdf,doc-archive/2020/03/05/2165-44/2165-44_english.pdf
2165-45,https://documents.gov.lk/view/extra-gazettes/2020/3/2165-45_E.pdf,doc-archive/2020/03/05/2165-45/2165-45_english.pdf
2165-43,https://documents.gov.lk/view/extra-gazettes/2020/3/2165-43_E.pdf,doc-archive/2020/03/05/2165-43/2165-43_english.pdf
2165-46,https://documents.gov.lk/view/extra-gazettes/2020/3/2165-46_E.pdf,doc-archive/2020/03/05/2165-46/2165-46_english.pdf
2165-47,https://documents.gov.lk/view/extra-gazettes/2020/3/2165-47_E.pdf,doc-archive/2020/03/05/2165-47/2165-47_english.pdf
2165-48,https://documents.gov.lk/view/extra-gazettes/2020/3/2165-48_E.pdf,doc-archive/2020/03/05/2165-48/2165-48_english.pdf
2165-49,https://documents.gov.lk/view/extra-gazettes/2020/3/2165-49_E.pdf,doc-archive/2020/03/05/2165-49/2165-49_english.pdf
2165-50,https://documents.gov.lk/view/extra-gazettes/2020/3/2165-50_E.pdf,doc-archive/2020/03/05/2165-50/2165-50_english.pdf
2165-51,https://documents.gov.lk/view/extra-gazettes/2020/3/2165-51_E.pdf,doc-archive/2020/03/05/2165-51/2165-51_english.pdf
2165-52,https://documents.gov.lk/view/extra-gazettes/2020/3/2165-52_E.pdf,doc-archive/2020/03/05/2165-52/2165-52_english.pdf
2165-53,https://documents.gov.lk/view/extra-gazettes/2020/3/2165-53_E.pdf,doc-archive/2020/03/05/2165-53/2165-53_english.pdf
2165-55,https://documents.gov.lk/view/extra-gazettes/2020/3/2165-55_E.pdf,doc-archive/2020/03/05/2165-55/2165-55_english.pdf
2165-57,https://documents.gov.lk/view/extra-gazettes/2020/3/2165-57_E.pdf,doc-archive/2020/03/05/2165-57/2165-57_english.pdf
2165-54,https://documents.gov.lk/view/extra-gazettes/2020/3/2165-54_E.pdf,doc-archive/2020/03/05/2165-54/2165-54_english.pdf
2165-23,https://documents.gov.lk/view/extra-gazettes/2020/3/2165-23_E.pdf,doc-archive/2020/03/04/2165-23/2165-23_english.pdf
2165-24,https://documents.gov.lk/view/extra-gazettes/2020/3/2165-24_E.pdf,doc-archive/2020/03/04/2165-24/2165-24_english.pdf
2165-25,https://documents.gov.lk/view/extra-gazettes/2020/3/2165-25_E.pdf,doc-archive/2020/03/04/2165-25/2165-25_english.pdf
2165-27,https://documents.gov.lk/view/extra-gazettes/2020/3/2165-27_E.pdf,doc-archive/2020/03/04/2165-27/2165-27_english.pdf
2165-26,https://documents.gov.lk/view/extra-gazettes/2020/3/2165-26_E.pdf,doc-archive/2020/03/04/2165-26/2165-26_english.pdf
2165-28,https://documents.gov.lk/view/extra-gazettes/2020/3/2165-28_E.pdf,doc-archive/2020/03/04/2165-28/2165-28_english.pdf
2165-30,https://documents.gov.lk/view/extra-gazettes/2020/3/2165-30_E.pdf,doc-archive/2020/03/04/2165-30/2165-30_english.pdf
2165-31,https://documents.gov.lk/view/extra-gazettes/2020/3/2165-31_E.pdf,doc-archive/2020/03/04/2165-31/2165-31_english.pdf
2165-29,https://documents.gov.lk/view/extra-gazettes/2020/3/2165-29_E.pdf,doc-archive/2020/03/04/2165-29/2165-29_english.pdf
2165-32,https://documents.gov.lk/view/extra-gazettes/2020/3/2165-32_E.pdf,doc-archive/2020/03/04/2165-32/2165-32_english.pdf
2165-10,https://documents.gov.lk/view/extra-gazettes/2020/3/2165-10_E.pdf,doc-archive/2020/03/03/2165-10/2165-10_english.pdf
2165-11,https://documents.gov.lk/view/extra-gazettes/2020/3/2165-11_E.pdf,doc-archive/2020/03/03/2165-11/2165-11_english.pdf
2165-09,https://documents.gov.lk/view/extra-gazettes/2020/3/2165-09_E.pdf,doc-archive/2020/03/03/2165-09/2165-09_english.pdf
2165-12,https://documents.gov.lk/view/extra-gazettes/2020/3/2165-12_E.pdf,doc-archive/2020/03/03/2165-12/2165-12_english.pdf
2165-14,https://documents.gov.lk/view/extra-gazettes/2020/3/2165-14_E.pdf,doc-archive/2020/03/03/2165-14/2165-14_english.pdf
2165-13,https://documents.gov.lk/view/extra-gazettes/2020/3/2165-13_E.pdf,doc-archive/2020/03/03/2165-13/2165-13_english.pdf
2165-15,https://documents.gov.lk/view/extra-gazettes/2020/3/2165-15_E.pdf,doc-archive/2020/03/03/2165-15/2165-15_english.pdf
2165-17,https://documents.gov.lk/view/extra-gazettes/2020/3/2165-17_E.pdf,doc-archive/2020/03/03/2165-17/2165-17_english.pdf
2165-18,https://documents.gov.lk/view/extra-gazettes/2020/3/2165-18_E.pdf,doc-archive/2020/03/03/2165-18/2165-18_english.pdf
2165-19,https://documents.gov.lk/view/extra-gazettes/2020/3/2165-19_E.pdf,doc-archive/2020/03/03/2165-19/2165-19_english.pdf
2165-20,https://documents.gov.lk/view/extra-gazettes/2020/3/2165-20_E.pdf,doc-archive/2020/03/03/2165-20/2165-20_english.pdf
2165-01,https://documents.gov.lk/view/extra-gazettes/2020/3/2165-01_E.pdf,doc-archive/2020/03/02/2165-01/2165-01_english.pdf
2165-22,https://documents.gov.lk/view/extra-gazettes/2020/3/2165-22_E.pdf,doc-archive/2020/03/03/2165-22/2165-22_english.pdf
2165-02,https://documents.gov.lk/view/extra-gazettes/2020/3/2165-02_E.pdf,doc-archive/2020/03/02/2165-02/2165-02_english.pdf
2165-03,https://documents.gov.lk/view/extra-gazettes/2020/3/2165-03_E.pdf,doc-archive/2020/03/02/2165-03/2165-03_english.pdf
2165-04,https://documents.gov.lk/view/extra-gazettes/2020/3/2165-04_E.pdf,doc-archive/2020/03/02/2165-04/2165-04_english.pdf
2165-05,https://documents.gov.lk/view/extra-gazettes/2020/3/2165-05_E.pdf,doc-archive/2020/03/02/2165-05/2165-05_english.pdf
2165-06,https://documents.gov.lk/view/extra-gazettes/2020/3/2165-06_E.pdf,doc-archive/2020/03/02/2165-06/2165-06_english.pdf
2165-07,https://documents.gov.lk/view/extra-gazettes/2020/3/2165-07_E.pdf,doc-archive/2020/03/02/2165-07/2165-07_english.pdf
2165-08,https://documents.gov.lk/view/extra-gazettes/2020/3/2165-08_E.pdf,doc-archive/2020/03/02/2165-08/2165-08_english.pdf
2164-72,https://documents.gov.lk/view/extra-gazettes/2020/3/2164-72_E.pdf,doc-archive/2020/03/01/2164-72/2164-72_english.pdf
2173-09,https://documents.gov.lk/view/extra-gazettes/2020/4/2173-09_E.pdf,doc-archive/2020/04/30/2173-09/2173-09_english.pdf
2173-10,https://documents.gov.lk/view/extra-gazettes/2020/4/2173-10_E.pdf,doc-archive/2020/04/30/2173-10/2173-10_english.pdf
2173-11,https://documents.gov.lk/view/extra-gazettes/2020/4/2173-11_E.pdf,doc-archive/2020/04/30/2173-11/2173-11_english.pdf
2173-12,https://documents.gov.lk/view/extra-gazettes/2020/4/2173-12_E.pdf,doc-archive/2020/04/30/2173-12/2173-12_english.pdf
2173-13,https://documents.gov.lk/view/extra-gazettes/2020/4/2173-13_E.pdf,doc-archive/2020/04/30/2173-13/2173-13_english.pdf
2173-08,https://documents.gov.lk/view/extra-gazettes/2020/4/2173-08_E.pdf,doc-archive/2020/04/29/2173-08/2173-08_english.pdf
2173-05,https://documents.gov.lk/view/extra-gazettes/2020/4/2173-05_E.pdf,doc-archive/2020/04/28/2173-05/2173-05_english.pdf
2173-06,https://documents.gov.lk/view/extra-gazettes/2020/4/2173-06_E.pdf,doc-archive/2020/04/28/2173-06/2173-06_english.pdf
2173-07,https://documents.gov.lk/view/extra-gazettes/2020/4/2173-07_E.pdf,doc-archive/2020/04/28/2173-07/2173-07_english.pdf
2173-01,https://documents.gov.lk/view/extra-gazettes/2020/4/2173-01_E.pdf,doc-archive/2020/04/27/2173-01/2173-01_english.pdf
2173-02,https://documents.gov.lk/view/extra-gazettes/2020/4/2173-02_E.pdf,doc-archive/2020/04/27/2173-02/2173-02_english.pdf
2173-03,https://documents.gov.lk/view/extra-gazettes/2020/4/2173-03_E.pdf,doc-archive/2020/04/27/2173-03/2173-03_english.pdf
2173-04,https://documents.gov.lk/view/extra-gazettes/2020/4/2173-04_E.pdf,doc-archive/2020/04/27/2173-04/2173-04_english.pdf
2172-06,https://documents.gov.lk/view/extra-gazettes/2020/4/2172-06_E.pdf,doc-archive/2020/04/22/2172-06/2172-06_english.pdf
2172-07,https://documents.gov.lk/view/extra-gazettes/2020/4/2172-07_E.pdf,doc-archive/2020/04/22/2172-07/2172-07_english.pdf
2172-08,https://documents.gov.lk/view/extra-gazettes/2020/4/2172-08_E.pdf,doc-archive/2020/04/22/2172-08/2172-08_english.pdf
2172-09,https://documents.gov.lk/view/extra-gazettes/2020/4/2172-09_E.pdf,doc-archive/2020/04/22/2172-09/2172-09_english.pdf
2172-10,https://documents.gov.lk/view/extra-gazettes/2020/4/2172-10_E.pdf,doc-archive/2020/04/22/2172-10/2172-10_english.pdf
2172-05,https://documents.gov.lk/view/extra-gazettes/2020/4/2172-05_E.pdf,doc-archive/2020/04/21/2172-05/2172-05_english.pdf
2172-01,https://documents.gov.lk/view/extra-gazettes/2020/4/2172-01_E.pdf,doc-archive/2020/04/20/2172-01/2172-01_english.pdf
2172-02,https://documents.gov.lk/view/extra-gazettes/2020/4/2172-02_E.pdf,doc-archive/2020/04/20/2172-02/2172-02_english.pdf
2172-03,https://documents.gov.lk/view/extra-gazettes/2020/4/2172-03_E.pdf,doc-archive/2020/04/20/2172-03/2172-03_english.pdf
2171-02,https://documents.gov.lk/view/extra-gazettes/2020/4/2171-02_E.pdf,doc-archive/2020/04/16/2171-02/2171-02_english.pdf
2171-03,https://documents.gov.lk/view/extra-gazettes/2020/4/2171-03_E.pdf,doc-archive/2020/04/16/2171-03/2171-03_english.pdf
2171-05,https://documents.gov.lk/view/extra-gazettes/2020/4/2171-05_E.pdf,doc-archive/2020/04/16/2171-05/2171-05_english.pdf
2171-04,https://documents.gov.lk/view/extra-gazettes/2020/4/2171-04_E.pdf,doc-archive/2020/04/16/2171-04/2171-04_english.pdf
2171-06,https://documents.gov.lk/view/extra-gazettes/2020/4/2171-06_E.pdf,doc-archive/2020/04/16/2171-06/2171-06_english.pdf
2170-08,https://documents.gov.lk/view/extra-gazettes/2020/4/2170-08_E.pdf,doc-archive/2020/04/11/2170-08/2170-08_english.pdf
2171-01,https://documents.gov.lk/view/extra-gazettes/2020/4/2171-01_E.pdf,doc-archive/2020/04/13/2171-01/2171-01_english.pdf
2170-09,https://documents.gov.lk/view/extra-gazettes/2020/4/2170-09_E.pdf,doc-archive/2020/04/11/2170-09/2170-09_english.pdf
2170-07,https://documents.gov.lk/view/extra-gazettes/2020/4/2170-07_E.pdf,doc-archive/2020/04/10/2170-07/2170-07_english.pdf
2170-06,https://documents.gov.lk/view/extra-gazettes/2020/4/2170-06_E.pdf,doc-archive/2020/04/09/2170-06/2170-06_english.pdf
2170-05,https://documents.gov.lk/view/extra-gazettes/2020/4/2170-05_E.pdf,doc-archive/2020/04/09/2170-05/2170-05_english.pdf
2170-02,https://documents.gov.lk/view/extra-gazettes/2020/4/2170-02_E.pdf,doc-archive/2020/04/08/2170-02/2170-02_english.pdf
2170-03,https://documents.gov.lk/view/extra-gazettes/2020/4/2170-03_E.pdf,doc-archive/2020/04/08/2170-03/2170-03_english.pdf
2170-04,https://documents.gov.lk/view/extra-gazettes/2020/4/2170-04_E.pdf,doc-archive/2020/04/08/2170-04/2170-04_english.pdf
2170-01,https://documents.gov.lk/view/extra-gazettes/2020/4/2170-01_E.pdf,doc-archive/2020/04/06/2170-01/2170-01_english.pdf
2169-05,https://documents.gov.lk/view/extra-gazettes/2020/4/2169-05_E.pdf,doc-archive/2020/04/03/2169-05/2169-05_english.pdf
2169-03,https://documents.gov.lk/view/extra-gazettes/2020/4/2169-03_E.pdf,doc-archive/2020/04/02/2169-03/2169-03_english.pdf
2177-12,https://documents.gov.lk/view/extra-gazettes/2020/5/2177-12_E.pdf,doc-archive/2020/05/29/2177-12/2177-12_english.pdf
2177-13,https://documents.gov.lk/view/extra-gazettes/2020/5/2177-13_E.pdf,doc-archive/2020/05/29/2177-13/2177-13_english.pdf
2177-19,https://documents.gov.lk/view/extra-gazettes/2020/5/2177-19_E.pdf,doc-archive/2020/05/31/2177-19/2177-19_english.pdf
2177-14,https://documents.gov.lk/view/extra-gazettes/2020/5/2177-14_E.pdf,doc-archive/2020/05/29/2177-14/2177-14_english.pdf
2177-15,https://documents.gov.lk/view/extra-gazettes/2020/5/2177-15_E.pdf,doc-archive/2020/05/29/2177-15/2177-15_english.pdf
2177-16,https://documents.gov.lk/view/extra-gazettes/2020/5/2177-16_E.pdf,doc-archive/2020/05/29/2177-16/2177-16_english.pdf
2177-17,https://documents.gov.lk/view/extra-gazettes/2020/5/2177-17_E.pdf,doc-archive/2020/05/29/2177-17/2177-17_english.pdf
2177-18,https://documents.gov.lk/view/extra-gazettes/2020/5/2177-18_E.pdf,doc-archive/2020/05/29/2177-18/2177-18_english.pdf
2177-09,https://documents.gov.lk/view/extra-gazettes/2020/5/2177-09_E.pdf,doc-archive/2020/05/28/2177-09/2177-09_english.pdf
2177-10,https://documents.gov.lk/view/extra-gazettes/2020/5/2177-10_E.pdf,doc-archive/2020/05/28/2177-10/2177-10_english.pdf
2177-11,https://documents.gov.lk/view/extra-gazettes/2020/5/2177-11_E.pdf,doc-archive/2020/05/28/2177-11/2177-11_english.pdf
2177-08,https://documents.gov.lk/view/extra-gazettes/2020/5/2177-08_E.pdf,doc-archive/2020/05/27/2177-08/2177-08_english.pdf
2177-02,https://documents.gov.lk/view/extra-gazettes/2020/5/2177-02_E.pdf,doc-archive/2020/05/26/2177-02/2177-02_english.pdf
2177-03,https://documents.gov.lk/view/extra-gazettes/2020/5/2177-03_E.pdf,doc-archive/2020/05/26/2177-03/2177-03_english.pdf
2177-04,https://documents.gov.lk/view/extra-gazettes/2020/5/2177-04_E.pdf,doc-archive/2020/05/26/2177-04/2177-04_english.pdf
2177-05,https://documents.gov.lk/view/extra-gazettes/2020/5/2177-05_E.pdf,doc-archive/2020/05/26/2177-05/2177-05_english.pdf
2177-07,https://documents.gov.lk/view/extra-gazettes/2020/5/2177-07_E.pdf,doc-archive/2020/05/26/2177-07/2177-07_english.pdf
2177-01,https://documents.gov.lk/view/extra-gazettes/2020/5/2177-01_E.pdf,doc-archive/2020/05/25/2177-01/2177-01_english.pdf
2176-25,https://documents.gov.lk/view/extra-gazettes/2020/5/2176-25_E.pdf,doc-archive/2020/05/23/2176-25/2176-25_english.pdf
2176-26,https://documents.gov.lk/view/extra-gazettes/2020/5/2176-26_E.pdf,doc-archive/2020/05/23/2176-26/2176-26_english.pdf
2177-06,https://documents.gov.lk/view/extra-gazettes/2020/5/2177-06_E.pdf,doc-archive/2020/05/26/2177-06/2177-06_english.pdf
2176-20,https://documents.gov.lk/view/extra-gazettes/2020/5/2176-20_E.pdf,doc-archive/2020/05/22/2176-20/2176-20_english.pdf
2176-21,https://documents.gov.lk/view/extra-gazettes/2020/5/2176-21_E.pdf,doc-archive/2020/05/22/2176-21/2176-21_english.pdf
2176-22,https://documents.gov.lk/view/extra-gazettes/2020/5/2176-22_E.pdf,doc-archive/2020/05/22/2176-22/2176-22_english.pdf
2176-23,https://documents.gov.lk/view/extra-gazettes/2020/5/2176-23_E.pdf,doc-archive/2020/05/22/2176-23/2176-23_english.pdf
2176-24,https://documents.gov.lk/view/extra-gazettes/2020/5/2176-24_E.pdf,doc-archive/2020/05/22/2176-24/2176-24_english.pdf
2176-15,https://documents.gov.lk/view/extra-gazettes/2020/5/2176-15_E.pdf,doc-archive/2020/05/21/2176-15/2176-15_english.pdf
2176-19,https://documents.gov.lk/view/extra-gazettes/2020/5/2176-19_E.pdf,doc-archive/2020/05/22/2176-19/2176-19_english.pdf
2176-16,https://documents.gov.lk/view/extra-gazettes/2020/5/2176-16_E.pdf,doc-archive/2020/05/21/2176-16/2176-16_english.pdf
2176-18,https://documents.gov.lk/view/extra-gazettes/2020/5/2176-18_E.pdf,doc-archive/2020/05/21/2176-18/2176-18_english.pdf
2176-17,https://documents.gov.lk/view/extra-gazettes/2020/5/2176-17_E.pdf,doc-archive/2020/05/21/2176-17/2176-17_english.pdf
2176-13,https://documents.gov.lk/view/extra-gazettes/2020/5/2176-13_E.pdf,doc-archive/2020/05/20/2176-13/2176-13_english.pdf
2176-12,https://documents.gov.lk/view/extra-gazettes/2020/5/2176-12_E.pdf,doc-archive/2020/05/20/2176-12/2176-12_english.pdf
2176-14,https://documents.gov.lk/view/extra-gazettes/2020/5/2176-14_E.pdf,doc-archive/2020/05/20/2176-14/2176-14_english.pdf
2176-05,https://documents.gov.lk/view/extra-gazettes/2020/5/2176-05_E.pdf,doc-archive/2020/05/19/2176-05/2176-05_english.pdf
2176-06,https://documents.gov.lk/view/extra-gazettes/2020/5/2176-06_E.pdf,doc-archive/2020/05/19/2176-06/2176-06_english.pdf
2176-07,https://documents.gov.lk/view/extra-gazettes/2020/5/2176-07_E.pdf,doc-archive/2020/05/19/2176-07/2176-07_english.pdf
2176-09,https://documents.gov.lk/view/extra-gazettes/2020/5/2176-09_E.pdf,doc-archive/2020/05/19/2176-09/2176-09_english.pdf
2176-10,https://documents.gov.lk/view/extra-gazettes/2020/5/2176-10_E.pdf,doc-archive/2020/05/19/2176-10/2176-10_english.pdf
2176-08,https://documents.gov.lk/view/extra-gazettes/2020/5/2176-08_E.pdf,doc-archive/2020/05/19/2176-08/2176-08_english.pdf
2176-01,https://documents.gov.lk/view/extra-gazettes/2020/5/2176-01_E.pdf,doc-archive/2020/05/18/2176-01/2176-01_english.pdf
2176-02,https://documents.gov.lk/view/extra-gazettes/2020/5/2176-02_E.pdf,doc-archive/2020/05/18/2176-02/2176-02_english.pdf
2176-03,https://documents.gov.lk/view/extra-gazettes/2020/5/2176-03_E.pdf,doc-archive/2020/05/18/2176-03/2176-03_english.pdf
2176-04,https://documents.gov.lk/view/extra-gazettes/2020/5/2176-04_E.pdf,doc-archive/2020/05/18/2176-04/2176-04_english.pdf
2175-05,https://documents.gov.lk/view/extra-gazettes/2020/5/2175-05_E.pdf,doc-archive/2020/05/15/2175-05/2175-05_english.pdf
2175-03,https://documents.gov.lk/view/extra-gazettes/2020/5/2175-03_E.pdf,doc-archive/2020/05/14/2175-03/2175-03_english.pdf
2175-04,https://documents.gov.lk/view/extra-gazettes/2020/5/2175-04_E.pdf,doc-archive/2020/05/14/2175-04/2175-04_english.pdf
2175-02,https://documents.gov.lk/view/extra-gazettes/2020/5/2175-02_E.pdf,doc-archive/2020/05/12/2175-02/2175-02_english.pdf
2175-01,https://documents.gov.lk/view/extra-gazettes/2020/5/2175-01_E.pdf,doc-archive/2020/05/11/2175-01/2175-01_english.pdf
2174-07,https://documents.gov.lk/view/extra-gazettes/2020/5/2174-07_E.pdf,doc-archive/2020/05/07/2174-07/2174-07_english.pdf
2176-11,https://documents.gov.lk/view/extra-gazettes/2020/5/2176-11_E.pdf,doc-archive/2020/05/19/2176-11/2176-11_english.pdf
2174-04,https://documents.gov.lk/view/extra-gazettes/2020/5/2174-04_E.pdf,doc-archive/2020/05/06/2174-04/2174-04_english.pdf
2174-05,https://documents.gov.lk/view/extra-gazettes/2020/5/2174-05_E.pdf,doc-archive/2020/05/06/2174-05/2174-05_english.pdf
2174-03,https://documents.gov.lk/view/extra-gazettes/2020/5/2174-03_E.pdf,doc-archive/2020/05/05/2174-03/2174-03_english.pdf
2174-01,https://documents.gov.lk/view/extra-gazettes/2020/5/2174-01_E.pdf,doc-archive/2020/05/04/2174-01/2174-01_english.pdf
2174-02,https://documents.gov.lk/view/extra-gazettes/2020/5/2174-02_E.pdf,doc-archive/2020/05/04/2174-02/2174-02_english.pdf
2182-10,https://documents.gov.lk/view/extra-gazettes/2020/6/2182-10_E.pdf,doc-archive/2020/06/30/2182-10/2182-10_english.pdf
2182-11,https://documents.gov.lk/view/extra-gazettes/2020/6/2182-11_E.pdf,doc-archive/2020/06/30/2182-11/2182-11_english.pdf
2182-12,https://documents.gov.lk/view/extra-gazettes/2020/6/2182-12_E.pdf,doc-archive/2020/06/30/2182-12/2182-12_english.pdf
2182-13,https://documents.gov.lk/view/extra-gazettes/2020/6/2182-13_E.pdf,doc-archive/2020/06/30/2182-13/2182-13_english.pdf
2182-14,https://documents.gov.lk/view/extra-gazettes/2020/6/2182-14_E.pdf,doc-archive/2020/06/30/2182-14/2182-14_english.pdf
2182-15,https://documents.gov.lk/view/extra-gazettes/2020/6/2182-15_E.pdf,doc-archive/2020/06/30/2182-15/2182-15_english.pdf
2182-16,https://documents.gov.lk/view/extra-gazettes/2020/6/2182-16_E.pdf,doc-archive/2020/06/30/2182-16/2182-16_english.pdf
2182-17,https://documents.gov.lk/view/extra-gazettes/2020/6/2182-17_E.pdf,doc-archive/2020/06/30/2182-17/2182-17_english.pdf
2182-18,https://documents.gov.lk/view/extra-gazettes/2020/6/2182-18_E.pdf,doc-archive/2020/06/30/2182-18/2182-18_english.pdf
2182-19,https://documents.gov.lk/view/extra-gazettes/2020/6/2182-19_E.pdf,doc-archive/2020/06/30/2182-19/2182-19_english.pdf
2182-20,https://documents.gov.lk/view/extra-gazettes/2020/6/2182-20_E.pdf,doc-archive/2020/06/30/2182-20/2182-20_english.pdf
2182-21,https://documents.gov.lk/view/extra-gazettes/2020/6/2182-21_E.pdf,doc-archive/2020/06/30/2182-21/2182-21_english.pdf
2182-22,https://documents.gov.lk/view/extra-gazettes/2020/6/2182-22_E.pdf,doc-archive/2020/06/30/2182-22/2182-22_english.pdf
2182-01,https://documents.gov.lk/view/extra-gazettes/2020/6/2182-01_E.pdf,doc-archive/2020/06/29/2182-01/2182-01_english.pdf
2182-02,https://documents.gov.lk/view/extra-gazettes/2020/6/2182-02_E.pdf,doc-archive/2020/06/29/2182-02/2182-02_english.pdf
2182-03,https://documents.gov.lk/view/extra-gazettes/2020/6/2182-03_E.pdf,doc-archive/2020/06/29/2182-03/2182-03_english.pdf
2182-04,https://documents.gov.lk/view/extra-gazettes/2020/6/2182-04_E.pdf,doc-archive/2020/06/29/2182-04/2182-04_english.pdf
2182-05,https://documents.gov.lk/view/extra-gazettes/2020/6/2182-05_E.pdf,doc-archive/2020/06/29/2182-05/2182-05_english.pdf
2182-06,https://documents.gov.lk/view/extra-gazettes/2020/6/2182-06_E.pdf,doc-archive/2020/06/29/2182-06/2182-06_english.pdf
2182-07,https://documents.gov.lk/view/extra-gazettes/2020/6/2182-07_E.pdf,doc-archive/2020/06/29/2182-07/2182-07_english.pdf
2182-08,https://documents.gov.lk/view/extra-gazettes/2020/6/2182-08_E.pdf,doc-archive/2020/06/29/2182-08/2182-08_english.pdf
2182-09,https://documents.gov.lk/view/extra-gazettes/2020/6/2182-09_E.pdf,doc-archive/2020/06/29/2182-09/2182-09_english.pdf
2181-32,https://documents.gov.lk/view/extra-gazettes/2020/6/2181-32_E.pdf,doc-archive/2020/06/27/2181-32/2181-32_english.pdf
2181-23,https://documents.gov.lk/view/extra-gazettes/2020/6/2181-23_E.pdf,doc-archive/2020/06/26/2181-23/2181-23_english.pdf
2181-24,https://documents.gov.lk/view/extra-gazettes/2020/6/2181-24_E.pdf,doc-archive/2020/06/26/2181-24/2181-24_english.pdf
2181-25,https://documents.gov.lk/view/extra-gazettes/2020/6/2181-25_E.pdf,doc-archive/2020/06/26/2181-25/2181-25_english.pdf
2181-26,https://documents.gov.lk/view/extra-gazettes/2020/6/2181-26_E.pdf,doc-archive/2020/06/26/2181-26/2181-26_english.pdf
2181-27,https://documents.gov.lk/view/extra-gazettes/2020/6/2181-27_E.pdf,doc-archive/2020/06/26/2181-27/2181-27_english.pdf
2181-28,https://documents.gov.lk/view/extra-gazettes/2020/6/2181-28_E.pdf,doc-archive/2020/06/26/2181-28/2181-28_english.pdf
2181-30,https://documents.gov.lk/view/extra-gazettes/2020/6/2181-30_E.pdf,doc-archive/2020/06/26/2181-30/2181-30_english.pdf
2181-29,https://documents.gov.lk/view/extra-gazettes/2020/6/2181-29_E.pdf,doc-archive/2020/06/26/2181-29/2181-29_english.pdf
2181-31,https://documents.gov.lk/view/extra-gazettes/2020/6/2181-31_E.pdf,doc-archive/2020/06/26/2181-31/2181-31_english.pdf
2181-20,https://documents.gov.lk/view/extra-gazettes/2020/6/2181-20_E.pdf,doc-archive/2020/06/25/2181-20/2181-20_english.pdf
2181-21,https://documents.gov.lk/view/extra-gazettes/2020/6/2181-21_E.pdf,doc-archive/2020/06/25/2181-21/2181-21_english.pdf
2181-22,https://documents.gov.lk/view/extra-gazettes/2020/6/2181-22_E.pdf,doc-archive/2020/06/25/2181-22/2181-22_english.pdf
2181-13,https://documents.gov.lk/view/extra-gazettes/2020/6/2181-13_E.pdf,doc-archive/2020/06/24/2181-13/2181-13_english.pdf
2181-14,https://documents.gov.lk/view/extra-gazettes/2020/6/2181-14_E.pdf,doc-archive/2020/06/24/2181-14/2181-14_english.pdf
2181-15,https://documents.gov.lk/view/extra-gazettes/2020/6/2181-15_E.pdf,doc-archive/2020/06/24/2181-15/2181-15_english.pdf
2181-16,https://documents.gov.lk/view/extra-gazettes/2020/6/2181-16_E.pdf,doc-archive/2020/06/24/2181-16/2181-16_english.pdf
2181-17,https://documents.gov.lk/view/extra-gazettes/2020/6/2181-17_E.pdf,doc-archive/2020/06/24/2181-17/2181-17_english.pdf
2181-18,https://documents.gov.lk/view/extra-gazettes/2020/6/2181-18_E.pdf,doc-archive/2020/06/24/2181-18/2181-18_english.pdf
2181-19,https://documents.gov.lk/view/extra-gazettes/2020/6/2181-19_E.pdf,doc-archive/2020/06/24/2181-19/2181-19_english.pdf
2181-05,https://documents.gov.lk/view/extra-gazettes/2020/6/2181-05_E.pdf,doc-archive/2020/06/23/2181-05/2181-05_english.pdf
2181-07,https://documents.gov.lk/view/extra-gazettes/2020/6/2181-07_E.pdf,doc-archive/2020/06/23/2181-07/2181-07_english.pdf
2181-06,https://documents.gov.lk/view/extra-gazettes/2020/6/2181-06_E.pdf,doc-archive/2020/06/23/2181-06/2181-06_english.pdf
2181-08,https://documents.gov.lk/view/extra-gazettes/2020/6/2181-08_E.pdf,doc-archive/2020/06/23/2181-08/2181-08_english.pdf
2181-09,https://documents.gov.lk/view/extra-gazettes/2020/6/2181-09_E.pdf,doc-archive/2020/06/23/2181-09/2181-09_english.pdf
2181-10,https://documents.gov.lk/view/extra-gazettes/2020/6/2181-10_E.pdf,doc-archive/2020/06/23/2181-10/2181-10_english.pdf
2181-12,https://documents.gov.lk/view/extra-gazettes/2020/6/2181-12_E.pdf,doc-archive/2020/06/23/2181-12/2181-12_english.pdf
2181-01,https://documents.gov.lk/view/extra-gazettes/2020/6/2181-01_E.pdf,doc-archive/2020/06/22/2181-01/2181-01_english.pdf
2181-11,https://documents.gov.lk/view/extra-gazettes/2020/6/2181-11_E.pdf,doc-archive/2020/06/23/2181-11/2181-11_english.pdf
2181-02,https://documents.gov.lk/view/extra-gazettes/2020/6/2181-02_E.pdf,doc-archive/2020/06/22/2181-02/2181-02_english.pdf
2181-04,https://documents.gov.lk/view/extra-gazettes/2020/6/2181-04_E.pdf,doc-archive/2020/06/22/2181-04/2181-04_english.pdf
2180-40,https://documents.gov.lk/view/extra-gazettes/2020/6/2180-40_E.pdf,doc-archive/2020/06/21/2180-40/2180-40_english.pdf
2180-41,https://documents.gov.lk/view/extra-gazettes/2020/6/2180-41_E.pdf,doc-archive/2020/06/21/2180-41/2180-41_english.pdf
2181-03,https://documents.gov.lk/view/extra-gazettes/2020/6/2181-03_E.pdf,doc-archive/2020/06/22/2181-03/2181-03_english.pdf
2180-42,https://documents.gov.lk/view/extra-gazettes/2020/6/2180-42_E.pdf,doc-archive/2020/06/21/2180-42/2180-42_english.pdf
2180-43,https://documents.gov.lk/view/extra-gazettes/2020/6/2180-43_E.pdf,doc-archive/2020/06/21/2180-43/2180-43_english.pdf
2180-39,https://documents.gov.lk/view/extra-gazettes/2020/6/2180-39_E.pdf,doc-archive/2020/06/20/2180-39/2180-39_english.pdf
2180-33,https://documents.gov.lk/view/extra-gazettes/2020/6/2180-33_E.pdf,doc-archive/2020/06/19/2180-33/2180-33_english.pdf
2180-32,https://documents.gov.lk/view/extra-gazettes/2020/6/2180-32_E.pdf,doc-archive/2020/06/19/2180-32/2180-32_english.pdf
2180-34,https://documents.gov.lk/view/extra-gazettes/2020/6/2180-34_E.pdf,doc-archive/2020/06/19/2180-34/2180-34_english.pdf
2180-35,https://documents.gov.lk/view/extra-gazettes/2020/6/2180-35_E.pdf,doc-archive/2020/06/19/2180-35/2180-35_english.pdf
2180-37,https://documents.gov.lk/view/extra-gazettes/2020/6/2180-37_E.pdf,doc-archive/2020/06/19/2180-37/2180-37_english.pdf
2180-36,https://documents.gov.lk/view/extra-gazettes/2020/6/2180-36_E.pdf,doc-archive/2020/06/19/2180-36/2180-36_english.pdf
2180-38,https://documents.gov.lk/view/extra-gazettes/2020/6/2180-38_E.pdf,doc-archive/2020/06/19/2180-38/2180-38_english.pdf
2180-28,https://documents.gov.lk/view/extra-gazettes/2020/6/2180-28_E.pdf,doc-archive/2020/06/18/2180-28/2180-28_english.pdf
2180-27,https://documents.gov.lk/view/extra-gazettes/2020/6/2180-27_E.pdf,doc-archive/2020/06/18/2180-27/2180-27_english.pdf
2180-30,https://documents.gov.lk/view/extra-gazettes/2020/6/2180-30_E.pdf,doc-archive/2020/06/18/2180-30/2180-30_english.pdf
2180-29,https://documents.gov.lk/view/extra-gazettes/2020/6/2180-29_E.pdf,doc-archive/2020/06/18/2180-29/2180-29_english.pdf
2180-31,https://documents.gov.lk/view/extra-gazettes/2020/6/2180-31_E.pdf,doc-archive/2020/06/18/2180-31/2180-31_english.pdf
2180-20,https://documents.gov.lk/view/extra-gazettes/2020/6/2180-20_E.pdf,doc-archive/2020/06/17/2180-20/2180-20_english.pdf
2180-21,https://documents.gov.lk/view/extra-gazettes/2020/6/2180-21_E.pdf,doc-archive/2020/06/17/2180-21/2180-21_english.pdf
2180-22,https://documents.gov.lk/view/extra-gazettes/2020/6/2180-22_E.pdf,doc-archive/2020/06/17/2180-22/2180-22_english.pdf
2180-23,https://documents.gov.lk/view/extra-gazettes/2020/6/2180-23_E.pdf,doc-archive/2020/06/17/2180-23/2180-23_english.pdf
2180-25,https://documents.gov.lk/view/extra-gazettes/2020/6/2180-25_E.pdf,doc-archive/2020/06/17/2180-25/2180-25_english.pdf
2180-24,https://documents.gov.lk/view/extra-gazettes/2020/6/2180-24_E.pdf,doc-archive/2020/06/17/2180-24/2180-24_english.pdf
2180-26,https://documents.gov.lk/view/extra-gazettes/2020/6/2180-26_E.pdf,doc-archive/2020/06/17/2180-26/2180-26_english.pdf
2180-10,https://documents.gov.lk/view/extra-gazettes/2020/6/2180-10_E.pdf,doc-archive/2020/06/16/2180-10/2180-10_english.pdf
2180-11,https://documents.gov.lk/view/extra-gazettes/2020/6/2180-11_E.pdf,doc-archive/2020/06/16/2180-11/2180-11_english.pdf
2180-12,https://documents.gov.lk/view/extra-gazettes/2020/6/2180-12_E.pdf,doc-archive/2020/06/16/2180-12/2180-12_english.pdf
2180-13,https://documents.gov.lk/view/extra-gazettes/2020/6/2180-13_E.pdf,doc-archive/2020/06/16/2180-13/2180-13_english.pdf
2180-14,https://documents.gov.lk/view/extra-gazettes/2020/6/2180-14_E.pdf,doc-archive/2020/06/16/2180-14/2180-14_english.pdf
2180-15,https://documents.gov.lk/view/extra-gazettes/2020/6/2180-15_E.pdf,doc-archive/2020/06/16/2180-15/2180-15_english.pdf
2180-17,https://documents.gov.lk/view/extra-gazettes/2020/6/2180-17_E.pdf,doc-archive/2020/06/16/2180-17/2180-17_english.pdf
2180-18,https://documents.gov.lk/view/extra-gazettes/2020/6/2180-18_E.pdf,doc-archive/2020/06/16/2180-18/2180-18_english.pdf
2180-16,https://documents.gov.lk/view/extra-gazettes/2020/6/2180-16_E.pdf,doc-archive/2020/06/16/2180-16/2180-16_english.pdf
2180-19,https://documents.gov.lk/view/extra-gazettes/2020/6/2180-19_E.pdf,doc-archive/2020/06/16/2180-19/2180-19_english.pdf
2180-01,https://documents.gov.lk/view/extra-gazettes/2020/6/2180-01_E.pdf,doc-archive/2020/06/15/2180-01/2180-01_english.pdf
2180-02,https://documents.gov.lk/view/extra-gazettes/2020/6/2180-02_E.pdf,doc-archive/2020/06/15/2180-02/2180-02_english.pdf
2180-03,https://documents.gov.lk/view/extra-gazettes/2020/6/2180-03_E.pdf,doc-archive/2020/06/15/2180-03/2180-03_english.pdf
2180-04,https://documents.gov.lk/view/extra-gazettes/2020/6/2180-04_E.pdf,doc-archive/2020/06/15/2180-04/2180-04_english.pdf
2180-05,https://documents.gov.lk/view/extra-gazettes/2020/6/2180-05_E.pdf,doc-archive/2020/06/15/2180-05/2180-05_english.pdf
2180-06,https://documents.gov.lk/view/extra-gazettes/2020/6/2180-06_E.pdf,doc-archive/2020/06/15/2180-06/2180-06_english.pdf
2180-07,https://documents.gov.lk/view/extra-gazettes/2020/6/2180-07_E.pdf,doc-archive/2020/06/15/2180-07/2180-07_english.pdf
2180-08,https://documents.gov.lk/view/extra-gazettes/2020/6/2180-08_E.pdf,doc-archive/2020/06/15/2180-08/2180-08_english.pdf
2180-09,https://documents.gov.lk/view/extra-gazettes/2020/6/2180-09_E.pdf,doc-archive/2020/06/15/2180-09/2180-09_english.pdf
2179-22,https://documents.gov.lk/view/extra-gazettes/2020/6/2179-22_E.pdf,doc-archive/2020/06/12/2179-22/2179-22_english.pdf
2179-23,https://documents.gov.lk/view/extra-gazettes/2020/6/2179-23_E.pdf,doc-archive/2020/06/12/2179-23/2179-23_english.pdf
2179-25,https://documents.gov.lk/view/extra-gazettes/2020/6/2179-25_E.pdf,doc-archive/2020/06/12/2179-25/2179-25_english.pdf
2179-26,https://documents.gov.lk/view/extra-gazettes/2020/6/2179-26_E.pdf,doc-archive/2020/06/12/2179-26/2179-26_english.pdf
2179-24,https://documents.gov.lk/view/extra-gazettes/2020/6/2179-24_E.pdf,doc-archive/2020/06/12/2179-24/2179-24_english.pdf
2179-27,https://documents.gov.lk/view/extra-gazettes/2020/6/2179-27_E.pdf,doc-archive/2020/06/12/2179-27/2179-27_english.pdf
2179-28,https://documents.gov.lk/view/extra-gazettes/2020/6/2179-28_E.pdf,doc-archive/2020/06/12/2179-28/2179-28_english.pdf
2179-30,https://documents.gov.lk/view/extra-gazettes/2020/6/2179-30_E.pdf,doc-archive/2020/06/12/2179-30/2179-30_english.pdf
2179-29,https://documents.gov.lk/view/extra-gazettes/2020/6/2179-29_E.pdf,doc-archive/2020/06/12/2179-29/2179-29_english.pdf
2179-31,https://documents.gov.lk/view/extra-gazettes/2020/6/2179-31_E.pdf,doc-archive/2020/06/12/2179-31/2179-31_english.pdf
2179-32,https://documents.gov.lk/view/extra-gazettes/2020/6/2179-32_E.pdf,doc-archive/2020/06/12/2179-32/2179-32_english.pdf
2179-33,https://documents.gov.lk/view/extra-gazettes/2020/6/2179-33_E.pdf,doc-archive/2020/06/12/2179-33/2179-33_english.pdf
2179-35,https://documents.gov.lk/view/extra-gazettes/2020/6/2179-35_E.pdf,doc-archive/2020/06/12/2179-35/2179-35_english.pdf
2179-36,https://documents.gov.lk/view/extra-gazettes/2020/6/2179-36_E.pdf,doc-archive/2020/06/12/2179-36/2179-36_english.pdf
2179-34,https://documents.gov.lk/view/extra-gazettes/2020/6/2179-34_E.pdf,doc-archive/2020/06/12/2179-34/2179-34_english.pdf
2179-38,https://documents.gov.lk/view/extra-gazettes/2020/6/2179-38_E.pdf,doc-archive/2020/06/12/2179-38/2179-38_english.pdf
2179-39,https://documents.gov.lk/view/extra-gazettes/2020/6/2179-39_E.pdf,doc-archive/2020/06/12/2179-39/2179-39_english.pdf
2179-13,https://documents.gov.lk/view/extra-gazettes/2020/6/2179-13_E.pdf,doc-archive/2020/06/10/2179-13/2179-13_english.pdf
2179-37,https://documents.gov.lk/view/extra-gazettes/2020/6/2179-37_E.pdf,doc-archive/2020/06/12/2179-37/2179-37_english.pdf
2179-14,https://documents.gov.lk/view/extra-gazettes/2020/6/2179-14_E.pdf,doc-archive/2020/06/10/2179-14/2179-14_english.pdf
2179-15,https://documents.gov.lk/view/extra-gazettes/2020/6/2179-15_E.pdf,doc-archive/2020/06/10/2179-15/2179-15_english.pdf
2179-16,https://documents.gov.lk/view/extra-gazettes/2020/6/2179-16_E.pdf,doc-archive/2020/06/10/2179-16/2179-16_english.pdf
2179-17,https://documents.gov.lk/view/extra-gazettes/2020/6/2179-17_E.pdf,doc-archive/2020/06/10/2179-17/2179-17_english.pdf
2179-18,https://documents.gov.lk/view/extra-gazettes/2020/6/2179-18_E.pdf,doc-archive/2020/06/10/2179-18/2179-18_english.pdf
2179-19,https://documents.gov.lk/view/extra-gazettes/2020/6/2179-19_E.pdf,doc-archive/2020/06/10/2179-19/2179-19_english.pdf
2179-20,https://documents.gov.lk/view/extra-gazettes/2020/6/2179-20_E.pdf,doc-archive/2020/06/10/2179-20/2179-20_english.pdf
2179-21,https://documents.gov.lk/view/extra-gazettes/2020/6/2179-21_E.pdf,doc-archive/2020/06/10/2179-21/2179-21_english.pdf
2179-08,https://documents.gov.lk/view/extra-gazettes/2020/6/2179-08_E.pdf,doc-archive/2020/06/09/2179-08/2179-08_english.pdf
2179-09,https://documents.gov.lk/view/extra-gazettes/2020/6/2179-09_E.pdf,doc-archive/2020/06/09/2179-09/2179-09_english.pdf
2179-07,https://documents.gov.lk/view/extra-gazettes/2020/6/2179-07_E.pdf,doc-archive/2020/06/09/2179-07/2179-07_english.pdf
2179-10,https://documents.gov.lk/view/extra-gazettes/2020/6/2179-10_E.pdf,doc-archive/2020/06/09/2179-10/2179-10_english.pdf
2179-11,https://documents.gov.lk/view/extra-gazettes/2020/6/2179-11_E.pdf,doc-archive/2020/06/09/2179-11/2179-11_english.pdf
2179-12,https://documents.gov.lk/view/extra-gazettes/2020/6/2179-12_E.pdf,doc-archive/2020/06/09/2179-12/2179-12_english.pdf
2179-01,https://documents.gov.lk/view/extra-gazettes/2020/6/2179-01_E.pdf,doc-archive/2020/06/08/2179-01/2179-01_english.pdf
2179-02,https://documents.gov.lk/view/extra-gazettes/2020/6/2179-02_E.pdf,doc-archive/2020/06/08/2179-02/2179-02_english.pdf
2179-04,https://documents.gov.lk/view/extra-gazettes/2020/6/2179-04_E.pdf,doc-archive/2020/06/08/2179-04/2179-04_english.pdf
2179-05,https://documents.gov.lk/view/extra-gazettes/2020/6/2179-05_E.pdf,doc-archive/2020/06/08/2179-05/2179-05_english.pdf
2179-03,https://documents.gov.lk/view/extra-gazettes/2020/6/2179-03_E.pdf,doc-archive/2020/06/08/2179-03/2179-03_english.pdf
2179-06,https://documents.gov.lk/view/extra-gazettes/2020/6/2179-06_E.pdf,doc-archive/2020/06/08/2179-06/2179-06_english.pdf
2178-29,https://documents.gov.lk/view/extra-gazettes/2020/6/2178-29_E.pdf,doc-archive/2020/06/06/2178-29/2178-29_english.pdf
2178-27,https://documents.gov.lk/view/extra-gazettes/2020/6/2178-27_E.pdf,doc-archive/2020/06/04/2178-27/2178-27_english.pdf
2178-19,https://documents.gov.lk/view/extra-gazettes/2020/6/2178-19_E.pdf,doc-archive/2020/06/03/2178-19/2178-19_english.pdf
2178-28,https://documents.gov.lk/view/extra-gazettes/2020/6/2178-28_E.pdf,doc-archive/2020/06/04/2178-28/2178-28_english.pdf
2178-20,https://documents.gov.lk/view/extra-gazettes/2020/6/2178-20_E.pdf,doc-archive/2020/06/03/2178-20/2178-20_english.pdf
2178-22,https://documents.gov.lk/view/extra-gazettes/2020/6/2178-22_E.pdf,doc-archive/2020/06/03/2178-22/2178-22_english.pdf
2178-24,https://documents.gov.lk/view/extra-gazettes/2020/6/2178-24_E.pdf,doc-archive/2020/06/03/2178-24/2178-24_english.pdf
2178-25,https://documents.gov.lk/view/extra-gazettes/2020/6/2178-25_E.pdf,doc-archive/2020/06/03/2178-25/2178-25_english.pdf
2178-15,https://documents.gov.lk/view/extra-gazettes/2020/6/2178-15_E.pdf,doc-archive/2020/06/02/2178-15/2178-15_english.pdf
2178-21,https://documents.gov.lk/view/extra-gazettes/2020/6/2178-21_E.pdf,doc-archive/2020/06/03/2178-21/2178-21_english.pdf
2178-16,https://documents.gov.lk/view/extra-gazettes/2020/6/2178-16_E.pdf,doc-archive/2020/06/02/2178-16/2178-16_english.pdf
2178-17,https://documents.gov.lk/view/extra-gazettes/2020/6/2178-17_E.pdf,doc-archive/2020/06/02/2178-17/2178-17_english.pdf
2178-18,https://documents.gov.lk/view/extra-gazettes/2020/6/2178-18_E.pdf,doc-archive/2020/06/02/2178-18/2178-18_english.pdf
2178-01,https://documents.gov.lk/view/extra-gazettes/2020/6/2178-01_E.pdf,doc-archive/2020/06/01/2178-01/2178-01_english.pdf
2178-02,https://documents.gov.lk/view/extra-gazettes/2020/6/2178-02_E.pdf,doc-archive/2020/06/01/2178-02/2178-02_english.pdf
2178-04,https://documents.gov.lk/view/extra-gazettes/2020/6/2178-04_E.pdf,doc-archive/2020/06/01/2178-04/2178-04_english.pdf
2178-03,https://documents.gov.lk/view/extra-gazettes/2020/6/2178-03_E.pdf,doc-archive/2020/06/01/2178-03/2178-03_english.pdf
2178-05,https://documents.gov.lk/view/extra-gazettes/2020/6/2178-05_E.pdf,doc-archive/2020/06/01/2178-05/2178-05_english.pdf
2178-07,https://documents.gov.lk/view/extra-gazettes/2020/6/2178-07_E.pdf,doc-archive/2020/06/01/2178-07/2178-07_english.pdf
2178-08,https://documents.gov.lk/view/extra-gazettes/2020/6/2178-08_E.pdf,doc-archive/2020/06/01/2178-08/2178-08_english.pdf
2178-06,https://documents.gov.lk/view/extra-gazettes/2020/6/2178-06_E.pdf,doc-archive/2020/06/01/2178-06/2178-06_english.pdf
2178-09,https://documents.gov.lk/view/extra-gazettes/2020/6/2178-09_E.pdf,doc-archive/2020/06/01/2178-09/2178-09_english.pdf
2178-10,https://documents.gov.lk/view/extra-gazettes/2020/6/2178-10_E.pdf,doc-archive/2020/06/01/2178-10/2178-10_english.pdf
2178-11,https://documents.gov.lk/view/extra-gazettes/2020/6/2178-11_E.pdf,doc-archive/2020/06/01/2178-11/2178-11_english.pdf
2178-13,https://documents.gov.lk/view/extra-gazettes/2020/6/2178-13_E.pdf,doc-archive/2020/06/01/2178-13/2178-13_english.pdf
2178-12,https://documents.gov.lk/view/extra-gazettes/2020/6/2178-12_E.pdf,doc-archive/2020/06/01/2178-12/2178-12_english.pdf
2178-14,https://documents.gov.lk/view/extra-gazettes/2020/6/2178-14_E.pdf,doc-archive/2020/06/01/2178-14/2178-14_english.pdf
2186-30,https://documents.gov.lk/view/extra-gazettes/2020/7/2186-30_E.pdf,doc-archive/2020/07/31/2186-30/2186-30_english.pdf
2186-29,https://documents.gov.lk/view/extra-gazettes/2020/7/2186-29_E.pdf,doc-archive/2020/07/31/2186-29/2186-29_english.pdf
2186-32,https://documents.gov.lk/view/extra-gazettes/2020/7/2186-32_E.pdf,doc-archive/2020/07/31/2186-32/2186-32_english.pdf
2186-31,https://documents.gov.lk/view/extra-gazettes/2020/7/2186-31_E.pdf,doc-archive/2020/07/31/2186-31/2186-31_english.pdf
2186-33,https://documents.gov.lk/view/extra-gazettes/2020/7/2186-33_E.pdf,doc-archive/2020/07/31/2186-33/2186-33_english.pdf
2186-34,https://documents.gov.lk/view/extra-gazettes/2020/7/2186-34_E.pdf,doc-archive/2020/07/31/2186-34/2186-34_english.pdf
2186-35,https://documents.gov.lk/view/extra-gazettes/2020/7/2186-35_E.pdf,doc-archive/2020/07/31/2186-35/2186-35_english.pdf
2186-36,https://documents.gov.lk/view/extra-gazettes/2020/7/2186-36_E.pdf,doc-archive/2020/07/31/2186-36/2186-36_english.pdf
2186-38,https://documents.gov.lk/view/extra-gazettes/2020/7/2186-38_E.pdf,doc-archive/2020/07/31/2186-38/2186-38_english.pdf
2186-37,https://documents.gov.lk/view/extra-gazettes/2020/7/2186-37_E.pdf,doc-archive/2020/07/31/2186-37/2186-37_english.pdf
2186-39,https://documents.gov.lk/view/extra-gazettes/2020/7/2186-39_E.pdf,doc-archive/2020/07/31/2186-39/2186-39_english.pdf
2186-41,https://documents.gov.lk/view/extra-gazettes/2020/7/2186-41_E.pdf,doc-archive/2020/07/31/2186-41/2186-41_english.pdf
2186-42,https://documents.gov.lk/view/extra-gazettes/2020/7/2186-42_E.pdf,doc-archive/2020/07/31/2186-42/2186-42_english.pdf
2186-44,https://documents.gov.lk/view/extra-gazettes/2020/7/2186-44_E.pdf,doc-archive/2020/07/31/2186-44/2186-44_english.pdf
2186-45,https://documents.gov.lk/view/extra-gazettes/2020/7/2186-45_E.pdf,doc-archive/2020/07/31/2186-45/2186-45_english.pdf
2186-46,https://documents.gov.lk/view/extra-gazettes/2020/7/2186-46_E.pdf,doc-archive/2020/07/31/2186-46/2186-46_english.pdf
2186-43,https://documents.gov.lk/view/extra-gazettes/2020/7/2186-43_E.pdf,doc-archive/2020/07/31/2186-43/2186-43_english.pdf
2186-23,https://documents.gov.lk/view/extra-gazettes/2020/7/2186-23_E.pdf,doc-archive/2020/07/30/2186-23/2186-23_english.pdf
2186-25,https://documents.gov.lk/view/extra-gazettes/2020/7/2186-25_E.pdf,doc-archive/2020/07/30/2186-25/2186-25_english.pdf
2186-26,https://documents.gov.lk/view/extra-gazettes/2020/7/2186-26_E.pdf,doc-archive/2020/07/30/2186-26/2186-26_english.pdf
2186-27,https://documents.gov.lk/view/extra-gazettes/2020/7/2186-27_E.pdf,doc-archive/2020/07/30/2186-27/2186-27_english.pdf
2186-28,https://documents.gov.lk/view/extra-gazettes/2020/7/2186-28_E.pdf,doc-archive/2020/07/30/2186-28/2186-28_english.pdf
2186-16,https://documents.gov.lk/view/extra-gazettes/2020/7/2186-16_E.pdf,doc-archive/2020/07/29/2186-16/2186-16_english.pdf
2186-17,https://documents.gov.lk/view/extra-gazettes/2020/7/2186-17_E.pdf,doc-archive/2020/07/29/2186-17/2186-17_english.pdf
2186-18,https://documents.gov.lk/view/extra-gazettes/2020/7/2186-18_E.pdf,doc-archive/2020/07/29/2186-18/2186-18_english.pdf
2186-19,https://documents.gov.lk/view/extra-gazettes/2020/7/2186-19_E.pdf,doc-archive/2020/07/29/2186-19/2186-19_english.pdf
2186-20,https://documents.gov.lk/view/extra-gazettes/2020/7/2186-20_E.pdf,doc-archive/2020/07/29/2186-20/2186-20_english.pdf
2186-21,https://documents.gov.lk/view/extra-gazettes/2020/7/2186-21_E.pdf,doc-archive/2020/07/29/2186-21/2186-21_english.pdf
2186-11,https://documents.gov.lk/view/extra-gazettes/2020/7/2186-11_E.pdf,doc-archive/2020/07/28/2186-11/2186-11_english.pdf
2186-10,https://documents.gov.lk/view/extra-gazettes/2020/7/2186-10_E.pdf,doc-archive/2020/07/28/2186-10/2186-10_english.pdf
2186-12,https://documents.gov.lk/view/extra-gazettes/2020/7/2186-12_E.pdf,doc-archive/2020/07/28/2186-12/2186-12_english.pdf
2186-13,https://documents.gov.lk/view/extra-gazettes/2020/7/2186-13_E.pdf,doc-archive/2020/07/28/2186-13/2186-13_english.pdf
2186-14,https://documents.gov.lk/view/extra-gazettes/2020/7/2186-14_E.pdf,doc-archive/2020/07/28/2186-14/2186-14_english.pdf
2186-15,https://documents.gov.lk/view/extra-gazettes/2020/7/2186-15_E.pdf,doc-archive/2020/07/28/2186-15/2186-15_english.pdf
2186-01,https://documents.gov.lk/view/extra-gazettes/2020/7/2186-01_E.pdf,doc-archive/2020/07/27/2186-01/2186-01_english.pdf
2186-07,https://documents.gov.lk/view/extra-gazettes/2020/7/2186-07_E.pdf,doc-archive/2020/07/27/2186-07/2186-07_english.pdf
2186-08,https://documents.gov.lk/view/extra-gazettes/2020/7/2186-08_E.pdf,doc-archive/2020/07/27/2186-08/2186-08_english.pdf
2186-09,https://documents.gov.lk/view/extra-gazettes/2020/7/2186-09_E.pdf,doc-archive/2020/07/27/2186-09/2186-09_english.pdf
2185-68,https://documents.gov.lk/view/extra-gazettes/2020/7/2185-68_E.pdf,doc-archive/2020/07/24/2185-68/2185-68_english.pdf
2185-69,https://documents.gov.lk/view/extra-gazettes/2020/7/2185-69_E.pdf,doc-archive/2020/07/24/2185-69/2185-69_english.pdf
2185-70,https://documents.gov.lk/view/extra-gazettes/2020/7/2185-70_E.pdf,doc-archive/2020/07/24/2185-70/2185-70_english.pdf
2185-71,https://documents.gov.lk/view/extra-gazettes/2020/7/2185-71_E.pdf,doc-archive/2020/07/24/2185-71/2185-71_english.pdf
2185-72,https://documents.gov.lk/view/extra-gazettes/2020/7/2185-72_E.pdf,doc-archive/2020/07/24/2185-72/2185-72_english.pdf
2185-73,https://documents.gov.lk/view/extra-gazettes/2020/7/2185-73_E.pdf,doc-archive/2020/07/24/2185-73/2185-73_english.pdf
2185-74,https://documents.gov.lk/view/extra-gazettes/2020/7/2185-74_E.pdf,doc-archive/2020/07/24/2185-74/2185-74_english.pdf
2185-53,https://documents.gov.lk/view/extra-gazettes/2020/7/2185-53_E.pdf,doc-archive/2020/07/23/2185-53/2185-53_english.pdf
2185-52,https://documents.gov.lk/view/extra-gazettes/2020/7/2185-52_E.pdf,doc-archive/2020/07/23/2185-52/2185-52_english.pdf
2185-54,https://documents.gov.lk/view/extra-gazettes/2020/7/2185-54_E.pdf,doc-archive/2020/07/23/2185-54/2185-54_english.pdf
2185-60,https://documents.gov.lk/view/extra-gazettes/2020/7/2185-60_E.pdf,doc-archive/2020/07/23/2185-60/2185-60_english.pdf
2185-61,https://documents.gov.lk/view/extra-gazettes/2020/7/2185-61_E.pdf,doc-archive/2020/07/23/2185-61/2185-61_english.pdf
2185-62,https://documents.gov.lk/view/extra-gazettes/2020/7/2185-62_E.pdf,doc-archive/2020/07/23/2185-62/2185-62_english.pdf
2185-63,https://documents.gov.lk/view/extra-gazettes/2020/7/2185-63_E.pdf,doc-archive/2020/07/23/2185-63/2185-63_english.pdf
2185-64,https://documents.gov.lk/view/extra-gazettes/2020/7/2185-64_E.pdf,doc-archive/2020/07/23/2185-64/2185-64_english.pdf
2185-55,https://documents.gov.lk/view/extra-gazettes/2020/7/2185-55_E.pdf,doc-archive/2020/07/23/2185-55/2185-55_english.pdf
2185-66,https://documents.gov.lk/view/extra-gazettes/2020/7/2185-66_E.pdf,doc-archive/2020/07/23/2185-66/2185-66_english.pdf
2185-67,https://documents.gov.lk/view/extra-gazettes/2020/7/2185-67_E.pdf,doc-archive/2020/07/23/2185-67/2185-67_english.pdf
2185-42,https://documents.gov.lk/view/extra-gazettes/2020/7/2185-42_E.pdf,doc-archive/2020/07/22/2185-42/2185-42_english.pdf
2185-65,https://documents.gov.lk/view/extra-gazettes/2020/7/2185-65_E.pdf,doc-archive/2020/07/23/2185-65/2185-65_english.pdf
2185-43,https://documents.gov.lk/view/extra-gazettes/2020/7/2185-43_E.pdf,doc-archive/2020/07/22/2185-43/2185-43_english.pdf
2185-44,https://documents.gov.lk/view/extra-gazettes/2020/7/2185-44_E.pdf,doc-archive/2020/07/22/2185-44/2185-44_english.pdf
2185-46,https://documents.gov.lk/view/extra-gazettes/2020/7/2185-46_E.pdf,doc-archive/2020/07/22/2185-46/2185-46_english.pdf
2185-45,https://documents.gov.lk/view/extra-gazettes/2020/7/2185-45_E.pdf,doc-archive/2020/07/22/2185-45/2185-45_english.pdf
2185-47,https://documents.gov.lk/view/extra-gazettes/2020/7/2185-47_E.pdf,doc-archive/2020/07/22/2185-47/2185-47_english.pdf
2185-48,https://documents.gov.lk/view/extra-gazettes/2020/7/2185-48_E.pdf,doc-archive/2020/07/22/2185-48/2185-48_english.pdf
2185-49,https://documents.gov.lk/view/extra-gazettes/2020/7/2185-49_E.pdf,doc-archive/2020/07/22/2185-49/2185-49_english.pdf
2185-50,https://documents.gov.lk/view/extra-gazettes/2020/7/2185-50_E.pdf,doc-archive/2020/07/22/2185-50/2185-50_english.pdf
2185-51,https://documents.gov.lk/view/extra-gazettes/2020/7/2185-51_E.pdf,doc-archive/2020/07/22/2185-51/2185-51_english.pdf
2185-32,https://documents.gov.lk/view/extra-gazettes/2020/7/2185-32_E.pdf,doc-archive/2020/07/21/2185-32/2185-32_english.pdf
2185-33,https://documents.gov.lk/view/extra-gazettes/2020/7/2185-33_E.pdf,doc-archive/2020/07/21/2185-33/2185-33_english.pdf
2185-34,https://documents.gov.lk/view/extra-gazettes/2020/7/2185-34_E.pdf,doc-archive/2020/07/21/2185-34/2185-34_english.pdf
2185-35,https://documents.gov.lk/view/extra-gazettes/2020/7/2185-35_E.pdf,doc-archive/2020/07/21/2185-35/2185-35_english.pdf
2185-37,https://documents.gov.lk/view/extra-gazettes/2020/7/2185-37_E.pdf,doc-archive/2020/07/21/2185-37/2185-37_english.pdf
2185-38,https://documents.gov.lk/view/extra-gazettes/2020/7/2185-38_E.pdf,doc-archive/2020/07/21/2185-38/2185-38_english.pdf
2185-39,https://documents.gov.lk/view/extra-gazettes/2020/7/2185-39_E.pdf,doc-archive/2020/07/21/2185-39/2185-39_english.pdf
2185-40,https://documents.gov.lk/view/extra-gazettes/2020/7/2185-40_E.pdf,doc-archive/2020/07/21/2185-40/2185-40_english.pdf
2185-01,https://documents.gov.lk/view/extra-gazettes/2020/7/2185-01_E.pdf,doc-archive/2020/07/20/2185-01/2185-01_english.pdf
2185-41,https://documents.gov.lk/view/extra-gazettes/2020/7/2185-41_E.pdf,doc-archive/2020/07/21/2185-41/2185-41_english.pdf
2185-03,https://documents.gov.lk/view/extra-gazettes/2020/7/2185-03_E.pdf,doc-archive/2020/07/20/2185-03/2185-03_english.pdf
2185-02,https://documents.gov.lk/view/extra-gazettes/2020/7/2185-02_E.pdf,doc-archive/2020/07/20/2185-02/2185-02_english.pdf
2185-04,https://documents.gov.lk/view/extra-gazettes/2020/7/2185-04_E.pdf,doc-archive/2020/07/20/2185-04/2185-04_english.pdf
2185-06,https://documents.gov.lk/view/extra-gazettes/2020/7/2185-06_E.pdf,doc-archive/2020/07/20/2185-06/2185-06_english.pdf
2185-05,https://documents.gov.lk/view/extra-gazettes/2020/7/2185-05_E.pdf,doc-archive/2020/07/20/2185-05/2185-05_english.pdf
2185-07,https://documents.gov.lk/view/extra-gazettes/2020/7/2185-07_E.pdf,doc-archive/2020/07/20/2185-07/2185-07_english.pdf
2185-08,https://documents.gov.lk/view/extra-gazettes/2020/7/2185-08_E.pdf,doc-archive/2020/07/20/2185-08/2185-08_english.pdf
2185-09,https://documents.gov.lk/view/extra-gazettes/2020/7/2185-09_E.pdf,doc-archive/2020/07/20/2185-09/2185-09_english.pdf
2185-10,https://documents.gov.lk/view/extra-gazettes/2020/7/2185-10_E.pdf,doc-archive/2020/07/20/2185-10/2185-10_english.pdf
2185-12,https://documents.gov.lk/view/extra-gazettes/2020/7/2185-12_E.pdf,doc-archive/2020/07/20/2185-12/2185-12_english.pdf
2185-13,https://documents.gov.lk/view/extra-gazettes/2020/7/2185-13_E.pdf,doc-archive/2020/07/20/2185-13/2185-13_english.pdf
2185-14,https://documents.gov.lk/view/extra-gazettes/2020/7/2185-14_E.pdf,doc-archive/2020/07/20/2185-14/2185-14_english.pdf
2185-15,https://documents.gov.lk/view/extra-gazettes/2020/7/2185-15_E.pdf,doc-archive/2020/07/20/2185-15/2185-15_english.pdf
2185-16,https://documents.gov.lk/view/extra-gazettes/2020/7/2185-16_E.pdf,doc-archive/2020/07/20/2185-16/2185-16_english.pdf
2185-17,https://documents.gov.lk/view/extra-gazettes/2020/7/2185-17_E.pdf,doc-archive/2020/07/20/2185-17/2185-17_english.pdf
2185-18,https://documents.gov.lk/view/extra-gazettes/2020/7/2185-18_E.pdf,doc-archive/2020/07/20/2185-18/2185-18_english.pdf
2185-11,https://documents.gov.lk/view/extra-gazettes/2020/7/2185-11_E.pdf,doc-archive/2020/07/20/2185-11/2185-11_english.pdf
2185-19,https://documents.gov.lk/view/extra-gazettes/2020/7/2185-19_E.pdf,doc-archive/2020/07/20/2185-19/2185-19_english.pdf
2185-20,https://documents.gov.lk/view/extra-gazettes/2020/7/2185-20_E.pdf,doc-archive/2020/07/20/2185-20/2185-20_english.pdf
2185-21,https://documents.gov.lk/view/extra-gazettes/2020/7/2185-21_E.pdf,doc-archive/2020/07/20/2185-21/2185-21_english.pdf
2185-22,https://documents.gov.lk/view/extra-gazettes/2020/7/2185-22_E.pdf,doc-archive/2020/07/20/2185-22/2185-22_english.pdf
2185-24,https://documents.gov.lk/view/extra-gazettes/2020/7/2185-24_E.pdf,doc-archive/2020/07/20/2185-24/2185-24_english.pdf
2185-25,https://documents.gov.lk/view/extra-gazettes/2020/7/2185-25_E.pdf,doc-archive/2020/07/20/2185-25/2185-25_english.pdf
2185-23,https://documents.gov.lk/view/extra-gazettes/2020/7/2185-23_E.pdf,doc-archive/2020/07/20/2185-23/2185-23_english.pdf
2185-26,https://documents.gov.lk/view/extra-gazettes/2020/7/2185-26_E.pdf,doc-archive/2020/07/20/2185-26/2185-26_english.pdf
2185-28,https://documents.gov.lk/view/extra-gazettes/2020/7/2185-28_E.pdf,doc-archive/2020/07/20/2185-28/2185-28_english.pdf
2185-29,https://documents.gov.lk/view/extra-gazettes/2020/7/2185-29_E.pdf,doc-archive/2020/07/20/2185-29/2185-29_english.pdf
2185-27,https://documents.gov.lk/view/extra-gazettes/2020/7/2185-27_E.pdf,doc-archive/2020/07/20/2185-27/2185-27_english.pdf
2185-30,https://documents.gov.lk/view/extra-gazettes/2020/7/2185-30_E.pdf,doc-archive/2020/07/20/2185-30/2185-30_english.pdf
2185-31,https://documents.gov.lk/view/extra-gazettes/2020/7/2185-31_E.pdf,doc-archive/2020/07/20/2185-31/2185-31_english.pdf
2184-53,https://documents.gov.lk/view/extra-gazettes/2020/7/2184-53_E.pdf,doc-archive/2020/07/18/2184-53/2184-53_english.pdf
2184-34,https://documents.gov.lk/view/extra-gazettes/2020/7/2184-34_E.pdf,doc-archive/2020/07/17/2184-34/2184-34_english.pdf
2184-36,https://documents.gov.lk/view/extra-gazettes/2020/7/2184-36_E.pdf,doc-archive/2020/07/17/2184-36/2184-36_english.pdf
2184-35,https://documents.gov.lk/view/extra-gazettes/2020/7/2184-35_E.pdf,doc-archive/2020/07/17/2184-35/2184-35_english.pdf
2184-37,https://documents.gov.lk/view/extra-gazettes/2020/7/2184-37_E.pdf,doc-archive/2020/07/17/2184-37/2184-37_english.pdf
2184-39,https://documents.gov.lk/view/extra-gazettes/2020/7/2184-39_E.pdf,doc-archive/2020/07/17/2184-39/2184-39_english.pdf
2184-38,https://documents.gov.lk/view/extra-gazettes/2020/7/2184-38_E.pdf,doc-archive/2020/07/17/2184-38/2184-38_english.pdf
2184-40,https://documents.gov.lk/view/extra-gazettes/2020/7/2184-40_E.pdf,doc-archive/2020/07/17/2184-40/2184-40_english.pdf
2184-41,https://documents.gov.lk/view/extra-gazettes/2020/7/2184-41_E.pdf,doc-archive/2020/07/17/2184-41/2184-41_english.pdf
2184-42,https://documents.gov.lk/view/extra-gazettes/2020/7/2184-42_E.pdf,doc-archive/2020/07/17/2184-42/2184-42_english.pdf
2184-43,https://documents.gov.lk/view/extra-gazettes/2020/7/2184-43_E.pdf,doc-archive/2020/07/17/2184-43/2184-43_english.pdf
2184-44,https://documents.gov.lk/view/extra-gazettes/2020/7/2184-44_E.pdf,doc-archive/2020/07/17/2184-44/2184-44_english.pdf
2184-45,https://documents.gov.lk/view/extra-gazettes/2020/7/2184-45_E.pdf,doc-archive/2020/07/17/2184-45/2184-45_english.pdf
2184-47,https://documents.gov.lk/view/extra-gazettes/2020/7/2184-47_E.pdf,doc-archive/2020/07/17/2184-47/2184-47_english.pdf
2184-46,https://documents.gov.lk/view/extra-gazettes/2020/7/2184-46_E.pdf,doc-archive/2020/07/17/2184-46/2184-46_english.pdf
2184-48,https://documents.gov.lk/view/extra-gazettes/2020/7/2184-48_E.pdf,doc-archive/2020/07/17/2184-48/2184-48_english.pdf
2184-49,https://documents.gov.lk/view/extra-gazettes/2020/7/2184-49_E.pdf,doc-archive/2020/07/17/2184-49/2184-49_english.pdf
2184-50,https://documents.gov.lk/view/extra-gazettes/2020/7/2184-50_E.pdf,doc-archive/2020/07/17/2184-50/2184-50_english.pdf
2184-51,https://documents.gov.lk/view/extra-gazettes/2020/7/2184-51_E.pdf,doc-archive/2020/07/17/2184-51/2184-51_english.pdf
2184-52,https://documents.gov.lk/view/extra-gazettes/2020/7/2184-52_E.pdf,doc-archive/2020/07/17/2184-52/2184-52_english.pdf
2184-22,https://documents.gov.lk/view/extra-gazettes/2020/7/2184-22_E.pdf,doc-archive/2020/07/16/2184-22/2184-22_english.pdf
2184-23,https://documents.gov.lk/view/extra-gazettes/2020/7/2184-23_E.pdf,doc-archive/2020/07/16/2184-23/2184-23_english.pdf
2184-21,https://documents.gov.lk/view/extra-gazettes/2020/7/2184-21_E.pdf,doc-archive/2020/07/16/2184-21/2184-21_english.pdf
2184-24,https://documents.gov.lk/view/extra-gazettes/2020/7/2184-24_E.pdf,doc-archive/2020/07/16/2184-24/2184-24_english.pdf
2184-26,https://documents.gov.lk/view/extra-gazettes/2020/7/2184-26_E.pdf,doc-archive/2020/07/16/2184-26/2184-26_english.pdf
2184-27,https://documents.gov.lk/view/extra-gazettes/2020/7/2184-27_E.pdf,doc-archive/2020/07/16/2184-27/2184-27_english.pdf
2184-28,https://documents.gov.lk/view/extra-gazettes/2020/7/2184-28_E.pdf,doc-archive/2020/07/16/2184-28/2184-28_english.pdf
2184-29,https://documents.gov.lk/view/extra-gazettes/2020/7/2184-29_E.pdf,doc-archive/2020/07/16/2184-29/2184-29_english.pdf
2184-30,https://documents.gov.lk/view/extra-gazettes/2020/7/2184-30_E.pdf,doc-archive/2020/07/16/2184-30/2184-30_english.pdf
2184-31,https://documents.gov.lk/view/extra-gazettes/2020/7/2184-31_E.pdf,doc-archive/2020/07/16/2184-31/2184-31_english.pdf
2184-25,https://documents.gov.lk/view/extra-gazettes/2020/7/2184-25_E.pdf,doc-archive/2020/07/16/2184-25/2184-25_english.pdf
2184-33,https://documents.gov.lk/view/extra-gazettes/2020/7/2184-33_E.pdf,doc-archive/2020/07/16/2184-33/2184-33_english.pdf
2184-13,https://documents.gov.lk/view/extra-gazettes/2020/7/2184-13_E.pdf,doc-archive/2020/07/15/2184-13/2184-13_english.pdf
2184-32,https://documents.gov.lk/view/extra-gazettes/2020/7/2184-32_E.pdf,doc-archive/2020/07/16/2184-32/2184-32_english.pdf
2184-14,https://documents.gov.lk/view/extra-gazettes/2020/7/2184-14_E.pdf,doc-archive/2020/07/15/2184-14/2184-14_english.pdf
2184-15,https://documents.gov.lk/view/extra-gazettes/2020/7/2184-15_E.pdf,doc-archive/2020/07/15/2184-15/2184-15_english.pdf
2184-16,https://documents.gov.lk/view/extra-gazettes/2020/7/2184-16_E.pdf,doc-archive/2020/07/15/2184-16/2184-16_english.pdf
2184-18,https://documents.gov.lk/view/extra-gazettes/2020/7/2184-18_E.pdf,doc-archive/2020/07/15/2184-18/2184-18_english.pdf
2184-19,https://documents.gov.lk/view/extra-gazettes/2020/7/2184-19_E.pdf,doc-archive/2020/07/15/2184-19/2184-19_english.pdf
2184-11,https://documents.gov.lk/view/extra-gazettes/2020/7/2184-11_E.pdf,doc-archive/2020/07/14/2184-11/2184-11_english.pdf
2184-17,https://documents.gov.lk/view/extra-gazettes/2020/7/2184-17_E.pdf,doc-archive/2020/07/15/2184-17/2184-17_english.pdf
2184-12,https://documents.gov.lk/view/extra-gazettes/2020/7/2184-12_E.pdf,doc-archive/2020/07/14/2184-12/2184-12_english.pdf
2184-01,https://documents.gov.lk/view/extra-gazettes/2020/7/2184-01_E.pdf,doc-archive/2020/07/13/2184-01/2184-01_english.pdf
2184-02,https://documents.gov.lk/view/extra-gazettes/2020/7/2184-02_E.pdf,doc-archive/2020/07/13/2184-02/2184-02_english.pdf
2184-03,https://documents.gov.lk/view/extra-gazettes/2020/7/2184-03_E.pdf,doc-archive/2020/07/13/2184-03/2184-03_english.pdf
2184-04,https://documents.gov.lk/view/extra-gazettes/2020/7/2184-04_E.pdf,doc-archive/2020/07/13/2184-04/2184-04_english.pdf
2184-05,https://documents.gov.lk/view/extra-gazettes/2020/7/2184-05_E.pdf,doc-archive/2020/07/13/2184-05/2184-05_english.pdf
2184-07,https://documents.gov.lk/view/extra-gazettes/2020/7/2184-07_E.pdf,doc-archive/2020/07/13/2184-07/2184-07_english.pdf
2184-06,https://documents.gov.lk/view/extra-gazettes/2020/7/2184-06_E.pdf,doc-archive/2020/07/13/2184-06/2184-06_english.pdf
2184-08,https://documents.gov.lk/view/extra-gazettes/2020/7/2184-08_E.pdf,doc-archive/2020/07/13/2184-08/2184-08_english.pdf
2184-09,https://documents.gov.lk/view/extra-gazettes/2020/7/2184-09_E.pdf,doc-archive/2020/07/13/2184-09/2184-09_english.pdf
2184-10,https://documents.gov.lk/view/extra-gazettes/2020/7/2184-10_E.pdf,doc-archive/2020/07/13/2184-10/2184-10_english.pdf
2183-44,https://documents.gov.lk/view/extra-gazettes/2020/7/2183-44_E.pdf,doc-archive/2020/07/10/2183-44/2183-44_english.pdf
2183-45,https://documents.gov.lk/view/extra-gazettes/2020/7/2183-45_E.pdf,doc-archive/2020/07/10/2183-45/2183-45_english.pdf
2183-46,https://documents.gov.lk/view/extra-gazettes/2020/7/2183-46_E.pdf,doc-archive/2020/07/10/2183-46/2183-46_english.pdf
2183-48,https://documents.gov.lk/view/extra-gazettes/2020/7/2183-48_E.pdf,doc-archive/2020/07/10/2183-48/2183-48_english.pdf
2183-49,https://documents.gov.lk/view/extra-gazettes/2020/7/2183-49_E.pdf,doc-archive/2020/07/10/2183-49/2183-49_english.pdf
2183-50,https://documents.gov.lk/view/extra-gazettes/2020/7/2183-50_E.pdf,doc-archive/2020/07/10/2183-50/2183-50_english.pdf
2183-51,https://documents.gov.lk/view/extra-gazettes/2020/7/2183-51_E.pdf,doc-archive/2020/07/10/2183-51/2183-51_english.pdf
2183-52,https://documents.gov.lk/view/extra-gazettes/2020/7/2183-52_E.pdf,doc-archive/2020/07/10/2183-52/2183-52_english.pdf
2183-34,https://documents.gov.lk/view/extra-gazettes/2020/7/2183-34_E.pdf,doc-archive/2020/07/09/2183-34/2183-34_english.pdf
2183-36,https://documents.gov.lk/view/extra-gazettes/2020/7/2183-36_E.pdf,doc-archive/2020/07/09/2183-36/2183-36_english.pdf
2183-35,https://documents.gov.lk/view/extra-gazettes/2020/7/2183-35_E.pdf,doc-archive/2020/07/09/2183-35/2183-35_english.pdf
2183-37,https://documents.gov.lk/view/extra-gazettes/2020/7/2183-37_E.pdf,doc-archive/2020/07/09/2183-37/2183-37_english.pdf
2183-38,https://documents.gov.lk/view/extra-gazettes/2020/7/2183-38_E.pdf,doc-archive/2020/07/09/2183-38/2183-38_english.pdf
2183-39,https://documents.gov.lk/view/extra-gazettes/2020/7/2183-39_E.pdf,doc-archive/2020/07/09/2183-39/2183-39_english.pdf
2183-40,https://documents.gov.lk/view/extra-gazettes/2020/7/2183-40_E.pdf,doc-archive/2020/07/09/2183-40/2183-40_english.pdf
2183-41,https://documents.gov.lk/view/extra-gazettes/2020/7/2183-41_E.pdf,doc-archive/2020/07/09/2183-41/2183-41_english.pdf
2183-42,https://documents.gov.lk/view/extra-gazettes/2020/7/2183-42_E.pdf,doc-archive/2020/07/09/2183-42/2183-42_english.pdf
2183-43,https://documents.gov.lk/view/extra-gazettes/2020/7/2183-43_E.pdf,doc-archive/2020/07/09/2183-43/2183-43_english.pdf
2183-25,https://documents.gov.lk/view/extra-gazettes/2020/7/2183-25_E.pdf,doc-archive/2020/07/08/2183-25/2183-25_english.pdf
2183-24,https://documents.gov.lk/view/extra-gazettes/2020/7/2183-24_E.pdf,doc-archive/2020/07/08/2183-24/2183-24_english.pdf
2183-26,https://documents.gov.lk/view/extra-gazettes/2020/7/2183-26_E.pdf,doc-archive/2020/07/08/2183-26/2183-26_english.pdf
2183-27,https://documents.gov.lk/view/extra-gazettes/2020/7/2183-27_E.pdf,doc-archive/2020/07/08/2183-27/2183-27_english.pdf
2183-28,https://documents.gov.lk/view/extra-gazettes/2020/7/2183-28_E.pdf,doc-archive/2020/07/08/2183-28/2183-28_english.pdf
2183-29,https://documents.gov.lk/view/extra-gazettes/2020/7/2183-29_E.pdf,doc-archive/2020/07/08/2183-29/2183-29_english.pdf
2183-30,https://documents.gov.lk/view/extra-gazettes/2020/7/2183-30_E.pdf,doc-archive/2020/07/08/2183-30/2183-30_english.pdf
2183-31,https://documents.gov.lk/view/extra-gazettes/2020/7/2183-31_E.pdf,doc-archive/2020/07/08/2183-31/2183-31_english.pdf
2183-32,https://documents.gov.lk/view/extra-gazettes/2020/7/2183-32_E.pdf,doc-archive/2020/07/08/2183-32/2183-32_english.pdf
2183-21,https://documents.gov.lk/view/extra-gazettes/2020/7/2183-21_E.pdf,doc-archive/2020/07/07/2183-21/2183-21_english.pdf
2183-33,https://documents.gov.lk/view/extra-gazettes/2020/7/2183-33_E.pdf,doc-archive/2020/07/08/2183-33/2183-33_english.pdf
2183-22,https://documents.gov.lk/view/extra-gazettes/2020/7/2183-22_E.pdf,doc-archive/2020/07/07/2183-22/2183-22_english.pdf
2183-23,https://documents.gov.lk/view/extra-gazettes/2020/7/2183-23_E.pdf,doc-archive/2020/07/07/2183-23/2183-23_english.pdf
2183-01,https://documents.gov.lk/view/extra-gazettes/2020/7/2183-01_E.pdf,doc-archive/2020/07/06/2183-01/2183-01_english.pdf
2183-02,https://documents.gov.lk/view/extra-gazettes/2020/7/2183-02_E.pdf,doc-archive/2020/07/06/2183-02/2183-02_english.pdf
2183-03,https://documents.gov.lk/view/extra-gazettes/2020/7/2183-03_E.pdf,doc-archive/2020/07/06/2183-03/2183-03_english.pdf
2183-04,https://documents.gov.lk/view/extra-gazettes/2020/7/2183-04_E.pdf,doc-archive/2020/07/06/2183-04/2183-04_english.pdf
2183-05,https://documents.gov.lk/view/extra-gazettes/2020/7/2183-05_E.pdf,doc-archive/2020/07/06/2183-05/2183-05_english.pdf
2183-06,https://documents.gov.lk/view/extra-gazettes/2020/7/2183-06_E.pdf,doc-archive/2020/07/06/2183-06/2183-06_english.pdf
2183-07,https://documents.gov.lk/view/extra-gazettes/2020/7/2183-07_E.pdf,doc-archive/2020/07/06/2183-07/2183-07_english.pdf
2183-08,https://documents.gov.lk/view/extra-gazettes/2020/7/2183-08_E.pdf,doc-archive/2020/07/06/2183-08/2183-08_english.pdf
2183-09,https://documents.gov.lk/view/extra-gazettes/2020/7/2183-09_E.pdf,doc-archive/2020/07/06/2183-09/2183-09_english.pdf
2183-10,https://documents.gov.lk/view/extra-gazettes/2020/7/2183-10_E.pdf,doc-archive/2020/07/06/2183-10/2183-10_english.pdf
2183-11,https://documents.gov.lk/view/extra-gazettes/2020/7/2183-11_E.pdf,doc-archive/2020/07/06/2183-11/2183-11_english.pdf
2183-12,https://documents.gov.lk/view/extra-gazettes/2020/7/2183-12_E.pdf,doc-archive/2020/07/06/2183-12/2183-12_english.pdf
2183-13,https://documents.gov.lk/view/extra-gazettes/2020/7/2183-13_E.pdf,doc-archive/2020/07/06/2183-13/2183-13_english.pdf
2183-14,https://documents.gov.lk/view/extra-gazettes/2020/7/2183-14_E.pdf,doc-archive/2020/07/06/2183-14/2183-14_english.pdf
2183-16,https://documents.gov.lk/view/extra-gazettes/2020/7/2183-16_E.pdf,doc-archive/2020/07/06/2183-16/2183-16_english.pdf
2183-17,https://documents.gov.lk/view/extra-gazettes/2020/7/2183-17_E.pdf,doc-archive/2020/07/06/2183-17/2183-17_english.pdf
2183-18,https://documents.gov.lk/view/extra-gazettes/2020/7/2183-18_E.pdf,doc-archive/2020/07/06/2183-18/2183-18_english.pdf
2183-19,https://documents.gov.lk/view/extra-gazettes/2020/7/2183-19_E.pdf,doc-archive/2020/07/06/2183-19/2183-19_english.pdf
2183-20,https://documents.gov.lk/view/extra-gazettes/2020/7/2183-20_E.pdf,doc-archive/2020/07/06/2183-20/2183-20_english.pdf
2182-40,https://documents.gov.lk/view/extra-gazettes/2020/7/2182-40_E.pdf,doc-archive/2020/07/03/2182-40/2182-40_english.pdf
2182-41,https://documents.gov.lk/view/extra-gazettes/2020/7/2182-41_E.pdf,doc-archive/2020/07/03/2182-41/2182-41_english.pdf
2182-42,https://documents.gov.lk/view/extra-gazettes/2020/7/2182-42_E.pdf,doc-archive/2020/07/03/2182-42/2182-42_english.pdf
2182-39,https://documents.gov.lk/view/extra-gazettes/2020/7/2182-39_E.pdf,doc-archive/2020/07/03/2182-39/2182-39_english.pdf
2182-43,https://documents.gov.lk/view/extra-gazettes/2020/7/2182-43_E.pdf,doc-archive/2020/07/03/2182-43/2182-43_english.pdf
2182-44,https://documents.gov.lk/view/extra-gazettes/2020/7/2182-44_E.pdf,doc-archive/2020/07/03/2182-44/2182-44_english.pdf
2182-45,https://documents.gov.lk/view/extra-gazettes/2020/7/2182-45_E.pdf,doc-archive/2020/07/03/2182-45/2182-45_english.pdf
2182-46,https://documents.gov.lk/view/extra-gazettes/2020/7/2182-46_E.pdf,doc-archive/2020/07/03/2182-46/2182-46_english.pdf
2182-47,https://documents.gov.lk/view/extra-gazettes/2020/7/2182-47_E.pdf,doc-archive/2020/07/03/2182-47/2182-47_english.pdf
2182-48,https://documents.gov.lk/view/extra-gazettes/2020/7/2182-48_E.pdf,doc-archive/2020/07/03/2182-48/2182-48_english.pdf
2182-49,https://documents.gov.lk/view/extra-gazettes/2020/7/2182-49_E.pdf,doc-archive/2020/07/03/2182-49/2182-49_english.pdf
2182-37,https://documents.gov.lk/view/extra-gazettes/2020/7/2182-37_E.pdf,doc-archive/2020/07/02/2182-37/2182-37_english.pdf
2182-38,https://documents.gov.lk/view/extra-gazettes/2020/7/2182-38_E.pdf,doc-archive/2020/07/02/2182-38/2182-38_english.pdf
2182-23,https://documents.gov.lk/view/extra-gazettes/2020/7/2182-23_E.pdf,doc-archive/2020/07/01/2182-23/2182-23_english.pdf
2182-24,https://documents.gov.lk/view/extra-gazettes/2020/7/2182-24_E.pdf,doc-archive/2020/07/01/2182-24/2182-24_english.pdf
2182-26,https://documents.gov.lk/view/extra-gazettes/2020/7/2182-26_E.pdf,doc-archive/2020/07/01/2182-26/2182-26_english.pdf
2182-25,https://documents.gov.lk/view/extra-gazettes/2020/7/2182-25_E.pdf,doc-archive/2020/07/01/2182-25/2182-25_english.pdf
2182-27,https://documents.gov.lk/view/extra-gazettes/2020/7/2182-27_E.pdf,doc-archive/2020/07/01/2182-27/2182-27_english.pdf
2182-28,https://documents.gov.lk/view/extra-gazettes/2020/7/2182-28_E.pdf,doc-archive/2020/07/01/2182-28/2182-28_english.pdf
2182-29,https://documents.gov.lk/view/extra-gazettes/2020/7/2182-29_E.pdf,doc-archive/2020/07/01/2182-29/2182-29_english.pdf
2182-30,https://documents.gov.lk/view/extra-gazettes/2020/7/2182-30_E.pdf,doc-archive/2020/07/01/2182-30/2182-30_english.pdf
2182-32,https://documents.gov.lk/view/extra-gazettes/2020/7/2182-32_E.pdf,doc-archive/2020/07/01/2182-32/2182-32_english.pdf
2182-33,https://documents.gov.lk/view/extra-gazettes/2020/7/2182-33_E.pdf,doc-archive/2020/07/01/2182-33/2182-33_english.pdf
2182-31,https://documents.gov.lk/view/extra-gazettes/2020/7/2182-31_E.pdf,doc-archive/2020/07/01/2182-31/2182-31_english.pdf
2182-35,https://documents.gov.lk/view/extra-gazettes/2020/7/2182-35_E.pdf,doc-archive/2020/07/01/2182-35/2182-35_english.pdf
2182-36,https://documents.gov.lk/view/extra-gazettes/2020/7/2182-36_E.pdf,doc-archive/2020/07/01/2182-36/2182-36_english.pdf
2182-34,https://documents.gov.lk/view/extra-gazettes/2020/7/2182-34_E.pdf,doc-archive/2020/07/01/2182-34/2182-34_english.pdf
2191-01,https://documents.gov.lk/view/extra-gazettes/2020/8/2191-01_E.pdf,doc-archive/2020/08/31/2191-01/2191-01_english.pdf
2191-02,https://documents.gov.lk/view/extra-gazettes/2020/8/2191-02_E.pdf,doc-archive/2020/08/31/2191-02/2191-02_english.pdf
2191-03,https://documents.gov.lk/view/extra-gazettes/2020/8/2191-03_E.pdf,doc-archive/2020/08/31/2191-03/2191-03_english.pdf
2191-05,https://documents.gov.lk/view/extra-gazettes/2020/8/2191-05_E.pdf,doc-archive/2020/08/31/2191-05/2191-05_english.pdf
2191-04,https://documents.gov.lk/view/extra-gazettes/2020/8/2191-04_E.pdf,doc-archive/2020/08/31/2191-04/2191-04_english.pdf
2191-06,https://documents.gov.lk/view/extra-gazettes/2020/8/2191-06_E.pdf,doc-archive/2020/08/31/2191-06/2191-06_english.pdf
2191-07,https://documents.gov.lk/view/extra-gazettes/2020/8/2191-07_E.pdf,doc-archive/2020/08/31/2191-07/2191-07_english.pdf
2191-09,https://documents.gov.lk/view/extra-gazettes/2020/8/2191-09_E.pdf,doc-archive/2020/08/31/2191-09/2191-09_english.pdf
2191-08,https://documents.gov.lk/view/extra-gazettes/2020/8/2191-08_E.pdf,doc-archive/2020/08/31/2191-08/2191-08_english.pdf
2191-10,https://documents.gov.lk/view/extra-gazettes/2020/8/2191-10_E.pdf,doc-archive/2020/08/31/2191-10/2191-10_english.pdf
2191-11,https://documents.gov.lk/view/extra-gazettes/2020/8/2191-11_E.pdf,doc-archive/2020/08/31/2191-11/2191-11_english.pdf
2190-40,https://documents.gov.lk/view/extra-gazettes/2020/8/2190-40_E.pdf,doc-archive/2020/08/28/2190-40/2190-40_english.pdf
2190-39,https://documents.gov.lk/view/extra-gazettes/2020/8/2190-39_E.pdf,doc-archive/2020/08/28/2190-39/2190-39_english.pdf
2190-41,https://documents.gov.lk/view/extra-gazettes/2020/8/2190-41_E.pdf,doc-archive/2020/08/28/2190-41/2190-41_english.pdf
2190-43,https://documents.gov.lk/view/extra-gazettes/2020/8/2190-43_E.pdf,doc-archive/2020/08/28/2190-43/2190-43_english.pdf
2190-44,https://documents.gov.lk/view/extra-gazettes/2020/8/2190-44_E.pdf,doc-archive/2020/08/28/2190-44/2190-44_english.pdf
2190-45,https://documents.gov.lk/view/extra-gazettes/2020/8/2190-45_E.pdf,doc-archive/2020/08/28/2190-45/2190-45_english.pdf
2190-46,https://documents.gov.lk/view/extra-gazettes/2020/8/2190-46_E.pdf,doc-archive/2020/08/28/2190-46/2190-46_english.pdf
2190-42,https://documents.gov.lk/view/extra-gazettes/2020/8/2190-42_E.pdf,doc-archive/2020/08/28/2190-42/2190-42_english.pdf
2190-48,https://documents.gov.lk/view/extra-gazettes/2020/8/2190-48_E.pdf,doc-archive/2020/08/28/2190-48/2190-48_english.pdf
2190-47,https://documents.gov.lk/view/extra-gazettes/2020/8/2190-47_E.pdf,doc-archive/2020/08/28/2190-47/2190-47_english.pdf
2190-50,https://documents.gov.lk/view/extra-gazettes/2020/8/2190-50_E.pdf,doc-archive/2020/08/28/2190-50/2190-50_english.pdf
2190-51,https://documents.gov.lk/view/extra-gazettes/2020/8/2190-51_E.pdf,doc-archive/2020/08/28/2190-51/2190-51_english.pdf
2190-49,https://documents.gov.lk/view/extra-gazettes/2020/8/2190-49_E.pdf,doc-archive/2020/08/28/2190-49/2190-49_english.pdf
2190-52,https://documents.gov.lk/view/extra-gazettes/2020/8/2190-52_E.pdf,doc-archive/2020/08/28/2190-52/2190-52_english.pdf
2190-29,https://documents.gov.lk/view/extra-gazettes/2020/8/2190-29_E.pdf,doc-archive/2020/08/27/2190-29/2190-29_english.pdf
2190-30,https://documents.gov.lk/view/extra-gazettes/2020/8/2190-30_E.pdf,doc-archive/2020/08/27/2190-30/2190-30_english.pdf
2190-31,https://documents.gov.lk/view/extra-gazettes/2020/8/2190-31_E.pdf,doc-archive/2020/08/27/2190-31/2190-31_english.pdf
2190-32,https://documents.gov.lk/view/extra-gazettes/2020/8/2190-32_E.pdf,doc-archive/2020/08/27/2190-32/2190-32_english.pdf
2190-33,https://documents.gov.lk/view/extra-gazettes/2020/8/2190-33_E.pdf,doc-archive/2020/08/27/2190-33/2190-33_english.pdf
2190-34,https://documents.gov.lk/view/extra-gazettes/2020/8/2190-34_E.pdf,doc-archive/2020/08/27/2190-34/2190-34_english.pdf
2190-35,https://documents.gov.lk/view/extra-gazettes/2020/8/2190-35_E.pdf,doc-archive/2020/08/27/2190-35/2190-35_english.pdf
2190-36,https://documents.gov.lk/view/extra-gazettes/2020/8/2190-36_E.pdf,doc-archive/2020/08/27/2190-36/2190-36_english.pdf
2190-37,https://documents.gov.lk/view/extra-gazettes/2020/8/2190-37_E.pdf,doc-archive/2020/08/27/2190-37/2190-37_english.pdf
2190-38,https://documents.gov.lk/view/extra-gazettes/2020/8/2190-38_E.pdf,doc-archive/2020/08/27/2190-38/2190-38_english.pdf
2190-24,https://documents.gov.lk/view/extra-gazettes/2020/8/2190-24_E.pdf,doc-archive/2020/08/25/2190-24/2190-24_english.pdf
2190-25,https://documents.gov.lk/view/extra-gazettes/2020/8/2190-25_E.pdf,doc-archive/2020/08/25/2190-25/2190-25_english.pdf
2190-26,https://documents.gov.lk/view/extra-gazettes/2020/8/2190-26_E.pdf,doc-archive/2020/08/25/2190-26/2190-26_english.pdf
2190-27,https://documents.gov.lk/view/extra-gazettes/2020/8/2190-27_E.pdf,doc-archive/2020/08/25/2190-27/2190-27_english.pdf
2190-28,https://documents.gov.lk/view/extra-gazettes/2020/8/2190-28_E.pdf,doc-archive/2020/08/25/2190-28/2190-28_english.pdf
2190-01,https://documents.gov.lk/view/extra-gazettes/2020/8/2190-01_E.pdf,doc-archive/2020/08/24/2190-01/2190-01_english.pdf
2190-02,https://documents.gov.lk/view/extra-gazettes/2020/8/2190-02_E.pdf,doc-archive/2020/08/24/2190-02/2190-02_english.pdf
2190-03,https://documents.gov.lk/view/extra-gazettes/2020/8/2190-03_E.pdf,doc-archive/2020/08/24/2190-03/2190-03_english.pdf
2190-04,https://documents.gov.lk/view/extra-gazettes/2020/8/2190-04_E.pdf,doc-archive/2020/08/24/2190-04/2190-04_english.pdf
2190-05,https://documents.gov.lk/view/extra-gazettes/2020/8/2190-05_E.pdf,doc-archive/2020/08/24/2190-05/2190-05_english.pdf
2190-06,https://documents.gov.lk/view/extra-gazettes/2020/8/2190-06_E.pdf,doc-archive/2020/08/24/2190-06/2190-06_english.pdf
2190-07,https://documents.gov.lk/view/extra-gazettes/2020/8/2190-07_E.pdf,doc-archive/2020/08/24/2190-07/2190-07_english.pdf
2190-08,https://documents.gov.lk/view/extra-gazettes/2020/8/2190-08_E.pdf,doc-archive/2020/08/24/2190-08/2190-08_english.pdf
2190-09,https://documents.gov.lk/view/extra-gazettes/2020/8/2190-09_E.pdf,doc-archive/2020/08/24/2190-09/2190-09_english.pdf
2190-11,https://documents.gov.lk/view/extra-gazettes/2020/8/2190-11_E.pdf,doc-archive/2020/08/24/2190-11/2190-11_english.pdf
2190-10,https://documents.gov.lk/view/extra-gazettes/2020/8/2190-10_E.pdf,doc-archive/2020/08/24/2190-10/2190-10_english.pdf
2190-13,https://documents.gov.lk/view/extra-gazettes/2020/8/2190-13_E.pdf,doc-archive/2020/08/24/2190-13/2190-13_english.pdf
2190-12,https://documents.gov.lk/view/extra-gazettes/2020/8/2190-12_E.pdf,doc-archive/2020/08/24/2190-12/2190-12_english.pdf
2190-14,https://documents.gov.lk/view/extra-gazettes/2020/8/2190-14_E.pdf,doc-archive/2020/08/24/2190-14/2190-14_english.pdf
2190-15,https://documents.gov.lk/view/extra-gazettes/2020/8/2190-15_E.pdf,doc-archive/2020/08/24/2190-15/2190-15_english.pdf
2190-16,https://documents.gov.lk/view/extra-gazettes/2020/8/2190-16_E.pdf,doc-archive/2020/08/24/2190-16/2190-16_english.pdf
2190-17,https://documents.gov.lk/view/extra-gazettes/2020/8/2190-17_E.pdf,doc-archive/2020/08/24/2190-17/2190-17_english.pdf
2190-18,https://documents.gov.lk/view/extra-gazettes/2020/8/2190-18_E.pdf,doc-archive/2020/08/24/2190-18/2190-18_english.pdf
2190-19,https://documents.gov.lk/view/extra-gazettes/2020/8/2190-19_E.pdf,doc-archive/2020/08/24/2190-19/2190-19_english.pdf
2190-20,https://documents.gov.lk/view/extra-gazettes/2020/8/2190-20_E.pdf,doc-archive/2020/08/24/2190-20/2190-20_english.pdf
2190-21,https://documents.gov.lk/view/extra-gazettes/2020/8/2190-21_E.pdf,doc-archive/2020/08/24/2190-21/2190-21_english.pdf
2190-22,https://documents.gov.lk/view/extra-gazettes/2020/8/2190-22_E.pdf,doc-archive/2020/08/24/2190-22/2190-22_english.pdf
2190-23,https://documents.gov.lk/view/extra-gazettes/2020/8/2190-23_E.pdf,doc-archive/2020/08/24/2190-23/2190-23_english.pdf
2189-57,https://documents.gov.lk/view/extra-gazettes/2020/8/2189-57_E.pdf,doc-archive/2020/08/23/2189-57/2189-57_english.pdf
2189-52,https://documents.gov.lk/view/extra-gazettes/2020/8/2189-52_E.pdf,doc-archive/2020/08/22/2189-52/2189-52_english.pdf
2189-53,https://documents.gov.lk/view/extra-gazettes/2020/8/2189-53_E.pdf,doc-archive/2020/08/22/2189-53/2189-53_english.pdf
2189-54,https://documents.gov.lk/view/extra-gazettes/2020/8/2189-54_E.pdf,doc-archive/2020/08/22/2189-54/2189-54_english.pdf
2189-55,https://documents.gov.lk/view/extra-gazettes/2020/8/2189-55_E.pdf,doc-archive/2020/08/22/2189-55/2189-55_english.pdf
2189-56,https://documents.gov.lk/view/extra-gazettes/2020/8/2189-56_E.pdf,doc-archive/2020/08/22/2189-56/2189-56_english.pdf
2189-39,https://documents.gov.lk/view/extra-gazettes/2020/8/2189-39_E.pdf,doc-archive/2020/08/21/2189-39/2189-39_english.pdf
2189-40,https://documents.gov.lk/view/extra-gazettes/2020/8/2189-40_E.pdf,doc-archive/2020/08/21/2189-40/2189-40_english.pdf
2189-42,https://documents.gov.lk/view/extra-gazettes/2020/8/2189-42_E.pdf,doc-archive/2020/08/21/2189-42/2189-42_english.pdf
2189-41,https://documents.gov.lk/view/extra-gazettes/2020/8/2189-41_E.pdf,doc-archive/2020/08/21/2189-41/2189-41_english.pdf
2189-43,https://documents.gov.lk/view/extra-gazettes/2020/8/2189-43_E.pdf,doc-archive/2020/08/21/2189-43/2189-43_english.pdf
2189-44,https://documents.gov.lk/view/extra-gazettes/2020/8/2189-44_E.pdf,doc-archive/2020/08/21/2189-44/2189-44_english.pdf
2189-45,https://documents.gov.lk/view/extra-gazettes/2020/8/2189-45_E.pdf,doc-archive/2020/08/21/2189-45/2189-45_english.pdf
2189-46,https://documents.gov.lk/view/extra-gazettes/2020/8/2189-46_E.pdf,doc-archive/2020/08/21/2189-46/2189-46_english.pdf
2189-47,https://documents.gov.lk/view/extra-gazettes/2020/8/2189-47_E.pdf,doc-archive/2020/08/21/2189-47/2189-47_english.pdf
2189-48,https://documents.gov.lk/view/extra-gazettes/2020/8/2189-48_E.pdf,doc-archive/2020/08/21/2189-48/2189-48_english.pdf
2189-49,https://documents.gov.lk/view/extra-gazettes/2020/8/2189-49_E.pdf,doc-archive/2020/08/21/2189-49/2189-49_english.pdf
2189-50,https://documents.gov.lk/view/extra-gazettes/2020/8/2189-50_E.pdf,doc-archive/2020/08/21/2189-50/2189-50_english.pdf
2189-51,https://documents.gov.lk/view/extra-gazettes/2020/8/2189-51_E.pdf,doc-archive/2020/08/21/2189-51/2189-51_english.pdf
2189-29,https://documents.gov.lk/view/extra-gazettes/2020/8/2189-29_E.pdf,doc-archive/2020/08/20/2189-29/2189-29_english.pdf
2189-30,https://documents.gov.lk/view/extra-gazettes/2020/8/2189-30_E.pdf,doc-archive/2020/08/20/2189-30/2189-30_english.pdf
2189-31,https://documents.gov.lk/view/extra-gazettes/2020/8/2189-31_E.pdf,doc-archive/2020/08/20/2189-31/2189-31_english.pdf
2189-32,https://documents.gov.lk/view/extra-gazettes/2020/8/2189-32_E.pdf,doc-archive/2020/08/20/2189-32/2189-32_english.pdf
2189-33,https://documents.gov.lk/view/extra-gazettes/2020/8/2189-33_E.pdf,doc-archive/2020/08/20/2189-33/2189-33_english.pdf
2189-34,https://documents.gov.lk/view/extra-gazettes/2020/8/2189-34_E.pdf,doc-archive/2020/08/20/2189-34/2189-34_english.pdf
2189-35,https://documents.gov.lk/view/extra-gazettes/2020/8/2189-35_E.pdf,doc-archive/2020/08/20/2189-35/2189-35_english.pdf
2189-36,https://documents.gov.lk/view/extra-gazettes/2020/8/2189-36_E.pdf,doc-archive/2020/08/20/2189-36/2189-36_english.pdf
2189-37,https://documents.gov.lk/view/extra-gazettes/2020/8/2189-37_E.pdf,doc-archive/2020/08/20/2189-37/2189-37_english.pdf
2189-38,https://documents.gov.lk/view/extra-gazettes/2020/8/2189-38_E.pdf,doc-archive/2020/08/20/2189-38/2189-38_english.pdf
2189-08,https://documents.gov.lk/view/extra-gazettes/2020/8/2189-08_E.pdf,doc-archive/2020/08/19/2189-08/2189-08_english.pdf
2189-09,https://documents.gov.lk/view/extra-gazettes/2020/8/2189-09_E.pdf,doc-archive/2020/08/19/2189-09/2189-09_english.pdf
2189-10,https://documents.gov.lk/view/extra-gazettes/2020/8/2189-10_E.pdf,doc-archive/2020/08/19/2189-10/2189-10_english.pdf
2189-11,https://documents.gov.lk/view/extra-gazettes/2020/8/2189-11_E.pdf,doc-archive/2020/08/19/2189-11/2189-11_english.pdf
2189-13,https://documents.gov.lk/view/extra-gazettes/2020/8/2189-13_E.pdf,doc-archive/2020/08/19/2189-13/2189-13_english.pdf
2189-12,https://documents.gov.lk/view/extra-gazettes/2020/8/2189-12_E.pdf,doc-archive/2020/08/19/2189-12/2189-12_english.pdf
2189-14,https://documents.gov.lk/view/extra-gazettes/2020/8/2189-14_E.pdf,doc-archive/2020/08/19/2189-14/2189-14_english.pdf
2189-15,https://documents.gov.lk/view/extra-gazettes/2020/8/2189-15_E.pdf,doc-archive/2020/08/19/2189-15/2189-15_english.pdf
2189-16,https://documents.gov.lk/view/extra-gazettes/2020/8/2189-16_E.pdf,doc-archive/2020/08/19/2189-16/2189-16_english.pdf
2189-17,https://documents.gov.lk/view/extra-gazettes/2020/8/2189-17_E.pdf,doc-archive/2020/08/19/2189-17/2189-17_english.pdf
2189-18,https://documents.gov.lk/view/extra-gazettes/2020/8/2189-18_E.pdf,doc-archive/2020/08/19/2189-18/2189-18_english.pdf
2189-19,https://documents.gov.lk/view/extra-gazettes/2020/8/2189-19_E.pdf,doc-archive/2020/08/19/2189-19/2189-19_english.pdf
2189-20,https://documents.gov.lk/view/extra-gazettes/2020/8/2189-20_E.pdf,doc-archive/2020/08/19/2189-20/2189-20_english.pdf
2189-21,https://documents.gov.lk/view/extra-gazettes/2020/8/2189-21_E.pdf,doc-archive/2020/08/19/2189-21/2189-21_english.pdf
2189-22,https://documents.gov.lk/view/extra-gazettes/2020/8/2189-22_E.pdf,doc-archive/2020/08/19/2189-22/2189-22_english.pdf
2189-24,https://documents.gov.lk/view/extra-gazettes/2020/8/2189-24_E.pdf,doc-archive/2020/08/19/2189-24/2189-24_english.pdf
2189-25,https://documents.gov.lk/view/extra-gazettes/2020/8/2189-25_E.pdf,doc-archive/2020/08/19/2189-25/2189-25_english.pdf
2189-27,https://documents.gov.lk/view/extra-gazettes/2020/8/2189-27_E.pdf,doc-archive/2020/08/19/2189-27/2189-27_english.pdf
2189-28,https://documents.gov.lk/view/extra-gazettes/2020/8/2189-28_E.pdf,doc-archive/2020/08/19/2189-28/2189-28_english.pdf
2189-07,https://documents.gov.lk/view/extra-gazettes/2020/8/2189-07_E.pdf,doc-archive/2020/08/18/2189-07/2189-07_english.pdf
2189-01,https://documents.gov.lk/view/extra-gazettes/2020/8/2189-01_E.pdf,doc-archive/2020/08/17/2189-01/2189-01_english.pdf
2189-02,https://documents.gov.lk/view/extra-gazettes/2020/8/2189-02_E.pdf,doc-archive/2020/08/17/2189-02/2189-02_english.pdf
2189-03,https://documents.gov.lk/view/extra-gazettes/2020/8/2189-03_E.pdf,doc-archive/2020/08/17/2189-03/2189-03_english.pdf
2189-04,https://documents.gov.lk/view/extra-gazettes/2020/8/2189-04_E.pdf,doc-archive/2020/08/17/2189-04/2189-04_english.pdf
2189-05,https://documents.gov.lk/view/extra-gazettes/2020/8/2189-05_E.pdf,doc-archive/2020/08/17/2189-05/2189-05_english.pdf
2189-06,https://documents.gov.lk/view/extra-gazettes/2020/8/2189-06_E.pdf,doc-archive/2020/08/17/2189-06/2189-06_english.pdf
2188-46,https://documents.gov.lk/view/extra-gazettes/2020/8/2188-46_E.pdf,doc-archive/2020/08/14/2188-46/2188-46_english.pdf
2188-47,https://documents.gov.lk/view/extra-gazettes/2020/8/2188-47_E.pdf,doc-archive/2020/08/14/2188-47/2188-47_english.pdf
2188-48,https://documents.gov.lk/view/extra-gazettes/2020/8/2188-48_E.pdf,doc-archive/2020/08/14/2188-48/2188-48_english.pdf
2188-49,https://documents.gov.lk/view/extra-gazettes/2020/8/2188-49_E.pdf,doc-archive/2020/08/14/2188-49/2188-49_english.pdf
2188-50,https://documents.gov.lk/view/extra-gazettes/2020/8/2188-50_E.pdf,doc-archive/2020/08/14/2188-50/2188-50_english.pdf
2188-51,https://documents.gov.lk/view/extra-gazettes/2020/8/2188-51_E.pdf,doc-archive/2020/08/14/2188-51/2188-51_english.pdf
2188-32,https://documents.gov.lk/view/extra-gazettes/2020/8/2188-32_E.pdf,doc-archive/2020/08/13/2188-32/2188-32_english.pdf
2188-34,https://documents.gov.lk/view/extra-gazettes/2020/8/2188-34_E.pdf,doc-archive/2020/08/13/2188-34/2188-34_english.pdf
2188-35,https://documents.gov.lk/view/extra-gazettes/2020/8/2188-35_E.pdf,doc-archive/2020/08/13/2188-35/2188-35_english.pdf
2188-37,https://documents.gov.lk/view/extra-gazettes/2020/8/2188-37_E.pdf,doc-archive/2020/08/13/2188-37/2188-37_english.pdf
2188-38,https://documents.gov.lk/view/extra-gazettes/2020/8/2188-38_E.pdf,doc-archive/2020/08/13/2188-38/2188-38_english.pdf
2188-39,https://documents.gov.lk/view/extra-gazettes/2020/8/2188-39_E.pdf,doc-archive/2020/08/13/2188-39/2188-39_english.pdf
2188-40,https://documents.gov.lk/view/extra-gazettes/2020/8/2188-40_E.pdf,doc-archive/2020/08/13/2188-40/2188-40_english.pdf
2188-41,https://documents.gov.lk/view/extra-gazettes/2020/8/2188-41_E.pdf,doc-archive/2020/08/13/2188-41/2188-41_english.pdf
2188-42,https://documents.gov.lk/view/extra-gazettes/2020/8/2188-42_E.pdf,doc-archive/2020/08/13/2188-42/2188-42_english.pdf
2188-43,https://documents.gov.lk/view/extra-gazettes/2020/8/2188-43_E.pdf,doc-archive/2020/08/13/2188-43/2188-43_english.pdf
2188-44,https://documents.gov.lk/view/extra-gazettes/2020/8/2188-44_E.pdf,doc-archive/2020/08/13/2188-44/2188-44_english.pdf
2188-45,https://documents.gov.lk/view/extra-gazettes/2020/8/2188-45_E.pdf,doc-archive/2020/08/13/2188-45/2188-45_english.pdf
2188-16,https://documents.gov.lk/view/extra-gazettes/2020/8/2188-16_E.pdf,doc-archive/2020/08/12/2188-16/2188-16_english.pdf
2188-18,https://documents.gov.lk/view/extra-gazettes/2020/8/2188-18_E.pdf,doc-archive/2020/08/12/2188-18/2188-18_english.pdf
2188-17,https://documents.gov.lk/view/extra-gazettes/2020/8/2188-17_E.pdf,doc-archive/2020/08/12/2188-17/2188-17_english.pdf
2188-19,https://documents.gov.lk/view/extra-gazettes/2020/8/2188-19_E.pdf,doc-archive/2020/08/12/2188-19/2188-19_english.pdf
2188-20,https://documents.gov.lk/view/extra-gazettes/2020/8/2188-20_E.pdf,doc-archive/2020/08/12/2188-20/2188-20_english.pdf
2188-21,https://documents.gov.lk/view/extra-gazettes/2020/8/2188-21_E.pdf,doc-archive/2020/08/12/2188-21/2188-21_english.pdf
2188-22,https://documents.gov.lk/view/extra-gazettes/2020/8/2188-22_E.pdf,doc-archive/2020/08/12/2188-22/2188-22_english.pdf
2188-23,https://documents.gov.lk/view/extra-gazettes/2020/8/2188-23_E.pdf,doc-archive/2020/08/12/2188-23/2188-23_english.pdf
2188-24,https://documents.gov.lk/view/extra-gazettes/2020/8/2188-24_E.pdf,doc-archive/2020/08/12/2188-24/2188-24_english.pdf
2188-25,https://documents.gov.lk/view/extra-gazettes/2020/8/2188-25_E.pdf,doc-archive/2020/08/12/2188-25/2188-25_english.pdf
2188-26,https://documents.gov.lk/view/extra-gazettes/2020/8/2188-26_E.pdf,doc-archive/2020/08/12/2188-26/2188-26_english.pdf
2188-27,https://documents.gov.lk/view/extra-gazettes/2020/8/2188-27_E.pdf,doc-archive/2020/08/12/2188-27/2188-27_english.pdf
2188-28,https://documents.gov.lk/view/extra-gazettes/2020/8/2188-28_E.pdf,doc-archive/2020/08/12/2188-28/2188-28_english.pdf
2188-29,https://documents.gov.lk/view/extra-gazettes/2020/8/2188-29_E.pdf,doc-archive/2020/08/12/2188-29/2188-29_english.pdf
2188-30,https://documents.gov.lk/view/extra-gazettes/2020/8/2188-30_E.pdf,doc-archive/2020/08/12/2188-30/2188-30_english.pdf
2188-31,https://documents.gov.lk/view/extra-gazettes/2020/8/2188-31_E.pdf,doc-archive/2020/08/12/2188-31/2188-31_english.pdf
2188-14,https://documents.gov.lk/view/extra-gazettes/2020/8/2188-14_E.pdf,doc-archive/2020/08/11/2188-14/2188-14_english.pdf
2188-15,https://documents.gov.lk/view/extra-gazettes/2020/8/2188-15_E.pdf,doc-archive/2020/08/11/2188-15/2188-15_english.pdf
2188-01,https://documents.gov.lk/view/extra-gazettes/2020/8/2188-01_E.pdf,doc-archive/2020/08/10/2188-01/2188-01_english.pdf
2188-02,https://documents.gov.lk/view/extra-gazettes/2020/8/2188-02_E.pdf,doc-archive/2020/08/10/2188-02/2188-02_english.pdf
2188-03,https://documents.gov.lk/view/extra-gazettes/2020/8/2188-03_E.pdf,doc-archive/2020/08/10/2188-03/2188-03_english.pdf
2188-04,https://documents.gov.lk/view/extra-gazettes/2020/8/2188-04_E.pdf,doc-archive/2020/08/10/2188-04/2188-04_english.pdf
2188-05,https://documents.gov.lk/view/extra-gazettes/2020/8/2188-05_E.pdf,doc-archive/2020/08/10/2188-05/2188-05_english.pdf
2188-06,https://documents.gov.lk/view/extra-gazettes/2020/8/2188-06_E.pdf,doc-archive/2020/08/10/2188-06/2188-06_english.pdf
2188-07,https://documents.gov.lk/view/extra-gazettes/2020/8/2188-07_E.pdf,doc-archive/2020/08/10/2188-07/2188-07_english.pdf
2188-08,https://documents.gov.lk/view/extra-gazettes/2020/8/2188-08_E.pdf,doc-archive/2020/08/10/2188-08/2188-08_english.pdf
2188-09,https://documents.gov.lk/view/extra-gazettes/2020/8/2188-09_E.pdf,doc-archive/2020/08/10/2188-09/2188-09_english.pdf
2188-10,https://documents.gov.lk/view/extra-gazettes/2020/8/2188-10_E.pdf,doc-archive/2020/08/10/2188-10/2188-10_english.pdf
2188-11,https://documents.gov.lk/view/extra-gazettes/2020/8/2188-11_E.pdf,doc-archive/2020/08/10/2188-11/2188-11_english.pdf
2188-12,https://documents.gov.lk/view/extra-gazettes/2020/8/2188-12_E.pdf,doc-archive/2020/08/10/2188-12/2188-12_english.pdf
2187-25,https://documents.gov.lk/view/extra-gazettes/2020/8/2187-25_E.pdf,doc-archive/2020/08/08/2187-25/2187-25_english.pdf
2187-27,https://documents.gov.lk/view/extra-gazettes/2020/8/2187-27_E.pdf,doc-archive/2020/08/09/2187-27/2187-27_english.pdf
2187-26,https://documents.gov.lk/view/extra-gazettes/2020/8/2187-26_E.pdf,doc-archive/2020/08/08/2187-26/2187-26_english.pdf
2187-20,https://documents.gov.lk/view/extra-gazettes/2020/8/2187-20_E.pdf,doc-archive/2020/08/07/2187-20/2187-20_english.pdf
2187-21,https://documents.gov.lk/view/extra-gazettes/2020/8/2187-21_E.pdf,doc-archive/2020/08/07/2187-21/2187-21_english.pdf
2187-22,https://documents.gov.lk/view/extra-gazettes/2020/8/2187-22_E.pdf,doc-archive/2020/08/07/2187-22/2187-22_english.pdf
2187-23,https://documents.gov.lk/view/extra-gazettes/2020/8/2187-23_E.pdf,doc-archive/2020/08/07/2187-23/2187-23_english.pdf
2187-24,https://documents.gov.lk/view/extra-gazettes/2020/8/2187-24_E.pdf,doc-archive/2020/08/07/2187-24/2187-24_english.pdf
2187-16,https://documents.gov.lk/view/extra-gazettes/2020/8/2187-16_E.pdf,doc-archive/2020/08/05/2187-16/2187-16_english.pdf
2187-19,https://documents.gov.lk/view/extra-gazettes/2020/8/2187-19_E.pdf,doc-archive/2020/08/06/2187-19/2187-19_english.pdf
2187-17,https://documents.gov.lk/view/extra-gazettes/2020/8/2187-17_E.pdf,doc-archive/2020/08/05/2187-17/2187-17_english.pdf
2187-18,https://documents.gov.lk/view/extra-gazettes/2020/8/2187-18_E.pdf,doc-archive/2020/08/05/2187-18/2187-18_english.pdf
2187-03,https://documents.gov.lk/view/extra-gazettes/2020/8/2187-03_E.pdf,doc-archive/2020/08/04/2187-03/2187-03_english.pdf
2187-05,https://documents.gov.lk/view/extra-gazettes/2020/8/2187-05_E.pdf,doc-archive/2020/08/04/2187-05/2187-05_english.pdf
2187-06,https://documents.gov.lk/view/extra-gazettes/2020/8/2187-06_E.pdf,doc-archive/2020/08/04/2187-06/2187-06_english.pdf
2187-07,https://documents.gov.lk/view/extra-gazettes/2020/8/2187-07_E.pdf,doc-archive/2020/08/04/2187-07/2187-07_english.pdf
2187-04,https://documents.gov.lk/view/extra-gazettes/2020/8/2187-04_E.pdf,doc-archive/2020/08/04/2187-04/2187-04_english.pdf
2187-08,https://documents.gov.lk/view/extra-gazettes/2020/8/2187-08_E.pdf,doc-archive/2020/08/04/2187-08/2187-08_english.pdf
2187-10,https://documents.gov.lk/view/extra-gazettes/2020/8/2187-10_E.pdf,doc-archive/2020/08/04/2187-10/2187-10_english.pdf
2187-11,https://documents.gov.lk/view/extra-gazettes/2020/8/2187-11_E.pdf,doc-archive/2020/08/04/2187-11/2187-11_english.pdf
2187-12,https://documents.gov.lk/view/extra-gazettes/2020/8/2187-12_E.pdf,doc-archive/2020/08/04/2187-12/2187-12_english.pdf
2187-13,https://documents.gov.lk/view/extra-gazettes/2020/8/2187-13_E.pdf,doc-archive/2020/08/04/2187-13/2187-13_english.pdf
2187-09,https://documents.gov.lk/view/extra-gazettes/2020/8/2187-09_E.pdf,doc-archive/2020/08/04/2187-09/2187-09_english.pdf
2187-02,https://documents.gov.lk/view/extra-gazettes/2020/8/2187-02_E.pdf,doc-archive/2020/08/03/2187-02/2187-02_english.pdf
2186-47,https://documents.gov.lk/view/extra-gazettes/2020/8/2186-47_E.pdf,doc-archive/2020/08/01/2186-47/2186-47_english.pdf
2186-48,https://documents.gov.lk/view/extra-gazettes/2020/8/2186-48_E.pdf,doc-archive/2020/08/01/2186-48/2186-48_english.pdf
2195-28,https://documents.gov.lk/view/extra-gazettes/2020/9/2195-28_E.pdf,doc-archive/2020/09/30/2195-28/2195-28_english.pdf
2195-30,https://documents.gov.lk/view/extra-gazettes/2020/9/2195-30_E.pdf,doc-archive/2020/09/30/2195-30/2195-30_english.pdf
2195-31,https://documents.gov.lk/view/extra-gazettes/2020/9/2195-31_E.pdf,doc-archive/2020/09/30/2195-31/2195-31_english.pdf
2195-29,https://documents.gov.lk/view/extra-gazettes/2020/9/2195-29_E.pdf,doc-archive/2020/09/30/2195-29/2195-29_english.pdf
2195-32,https://documents.gov.lk/view/extra-gazettes/2020/9/2195-32_E.pdf,doc-archive/2020/09/30/2195-32/2195-32_english.pdf
2195-33,https://documents.gov.lk/view/extra-gazettes/2020/9/2195-33_E.pdf,doc-archive/2020/09/30/2195-33/2195-33_english.pdf
2195-34,https://documents.gov.lk/view/extra-gazettes/2020/9/2195-34_E.pdf,doc-archive/2020/09/30/2195-34/2195-34_english.pdf
2195-35,https://documents.gov.lk/view/extra-gazettes/2020/9/2195-35_E.pdf,doc-archive/2020/09/30/2195-35/2195-35_english.pdf
2195-36,https://documents.gov.lk/view/extra-gazettes/2020/9/2195-36_E.pdf,doc-archive/2020/09/30/2195-36/2195-36_english.pdf
2195-18,https://documents.gov.lk/view/extra-gazettes/2020/9/2195-18_E.pdf,doc-archive/2020/09/29/2195-18/2195-18_english.pdf
2195-19,https://documents.gov.lk/view/extra-gazettes/2020/9/2195-19_E.pdf,doc-archive/2020/09/29/2195-19/2195-19_english.pdf
2195-20,https://documents.gov.lk/view/extra-gazettes/2020/9/2195-20_E.pdf,doc-archive/2020/09/29/2195-20/2195-20_english.pdf
2195-21,https://documents.gov.lk/view/extra-gazettes/2020/9/2195-21_E.pdf,doc-archive/2020/09/29/2195-21/2195-21_english.pdf
2195-22,https://documents.gov.lk/view/extra-gazettes/2020/9/2195-22_E.pdf,doc-archive/2020/09/29/2195-22/2195-22_english.pdf
2195-23,https://documents.gov.lk/view/extra-gazettes/2020/9/2195-23_E.pdf,doc-archive/2020/09/29/2195-23/2195-23_english.pdf
2195-25,https://documents.gov.lk/view/extra-gazettes/2020/9/2195-25_E.pdf,doc-archive/2020/09/29/2195-25/2195-25_english.pdf
2195-26,https://documents.gov.lk/view/extra-gazettes/2020/9/2195-26_E.pdf,doc-archive/2020/09/29/2195-26/2195-26_english.pdf
2195-24,https://documents.gov.lk/view/extra-gazettes/2020/9/2195-24_E.pdf,doc-archive/2020/09/29/2195-24/2195-24_english.pdf
2195-01,https://documents.gov.lk/view/extra-gazettes/2020/9/2195-01_E.pdf,doc-archive/2020/09/28/2195-01/2195-01_english.pdf
2195-02,https://documents.gov.lk/view/extra-gazettes/2020/9/2195-02_E.pdf,doc-archive/2020/09/28/2195-02/2195-02_english.pdf
2195-03,https://documents.gov.lk/view/extra-gazettes/2020/9/2195-03_E.pdf,doc-archive/2020/09/28/2195-03/2195-03_english.pdf
2195-27,https://documents.gov.lk/view/extra-gazettes/2020/9/2195-27_E.pdf,doc-archive/2020/09/29/2195-27/2195-27_english.pdf
2195-04,https://documents.gov.lk/view/extra-gazettes/2020/9/2195-04_E.pdf,doc-archive/2020/09/28/2195-04/2195-04_english.pdf
2195-05,https://documents.gov.lk/view/extra-gazettes/2020/9/2195-05_E.pdf,doc-archive/2020/09/28/2195-05/2195-05_english.pdf
2195-06,https://documents.gov.lk/view/extra-gazettes/2020/9/2195-06_E.pdf,doc-archive/2020/09/28/2195-06/2195-06_english.pdf
2195-09,https://documents.gov.lk/view/extra-gazettes/2020/9/2195-09_E.pdf,doc-archive/2020/09/28/2195-09/2195-09_english.pdf
2195-08,https://documents.gov.lk/view/extra-gazettes/2020/9/2195-08_E.pdf,doc-archive/2020/09/28/2195-08/2195-08_english.pdf
2195-10,https://documents.gov.lk/view/extra-gazettes/2020/9/2195-10_E.pdf,doc-archive/2020/09/28/2195-10/2195-10_english.pdf
2195-11,https://documents.gov.lk/view/extra-gazettes/2020/9/2195-11_E.pdf,doc-archive/2020/09/28/2195-11/2195-11_english.pdf
2195-12,https://documents.gov.lk/view/extra-gazettes/2020/9/2195-12_E.pdf,doc-archive/2020/09/28/2195-12/2195-12_english.pdf
2195-13,https://documents.gov.lk/view/extra-gazettes/2020/9/2195-13_E.pdf,doc-archive/2020/09/28/2195-13/2195-13_english.pdf
2195-14,https://documents.gov.lk/view/extra-gazettes/2020/9/2195-14_E.pdf,doc-archive/2020/09/28/2195-14/2195-14_english.pdf
2195-15,https://documents.gov.lk/view/extra-gazettes/2020/9/2195-15_E.pdf,doc-archive/2020/09/28/2195-15/2195-15_english.pdf
2195-16,https://documents.gov.lk/view/extra-gazettes/2020/9/2195-16_E.pdf,doc-archive/2020/09/28/2195-16/2195-16_english.pdf
2194-69,https://documents.gov.lk/view/extra-gazettes/2020/9/2194-69_E.pdf,doc-archive/2020/09/25/2194-69/2194-69_english.pdf
2194-70,https://documents.gov.lk/view/extra-gazettes/2020/9/2194-70_E.pdf,doc-archive/2020/09/25/2194-70/2194-70_english.pdf
2194-71,https://documents.gov.lk/view/extra-gazettes/2020/9/2194-71_E.pdf,doc-archive/2020/09/25/2194-71/2194-71_english.pdf
2194-72,https://documents.gov.lk/view/extra-gazettes/2020/9/2194-72_E.pdf,doc-archive/2020/09/25/2194-72/2194-72_english.pdf
2194-73,https://documents.gov.lk/view/extra-gazettes/2020/9/2194-73_E.pdf,doc-archive/2020/09/25/2194-73/2194-73_english.pdf
2194-74,https://documents.gov.lk/view/extra-gazettes/2020/9/2194-74_E.pdf,doc-archive/2020/09/25/2194-74/2194-74_english.pdf
2194-75,https://documents.gov.lk/view/extra-gazettes/2020/9/2194-75_E.pdf,doc-archive/2020/09/25/2194-75/2194-75_english.pdf
2194-55,https://documents.gov.lk/view/extra-gazettes/2020/9/2194-55_E.pdf,doc-archive/2020/09/24/2194-55/2194-55_english.pdf
2194-56,https://documents.gov.lk/view/extra-gazettes/2020/9/2194-56_E.pdf,doc-archive/2020/09/24/2194-56/2194-56_english.pdf
2194-58,https://documents.gov.lk/view/extra-gazettes/2020/9/2194-58_E.pdf,doc-archive/2020/09/24/2194-58/2194-58_english.pdf
2194-57,https://documents.gov.lk/view/extra-gazettes/2020/9/2194-57_E.pdf,doc-archive/2020/09/24/2194-57/2194-57_english.pdf
2194-59,https://documents.gov.lk/view/extra-gazettes/2020/9/2194-59_E.pdf,doc-archive/2020/09/24/2194-59/2194-59_english.pdf
2194-60,https://documents.gov.lk/view/extra-gazettes/2020/9/2194-60_E.pdf,doc-archive/2020/09/24/2194-60/2194-60_english.pdf
2194-61,https://documents.gov.lk/view/extra-gazettes/2020/9/2194-61_E.pdf,doc-archive/2020/09/24/2194-61/2194-61_english.pdf
2194-62,https://documents.gov.lk/view/extra-gazettes/2020/9/2194-62_E.pdf,doc-archive/2020/09/24/2194-62/2194-62_english.pdf
2194-63,https://documents.gov.lk/view/extra-gazettes/2020/9/2194-63_E.pdf,doc-archive/2020/09/24/2194-63/2194-63_english.pdf
2194-64,https://documents.gov.lk/view/extra-gazettes/2020/9/2194-64_E.pdf,doc-archive/2020/09/24/2194-64/2194-64_english.pdf
2194-65,https://documents.gov.lk/view/extra-gazettes/2020/9/2194-65_E.pdf,doc-archive/2020/09/24/2194-65/2194-65_english.pdf
2194-66,https://documents.gov.lk/view/extra-gazettes/2020/9/2194-66_E.pdf,doc-archive/2020/09/24/2194-66/2194-66_english.pdf
2194-67,https://documents.gov.lk/view/extra-gazettes/2020/9/2194-67_E.pdf,doc-archive/2020/09/24/2194-67/2194-67_english.pdf
2194-35,https://documents.gov.lk/view/extra-gazettes/2020/9/2194-35_E.pdf,doc-archive/2020/09/23/2194-35/2194-35_english.pdf
2194-68,https://documents.gov.lk/view/extra-gazettes/2020/9/2194-68_E.pdf,doc-archive/2020/09/24/2194-68/2194-68_english.pdf
2194-36,https://documents.gov.lk/view/extra-gazettes/2020/9/2194-36_E.pdf,doc-archive/2020/09/23/2194-36/2194-36_english.pdf
2194-38,https://documents.gov.lk/view/extra-gazettes/2020/9/2194-38_E.pdf,doc-archive/2020/09/23/2194-38/2194-38_english.pdf
2194-37,https://documents.gov.lk/view/extra-gazettes/2020/9/2194-37_E.pdf,doc-archive/2020/09/23/2194-37/2194-37_english.pdf
2194-39,https://documents.gov.lk/view/extra-gazettes/2020/9/2194-39_E.pdf,doc-archive/2020/09/23/2194-39/2194-39_english.pdf
2194-40,https://documents.gov.lk/view/extra-gazettes/2020/9/2194-40_E.pdf,doc-archive/2020/09/23/2194-40/2194-40_english.pdf
2194-41,https://documents.gov.lk/view/extra-gazettes/2020/9/2194-41_E.pdf,doc-archive/2020/09/23/2194-41/2194-41_english.pdf
2194-43,https://documents.gov.lk/view/extra-gazettes/2020/9/2194-43_E.pdf,doc-archive/2020/09/23/2194-43/2194-43_english.pdf
2194-42,https://documents.gov.lk/view/extra-gazettes/2020/9/2194-42_E.pdf,doc-archive/2020/09/23/2194-42/2194-42_english.pdf
2194-44,https://documents.gov.lk/view/extra-gazettes/2020/9/2194-44_E.pdf,doc-archive/2020/09/23/2194-44/2194-44_english.pdf
2194-45,https://documents.gov.lk/view/extra-gazettes/2020/9/2194-45_E.pdf,doc-archive/2020/09/23/2194-45/2194-45_english.pdf
2194-46,https://documents.gov.lk/view/extra-gazettes/2020/9/2194-46_E.pdf,doc-archive/2020/09/23/2194-46/2194-46_english.pdf
2194-48,https://documents.gov.lk/view/extra-gazettes/2020/9/2194-48_E.pdf,doc-archive/2020/09/23/2194-48/2194-48_english.pdf
2194-47,https://documents.gov.lk/view/extra-gazettes/2020/9/2194-47_E.pdf,doc-archive/2020/09/23/2194-47/2194-47_english.pdf
2194-49,https://documents.gov.lk/view/extra-gazettes/2020/9/2194-49_E.pdf,doc-archive/2020/09/23/2194-49/2194-49_english.pdf
2194-50,https://documents.gov.lk/view/extra-gazettes/2020/9/2194-50_E.pdf,doc-archive/2020/09/23/2194-50/2194-50_english.pdf
2194-51,https://documents.gov.lk/view/extra-gazettes/2020/9/2194-51_E.pdf,doc-archive/2020/09/23/2194-51/2194-51_english.pdf
2194-52,https://documents.gov.lk/view/extra-gazettes/2020/9/2194-52_E.pdf,doc-archive/2020/09/23/2194-52/2194-52_english.pdf
2194-53,https://documents.gov.lk/view/extra-gazettes/2020/9/2194-53_E.pdf,doc-archive/2020/09/23/2194-53/2194-53_english.pdf
2194-54,https://documents.gov.lk/view/extra-gazettes/2020/9/2194-54_E.pdf,doc-archive/2020/09/23/2194-54/2194-54_english.pdf
2194-08,https://documents.gov.lk/view/extra-gazettes/2020/9/2194-08_E.pdf,doc-archive/2020/09/22/2194-08/2194-08_english.pdf
2194-09,https://documents.gov.lk/view/extra-gazettes/2020/9/2194-09_E.pdf,doc-archive/2020/09/22/2194-09/2194-09_english.pdf
2194-10,https://documents.gov.lk/view/extra-gazettes/2020/9/2194-10_E.pdf,doc-archive/2020/09/22/2194-10/2194-10_english.pdf
2194-11,https://documents.gov.lk/view/extra-gazettes/2020/9/2194-11_E.pdf,doc-archive/2020/09/22/2194-11/2194-11_english.pdf
2194-12,https://documents.gov.lk/view/extra-gazettes/2020/9/2194-12_E.pdf,doc-archive/2020/09/22/2194-12/2194-12_english.pdf
2194-13,https://documents.gov.lk/view/extra-gazettes/2020/9/2194-13_E.pdf,doc-archive/2020/09/22/2194-13/2194-13_english.pdf
2194-14,https://documents.gov.lk/view/extra-gazettes/2020/9/2194-14_E.pdf,doc-archive/2020/09/22/2194-14/2194-14_english.pdf
2194-15,https://documents.gov.lk/view/extra-gazettes/2020/9/2194-15_E.pdf,doc-archive/2020/09/22/2194-15/2194-15_english.pdf
2194-16,https://documents.gov.lk/view/extra-gazettes/2020/9/2194-16_E.pdf,doc-archive/2020/09/22/2194-16/2194-16_english.pdf
2194-17,https://documents.gov.lk/view/extra-gazettes/2020/9/2194-17_E.pdf,doc-archive/2020/09/22/2194-17/2194-17_english.pdf
2194-19,https://documents.gov.lk/view/extra-gazettes/2020/9/2194-19_E.pdf,doc-archive/2020/09/22/2194-19/2194-19_english.pdf
2194-20,https://documents.gov.lk/view/extra-gazettes/2020/9/2194-20_E.pdf,doc-archive/2020/09/22/2194-20/2194-20_english.pdf
2194-21,https://documents.gov.lk/view/extra-gazettes/2020/9/2194-21_E.pdf,doc-archive/2020/09/22/2194-21/2194-21_english.pdf
2194-22,https://documents.gov.lk/view/extra-gazettes/2020/9/2194-22_E.pdf,doc-archive/2020/09/22/2194-22/2194-22_english.pdf
2194-23,https://documents.gov.lk/view/extra-gazettes/2020/9/2194-23_E.pdf,doc-archive/2020/09/22/2194-23/2194-23_english.pdf
2194-18,https://documents.gov.lk/view/extra-gazettes/2020/9/2194-18_E.pdf,doc-archive/2020/09/22/2194-18/2194-18_english.pdf
2194-24,https://documents.gov.lk/view/extra-gazettes/2020/9/2194-24_E.pdf,doc-archive/2020/09/22/2194-24/2194-24_english.pdf
2194-25,https://documents.gov.lk/view/extra-gazettes/2020/9/2194-25_E.pdf,doc-archive/2020/09/22/2194-25/2194-25_english.pdf
2194-26,https://documents.gov.lk/view/extra-gazettes/2020/9/2194-26_E.pdf,doc-archive/2020/09/22/2194-26/2194-26_english.pdf
2194-28,https://documents.gov.lk/view/extra-gazettes/2020/9/2194-28_E.pdf,doc-archive/2020/09/22/2194-28/2194-28_english.pdf
2194-27,https://documents.gov.lk/view/extra-gazettes/2020/9/2194-27_E.pdf,doc-archive/2020/09/22/2194-27/2194-27_english.pdf
2194-29,https://documents.gov.lk/view/extra-gazettes/2020/9/2194-29_E.pdf,doc-archive/2020/09/22/2194-29/2194-29_english.pdf
2194-30,https://documents.gov.lk/view/extra-gazettes/2020/9/2194-30_E.pdf,doc-archive/2020/09/22/2194-30/2194-30_english.pdf
2194-32,https://documents.gov.lk/view/extra-gazettes/2020/9/2194-32_E.pdf,doc-archive/2020/09/22/2194-32/2194-32_english.pdf
2194-33,https://documents.gov.lk/view/extra-gazettes/2020/9/2194-33_E.pdf,doc-archive/2020/09/22/2194-33/2194-33_english.pdf
2194-34,https://documents.gov.lk/view/extra-gazettes/2020/9/2194-34_E.pdf,doc-archive/2020/09/22/2194-34/2194-34_english.pdf
2194-31,https://documents.gov.lk/view/extra-gazettes/2020/9/2194-31_E.pdf,doc-archive/2020/09/22/2194-31/2194-31_english.pdf
2194-01,https://documents.gov.lk/view/extra-gazettes/2020/9/2194-01_E.pdf,doc-archive/2020/09/21/2194-01/2194-01_english.pdf
2194-02,https://documents.gov.lk/view/extra-gazettes/2020/9/2194-02_E.pdf,doc-archive/2020/09/21/2194-02/2194-02_english.pdf
2194-03,https://documents.gov.lk/view/extra-gazettes/2020/9/2194-03_E.pdf,doc-archive/2020/09/21/2194-03/2194-03_english.pdf
2194-05,https://documents.gov.lk/view/extra-gazettes/2020/9/2194-05_E.pdf,doc-archive/2020/09/21/2194-05/2194-05_english.pdf
2194-06,https://documents.gov.lk/view/extra-gazettes/2020/9/2194-06_E.pdf,doc-archive/2020/09/21/2194-06/2194-06_english.pdf
2194-04,https://documents.gov.lk/view/extra-gazettes/2020/9/2194-04_E.pdf,doc-archive/2020/09/21/2194-04/2194-04_english.pdf
2194-07,https://documents.gov.lk/view/extra-gazettes/2020/9/2194-07_E.pdf,doc-archive/2020/09/21/2194-07/2194-07_english.pdf
2193-38,https://documents.gov.lk/view/extra-gazettes/2020/9/2193-38_E.pdf,doc-archive/2020/09/18/2193-38/2193-38_english.pdf
2193-37,https://documents.gov.lk/view/extra-gazettes/2020/9/2193-37_E.pdf,doc-archive/2020/09/18/2193-37/2193-37_english.pdf
2193-39,https://documents.gov.lk/view/extra-gazettes/2020/9/2193-39_E.pdf,doc-archive/2020/09/18/2193-39/2193-39_english.pdf
2193-40,https://documents.gov.lk/view/extra-gazettes/2020/9/2193-40_E.pdf,doc-archive/2020/09/18/2193-40/2193-40_english.pdf
2193-41,https://documents.gov.lk/view/extra-gazettes/2020/9/2193-41_E.pdf,doc-archive/2020/09/18/2193-41/2193-41_english.pdf
2193-42,https://documents.gov.lk/view/extra-gazettes/2020/9/2193-42_E.pdf,doc-archive/2020/09/18/2193-42/2193-42_english.pdf
2193-43,https://documents.gov.lk/view/extra-gazettes/2020/9/2193-43_E.pdf,doc-archive/2020/09/18/2193-43/2193-43_english.pdf
2193-44,https://documents.gov.lk/view/extra-gazettes/2020/9/2193-44_E.pdf,doc-archive/2020/09/18/2193-44/2193-44_english.pdf
2193-45,https://documents.gov.lk/view/extra-gazettes/2020/9/2193-45_E.pdf,doc-archive/2020/09/18/2193-45/2193-45_english.pdf
2193-46,https://documents.gov.lk/view/extra-gazettes/2020/9/2193-46_E.pdf,doc-archive/2020/09/18/2193-46/2193-46_english.pdf
2193-48,https://documents.gov.lk/view/extra-gazettes/2020/9/2193-48_E.pdf,doc-archive/2020/09/18/2193-48/2193-48_english.pdf
2193-49,https://documents.gov.lk/view/extra-gazettes/2020/9/2193-49_E.pdf,doc-archive/2020/09/18/2193-49/2193-49_english.pdf
2193-47,https://documents.gov.lk/view/extra-gazettes/2020/9/2193-47_E.pdf,doc-archive/2020/09/18/2193-47/2193-47_english.pdf
2193-50,https://documents.gov.lk/view/extra-gazettes/2020/9/2193-50_E.pdf,doc-archive/2020/09/18/2193-50/2193-50_english.pdf
2193-51,https://documents.gov.lk/view/extra-gazettes/2020/9/2193-51_E.pdf,doc-archive/2020/09/18/2193-51/2193-51_english.pdf
2193-53,https://documents.gov.lk/view/extra-gazettes/2020/9/2193-53_E.pdf,doc-archive/2020/09/18/2193-53/2193-53_english.pdf
2193-54,https://documents.gov.lk/view/extra-gazettes/2020/9/2193-54_E.pdf,doc-archive/2020/09/18/2193-54/2193-54_english.pdf
2193-55,https://documents.gov.lk/view/extra-gazettes/2020/9/2193-55_E.pdf,doc-archive/2020/09/18/2193-55/2193-55_english.pdf
2193-32,https://documents.gov.lk/view/extra-gazettes/2020/9/2193-32_E.pdf,doc-archive/2020/09/17/2193-32/2193-32_english.pdf
2193-52,https://documents.gov.lk/view/extra-gazettes/2020/9/2193-52_E.pdf,doc-archive/2020/09/18/2193-52/2193-52_english.pdf
2193-33,https://documents.gov.lk/view/extra-gazettes/2020/9/2193-33_E.pdf,doc-archive/2020/09/17/2193-33/2193-33_english.pdf
2193-34,https://documents.gov.lk/view/extra-gazettes/2020/9/2193-34_E.pdf,doc-archive/2020/09/17/2193-34/2193-34_english.pdf
2193-35,https://documents.gov.lk/view/extra-gazettes/2020/9/2193-35_E.pdf,doc-archive/2020/09/17/2193-35/2193-35_english.pdf
2193-36,https://documents.gov.lk/view/extra-gazettes/2020/9/2193-36_E.pdf,doc-archive/2020/09/17/2193-36/2193-36_english.pdf
2193-10,https://documents.gov.lk/view/extra-gazettes/2020/9/2193-10_E.pdf,doc-archive/2020/09/16/2193-10/2193-10_english.pdf
2193-12,https://documents.gov.lk/view/extra-gazettes/2020/9/2193-12_E.pdf,doc-archive/2020/09/16/2193-12/2193-12_english.pdf
2193-13,https://documents.gov.lk/view/extra-gazettes/2020/9/2193-13_E.pdf,doc-archive/2020/09/16/2193-13/2193-13_english.pdf
2193-11,https://documents.gov.lk/view/extra-gazettes/2020/9/2193-11_E.pdf,doc-archive/2020/09/16/2193-11/2193-11_english.pdf
2193-16,https://documents.gov.lk/view/extra-gazettes/2020/9/2193-16_E.pdf,doc-archive/2020/09/16/2193-16/2193-16_english.pdf
2193-15,https://documents.gov.lk/view/extra-gazettes/2020/9/2193-15_E.pdf,doc-archive/2020/09/16/2193-15/2193-15_english.pdf
2193-17,https://documents.gov.lk/view/extra-gazettes/2020/9/2193-17_E.pdf,doc-archive/2020/09/16/2193-17/2193-17_english.pdf
2193-18,https://documents.gov.lk/view/extra-gazettes/2020/9/2193-18_E.pdf,doc-archive/2020/09/16/2193-18/2193-18_english.pdf
2193-19,https://documents.gov.lk/view/extra-gazettes/2020/9/2193-19_E.pdf,doc-archive/2020/09/16/2193-19/2193-19_english.pdf
2193-21,https://documents.gov.lk/view/extra-gazettes/2020/9/2193-21_E.pdf,doc-archive/2020/09/16/2193-21/2193-21_english.pdf
2193-20,https://documents.gov.lk/view/extra-gazettes/2020/9/2193-20_E.pdf,doc-archive/2020/09/16/2193-20/2193-20_english.pdf
2193-22,https://documents.gov.lk/view/extra-gazettes/2020/9/2193-22_E.pdf,doc-archive/2020/09/16/2193-22/2193-22_english.pdf
2193-23,https://documents.gov.lk/view/extra-gazettes/2020/9/2193-23_E.pdf,doc-archive/2020/09/16/2193-23/2193-23_english.pdf
2193-24,https://documents.gov.lk/view/extra-gazettes/2020/9/2193-24_E.pdf,doc-archive/2020/09/16/2193-24/2193-24_english.pdf
2193-26,https://documents.gov.lk/view/extra-gazettes/2020/9/2193-26_E.pdf,doc-archive/2020/09/16/2193-26/2193-26_english.pdf
2193-27,https://documents.gov.lk/view/extra-gazettes/2020/9/2193-27_E.pdf,doc-archive/2020/09/16/2193-27/2193-27_english.pdf
2193-28,https://documents.gov.lk/view/extra-gazettes/2020/9/2193-28_E.pdf,doc-archive/2020/09/16/2193-28/2193-28_english.pdf
2193-29,https://documents.gov.lk/view/extra-gazettes/2020/9/2193-29_E.pdf,doc-archive/2020/09/16/2193-29/2193-29_english.pdf
2193-30,https://documents.gov.lk/view/extra-gazettes/2020/9/2193-30_E.pdf,doc-archive/2020/09/16/2193-30/2193-30_english.pdf
2193-31,https://documents.gov.lk/view/extra-gazettes/2020/9/2193-31_E.pdf,doc-archive/2020/09/16/2193-31/2193-31_english.pdf
2193-08,https://documents.gov.lk/view/extra-gazettes/2020/9/2193-08_E.pdf,doc-archive/2020/09/15/2193-08/2193-08_english.pdf
2193-09,https://documents.gov.lk/view/extra-gazettes/2020/9/2193-09_E.pdf,doc-archive/2020/09/15/2193-09/2193-09_english.pdf
2193-01,https://documents.gov.lk/view/extra-gazettes/2020/9/2193-01_E.pdf,doc-archive/2020/09/14/2193-01/2193-01_english.pdf
2193-02,https://documents.gov.lk/view/extra-gazettes/2020/9/2193-02_E.pdf,doc-archive/2020/09/14/2193-02/2193-02_english.pdf
2193-04,https://documents.gov.lk/view/extra-gazettes/2020/9/2193-04_E.pdf,doc-archive/2020/09/14/2193-04/2193-04_english.pdf
2193-05,https://documents.gov.lk/view/extra-gazettes/2020/9/2193-05_E.pdf,doc-archive/2020/09/14/2193-05/2193-05_english.pdf
2193-06,https://documents.gov.lk/view/extra-gazettes/2020/9/2193-06_E.pdf,doc-archive/2020/09/14/2193-06/2193-06_english.pdf
2193-03,https://documents.gov.lk/view/extra-gazettes/2020/9/2193-03_E.pdf,doc-archive/2020/09/14/2193-03/2193-03_english.pdf
2192-61,https://documents.gov.lk/view/extra-gazettes/2020/9/2192-61_E.pdf,doc-archive/2020/09/11/2192-61/2192-61_english.pdf
2193-07,https://documents.gov.lk/view/extra-gazettes/2020/9/2193-07_E.pdf,doc-archive/2020/09/14/2193-07/2193-07_english.pdf
2192-62,https://documents.gov.lk/view/extra-gazettes/2020/9/2192-62_E.pdf,doc-archive/2020/09/11/2192-62/2192-62_english.pdf
2192-63,https://documents.gov.lk/view/extra-gazettes/2020/9/2192-63_E.pdf,doc-archive/2020/09/11/2192-63/2192-63_english.pdf
2192-64,https://documents.gov.lk/view/extra-gazettes/2020/9/2192-64_E.pdf,doc-archive/2020/09/11/2192-64/2192-64_english.pdf
2192-65,https://documents.gov.lk/view/extra-gazettes/2020/9/2192-65_E.pdf,doc-archive/2020/09/11/2192-65/2192-65_english.pdf
2192-67,https://documents.gov.lk/view/extra-gazettes/2020/9/2192-67_E.pdf,doc-archive/2020/09/11/2192-67/2192-67_english.pdf
2192-66,https://documents.gov.lk/view/extra-gazettes/2020/9/2192-66_E.pdf,doc-archive/2020/09/11/2192-66/2192-66_english.pdf
2192-68,https://documents.gov.lk/view/extra-gazettes/2020/9/2192-68_E.pdf,doc-archive/2020/09/11/2192-68/2192-68_english.pdf
2192-70,https://documents.gov.lk/view/extra-gazettes/2020/9/2192-70_E.pdf,doc-archive/2020/09/11/2192-70/2192-70_english.pdf
2192-71,https://documents.gov.lk/view/extra-gazettes/2020/9/2192-71_E.pdf,doc-archive/2020/09/11/2192-71/2192-71_english.pdf
2192-69,https://documents.gov.lk/view/extra-gazettes/2020/9/2192-69_E.pdf,doc-archive/2020/09/11/2192-69/2192-69_english.pdf
2192-72,https://documents.gov.lk/view/extra-gazettes/2020/9/2192-72_E.pdf,doc-archive/2020/09/11/2192-72/2192-72_english.pdf
2192-36,https://documents.gov.lk/view/extra-gazettes/2020/9/2192-36_E.pdf,doc-archive/2020/09/10/2192-36/2192-36_english.pdf
2192-37,https://documents.gov.lk/view/extra-gazettes/2020/9/2192-37_E.pdf,doc-archive/2020/09/10/2192-37/2192-37_english.pdf
2192-38,https://documents.gov.lk/view/extra-gazettes/2020/9/2192-38_E.pdf,doc-archive/2020/09/10/2192-38/2192-38_english.pdf
2192-40,https://documents.gov.lk/view/extra-gazettes/2020/9/2192-40_E.pdf,doc-archive/2020/09/10/2192-40/2192-40_english.pdf
2192-41,https://documents.gov.lk/view/extra-gazettes/2020/9/2192-41_E.pdf,doc-archive/2020/09/10/2192-41/2192-41_english.pdf
2192-42,https://documents.gov.lk/view/extra-gazettes/2020/9/2192-42_E.pdf,doc-archive/2020/09/10/2192-42/2192-42_english.pdf
2192-43,https://documents.gov.lk/view/extra-gazettes/2020/9/2192-43_E.pdf,doc-archive/2020/09/10/2192-43/2192-43_english.pdf
2192-44,https://documents.gov.lk/view/extra-gazettes/2020/9/2192-44_E.pdf,doc-archive/2020/09/10/2192-44/2192-44_english.pdf
2192-39,https://documents.gov.lk/view/extra-gazettes/2020/9/2192-39_E.pdf,doc-archive/2020/09/10/2192-39/2192-39_english.pdf
2192-45,https://documents.gov.lk/view/extra-gazettes/2020/9/2192-45_E.pdf,doc-archive/2020/09/10/2192-45/2192-45_english.pdf
2192-47,https://documents.gov.lk/view/extra-gazettes/2020/9/2192-47_E.pdf,doc-archive/2020/09/10/2192-47/2192-47_english.pdf
2192-48,https://documents.gov.lk/view/extra-gazettes/2020/9/2192-48_E.pdf,doc-archive/2020/09/10/2192-48/2192-48_english.pdf
2192-46,https://documents.gov.lk/view/extra-gazettes/2020/9/2192-46_E.pdf,doc-archive/2020/09/10/2192-46/2192-46_english.pdf
2192-49,https://documents.gov.lk/view/extra-gazettes/2020/9/2192-49_E.pdf,doc-archive/2020/09/10/2192-49/2192-49_english.pdf
2192-50,https://documents.gov.lk/view/extra-gazettes/2020/9/2192-50_E.pdf,doc-archive/2020/09/10/2192-50/2192-50_english.pdf
2192-52,https://documents.gov.lk/view/extra-gazettes/2020/9/2192-52_E.pdf,doc-archive/2020/09/10/2192-52/2192-52_english.pdf
2192-53,https://documents.gov.lk/view/extra-gazettes/2020/9/2192-53_E.pdf,doc-archive/2020/09/10/2192-53/2192-53_english.pdf
2192-54,https://documents.gov.lk/view/extra-gazettes/2020/9/2192-54_E.pdf,doc-archive/2020/09/10/2192-54/2192-54_english.pdf
2192-51,https://documents.gov.lk/view/extra-gazettes/2020/9/2192-51_E.pdf,doc-archive/2020/09/10/2192-51/2192-51_english.pdf
2192-56,https://documents.gov.lk/view/extra-gazettes/2020/9/2192-56_E.pdf,doc-archive/2020/09/10/2192-56/2192-56_english.pdf
2192-55,https://documents.gov.lk/view/extra-gazettes/2020/9/2192-55_E.pdf,doc-archive/2020/09/10/2192-55/2192-55_english.pdf
2192-57,https://documents.gov.lk/view/extra-gazettes/2020/9/2192-57_E.pdf,doc-archive/2020/09/10/2192-57/2192-57_english.pdf
2192-58,https://documents.gov.lk/view/extra-gazettes/2020/9/2192-58_E.pdf,doc-archive/2020/09/10/2192-58/2192-58_english.pdf
2192-26,https://documents.gov.lk/view/extra-gazettes/2020/9/2192-26_E.pdf,doc-archive/2020/09/09/2192-26/2192-26_english.pdf
2192-60,https://documents.gov.lk/view/extra-gazettes/2020/9/2192-60_E.pdf,doc-archive/2020/09/10/2192-60/2192-60_english.pdf
2192-27,https://documents.gov.lk/view/extra-gazettes/2020/9/2192-27_E.pdf,doc-archive/2020/09/09/2192-27/2192-27_english.pdf
2192-29,https://documents.gov.lk/view/extra-gazettes/2020/9/2192-29_E.pdf,doc-archive/2020/09/09/2192-29/2192-29_english.pdf
2192-28,https://documents.gov.lk/view/extra-gazettes/2020/9/2192-28_E.pdf,doc-archive/2020/09/09/2192-28/2192-28_english.pdf
2192-30,https://documents.gov.lk/view/extra-gazettes/2020/9/2192-30_E.pdf,doc-archive/2020/09/09/2192-30/2192-30_english.pdf
2192-32,https://documents.gov.lk/view/extra-gazettes/2020/9/2192-32_E.pdf,doc-archive/2020/09/09/2192-32/2192-32_english.pdf
2192-31,https://documents.gov.lk/view/extra-gazettes/2020/9/2192-31_E.pdf,doc-archive/2020/09/09/2192-31/2192-31_english.pdf
2192-33,https://documents.gov.lk/view/extra-gazettes/2020/9/2192-33_E.pdf,doc-archive/2020/09/09/2192-33/2192-33_english.pdf
2192-34,https://documents.gov.lk/view/extra-gazettes/2020/9/2192-34_E.pdf,doc-archive/2020/09/09/2192-34/2192-34_english.pdf
2192-35,https://documents.gov.lk/view/extra-gazettes/2020/9/2192-35_E.pdf,doc-archive/2020/09/09/2192-35/2192-35_english.pdf
2192-12,https://documents.gov.lk/view/extra-gazettes/2020/9/2192-12_E.pdf,doc-archive/2020/09/08/2192-12/2192-12_english.pdf
2192-11,https://documents.gov.lk/view/extra-gazettes/2020/9/2192-11_E.pdf,doc-archive/2020/09/08/2192-11/2192-11_english.pdf
2192-13,https://documents.gov.lk/view/extra-gazettes/2020/9/2192-13_E.pdf,doc-archive/2020/09/08/2192-13/2192-13_english.pdf
2192-14,https://documents.gov.lk/view/extra-gazettes/2020/9/2192-14_E.pdf,doc-archive/2020/09/08/2192-14/2192-14_english.pdf
2192-15,https://documents.gov.lk/view/extra-gazettes/2020/9/2192-15_E.pdf,doc-archive/2020/09/08/2192-15/2192-15_english.pdf
2192-17,https://documents.gov.lk/view/extra-gazettes/2020/9/2192-17_E.pdf,doc-archive/2020/09/08/2192-17/2192-17_english.pdf
2192-18,https://documents.gov.lk/view/extra-gazettes/2020/9/2192-18_E.pdf,doc-archive/2020/09/08/2192-18/2192-18_english.pdf
2192-16,https://documents.gov.lk/view/extra-gazettes/2020/9/2192-16_E.pdf,doc-archive/2020/09/08/2192-16/2192-16_english.pdf
2192-19,https://documents.gov.lk/view/extra-gazettes/2020/9/2192-19_E.pdf,doc-archive/2020/09/08/2192-19/2192-19_english.pdf
2192-21,https://documents.gov.lk/view/extra-gazettes/2020/9/2192-21_E.pdf,doc-archive/2020/09/08/2192-21/2192-21_english.pdf
2192-22,https://documents.gov.lk/view/extra-gazettes/2020/9/2192-22_E.pdf,doc-archive/2020/09/08/2192-22/2192-22_english.pdf
2192-20,https://documents.gov.lk/view/extra-gazettes/2020/9/2192-20_E.pdf,doc-archive/2020/09/08/2192-20/2192-20_english.pdf
2192-23,https://documents.gov.lk/view/extra-gazettes/2020/9/2192-23_E.pdf,doc-archive/2020/09/08/2192-23/2192-23_english.pdf
2192-25,https://documents.gov.lk/view/extra-gazettes/2020/9/2192-25_E.pdf,doc-archive/2020/09/08/2192-25/2192-25_english.pdf
2192-01,https://documents.gov.lk/view/extra-gazettes/2020/9/2192-01_E.pdf,doc-archive/2020/09/07/2192-01/2192-01_english.pdf
2192-24,https://documents.gov.lk/view/extra-gazettes/2020/9/2192-24_E.pdf,doc-archive/2020/09/08/2192-24/2192-24_english.pdf
2192-02,https://documents.gov.lk/view/extra-gazettes/2020/9/2192-02_E.pdf,doc-archive/2020/09/07/2192-02/2192-02_english.pdf
2192-03,https://documents.gov.lk/view/extra-gazettes/2020/9/2192-03_E.pdf,doc-archive/2020/09/07/2192-03/2192-03_english.pdf
2192-04,https://documents.gov.lk/view/extra-gazettes/2020/9/2192-04_E.pdf,doc-archive/2020/09/07/2192-04/2192-04_english.pdf
2192-05,https://documents.gov.lk/view/extra-gazettes/2020/9/2192-05_E.pdf,doc-archive/2020/09/07/2192-05/2192-05_english.pdf
2192-06,https://documents.gov.lk/view/extra-gazettes/2020/9/2192-06_E.pdf,doc-archive/2020/09/07/2192-06/2192-06_english.pdf
2192-08,https://documents.gov.lk/view/extra-gazettes/2020/9/2192-08_E.pdf,doc-archive/2020/09/07/2192-08/2192-08_english.pdf
2192-07,https://documents.gov.lk/view/extra-gazettes/2020/9/2192-07_E.pdf,doc-archive/2020/09/07/2192-07/2192-07_english.pdf
2192-10,https://documents.gov.lk/view/extra-gazettes/2020/9/2192-10_E.pdf,doc-archive/2020/09/07/2192-10/2192-10_english.pdf
2192-09,https://documents.gov.lk/view/extra-gazettes/2020/9/2192-09_E.pdf,doc-archive/2020/09/07/2192-09/2192-09_english.pdf
2191-40,https://documents.gov.lk/view/extra-gazettes/2020/9/2191-40_E.pdf,doc-archive/2020/09/04/2191-40/2191-40_english.pdf
2191-39,https://documents.gov.lk/view/extra-gazettes/2020/9/2191-39_E.pdf,doc-archive/2020/09/04/2191-39/2191-39_english.pdf
2191-41,https://documents.gov.lk/view/extra-gazettes/2020/9/2191-41_E.pdf,doc-archive/2020/09/04/2191-41/2191-41_english.pdf
2191-45,https://documents.gov.lk/view/extra-gazettes/2020/9/2191-45_E.pdf,doc-archive/2020/09/04/2191-45/2191-45_english.pdf
2191-26,https://documents.gov.lk/view/extra-gazettes/2020/9/2191-26_E.pdf,doc-archive/2020/09/03/2191-26/2191-26_english.pdf
2191-27,https://documents.gov.lk/view/extra-gazettes/2020/9/2191-27_E.pdf,doc-archive/2020/09/03/2191-27/2191-27_english.pdf
2191-44,https://documents.gov.lk/view/extra-gazettes/2020/9/2191-44_E.pdf,doc-archive/2020/09/04/2191-44/2191-44_english.pdf
2191-28,https://documents.gov.lk/view/extra-gazettes/2020/9/2191-28_E.pdf,doc-archive/2020/09/03/2191-28/2191-28_english.pdf
2191-29,https://documents.gov.lk/view/extra-gazettes/2020/9/2191-29_E.pdf,doc-archive/2020/09/03/2191-29/2191-29_english.pdf
2191-31,https://documents.gov.lk/view/extra-gazettes/2020/9/2191-31_E.pdf,doc-archive/2020/09/03/2191-31/2191-31_english.pdf
2191-30,https://documents.gov.lk/view/extra-gazettes/2020/9/2191-30_E.pdf,doc-archive/2020/09/03/2191-30/2191-30_english.pdf
2191-32,https://documents.gov.lk/view/extra-gazettes/2020/9/2191-32_E.pdf,doc-archive/2020/09/03/2191-32/2191-32_english.pdf
2191-34,https://documents.gov.lk/view/extra-gazettes/2020/9/2191-34_E.pdf,doc-archive/2020/09/03/2191-34/2191-34_english.pdf
2191-35,https://documents.gov.lk/view/extra-gazettes/2020/9/2191-35_E.pdf,doc-archive/2020/09/03/2191-35/2191-35_english.pdf
2191-33,https://documents.gov.lk/view/extra-gazettes/2020/9/2191-33_E.pdf,doc-archive/2020/09/03/2191-33/2191-33_english.pdf
2191-36,https://documents.gov.lk/view/extra-gazettes/2020/9/2191-36_E.pdf,doc-archive/2020/09/03/2191-36/2191-36_english.pdf
2191-37,https://documents.gov.lk/view/extra-gazettes/2020/9/2191-37_E.pdf,doc-archive/2020/09/03/2191-37/2191-37_english.pdf
2191-12,https://documents.gov.lk/view/extra-gazettes/2020/9/2191-12_E.pdf,doc-archive/2020/09/02/2191-12/2191-12_english.pdf
2191-14,https://documents.gov.lk/view/extra-gazettes/2020/9/2191-14_E.pdf,doc-archive/2020/09/02/2191-14/2191-14_english.pdf
2191-15,https://documents.gov.lk/view/extra-gazettes/2020/9/2191-15_E.pdf,doc-archive/2020/09/02/2191-15/2191-15_english.pdf
2191-13,https://documents.gov.lk/view/extra-gazettes/2020/9/2191-13_E.pdf,doc-archive/2020/09/02/2191-13/2191-13_english.pdf
2191-16,https://documents.gov.lk/view/extra-gazettes/2020/9/2191-16_E.pdf,doc-archive/2020/09/02/2191-16/2191-16_english.pdf
2191-17,https://documents.gov.lk/view/extra-gazettes/2020/9/2191-17_E.pdf,doc-archive/2020/09/02/2191-17/2191-17_english.pdf
2191-18,https://documents.gov.lk/view/extra-gazettes/2020/9/2191-18_E.pdf,doc-archive/2020/09/02/2191-18/2191-18_english.pdf
2191-19,https://documents.gov.lk/view/extra-gazettes/2020/9/2191-19_E.pdf,doc-archive/2020/09/02/2191-19/2191-19_english.pdf
2191-20,https://documents.gov.lk/view/extra-gazettes/2020/9/2191-20_E.pdf,doc-archive/2020/09/02/2191-20/2191-20_english.pdf
2191-21,https://documents.gov.lk/view/extra-gazettes/2020/9/2191-21_E.pdf,doc-archive/2020/09/02/2191-21/2191-21_english.pdf
2191-23,https://documents.gov.lk/view/extra-gazettes/2020/9/2191-23_E.pdf,doc-archive/2020/09/02/2191-23/2191-23_english.pdf
2191-22,https://documents.gov.lk/view/extra-gazettes/2020/9/2191-22_E.pdf,doc-archive/2020/09/02/2191-22/2191-22_english.pdf
2191-24,https://documents.gov.lk/view/extra-gazettes/2020/9/2191-24_E.pdf,doc-archive/2020/09/02/2191-24/2191-24_english.pdf
2191-25,https://documents.gov.lk/view/extra-gazettes/2020/9/2191-25_E.pdf,doc-archive/2020/09/02/2191-25/2191-25_english.pdf
2199-27,https://documents.gov.lk/view/extra-gazettes/2020/10/2199-27_E.pdf,doc-archive/2020/10/31/2199-27/2199-27_english.pdf
2199-15,https://documents.gov.lk/view/extra-gazettes/2020/10/2199-15_E.pdf,doc-archive/2020/10/29/2199-15/2199-15_english.pdf
2199-26,https://documents.gov.lk/view/extra-gazettes/2020/10/2199-26_E.pdf,doc-archive/2020/10/30/2199-26/2199-26_english.pdf
2199-16,https://documents.gov.lk/view/extra-gazettes/2020/10/2199-16_E.pdf,doc-archive/2020/10/29/2199-16/2199-16_english.pdf
2199-17,https://documents.gov.lk/view/extra-gazettes/2020/10/2199-17_E.pdf,doc-archive/2020/10/29/2199-17/2199-17_english.pdf
2199-18,https://documents.gov.lk/view/extra-gazettes/2020/10/2199-18_E.pdf,doc-archive/2020/10/29/2199-18/2199-18_english.pdf
2199-19,https://documents.gov.lk/view/extra-gazettes/2020/10/2199-19_E.pdf,doc-archive/2020/10/29/2199-19/2199-19_english.pdf
2199-20,https://documents.gov.lk/view/extra-gazettes/2020/10/2199-20_E.pdf,doc-archive/2020/10/29/2199-20/2199-20_english.pdf
2199-21,https://documents.gov.lk/view/extra-gazettes/2020/10/2199-21_E.pdf,doc-archive/2020/10/29/2199-21/2199-21_english.pdf
2199-22,https://documents.gov.lk/view/extra-gazettes/2020/10/2199-22_E.pdf,doc-archive/2020/10/29/2199-22/2199-22_english.pdf
2199-23,https://documents.gov.lk/view/extra-gazettes/2020/10/2199-23_E.pdf,doc-archive/2020/10/29/2199-23/2199-23_english.pdf
2199-24,https://documents.gov.lk/view/extra-gazettes/2020/10/2199-24_E.pdf,doc-archive/2020/10/29/2199-24/2199-24_english.pdf
2199-25,https://documents.gov.lk/view/extra-gazettes/2020/10/2199-25_E.pdf,doc-archive/2020/10/29/2199-25/2199-25_english.pdf
2199-12,https://documents.gov.lk/view/extra-gazettes/2020/10/2199-12_E.pdf,doc-archive/2020/10/28/2199-12/2199-12_english.pdf
2199-13,https://documents.gov.lk/view/extra-gazettes/2020/10/2199-13_E.pdf,doc-archive/2020/10/28/2199-13/2199-13_english.pdf
2199-09,https://documents.gov.lk/view/extra-gazettes/2020/10/2199-09_E.pdf,doc-archive/2020/10/27/2199-09/2199-09_english.pdf
2199-14,https://documents.gov.lk/view/extra-gazettes/2020/10/2199-14_E.pdf,doc-archive/2020/10/28/2199-14/2199-14_english.pdf
2199-10,https://documents.gov.lk/view/extra-gazettes/2020/10/2199-10_E.pdf,doc-archive/2020/10/27/2199-10/2199-10_english.pdf
2199-11,https://documents.gov.lk/view/extra-gazettes/2020/10/2199-11_E.pdf,doc-archive/2020/10/27/2199-11/2199-11_english.pdf
2199-01,https://documents.gov.lk/view/extra-gazettes/2020/10/2199-01_E.pdf,doc-archive/2020/10/26/2199-01/2199-01_english.pdf
2199-02,https://documents.gov.lk/view/extra-gazettes/2020/10/2199-02_E.pdf,doc-archive/2020/10/26/2199-02/2199-02_english.pdf
2199-03,https://documents.gov.lk/view/extra-gazettes/2020/10/2199-03_E.pdf,doc-archive/2020/10/26/2199-03/2199-03_english.pdf
2199-04,https://documents.gov.lk/view/extra-gazettes/2020/10/2199-04_E.pdf,doc-archive/2020/10/26/2199-04/2199-04_english.pdf
2199-05,https://documents.gov.lk/view/extra-gazettes/2020/10/2199-05_E.pdf,doc-archive/2020/10/26/2199-05/2199-05_english.pdf
2199-06,https://documents.gov.lk/view/extra-gazettes/2020/10/2199-06_E.pdf,doc-archive/2020/10/26/2199-06/2199-06_english.pdf
2199-07,https://documents.gov.lk/view/extra-gazettes/2020/10/2199-07_E.pdf,doc-archive/2020/10/26/2199-07/2199-07_english.pdf
2199-08,https://documents.gov.lk/view/extra-gazettes/2020/10/2199-08_E.pdf,doc-archive/2020/10/26/2199-08/2199-08_english.pdf
2198-55,https://documents.gov.lk/view/extra-gazettes/2020/10/2198-55_E.pdf,doc-archive/2020/10/23/2198-55/2198-55_english.pdf
2198-56,https://documents.gov.lk/view/extra-gazettes/2020/10/2198-56_E.pdf,doc-archive/2020/10/23/2198-56/2198-56_english.pdf
2198-57,https://documents.gov.lk/view/extra-gazettes/2020/10/2198-57_E.pdf,doc-archive/2020/10/23/2198-57/2198-57_english.pdf
2198-58,https://documents.gov.lk/view/extra-gazettes/2020/10/2198-58_E.pdf,doc-archive/2020/10/23/2198-58/2198-58_english.pdf
2198-59,https://documents.gov.lk/view/extra-gazettes/2020/10/2198-59_E.pdf,doc-archive/2020/10/23/2198-59/2198-59_english.pdf
2198-31,https://documents.gov.lk/view/extra-gazettes/2020/10/2198-31_E.pdf,doc-archive/2020/10/22/2198-31/2198-31_english.pdf
2198-32,https://documents.gov.lk/view/extra-gazettes/2020/10/2198-32_E.pdf,doc-archive/2020/10/22/2198-32/2198-32_english.pdf
2198-33,https://documents.gov.lk/view/extra-gazettes/2020/10/2198-33_E.pdf,doc-archive/2020/10/22/2198-33/2198-33_english.pdf
2198-34,https://documents.gov.lk/view/extra-gazettes/2020/10/2198-34_E.pdf,doc-archive/2020/10/22/2198-34/2198-34_english.pdf
2198-35,https://documents.gov.lk/view/extra-gazettes/2020/10/2198-35_E.pdf,doc-archive/2020/10/22/2198-35/2198-35_english.pdf
2198-37,https://documents.gov.lk/view/extra-gazettes/2020/10/2198-37_E.pdf,doc-archive/2020/10/22/2198-37/2198-37_english.pdf
2198-38,https://documents.gov.lk/view/extra-gazettes/2020/10/2198-38_E.pdf,doc-archive/2020/10/22/2198-38/2198-38_english.pdf
2198-39,https://documents.gov.lk/view/extra-gazettes/2020/10/2198-39_E.pdf,doc-archive/2020/10/22/2198-39/2198-39_english.pdf
2198-40,https://documents.gov.lk/view/extra-gazettes/2020/10/2198-40_E.pdf,doc-archive/2020/10/22/2198-40/2198-40_english.pdf
2198-41,https://documents.gov.lk/view/extra-gazettes/2020/10/2198-41_E.pdf,doc-archive/2020/10/22/2198-41/2198-41_english.pdf
2198-42,https://documents.gov.lk/view/extra-gazettes/2020/10/2198-42_E.pdf,doc-archive/2020/10/22/2198-42/2198-42_english.pdf
2198-43,https://documents.gov.lk/view/extra-gazettes/2020/10/2198-43_E.pdf,doc-archive/2020/10/22/2198-43/2198-43_english.pdf
2198-44,https://documents.gov.lk/view/extra-gazettes/2020/10/2198-44_E.pdf,doc-archive/2020/10/22/2198-44/2198-44_english.pdf
2198-45,https://documents.gov.lk/view/extra-gazettes/2020/10/2198-45_E.pdf,doc-archive/2020/10/22/2198-45/2198-45_english.pdf
2198-46,https://documents.gov.lk/view/extra-gazettes/2020/10/2198-46_E.pdf,doc-archive/2020/10/22/2198-46/2198-46_english.pdf
2198-47,https://documents.gov.lk/view/extra-gazettes/2020/10/2198-47_E.pdf,doc-archive/2020/10/22/2198-47/2198-47_english.pdf
2198-48,https://documents.gov.lk/view/extra-gazettes/2020/10/2198-48_E.pdf,doc-archive/2020/10/22/2198-48/2198-48_english.pdf
2198-49,https://documents.gov.lk/view/extra-gazettes/2020/10/2198-49_E.pdf,doc-archive/2020/10/22/2198-49/2198-49_english.pdf
2198-50,https://documents.gov.lk/view/extra-gazettes/2020/10/2198-50_E.pdf,doc-archive/2020/10/22/2198-50/2198-50_english.pdf
2198-51,https://documents.gov.lk/view/extra-gazettes/2020/10/2198-51_E.pdf,doc-archive/2020/10/22/2198-51/2198-51_english.pdf
2198-53,https://documents.gov.lk/view/extra-gazettes/2020/10/2198-53_E.pdf,doc-archive/2020/10/22/2198-53/2198-53_english.pdf
2198-52,https://documents.gov.lk/view/extra-gazettes/2020/10/2198-52_E.pdf,doc-archive/2020/10/22/2198-52/2198-52_english.pdf
2198-54,https://documents.gov.lk/view/extra-gazettes/2020/10/2198-54_E.pdf,doc-archive/2020/10/22/2198-54/2198-54_english.pdf
2198-16,https://documents.gov.lk/view/extra-gazettes/2020/10/2198-16_E.pdf,doc-archive/2020/10/21/2198-16/2198-16_english.pdf
2198-17,https://documents.gov.lk/view/extra-gazettes/2020/10/2198-17_E.pdf,doc-archive/2020/10/21/2198-17/2198-17_english.pdf
2198-18,https://documents.gov.lk/view/extra-gazettes/2020/10/2198-18_E.pdf,doc-archive/2020/10/21/2198-18/2198-18_english.pdf
2198-19,https://documents.gov.lk/view/extra-gazettes/2020/10/2198-19_E.pdf,doc-archive/2020/10/21/2198-19/2198-19_english.pdf
2198-20,https://documents.gov.lk/view/extra-gazettes/2020/10/2198-20_E.pdf,doc-archive/2020/10/21/2198-20/2198-20_english.pdf
2198-21,https://documents.gov.lk/view/extra-gazettes/2020/10/2198-21_E.pdf,doc-archive/2020/10/21/2198-21/2198-21_english.pdf
2198-23,https://documents.gov.lk/view/extra-gazettes/2020/10/2198-23_E.pdf,doc-archive/2020/10/21/2198-23/2198-23_english.pdf
2198-22,https://documents.gov.lk/view/extra-gazettes/2020/10/2198-22_E.pdf,doc-archive/2020/10/21/2198-22/2198-22_english.pdf
2198-24,https://documents.gov.lk/view/extra-gazettes/2020/10/2198-24_E.pdf,doc-archive/2020/10/21/2198-24/2198-24_english.pdf
2198-25,https://documents.gov.lk/view/extra-gazettes/2020/10/2198-25_E.pdf,doc-archive/2020/10/21/2198-25/2198-25_english.pdf
2198-26,https://documents.gov.lk/view/extra-gazettes/2020/10/2198-26_E.pdf,doc-archive/2020/10/21/2198-26/2198-26_english.pdf
2198-27,https://documents.gov.lk/view/extra-gazettes/2020/10/2198-27_E.pdf,doc-archive/2020/10/21/2198-27/2198-27_english.pdf
2198-28,https://documents.gov.lk/view/extra-gazettes/2020/10/2198-28_E.pdf,doc-archive/2020/10/21/2198-28/2198-28_english.pdf
2198-29,https://documents.gov.lk/view/extra-gazettes/2020/10/2198-29_E.pdf,doc-archive/2020/10/21/2198-29/2198-29_english.pdf
2198-30,https://documents.gov.lk/view/extra-gazettes/2020/10/2198-30_E.pdf,doc-archive/2020/10/21/2198-30/2198-30_english.pdf
2198-08,https://documents.gov.lk/view/extra-gazettes/2020/10/2198-08_E.pdf,doc-archive/2020/10/20/2198-08/2198-08_english.pdf
2198-09,https://documents.gov.lk/view/extra-gazettes/2020/10/2198-09_E.pdf,doc-archive/2020/10/20/2198-09/2198-09_english.pdf
2198-10,https://documents.gov.lk/view/extra-gazettes/2020/10/2198-10_E.pdf,doc-archive/2020/10/20/2198-10/2198-10_english.pdf
2198-11,https://documents.gov.lk/view/extra-gazettes/2020/10/2198-11_E.pdf,doc-archive/2020/10/20/2198-11/2198-11_english.pdf
2198-12,https://documents.gov.lk/view/extra-gazettes/2020/10/2198-12_E.pdf,doc-archive/2020/10/20/2198-12/2198-12_english.pdf
2198-13,https://documents.gov.lk/view/extra-gazettes/2020/10/2198-13_E.pdf,doc-archive/2020/10/20/2198-13/2198-13_english.pdf
2198-14,https://documents.gov.lk/view/extra-gazettes/2020/10/2198-14_E.pdf,doc-archive/2020/10/20/2198-14/2198-14_english.pdf
2198-15,https://documents.gov.lk/view/extra-gazettes/2020/10/2198-15_E.pdf,doc-archive/2020/10/20/2198-15/2198-15_english.pdf
2198-01,https://documents.gov.lk/view/extra-gazettes/2020/10/2198-01_E.pdf,doc-archive/2020/10/19/2198-01/2198-01_english.pdf
2198-02,https://documents.gov.lk/view/extra-gazettes/2020/10/2198-02_E.pdf,doc-archive/2020/10/19/2198-02/2198-02_english.pdf
2198-03,https://documents.gov.lk/view/extra-gazettes/2020/10/2198-03_E.pdf,doc-archive/2020/10/19/2198-03/2198-03_english.pdf
2198-04,https://documents.gov.lk/view/extra-gazettes/2020/10/2198-04_E.pdf,doc-archive/2020/10/19/2198-04/2198-04_english.pdf
2198-06,https://documents.gov.lk/view/extra-gazettes/2020/10/2198-06_E.pdf,doc-archive/2020/10/19/2198-06/2198-06_english.pdf
2198-05,https://documents.gov.lk/view/extra-gazettes/2020/10/2198-05_E.pdf,doc-archive/2020/10/19/2198-05/2198-05_english.pdf
2198-07,https://documents.gov.lk/view/extra-gazettes/2020/10/2198-07_E.pdf,doc-archive/2020/10/19/2198-07/2198-07_english.pdf
2197-27,https://documents.gov.lk/view/extra-gazettes/2020/10/2197-27_E.pdf,doc-archive/2020/10/17/2197-27/2197-27_english.pdf
2197-20,https://documents.gov.lk/view/extra-gazettes/2020/10/2197-20_E.pdf,doc-archive/2020/10/15/2197-20/2197-20_english.pdf
2197-26,https://documents.gov.lk/view/extra-gazettes/2020/10/2197-26_E.pdf,doc-archive/2020/10/16/2197-26/2197-26_english.pdf
2197-21,https://documents.gov.lk/view/extra-gazettes/2020/10/2197-21_E.pdf,doc-archive/2020/10/15/2197-21/2197-21_english.pdf
2197-22,https://documents.gov.lk/view/extra-gazettes/2020/10/2197-22_E.pdf,doc-archive/2020/10/15/2197-22/2197-22_english.pdf
2197-23,https://documents.gov.lk/view/extra-gazettes/2020/10/2197-23_E.pdf,doc-archive/2020/10/15/2197-23/2197-23_english.pdf
2197-24,https://documents.gov.lk/view/extra-gazettes/2020/10/2197-24_E.pdf,doc-archive/2020/10/15/2197-24/2197-24_english.pdf
2197-25,https://documents.gov.lk/view/extra-gazettes/2020/10/2197-25_E.pdf,doc-archive/2020/10/15/2197-25/2197-25_english.pdf
2197-14,https://documents.gov.lk/view/extra-gazettes/2020/10/2197-14_E.pdf,doc-archive/2020/10/14/2197-14/2197-14_english.pdf
2197-15,https://documents.gov.lk/view/extra-gazettes/2020/10/2197-15_E.pdf,doc-archive/2020/10/14/2197-15/2197-15_english.pdf
2197-16,https://documents.gov.lk/view/extra-gazettes/2020/10/2197-16_E.pdf,doc-archive/2020/10/14/2197-16/2197-16_english.pdf
2197-18,https://documents.gov.lk/view/extra-gazettes/2020/10/2197-18_E.pdf,doc-archive/2020/10/14/2197-18/2197-18_english.pdf
2197-19,https://documents.gov.lk/view/extra-gazettes/2020/10/2197-19_E.pdf,doc-archive/2020/10/14/2197-19/2197-19_english.pdf
2197-05,https://documents.gov.lk/view/extra-gazettes/2020/10/2197-05_E.pdf,doc-archive/2020/10/13/2197-05/2197-05_english.pdf
2197-07,https://documents.gov.lk/view/extra-gazettes/2020/10/2197-07_E.pdf,doc-archive/2020/10/13/2197-07/2197-07_english.pdf
2197-06,https://documents.gov.lk/view/extra-gazettes/2020/10/2197-06_E.pdf,doc-archive/2020/10/13/2197-06/2197-06_english.pdf
2197-08,https://documents.gov.lk/view/extra-gazettes/2020/10/2197-08_E.pdf,doc-archive/2020/10/13/2197-08/2197-08_english.pdf
2197-09,https://documents.gov.lk/view/extra-gazettes/2020/10/2197-09_E.pdf,doc-archive/2020/10/13/2197-09/2197-09_english.pdf
2197-10,https://documents.gov.lk/view/extra-gazettes/2020/10/2197-10_E.pdf,doc-archive/2020/10/13/2197-10/2197-10_english.pdf
2197-12,https://documents.gov.lk/view/extra-gazettes/2020/10/2197-12_E.pdf,doc-archive/2020/10/13/2197-12/2197-12_english.pdf
2197-11,https://documents.gov.lk/view/extra-gazettes/2020/10/2197-11_E.pdf,doc-archive/2020/10/13/2197-11/2197-11_english.pdf
2197-13,https://documents.gov.lk/view/extra-gazettes/2020/10/2197-13_E.pdf,doc-archive/2020/10/13/2197-13/2197-13_english.pdf
2197-01,https://documents.gov.lk/view/extra-gazettes/2020/10/2197-01_E.pdf,doc-archive/2020/10/12/2197-01/2197-01_english.pdf
2197-02,https://documents.gov.lk/view/extra-gazettes/2020/10/2197-02_E.pdf,doc-archive/2020/10/12/2197-02/2197-02_english.pdf
2197-03,https://documents.gov.lk/view/extra-gazettes/2020/10/2197-03_E.pdf,doc-archive/2020/10/12/2197-03/2197-03_english.pdf
2197-04,https://documents.gov.lk/view/extra-gazettes/2020/10/2197-04_E.pdf,doc-archive/2020/10/12/2197-04/2197-04_english.pdf
2196-57,https://documents.gov.lk/view/extra-gazettes/2020/10/2196-57_E.pdf,doc-archive/2020/10/10/2196-57/2196-57_english.pdf
2196-58,https://documents.gov.lk/view/extra-gazettes/2020/10/2196-58_E.pdf,doc-archive/2020/10/10/2196-58/2196-58_english.pdf
2196-59,https://documents.gov.lk/view/extra-gazettes/2020/10/2196-59_E.pdf,doc-archive/2020/10/10/2196-59/2196-59_english.pdf
2196-49,https://documents.gov.lk/view/extra-gazettes/2020/10/2196-49_E.pdf,doc-archive/2020/10/09/2196-49/2196-49_english.pdf
2196-50,https://documents.gov.lk/view/extra-gazettes/2020/10/2196-50_E.pdf,doc-archive/2020/10/09/2196-50/2196-50_english.pdf
2196-51,https://documents.gov.lk/view/extra-gazettes/2020/10/2196-51_E.pdf,doc-archive/2020/10/09/2196-51/2196-51_english.pdf
2196-52,https://documents.gov.lk/view/extra-gazettes/2020/10/2196-52_E.pdf,doc-archive/2020/10/09/2196-52/2196-52_english.pdf
2196-53,https://documents.gov.lk/view/extra-gazettes/2020/10/2196-53_E.pdf,doc-archive/2020/10/09/2196-53/2196-53_english.pdf
2196-54,https://documents.gov.lk/view/extra-gazettes/2020/10/2196-54_E.pdf,doc-archive/2020/10/09/2196-54/2196-54_english.pdf
2196-42,https://documents.gov.lk/view/extra-gazettes/2020/10/2196-42_E.pdf,doc-archive/2020/10/08/2196-42/2196-42_english.pdf
2196-43,https://documents.gov.lk/view/extra-gazettes/2020/10/2196-43_E.pdf,doc-archive/2020/10/08/2196-43/2196-43_english.pdf
2196-44,https://documents.gov.lk/view/extra-gazettes/2020/10/2196-44_E.pdf,doc-archive/2020/10/08/2196-44/2196-44_english.pdf
2196-55,https://documents.gov.lk/view/extra-gazettes/2020/10/2196-55_E.pdf,doc-archive/2020/10/09/2196-55/2196-55_english.pdf
2196-45,https://documents.gov.lk/view/extra-gazettes/2020/10/2196-45_E.pdf,doc-archive/2020/10/08/2196-45/2196-45_english.pdf
2196-46,https://documents.gov.lk/view/extra-gazettes/2020/10/2196-46_E.pdf,doc-archive/2020/10/08/2196-46/2196-46_english.pdf
2196-47,https://documents.gov.lk/view/extra-gazettes/2020/10/2196-47_E.pdf,doc-archive/2020/10/08/2196-47/2196-47_english.pdf
2196-48,https://documents.gov.lk/view/extra-gazettes/2020/10/2196-48_E.pdf,doc-archive/2020/10/08/2196-48/2196-48_english.pdf
2196-35,https://documents.gov.lk/view/extra-gazettes/2020/10/2196-35_E.pdf,doc-archive/2020/10/07/2196-35/2196-35_english.pdf
2196-36,https://documents.gov.lk/view/extra-gazettes/2020/10/2196-36_E.pdf,doc-archive/2020/10/07/2196-36/2196-36_english.pdf
2196-37,https://documents.gov.lk/view/extra-gazettes/2020/10/2196-37_E.pdf,doc-archive/2020/10/07/2196-37/2196-37_english.pdf
2196-38,https://documents.gov.lk/view/extra-gazettes/2020/10/2196-38_E.pdf,doc-archive/2020/10/07/2196-38/2196-38_english.pdf
2196-39,https://documents.gov.lk/view/extra-gazettes/2020/10/2196-39_E.pdf,doc-archive/2020/10/07/2196-39/2196-39_english.pdf
2196-40,https://documents.gov.lk/view/extra-gazettes/2020/10/2196-40_E.pdf,doc-archive/2020/10/07/2196-40/2196-40_english.pdf
2196-41,https://documents.gov.lk/view/extra-gazettes/2020/10/2196-41_E.pdf,doc-archive/2020/10/07/2196-41/2196-41_english.pdf
2196-06,https://documents.gov.lk/view/extra-gazettes/2020/10/2196-06_E.pdf,doc-archive/2020/10/06/2196-06/2196-06_english.pdf
2196-07,https://documents.gov.lk/view/extra-gazettes/2020/10/2196-07_E.pdf,doc-archive/2020/10/06/2196-07/2196-07_english.pdf
2196-08,https://documents.gov.lk/view/extra-gazettes/2020/10/2196-08_E.pdf,doc-archive/2020/10/06/2196-08/2196-08_english.pdf
2196-09,https://documents.gov.lk/view/extra-gazettes/2020/10/2196-09_E.pdf,doc-archive/2020/10/06/2196-09/2196-09_english.pdf
2196-10,https://documents.gov.lk/view/extra-gazettes/2020/10/2196-10_E.pdf,doc-archive/2020/10/06/2196-10/2196-10_english.pdf
2196-11,https://documents.gov.lk/view/extra-gazettes/2020/10/2196-11_E.pdf,doc-archive/2020/10/06/2196-11/2196-11_english.pdf
2196-12,https://documents.gov.lk/view/extra-gazettes/2020/10/2196-12_E.pdf,doc-archive/2020/10/06/2196-12/2196-12_english.pdf
2196-13,https://documents.gov.lk/view/extra-gazettes/2020/10/2196-13_E.pdf,doc-archive/2020/10/06/2196-13/2196-13_english.pdf
2196-14,https://documents.gov.lk/view/extra-gazettes/2020/10/2196-14_E.pdf,doc-archive/2020/10/06/2196-14/2196-14_english.pdf
2196-15,https://documents.gov.lk/view/extra-gazettes/2020/10/2196-15_E.pdf,doc-archive/2020/10/06/2196-15/2196-15_english.pdf
2196-16,https://documents.gov.lk/view/extra-gazettes/2020/10/2196-16_E.pdf,doc-archive/2020/10/06/2196-16/2196-16_english.pdf
2196-17,https://documents.gov.lk/view/extra-gazettes/2020/10/2196-17_E.pdf,doc-archive/2020/10/06/2196-17/2196-17_english.pdf
2196-18,https://documents.gov.lk/view/extra-gazettes/2020/10/2196-18_E.pdf,doc-archive/2020/10/06/2196-18/2196-18_english.pdf
2196-19,https://documents.gov.lk/view/extra-gazettes/2020/10/2196-19_E.pdf,doc-archive/2020/10/06/2196-19/2196-19_english.pdf
2196-20,https://documents.gov.lk/view/extra-gazettes/2020/10/2196-20_E.pdf,doc-archive/2020/10/06/2196-20/2196-20_english.pdf
2196-21,https://documents.gov.lk/view/extra-gazettes/2020/10/2196-21_E.pdf,doc-archive/2020/10/06/2196-21/2196-21_english.pdf
2196-22,https://documents.gov.lk/view/extra-gazettes/2020/10/2196-22_E.pdf,doc-archive/2020/10/06/2196-22/2196-22_english.pdf
2196-23,https://documents.gov.lk/view/extra-gazettes/2020/10/2196-23_E.pdf,doc-archive/2020/10/06/2196-23/2196-23_english.pdf
2196-24,https://documents.gov.lk/view/extra-gazettes/2020/10/2196-24_E.pdf,doc-archive/2020/10/06/2196-24/2196-24_english.pdf
2196-25,https://documents.gov.lk/view/extra-gazettes/2020/10/2196-25_E.pdf,doc-archive/2020/10/06/2196-25/2196-25_english.pdf
2196-26,https://documents.gov.lk/view/extra-gazettes/2020/10/2196-26_E.pdf,doc-archive/2020/10/06/2196-26/2196-26_english.pdf
2196-28,https://documents.gov.lk/view/extra-gazettes/2020/10/2196-28_E.pdf,doc-archive/2020/10/06/2196-28/2196-28_english.pdf
2196-27,https://documents.gov.lk/view/extra-gazettes/2020/10/2196-27_E.pdf,doc-archive/2020/10/06/2196-27/2196-27_english.pdf
2196-29,https://documents.gov.lk/view/extra-gazettes/2020/10/2196-29_E.pdf,doc-archive/2020/10/06/2196-29/2196-29_english.pdf
2196-30,https://documents.gov.lk/view/extra-gazettes/2020/10/2196-30_E.pdf,doc-archive/2020/10/06/2196-30/2196-30_english.pdf
2196-32,https://documents.gov.lk/view/extra-gazettes/2020/10/2196-32_E.pdf,doc-archive/2020/10/06/2196-32/2196-32_english.pdf
2196-31,https://documents.gov.lk/view/extra-gazettes/2020/10/2196-31_E.pdf,doc-archive/2020/10/06/2196-31/2196-31_english.pdf
2196-33,https://documents.gov.lk/view/extra-gazettes/2020/10/2196-33_E.pdf,doc-archive/2020/10/06/2196-33/2196-33_english.pdf
2196-34,https://documents.gov.lk/view/extra-gazettes/2020/10/2196-34_E.pdf,doc-archive/2020/10/06/2196-34/2196-34_english.pdf
2196-01,https://documents.gov.lk/view/extra-gazettes/2020/10/2196-01_E.pdf,doc-archive/2020/10/05/2196-01/2196-01_english.pdf
2196-02,https://documents.gov.lk/view/extra-gazettes/2020/10/2196-02_E.pdf,doc-archive/2020/10/05/2196-02/2196-02_english.pdf
2196-03,https://documents.gov.lk/view/extra-gazettes/2020/10/2196-03_E.pdf,doc-archive/2020/10/05/2196-03/2196-03_english.pdf
2196-04,https://documents.gov.lk/view/extra-gazettes/2020/10/2196-04_E.pdf,doc-archive/2020/10/05/2196-04/2196-04_english.pdf
2196-05,https://documents.gov.lk/view/extra-gazettes/2020/10/2196-05_E.pdf,doc-archive/2020/10/05/2196-05/2196-05_english.pdf
2195-37,https://documents.gov.lk/view/extra-gazettes/2020/10/2195-37_E.pdf,doc-archive/2020/10/02/2195-37/2195-37_english.pdf
2195-38,https://documents.gov.lk/view/extra-gazettes/2020/10/2195-38_E.pdf,doc-archive/2020/10/02/2195-38/2195-38_english.pdf
2195-39,https://documents.gov.lk/view/extra-gazettes/2020/10/2195-39_E.pdf,doc-archive/2020/10/02/2195-39/2195-39_english.pdf
2203-40,https://documents.gov.lk/view/extra-gazettes/2020/11/2203-40_E.pdf,doc-archive/2020/11/30/2203-40/2203-40_english.pdf
2204-02,https://documents.gov.lk/view/extra-gazettes/2020/11/2204-02_E.pdf,doc-archive/2020/11/30/2204-02/2204-02_english.pdf
2204-01,https://documents.gov.lk/view/extra-gazettes/2020/11/2204-01_E.pdf,doc-archive/2020/11/30/2204-01/2204-01_english.pdf
2204-03,https://documents.gov.lk/view/extra-gazettes/2020/11/2204-03_E.pdf,doc-archive/2020/11/30/2204-03/2204-03_english.pdf
2203-37,https://documents.gov.lk/view/extra-gazettes/2020/11/2203-37_E.pdf,doc-archive/2020/11/28/2203-37/2203-37_english.pdf
2203-38,https://documents.gov.lk/view/extra-gazettes/2020/11/2203-38_E.pdf,doc-archive/2020/11/28/2203-38/2203-38_english.pdf
2203-39,https://documents.gov.lk/view/extra-gazettes/2020/11/2203-39_E.pdf,doc-archive/2020/11/28/2203-39/2203-39_english.pdf
2203-35,https://documents.gov.lk/view/extra-gazettes/2020/11/2203-35_E.pdf,doc-archive/2020/11/27/2203-35/2203-35_english.pdf
2203-28,https://documents.gov.lk/view/extra-gazettes/2020/11/2203-28_E.pdf,doc-archive/2020/11/26/2203-28/2203-28_english.pdf
2203-36,https://documents.gov.lk/view/extra-gazettes/2020/11/2203-36_E.pdf,doc-archive/2020/11/27/2203-36/2203-36_english.pdf
2203-30,https://documents.gov.lk/view/extra-gazettes/2020/11/2203-30_E.pdf,doc-archive/2020/11/26/2203-30/2203-30_english.pdf
2203-29,https://documents.gov.lk/view/extra-gazettes/2020/11/2203-29_E.pdf,doc-archive/2020/11/26/2203-29/2203-29_english.pdf
2203-32,https://documents.gov.lk/view/extra-gazettes/2020/11/2203-32_E.pdf,doc-archive/2020/11/26/2203-32/2203-32_english.pdf
2203-33,https://documents.gov.lk/view/extra-gazettes/2020/11/2203-33_E.pdf,doc-archive/2020/11/26/2203-33/2203-33_english.pdf
2203-34,https://documents.gov.lk/view/extra-gazettes/2020/11/2203-34_E.pdf,doc-archive/2020/11/26/2203-34/2203-34_english.pdf
2203-20,https://documents.gov.lk/view/extra-gazettes/2020/11/2203-20_E.pdf,doc-archive/2020/11/25/2203-20/2203-20_english.pdf
2203-21,https://documents.gov.lk/view/extra-gazettes/2020/11/2203-21_E.pdf,doc-archive/2020/11/25/2203-21/2203-21_english.pdf
2203-22,https://documents.gov.lk/view/extra-gazettes/2020/11/2203-22_E.pdf,doc-archive/2020/11/25/2203-22/2203-22_english.pdf
2203-31,https://documents.gov.lk/view/extra-gazettes/2020/11/2203-31_E.pdf,doc-archive/2020/11/26/2203-31/2203-31_english.pdf
2203-23,https://documents.gov.lk/view/extra-gazettes/2020/11/2203-23_E.pdf,doc-archive/2020/11/25/2203-23/2203-23_english.pdf
2203-24,https://documents.gov.lk/view/extra-gazettes/2020/11/2203-24_E.pdf,doc-archive/2020/11/25/2203-24/2203-24_english.pdf
2203-25,https://documents.gov.lk/view/extra-gazettes/2020/11/2203-25_E.pdf,doc-archive/2020/11/25/2203-25/2203-25_english.pdf
2203-26,https://documents.gov.lk/view/extra-gazettes/2020/11/2203-26_E.pdf,doc-archive/2020/11/25/2203-26/2203-26_english.pdf
2203-27,https://documents.gov.lk/view/extra-gazettes/2020/11/2203-27_E.pdf,doc-archive/2020/11/25/2203-27/2203-27_english.pdf
2203-08,https://documents.gov.lk/view/extra-gazettes/2020/11/2203-08_E.pdf,doc-archive/2020/11/24/2203-08/2203-08_english.pdf
2203-09,https://documents.gov.lk/view/extra-gazettes/2020/11/2203-09_E.pdf,doc-archive/2020/11/24/2203-09/2203-09_english.pdf
2203-10,https://documents.gov.lk/view/extra-gazettes/2020/11/2203-10_E.pdf,doc-archive/2020/11/24/2203-10/2203-10_english.pdf
2203-11,https://documents.gov.lk/view/extra-gazettes/2020/11/2203-11_E.pdf,doc-archive/2020/11/24/2203-11/2203-11_english.pdf
2203-12,https://documents.gov.lk/view/extra-gazettes/2020/11/2203-12_E.pdf,doc-archive/2020/11/24/2203-12/2203-12_english.pdf
2203-14,https://documents.gov.lk/view/extra-gazettes/2020/11/2203-14_E.pdf,doc-archive/2020/11/24/2203-14/2203-14_english.pdf
2203-13,https://documents.gov.lk/view/extra-gazettes/2020/11/2203-13_E.pdf,doc-archive/2020/11/24/2203-13/2203-13_english.pdf
2203-16,https://documents.gov.lk/view/extra-gazettes/2020/11/2203-16_E.pdf,doc-archive/2020/11/24/2203-16/2203-16_english.pdf
2203-15,https://documents.gov.lk/view/extra-gazettes/2020/11/2203-15_E.pdf,doc-archive/2020/11/24/2203-15/2203-15_english.pdf
2203-17,https://documents.gov.lk/view/extra-gazettes/2020/11/2203-17_E.pdf,doc-archive/2020/11/24/2203-17/2203-17_english.pdf
2203-01,https://documents.gov.lk/view/extra-gazettes/2020/11/2203-01_E.pdf,doc-archive/2020/11/23/2203-01/2203-01_english.pdf
2203-02,https://documents.gov.lk/view/extra-gazettes/2020/11/2203-02_E.pdf,doc-archive/2020/11/23/2203-02/2203-02_english.pdf
2203-03,https://documents.gov.lk/view/extra-gazettes/2020/11/2203-03_E.pdf,doc-archive/2020/11/23/2203-03/2203-03_english.pdf
2203-04,https://documents.gov.lk/view/extra-gazettes/2020/11/2203-04_E.pdf,doc-archive/2020/11/23/2203-04/2203-04_english.pdf
2203-19,https://documents.gov.lk/view/extra-gazettes/2020/11/2203-19_E.pdf,doc-archive/2020/11/24/2203-19/2203-19_english.pdf
2203-05,https://documents.gov.lk/view/extra-gazettes/2020/11/2203-05_E.pdf,doc-archive/2020/11/23/2203-05/2203-05_english.pdf
2203-07,https://documents.gov.lk/view/extra-gazettes/2020/11/2203-07_E.pdf,doc-archive/2020/11/23/2203-07/2203-07_english.pdf
2203-06,https://documents.gov.lk/view/extra-gazettes/2020/11/2203-06_E.pdf,doc-archive/2020/11/23/2203-06/2203-06_english.pdf
2202-26,https://documents.gov.lk/view/extra-gazettes/2020/11/2202-26_E.pdf,doc-archive/2020/11/21/2202-26/2202-26_english.pdf
2202-28,https://documents.gov.lk/view/extra-gazettes/2020/11/2202-28_E.pdf,doc-archive/2020/11/21/2202-28/2202-28_english.pdf
2202-27,https://documents.gov.lk/view/extra-gazettes/2020/11/2202-27_E.pdf,doc-archive/2020/11/21/2202-27/2202-27_english.pdf
2202-30,https://documents.gov.lk/view/extra-gazettes/2020/11/2202-30_E.pdf,doc-archive/2020/11/21/2202-30/2202-30_english.pdf
2202-31,https://documents.gov.lk/view/extra-gazettes/2020/11/2202-31_E.pdf,doc-archive/2020/11/21/2202-31/2202-31_english.pdf
2202-32,https://documents.gov.lk/view/extra-gazettes/2020/11/2202-32_E.pdf,doc-archive/2020/11/21/2202-32/2202-32_english.pdf
2202-29,https://documents.gov.lk/view/extra-gazettes/2020/11/2202-29_E.pdf,doc-archive/2020/11/21/2202-29/2202-29_english.pdf
2202-33,https://documents.gov.lk/view/extra-gazettes/2020/11/2202-33_E.pdf,doc-archive/2020/11/21/2202-33/2202-33_english.pdf
2202-35,https://documents.gov.lk/view/extra-gazettes/2020/11/2202-35_E.pdf,doc-archive/2020/11/21/2202-35/2202-35_english.pdf
2202-34,https://documents.gov.lk/view/extra-gazettes/2020/11/2202-34_E.pdf,doc-archive/2020/11/21/2202-34/2202-34_english.pdf
2202-37,https://documents.gov.lk/view/extra-gazettes/2020/11/2202-37_E.pdf,doc-archive/2020/11/21/2202-37/2202-37_english.pdf
2202-36,https://documents.gov.lk/view/extra-gazettes/2020/11/2202-36_E.pdf,doc-archive/2020/11/21/2202-36/2202-36_english.pdf
2202-38,https://documents.gov.lk/view/extra-gazettes/2020/11/2202-38_E.pdf,doc-archive/2020/11/21/2202-38/2202-38_english.pdf
2202-39,https://documents.gov.lk/view/extra-gazettes/2020/11/2202-39_E.pdf,doc-archive/2020/11/21/2202-39/2202-39_english.pdf
2202-40,https://documents.gov.lk/view/extra-gazettes/2020/11/2202-40_E.pdf,doc-archive/2020/11/21/2202-40/2202-40_english.pdf
2202-41,https://documents.gov.lk/view/extra-gazettes/2020/11/2202-41_E.pdf,doc-archive/2020/11/21/2202-41/2202-41_english.pdf
2202-43,https://documents.gov.lk/view/extra-gazettes/2020/11/2202-43_E.pdf,doc-archive/2020/11/21/2202-43/2202-43_english.pdf
2202-42,https://documents.gov.lk/view/extra-gazettes/2020/11/2202-42_E.pdf,doc-archive/2020/11/21/2202-42/2202-42_english.pdf
2202-19,https://documents.gov.lk/view/extra-gazettes/2020/11/2202-19_E.pdf,doc-archive/2020/11/20/2202-19/2202-19_english.pdf
2202-44,https://documents.gov.lk/view/extra-gazettes/2020/11/2202-44_E.pdf,doc-archive/2020/11/21/2202-44/2202-44_english.pdf
2202-20,https://documents.gov.lk/view/extra-gazettes/2020/11/2202-20_E.pdf,doc-archive/2020/11/20/2202-20/2202-20_english.pdf
2202-22,https://documents.gov.lk/view/extra-gazettes/2020/11/2202-22_E.pdf,doc-archive/2020/11/20/2202-22/2202-22_english.pdf
2202-21,https://documents.gov.lk/view/extra-gazettes/2020/11/2202-21_E.pdf,doc-archive/2020/11/20/2202-21/2202-21_english.pdf
2202-24,https://documents.gov.lk/view/extra-gazettes/2020/11/2202-24_E.pdf,doc-archive/2020/11/20/2202-24/2202-24_english.pdf
2202-23,https://documents.gov.lk/view/extra-gazettes/2020/11/2202-23_E.pdf,doc-archive/2020/11/20/2202-23/2202-23_english.pdf
2202-25,https://documents.gov.lk/view/extra-gazettes/2020/11/2202-25_E.pdf,doc-archive/2020/11/20/2202-25/2202-25_english.pdf
2202-17,https://documents.gov.lk/view/extra-gazettes/2020/11/2202-17_E.pdf,doc-archive/2020/11/19/2202-17/2202-17_english.pdf
2202-09,https://documents.gov.lk/view/extra-gazettes/2020/11/2202-09_E.pdf,doc-archive/2020/11/18/2202-09/2202-09_english.pdf
2202-10,https://documents.gov.lk/view/extra-gazettes/2020/11/2202-10_E.pdf,doc-archive/2020/11/18/2202-10/2202-10_english.pdf
2202-18,https://documents.gov.lk/view/extra-gazettes/2020/11/2202-18_E.pdf,doc-archive/2020/11/19/2202-18/2202-18_english.pdf
2202-12,https://documents.gov.lk/view/extra-gazettes/2020/11/2202-12_E.pdf,doc-archive/2020/11/18/2202-12/2202-12_english.pdf
2202-11,https://documents.gov.lk/view/extra-gazettes/2020/11/2202-11_E.pdf,doc-archive/2020/11/18/2202-11/2202-11_english.pdf
2202-14,https://documents.gov.lk/view/extra-gazettes/2020/11/2202-14_E.pdf,doc-archive/2020/11/18/2202-14/2202-14_english.pdf
2202-13,https://documents.gov.lk/view/extra-gazettes/2020/11/2202-13_E.pdf,doc-archive/2020/11/18/2202-13/2202-13_english.pdf
2202-15,https://documents.gov.lk/view/extra-gazettes/2020/11/2202-15_E.pdf,doc-archive/2020/11/18/2202-15/2202-15_english.pdf
2202-16,https://documents.gov.lk/view/extra-gazettes/2020/11/2202-16_E.pdf,doc-archive/2020/11/18/2202-16/2202-16_english.pdf
2202-04,https://documents.gov.lk/view/extra-gazettes/2020/11/2202-04_E.pdf,doc-archive/2020/11/17/2202-04/2202-04_english.pdf
2202-06,https://documents.gov.lk/view/extra-gazettes/2020/11/2202-06_E.pdf,doc-archive/2020/11/17/2202-06/2202-06_english.pdf
2202-07,https://documents.gov.lk/view/extra-gazettes/2020/11/2202-07_E.pdf,doc-archive/2020/11/17/2202-07/2202-07_english.pdf
2202-08,https://documents.gov.lk/view/extra-gazettes/2020/11/2202-08_E.pdf,doc-archive/2020/11/17/2202-08/2202-08_english.pdf
2202-01,https://documents.gov.lk/view/extra-gazettes/2020/11/2202-01_E.pdf,doc-archive/2020/11/16/2202-01/2202-01_english.pdf
2202-02,https://documents.gov.lk/view/extra-gazettes/2020/11/2202-02_E.pdf,doc-archive/2020/11/16/2202-02/2202-02_english.pdf
2202-03,https://documents.gov.lk/view/extra-gazettes/2020/11/2202-03_E.pdf,doc-archive/2020/11/16/2202-03/2202-03_english.pdf
2201-29,https://documents.gov.lk/view/extra-gazettes/2020/11/2201-29_E.pdf,doc-archive/2020/11/14/2201-29/2201-29_english.pdf
2201-28,https://documents.gov.lk/view/extra-gazettes/2020/11/2201-28_E.pdf,doc-archive/2020/11/13/2201-28/2201-28_english.pdf
2201-11,https://documents.gov.lk/view/extra-gazettes/2020/11/2201-11_E.pdf,doc-archive/2020/11/12/2201-11/2201-11_english.pdf
2201-12,https://documents.gov.lk/view/extra-gazettes/2020/11/2201-12_E.pdf,doc-archive/2020/11/12/2201-12/2201-12_english.pdf
2201-13,https://documents.gov.lk/view/extra-gazettes/2020/11/2201-13_E.pdf,doc-archive/2020/11/12/2201-13/2201-13_english.pdf
2201-14,https://documents.gov.lk/view/extra-gazettes/2020/11/2201-14_E.pdf,doc-archive/2020/11/12/2201-14/2201-14_english.pdf
2201-15,https://documents.gov.lk/view/extra-gazettes/2020/11/2201-15_E.pdf,doc-archive/2020/11/12/2201-15/2201-15_english.pdf
2201-16,https://documents.gov.lk/view/extra-gazettes/2020/11/2201-16_E.pdf,doc-archive/2020/11/12/2201-16/2201-16_english.pdf
2201-17,https://documents.gov.lk/view/extra-gazettes/2020/11/2201-17_E.pdf,doc-archive/2020/11/12/2201-17/2201-17_english.pdf
2201-18,https://documents.gov.lk/view/extra-gazettes/2020/11/2201-18_E.pdf,doc-archive/2020/11/12/2201-18/2201-18_english.pdf
2201-19,https://documents.gov.lk/view/extra-gazettes/2020/11/2201-19_E.pdf,doc-archive/2020/11/12/2201-19/2201-19_english.pdf
2201-20,https://documents.gov.lk/view/extra-gazettes/2020/11/2201-20_E.pdf,doc-archive/2020/11/12/2201-20/2201-20_english.pdf
2201-21,https://documents.gov.lk/view/extra-gazettes/2020/11/2201-21_E.pdf,doc-archive/2020/11/12/2201-21/2201-21_english.pdf
2201-22,https://documents.gov.lk/view/extra-gazettes/2020/11/2201-22_E.pdf,doc-archive/2020/11/12/2201-22/2201-22_english.pdf
2201-23,https://documents.gov.lk/view/extra-gazettes/2020/11/2201-23_E.pdf,doc-archive/2020/11/12/2201-23/2201-23_english.pdf
2201-24,https://documents.gov.lk/view/extra-gazettes/2020/11/2201-24_E.pdf,doc-archive/2020/11/12/2201-24/2201-24_english.pdf
2201-25,https://documents.gov.lk/view/extra-gazettes/2020/11/2201-25_E.pdf,doc-archive/2020/11/12/2201-25/2201-25_english.pdf
2201-26,https://documents.gov.lk/view/extra-gazettes/2020/11/2201-26_E.pdf,doc-archive/2020/11/12/2201-26/2201-26_english.pdf
2201-27,https://documents.gov.lk/view/extra-gazettes/2020/11/2201-27_E.pdf,doc-archive/2020/11/12/2201-27/2201-27_english.pdf
2201-10,https://documents.gov.lk/view/extra-gazettes/2020/11/2201-10_E.pdf,doc-archive/2020/11/11/2201-10/2201-10_english.pdf
2201-06,https://documents.gov.lk/view/extra-gazettes/2020/11/2201-06_E.pdf,doc-archive/2020/11/10/2201-06/2201-06_english.pdf
2201-07,https://documents.gov.lk/view/extra-gazettes/2020/11/2201-07_E.pdf,doc-archive/2020/11/10/2201-07/2201-07_english.pdf
2201-08,https://documents.gov.lk/view/extra-gazettes/2020/11/2201-08_E.pdf,doc-archive/2020/11/10/2201-08/2201-08_english.pdf
2201-01,https://documents.gov.lk/view/extra-gazettes/2020/11/2201-01_E.pdf,doc-archive/2020/11/09/2201-01/2201-01_english.pdf
2201-02,https://documents.gov.lk/view/extra-gazettes/2020/11/2201-02_E.pdf,doc-archive/2020/11/09/2201-02/2201-02_english.pdf
2201-03,https://documents.gov.lk/view/extra-gazettes/2020/11/2201-03_E.pdf,doc-archive/2020/11/09/2201-03/2201-03_english.pdf
2201-04,https://documents.gov.lk/view/extra-gazettes/2020/11/2201-04_E.pdf,doc-archive/2020/11/09/2201-04/2201-04_english.pdf
2201-05,https://documents.gov.lk/view/extra-gazettes/2020/11/2201-05_E.pdf,doc-archive/2020/11/09/2201-05/2201-05_english.pdf
2200-08,https://documents.gov.lk/view/extra-gazettes/2020/11/2200-08_E.pdf,doc-archive/2020/11/08/2200-08/2200-08_english.pdf
2200-07,https://documents.gov.lk/view/extra-gazettes/2020/11/2200-07_E.pdf,doc-archive/2020/11/06/2200-07/2200-07_english.pdf
2200-04,https://documents.gov.lk/view/extra-gazettes/2020/11/2200-04_E.pdf,doc-archive/2020/11/05/2200-04/2200-04_english.pdf
2200-05,https://documents.gov.lk/view/extra-gazettes/2020/11/2200-05_E.pdf,doc-archive/2020/11/05/2200-05/2200-05_english.pdf
2200-06,https://documents.gov.lk/view/extra-gazettes/2020/11/2200-06_E.pdf,doc-archive/2020/11/05/2200-06/2200-06_english.pdf
2200-03,https://documents.gov.lk/view/extra-gazettes/2020/11/2200-03_E.pdf,doc-archive/2020/11/04/2200-03/2200-03_english.pdf
2200-01,https://documents.gov.lk/view/extra-gazettes/2020/11/2200-01_E.pdf,doc-archive/2020/11/02/2200-01/2200-01_english.pdf
2200-02,https://documents.gov.lk/view/extra-gazettes/2020/11/2200-02_E.pdf,doc-archive/2020/11/02/2200-02/2200-02_english.pdf
2202-05,https://documents.gov.lk/view/extra-gazettes/2020/11/2202-05_E.pdf,doc-archive/2020/11/17/2202-05/2202-05_english.pdf
2208-26,https://documents.gov.lk/view/extra-gazettes/2020/12/2208-26_E.pdf,doc-archive/2020/12/31/2208-26/2208-26_english.pdf
2208-27,https://documents.gov.lk/view/extra-gazettes/2020/12/2208-27_E.pdf,doc-archive/2020/12/31/2208-27/2208-27_english.pdf
2208-28,https://documents.gov.lk/view/extra-gazettes/2020/12/2208-28_E.pdf,doc-archive/2020/12/31/2208-28/2208-28_english.pdf
2208-29,https://documents.gov.lk/view/extra-gazettes/2020/12/2208-29_E.pdf,doc-archive/2020/12/31/2208-29/2208-29_english.pdf
2208-31,https://documents.gov.lk/view/extra-gazettes/2020/12/2208-31_E.pdf,doc-archive/2020/12/31/2208-31/2208-31_english.pdf
2208-30,https://documents.gov.lk/view/extra-gazettes/2020/12/2208-30_E.pdf,doc-archive/2020/12/31/2208-30/2208-30_english.pdf
2208-33,https://documents.gov.lk/view/extra-gazettes/2020/12/2208-33_E.pdf,doc-archive/2020/12/31/2208-33/2208-33_english.pdf
2208-12,https://documents.gov.lk/view/extra-gazettes/2020/12/2208-12_E.pdf,doc-archive/2020/12/30/2208-12/2208-12_english.pdf
2208-13,https://documents.gov.lk/view/extra-gazettes/2020/12/2208-13_E.pdf,doc-archive/2020/12/30/2208-13/2208-13_english.pdf
2208-14,https://documents.gov.lk/view/extra-gazettes/2020/12/2208-14_E.pdf,doc-archive/2020/12/30/2208-14/2208-14_english.pdf
2208-15,https://documents.gov.lk/view/extra-gazettes/2020/12/2208-15_E.pdf,doc-archive/2020/12/30/2208-15/2208-15_english.pdf
2208-16,https://documents.gov.lk/view/extra-gazettes/2020/12/2208-16_E.pdf,doc-archive/2020/12/30/2208-16/2208-16_english.pdf
2208-17,https://documents.gov.lk/view/extra-gazettes/2020/12/2208-17_E.pdf,doc-archive/2020/12/30/2208-17/2208-17_english.pdf
2208-18,https://documents.gov.lk/view/extra-gazettes/2020/12/2208-18_E.pdf,doc-archive/2020/12/30/2208-18/2208-18_english.pdf
2208-19,https://documents.gov.lk/view/extra-gazettes/2020/12/2208-19_E.pdf,doc-archive/2020/12/30/2208-19/2208-19_english.pdf
2208-20,https://documents.gov.lk/view/extra-gazettes/2020/12/2208-20_E.pdf,doc-archive/2020/12/30/2208-20/2208-20_english.pdf
2208-21,https://documents.gov.lk/view/extra-gazettes/2020/12/2208-21_E.pdf,doc-archive/2020/12/30/2208-21/2208-21_english.pdf
2208-23,https://documents.gov.lk/view/extra-gazettes/2020/12/2208-23_E.pdf,doc-archive/2020/12/30/2208-23/2208-23_english.pdf
2208-24,https://documents.gov.lk/view/extra-gazettes/2020/12/2208-24_E.pdf,doc-archive/2020/12/30/2208-24/2208-24_english.pdf
2208-25,https://documents.gov.lk/view/extra-gazettes/2020/12/2208-25_E.pdf,doc-archive/2020/12/30/2208-25/2208-25_english.pdf
2208-01,https://documents.gov.lk/view/extra-gazettes/2020/12/2208-01_E.pdf,doc-archive/2020/12/28/2208-01/2208-01_english.pdf
2208-02,https://documents.gov.lk/view/extra-gazettes/2020/12/2208-02_E.pdf,doc-archive/2020/12/28/2208-02/2208-02_english.pdf
2208-03,https://documents.gov.lk/view/extra-gazettes/2020/12/2208-03_E.pdf,doc-archive/2020/12/28/2208-03/2208-03_english.pdf
2208-04,https://documents.gov.lk/view/extra-gazettes/2020/12/2208-04_E.pdf,doc-archive/2020/12/28/2208-04/2208-04_english.pdf
2208-06,https://documents.gov.lk/view/extra-gazettes/2020/12/2208-06_E.pdf,doc-archive/2020/12/28/2208-06/2208-06_english.pdf
2208-07,https://documents.gov.lk/view/extra-gazettes/2020/12/2208-07_E.pdf,doc-archive/2020/12/28/2208-07/2208-07_english.pdf
2208-08,https://documents.gov.lk/view/extra-gazettes/2020/12/2208-08_E.pdf,doc-archive/2020/12/28/2208-08/2208-08_english.pdf
2208-10,https://documents.gov.lk/view/extra-gazettes/2020/12/2208-10_E.pdf,doc-archive/2020/12/28/2208-10/2208-10_english.pdf
2207-17,https://documents.gov.lk/view/extra-gazettes/2020/12/2207-17_E.pdf,doc-archive/2020/12/27/2207-17/2207-17_english.pdf
2208-11,https://documents.gov.lk/view/extra-gazettes/2020/12/2208-11_E.pdf,doc-archive/2020/12/28/2208-11/2208-11_english.pdf
2207-18,https://documents.gov.lk/view/extra-gazettes/2020/12/2207-18_E.pdf,doc-archive/2020/12/27/2207-18/2207-18_english.pdf
2207-16,https://documents.gov.lk/view/extra-gazettes/2020/12/2207-16_E.pdf,doc-archive/2020/12/26/2207-16/2207-16_english.pdf
2207-10,https://documents.gov.lk/view/extra-gazettes/2020/12/2207-10_E.pdf,doc-archive/2020/12/24/2207-10/2207-10_english.pdf
2207-11,https://documents.gov.lk/view/extra-gazettes/2020/12/2207-11_E.pdf,doc-archive/2020/12/24/2207-11/2207-11_english.pdf
2207-12,https://documents.gov.lk/view/extra-gazettes/2020/12/2207-12_E.pdf,doc-archive/2020/12/24/2207-12/2207-12_english.pdf
2207-13,https://documents.gov.lk/view/extra-gazettes/2020/12/2207-13_E.pdf,doc-archive/2020/12/24/2207-13/2207-13_english.pdf
2207-14,https://documents.gov.lk/view/extra-gazettes/2020/12/2207-14_E.pdf,doc-archive/2020/12/24/2207-14/2207-14_english.pdf
2207-15,https://documents.gov.lk/view/extra-gazettes/2020/12/2207-15_E.pdf,doc-archive/2020/12/24/2207-15/2207-15_english.pdf
2207-06,https://documents.gov.lk/view/extra-gazettes/2020/12/2207-06_E.pdf,doc-archive/2020/12/23/2207-06/2207-06_english.pdf
2207-07,https://documents.gov.lk/view/extra-gazettes/2020/12/2207-07_E.pdf,doc-archive/2020/12/23/2207-07/2207-07_english.pdf
2207-08,https://documents.gov.lk/view/extra-gazettes/2020/12/2207-08_E.pdf,doc-archive/2020/12/23/2207-08/2207-08_english.pdf
2207-09,https://documents.gov.lk/view/extra-gazettes/2020/12/2207-09_E.pdf,doc-archive/2020/12/23/2207-09/2207-09_english.pdf
2207-04,https://documents.gov.lk/view/extra-gazettes/2020/12/2207-04_E.pdf,doc-archive/2020/12/22/2207-04/2207-04_english.pdf
2207-01,https://documents.gov.lk/view/extra-gazettes/2020/12/2207-01_E.pdf,doc-archive/2020/12/21/2207-01/2207-01_english.pdf
2207-02,https://documents.gov.lk/view/extra-gazettes/2020/12/2207-02_E.pdf,doc-archive/2020/12/21/2207-02/2207-02_english.pdf
2207-03,https://documents.gov.lk/view/extra-gazettes/2020/12/2207-03_E.pdf,doc-archive/2020/12/21/2207-03/2207-03_english.pdf
2206-23,https://documents.gov.lk/view/extra-gazettes/2020/12/2206-23_E.pdf,doc-archive/2020/12/19/2206-23/2206-23_english.pdf
2206-26,https://documents.gov.lk/view/extra-gazettes/2020/12/2206-26_E.pdf,doc-archive/2020/12/19/2206-26/2206-26_english.pdf
2206-18,https://documents.gov.lk/view/extra-gazettes/2020/12/2206-18_E.pdf,doc-archive/2020/12/18/2206-18/2206-18_english.pdf
2206-19,https://documents.gov.lk/view/extra-gazettes/2020/12/2206-19_E.pdf,doc-archive/2020/12/18/2206-19/2206-19_english.pdf
2206-20,https://documents.gov.lk/view/extra-gazettes/2020/12/2206-20_E.pdf,doc-archive/2020/12/18/2206-20/2206-20_english.pdf
2206-21,https://documents.gov.lk/view/extra-gazettes/2020/12/2206-21_E.pdf,doc-archive/2020/12/18/2206-21/2206-21_english.pdf
2206-22,https://documents.gov.lk/view/extra-gazettes/2020/12/2206-22_E.pdf,doc-archive/2020/12/18/2206-22/2206-22_english.pdf
2206-24,https://documents.gov.lk/view/extra-gazettes/2020/12/2206-24_E.pdf,doc-archive/2020/12/18/2206-24/2206-24_english.pdf
2206-25,https://documents.gov.lk/view/extra-gazettes/2020/12/2206-25_E.pdf,doc-archive/2020/12/18/2206-25/2206-25_english.pdf
2206-15,https://documents.gov.lk/view/extra-gazettes/2020/12/2206-15_E.pdf,doc-archive/2020/12/17/2206-15/2206-15_english.pdf
2206-17,https://documents.gov.lk/view/extra-gazettes/2020/12/2206-17_E.pdf,doc-archive/2020/12/17/2206-17/2206-17_english.pdf
2206-10,https://documents.gov.lk/view/extra-gazettes/2020/12/2206-10_E.pdf,doc-archive/2020/12/16/2206-10/2206-10_english.pdf
2206-13,https://documents.gov.lk/view/extra-gazettes/2020/12/2206-13_E.pdf,doc-archive/2020/12/16/2206-13/2206-13_english.pdf
2206-14,https://documents.gov.lk/view/extra-gazettes/2020/12/2206-14_E.pdf,doc-archive/2020/12/16/2206-14/2206-14_english.pdf
2206-16,https://documents.gov.lk/view/extra-gazettes/2020/12/2206-16_E.pdf,doc-archive/2020/12/16/2206-16/2206-16_english.pdf
2206-07,https://documents.gov.lk/view/extra-gazettes/2020/12/2206-07_E.pdf,doc-archive/2020/12/15/2206-07/2206-07_english.pdf
2206-08,https://documents.gov.lk/view/extra-gazettes/2020/12/2206-08_E.pdf,doc-archive/2020/12/15/2206-08/2206-08_english.pdf
2206-09,https://documents.gov.lk/view/extra-gazettes/2020/12/2206-09_E.pdf,doc-archive/2020/12/15/2206-09/2206-09_english.pdf
2206-11,https://documents.gov.lk/view/extra-gazettes/2020/12/2206-11_E.pdf,doc-archive/2020/12/15/2206-11/2206-11_english.pdf
2206-12,https://documents.gov.lk/view/extra-gazettes/2020/12/2206-12_E.pdf,doc-archive/2020/12/15/2206-12/2206-12_english.pdf
2206-01,https://documents.gov.lk/view/extra-gazettes/2020/12/2206-01_E.pdf,doc-archive/2020/12/14/2206-01/2206-01_english.pdf
2206-02,https://documents.gov.lk/view/extra-gazettes/2020/12/2206-02_E.pdf,doc-archive/2020/12/14/2206-02/2206-02_english.pdf
2206-04,https://documents.gov.lk/view/extra-gazettes/2020/12/2206-04_E.pdf,doc-archive/2020/12/14/2206-04/2206-04_english.pdf
2206-05,https://documents.gov.lk/view/extra-gazettes/2020/12/2206-05_E.pdf,doc-archive/2020/12/14/2206-05/2206-05_english.pdf
2206-06,https://documents.gov.lk/view/extra-gazettes/2020/12/2206-06_E.pdf,doc-archive/2020/12/14/2206-06/2206-06_english.pdf
2205-18,https://documents.gov.lk/view/extra-gazettes/2020/12/2205-18_E.pdf,doc-archive/2020/12/13/2205-18/2205-18_english.pdf
2205-19,https://documents.gov.lk/view/extra-gazettes/2020/12/2205-19_E.pdf,doc-archive/2020/12/13/2205-19/2205-19_english.pdf
2205-17,https://documents.gov.lk/view/extra-gazettes/2020/12/2205-17_E.pdf,doc-archive/2020/12/12/2205-17/2205-17_english.pdf
2205-12,https://documents.gov.lk/view/extra-gazettes/2020/12/2205-12_E.pdf,doc-archive/2020/12/11/2205-12/2205-12_english.pdf
2205-13,https://documents.gov.lk/view/extra-gazettes/2020/12/2205-13_E.pdf,doc-archive/2020/12/11/2205-13/2205-13_english.pdf
2205-14,https://documents.gov.lk/view/extra-gazettes/2020/12/2205-14_E.pdf,doc-archive/2020/12/11/2205-14/2205-14_english.pdf
2205-15,https://documents.gov.lk/view/extra-gazettes/2020/12/2205-15_E.pdf,doc-archive/2020/12/11/2205-15/2205-15_english.pdf
2205-16,https://documents.gov.lk/view/extra-gazettes/2020/12/2205-16_E.pdf,doc-archive/2020/12/11/2205-16/2205-16_english.pdf
2205-09,https://documents.gov.lk/view/extra-gazettes/2020/12/2205-09_E.pdf,doc-archive/2020/12/09/2205-09/2205-09_english.pdf
2205-10,https://documents.gov.lk/view/extra-gazettes/2020/12/2205-10_E.pdf,doc-archive/2020/12/09/2205-10/2205-10_english.pdf
2205-11,https://documents.gov.lk/view/extra-gazettes/2020/12/2205-11_E.pdf,doc-archive/2020/12/09/2205-11/2205-11_english.pdf
2205-03,https://documents.gov.lk/view/extra-gazettes/2020/12/2205-03_E.pdf,doc-archive/2020/12/08/2205-03/2205-03_english.pdf
2205-04,https://documents.gov.lk/view/extra-gazettes/2020/12/2205-04_E.pdf,doc-archive/2020/12/08/2205-04/2205-04_english.pdf
2205-05,https://documents.gov.lk/view/extra-gazettes/2020/12/2205-05_E.pdf,doc-archive/2020/12/08/2205-05/2205-05_english.pdf
2205-06,https://documents.gov.lk/view/extra-gazettes/2020/12/2205-06_E.pdf,doc-archive/2020/12/08/2205-06/2205-06_english.pdf
2205-07,https://documents.gov.lk/view/extra-gazettes/2020/12/2205-07_E.pdf,doc-archive/2020/12/08/2205-07/2205-07_english.pdf
2205-08,https://documents.gov.lk/view/extra-gazettes/2020/12/2205-08_E.pdf,doc-archive/2020/12/08/2205-08/2205-08_english.pdf
2205-01,https://documents.gov.lk/view/extra-gazettes/2020/12/2205-01_E.pdf,doc-archive/2020/12/07/2205-01/2205-01_english.pdf
2205-02,https://documents.gov.lk/view/extra-gazettes/2020/12/2205-02_E.pdf,doc-archive/2020/12/07/2205-02/2205-02_english.pdf
2204-29,https://documents.gov.lk/view/extra-gazettes/2020/12/2204-29_E.pdf,doc-archive/2020/12/06/2204-29/2204-29_english.pdf
2204-23,https://documents.gov.lk/view/extra-gazettes/2020/12/2204-23_E.pdf,doc-archive/2020/12/04/2204-23/2204-23_english.pdf
2204-24,https://documents.gov.lk/view/extra-gazettes/2020/12/2204-24_E.pdf,doc-archive/2020/12/04/2204-24/2204-24_english.pdf
2204-25,https://documents.gov.lk/view/extra-gazettes/2020/12/2204-25_E.pdf,doc-archive/2020/12/04/2204-25/2204-25_english.pdf
2204-27,https://documents.gov.lk/view/extra-gazettes/2020/12/2204-27_E.pdf,doc-archive/2020/12/04/2204-27/2204-27_english.pdf
2204-26,https://documents.gov.lk/view/extra-gazettes/2020/12/2204-26_E.pdf,doc-archive/2020/12/04/2204-26/2204-26_english.pdf
2204-28,https://documents.gov.lk/view/extra-gazettes/2020/12/2204-28_E.pdf,doc-archive/2020/12/04/2204-28/2204-28_english.pdf
2204-18,https://documents.gov.lk/view/extra-gazettes/2020/12/2204-18_E.pdf,doc-archive/2020/12/03/2204-18/2204-18_english.pdf
2204-19,https://documents.gov.lk/view/extra-gazettes/2020/12/2204-19_E.pdf,doc-archive/2020/12/03/2204-19/2204-19_english.pdf
2204-20,https://documents.gov.lk/view/extra-gazettes/2020/12/2204-20_E.pdf,doc-archive/2020/12/03/2204-20/2204-20_english.pdf
2204-21,https://documents.gov.lk/view/extra-gazettes/2020/12/2204-21_E.pdf,doc-archive/2020/12/03/2204-21/2204-21_english.pdf
2204-22,https://documents.gov.lk/view/extra-gazettes/2020/12/2204-22_E.pdf,doc-archive/2020/12/03/2204-22/2204-22_english.pdf
2204-13,https://documents.gov.lk/view/extra-gazettes/2020/12/2204-13_E.pdf,doc-archive/2020/12/02/2204-13/2204-13_english.pdf
2204-14,https://documents.gov.lk/view/extra-gazettes/2020/12/2204-14_E.pdf,doc-archive/2020/12/02/2204-14/2204-14_english.pdf
2204-15,https://documents.gov.lk/view/extra-gazettes/2020/12/2204-15_E.pdf,doc-archive/2020/12/02/2204-15/2204-15_english.pdf
2204-16,https://documents.gov.lk/view/extra-gazettes/2020/12/2204-16_E.pdf,doc-archive/2020/12/02/2204-16/2204-16_english.pdf
2204-17,https://documents.gov.lk/view/extra-gazettes/2020/12/2204-17_E.pdf,doc-archive/2020/12/02/2204-17/2204-17_english.pdf
2204-04,https://documents.gov.lk/view/extra-gazettes/2020/12/2204-04_E.pdf,doc-archive/2020/12/01/2204-04/2204-04_english.pdf
2204-06,https://documents.gov.lk/view/extra-gazettes/2020/12/2204-06_E.pdf,doc-archive/2020/12/01/2204-06/2204-06_english.pdf
2204-05,https://documents.gov.lk/view/extra-gazettes/2020/12/2204-05_E.pdf,doc-archive/2020/12/01/2204-05/2204-05_english.pdf
2204-07,https://documents.gov.lk/view/extra-gazettes/2020/12/2204-07_E.pdf,doc-archive/2020/12/01/2204-07/2204-07_english.pdf
2204-09,https://documents.gov.lk/view/extra-gazettes/2020/12/2204-09_E.pdf,doc-archive/2020/12/01/2204-09/2204-09_english.pdf
2204-10,https://documents.gov.lk/view/extra-gazettes/2020/12/2204-10_E.pdf,doc-archive/2020/12/01/2204-10/2204-10_english.pdf
2204-11,https://documents.gov.lk/view/extra-gazettes/2020/12/2204-11_E.pdf,doc-archive/2020/12/01/2204-11/2204-11_english.pdf
2204-12,https://documents.gov.lk/view/extra-gazettes/2020/12/2204-12_E.pdf,doc-archive/2020/12/01/2204-12/2204-12_english.pdf
2204-08,https://documents.gov.lk/view/extra-gazettes/2020/12/2204-08_E.pdf,doc-archive/2020/12/01/2204-08/2204-08_english.pdf
