Document ID,Document Date,Gazette Type,Reasoning
2186-29,2020-07-31,LEGAL_REGULATORY,"This gazette contains rules and regulations made by the Securities and Exchange Commission of Sri Lanka under the Securities and Exchange Commission of Sri Lanka Act, No. 36 of 1987. It establishes a regulatory framework for Real Estate Investment Trusts (REITs), including definitions, requirements, and compliance standards. This falls under Legal/Regulatory matters as it creates subsidiary legislation and regulatory requirements rather than dealing with government personnel, organizational changes, or the other specialized categories."
2186-30,2020-07-31,LEGAL_REGULATORY,"This gazette content presents the audited balance sheet of the Central Bank of Sri Lanka along with the Auditor General's review report. It deals with financial reporting requirements, audit standards, and regulatory compliance matters for a financial institution. This falls under Legal/Regulatory Gazettes (Type 5) as it concerns regulatory frameworks, statutory financial reporting obligations, and compliance with auditing standards rather than government personnel changes, organizational structure, or other specialized categories."
2186-31,2020-07-31,LEGAL_REGULATORY,"This gazette contains multiple orders and regulations made under the Sports Act, No. 25 of 1973, including amendments to existing regulations, suspension of a national federation's registration, and new regulatory requirements for sports associations. The content focuses on legal/regulatory framework changes rather than government personnel, organizational structure, or other specialized categories."
2186-32,2020-07-31,LEGAL_REGULATORY,"This gazette content primarily involves the imposition and amendment of a Special Commodity Levy under the Special Commodity Levy Act, No. 48 of 2007. It contains regulatory details about tax rates on specific commodities, which falls under the category of Legal/Regulatory matters (new regulations, statutory instruments, and compliance requirements). While it mentions Minister Mahinda Rajapaksa, it does so only to establish the authority making the order and does not include detailed portfolio responsibilities or personnel changes that would qualify it as a government-related type (1-3)."
2186-33,2020-07-31,LAND,"This gazette content is exclusively about land title registration and declarations under the Registration of Title Act. It contains detailed information about specific land parcels, their ownership status, extents, and encumbrances in a defined geographical area. The content falls under ""Land registrations, property ownership, land titles"" as specified in the Land Gazettes (Type 4) category."
2186-34,2020-07-31,LAND,"This gazette content exclusively deals with land title registration matters under the Registration of Title Act. It contains declarations of title determinations for specific land parcels, including parcel numbers, extents, ownership details, and encumbrances. The content focuses entirely on land registration and property ownership matters, which falls squarely under the Land Gazettes category (Type 4) as it involves land titles, ownership determinations, and property registrations without any government personnel changes or structural administrative matters."
2186-35,2020-07-31,LAND,"This gazette content deals exclusively with land title registration matters under the Registration of Title Act. It contains declarations of determination by the Commissioner of Title Settlement regarding specific land parcels, including detailed information about land ownership, parcel numbers, extents, and property rights. The content focuses on land registration and title settlement processes, which falls squarely under the Land Gazettes category (Type 4)."
2186-36,2020-07-31,LAND,"This gazette content exclusively deals with land title registration matters under the Registration of Title Act. It contains declarations of determinations for specific land parcels, including details about land ownership, parcel numbers, extents, and encumbrances. The content is published in ""PART III - LANDS"" of the gazette and focuses entirely on land registration and property title matters, fitting perfectly within the Land Gazettes category (Type 4)."
2186-37,2020-07-31,LAND,"This gazette content deals exclusively with land title registration matters under the Registration of Title Act, No. 21 of 1998. It contains declarations of determination for specific land parcels (including parcel numbers, extents, owner details, and encumbrances) in Mallawapitiya, Kurunegala District. The content focuses on land ownership registration, property boundaries, and title settlements, which falls squarely under the Land Gazettes category (Type 4) for land and property-related matters."
2186-38,2020-07-31,LAND,"The gazette content consists of multiple orders under the Land Acquisition Act, directing the taking of possession of specific land parcels. It provides detailed descriptions of land locations, boundaries, extents, and survey information. This falls squarely within the Land Gazette category (Type 4) as it deals with land acquisition matters, which is a primary land and property-related administrative function. While a government minister is named, the content does not focus on government structure, personnel changes, or portfolio responsibilities, but rather on the execution of land acquisition procedures."
2186-39,2020-07-31,LAND,"This gazette content primarily deals with land acquisition matters, specifically the revocation of a land acquisition order under the Land Acquisition Act. It contains detailed descriptions of specific land parcels, their boundaries, extents, and locations. The content focuses entirely on land-related administrative procedures and property descriptions, fitting the Land Gazette classification (Type 4) which covers land acquisitions, transfers, and property matters."
2186-41,2020-07-31,LEGAL_REGULATORY,"This gazette content publishes a Collective Agreement between a company and a trade union under the Industrial Disputes Act. It contains detailed regulatory provisions regarding employment terms, salaries, bonuses, and loans. This falls under ""Legal/Regulatory Gazettes"" as it involves the publication of a legally binding agreement and regulatory framework for industrial relations, specifically under statutory authority (Section 06 of the Industrial Disputes Act)."
2186-42,2020-07-31,LEGAL_REGULATORY,"This gazette content publishes a Collective Agreement between a bank and a union under the Industrial Disputes Act. It contains detailed regulatory provisions about employment terms, salary structures, allowances, and working conditions. This falls under Legal/Regulatory matters as it involves the formal publication of a legally binding agreement that establishes regulatory frameworks and compliance requirements for employment relations."
2186-43,2020-07-31,LEGAL_REGULATORY,"This gazette content publishes a Collective Agreement under the Industrial Disputes Act, which constitutes a regulatory matter. It involves the formal publication of a legally binding agreement between an employer and trade union, establishing terms and conditions of employment. This falls under Legal/Regulatory Gazettes (Type 5) as it represents subsidiary legislation and regulatory framework implementation under existing labor laws."
2186-44,2020-07-31,LAND,"This gazette content deals exclusively with land and property matters, specifically calling for claims to intestate property (property of deceased persons without a will) under the Registration of Title Act. It contains detailed land descriptions including village names, cadastral map numbers, parcel numbers, land extents, and certificate of title numbers. The notice is issued by the Commissioner General of Land Title Settlement regarding the registration of land titles, which falls squarely under the Land Gazettes category (Type 4) for land and property-related matters."
2186-45,2020-07-31,LAND,"This gazette content exclusively deals with land title registration matters under the Registration of Title Act. It contains declarations of determination by the Commissioner of Title Settlement regarding specific land parcels, including detailed schedules with parcel numbers, extents, owner names, and title classifications. The content is focused entirely on land ownership and property rights, falling squarely within the Land Gazette category (Type 4) as it involves land registrations, property ownership determinations, and title settlements."
2186-46,2020-07-31,LAND,"This gazette content specifically deals with land title registration matters, including the amendment of a title registration, cancellation of a land parcel determination, and references to cadastral maps and specific land parcels. It falls under the Land Gazettes category as it primarily concerns land and property-related administrative actions by the Commissioner General of Land Title Settlement."
2186-23,2020-07-30,LAND,"This gazette exclusively contains land acquisition notices under the Land Acquisition Act, detailing specific land parcels being acquired for public purposes, including descriptions of properties, owner names, and extents. The content is entirely focused on land matters, falling squarely under Type 4 (Land Gazettes) for land acquisitions and property-related administrative actions."
2186-25,2020-07-30,LEGAL_REGULATORY,"This gazette content primarily involves the publication of ""The Rules of Procurement Activities related to the Fund of the Western Provincial Council."" It establishes regulatory frameworks and compliance requirements for procurement processes within the provincial council system. The content focuses on legal/regulatory matters rather than government personnel changes, organizational structure, or any of the other specialized categories. It creates rules and procedures that govern how procurement activities must be conducted, which falls squarely under Legal/Regulatory Gazettes (Type 5)."
2186-26,2020-07-30,LAND,"This gazette content is primarily about land acquisition under the Land Acquisition Act. It involves taking possession of a specific land parcel described in detail (including location, boundaries, and extent), which falls squarely under Land Gazettes (Type 4) for land acquisitions and property matters. While it mentions a Minister by name, this is incidental to the land acquisition order and does not involve detailed portfolio responsibilities or government structural changes that would trigger a government-related classification."
2186-27,2020-07-30,LEGAL_REGULATORY,"This gazette content involves a legal/regulatory amendment to the Universities Act, No. 16 of 1978. It contains an Order issued by the Minister that modifies the schedule specifying faculties and departments at the University of Sri Jayewardenepura. The content focuses on statutory instruments and regulatory modifications rather than government personnel changes, structural changes, or any of the other specialized categories."
2186-28,2020-07-30,HYBRID,"This gazette contains both a named individual (Dr. Bandula Gunawardana) and detailed portfolio responsibilities (Minister of Higher Education, Technology and Innovation). It involves a personnel action (the Minister exercising power) combined with specific governmental responsibilities (amending university departments under the Universities Act), making it a Hybrid Gazette."
2186-16,2020-07-29,JUDICIAL_LAW_ENFORCEMENT,"This gazette content primarily concerns judicial/law enforcement matters, specifically the appointment of a member to the Election Commission (fhyp khefu rig) under the authority of the Parliamentary Elections Act. It details the procedural appointment of a named individual (rpwpky;) to fill a vacancy on the commission, which falls under judicial and regulatory appointments for an electoral oversight body."
2186-17,2020-07-29,LEGAL_REGULATORY,"This gazette content contains a regulatory order issued by the Consumer Affairs Authority under the Consumer Affairs Authority Act, No. 09 of 2003. It establishes maximum fees for specific medical laboratory tests, which constitutes a regulatory framework and compliance requirement for businesses (medical laboratories). This fits the Legal/Regulatory classification (Type 5) as it involves subsidiary legislation and regulatory matters rather than government personnel/structure changes."
2186-18,2020-07-29,LEGAL_REGULATORY,"This gazette notice announces the dates for an annual religious festival under the Pilgrimage Ordinance (Chapter 175), which is a regulatory framework. The content involves the application of existing regulations (specifically Section 02 of regulations published in Gazette No. 687) to authorize a specific event, making it a legal/regulatory matter rather than a government personnel, organizational, or specialized administrative matter."
2186-19,2020-07-29,LAND,"This gazette content primarily deals with land acquisition matters under the Land Acquisition Act. It contains detailed descriptions of specific land parcels being acquired, including their boundaries, extents, and locations. While it mentions a government minister (S.M. Chandrasena) exercising powers under the Act, the core content focuses on land/property matters rather than government personnel or structural changes, making it a Land Gazette."
2186-20,2020-07-29,LAND,"This gazette content primarily deals with land acquisition matters under the Land Acquisition Act. It contains detailed descriptions of specific land parcels being acquired, including their boundaries, extents, and locations. While it mentions a government minister (S. M. Chandrasena) exercising powers under the Act, the core content focuses on land/property matters rather than government personnel changes or structural reorganization. The detailed land descriptions and acquisition orders place this firmly in the Land Gazette category."
2186-21,2020-07-29,LAND,"This gazette content exclusively deals with land acquisition matters under the Land Acquisition Act. It contains detailed notices for acquiring specific land parcels for public purposes, including descriptions of land lots, owners, extents, and locations. The content focuses entirely on land/property matters without any government personnel changes, structural changes, or other specialized categories."
2186-10,2020-07-28,LAND,"This gazette content exclusively deals with land acquisition notices under the Land Acquisition Act. It contains detailed descriptions of specific land parcels being acquired (including lot numbers, extents, boundaries, and locations), procedures for compensation claims, and amendments to previous land acquisition notices. The content falls squarely within the definition of Type 4 (Land Gazettes) as it concerns land acquisitions, property descriptions, and land-related administrative procedures."
2186-11,2020-07-28,LAND,"This gazette content is primarily about land acquisition under the Land Acquisition Act, specifically detailing the immediate possession of multiple land lots in Dehiwala. It contains detailed descriptions of 88 individual land parcels with their boundaries, extents, and assessment numbers. The content falls squarely under land and property-related matters, making it a Land Gazette (Type 4). While it mentions a government minister issuing the order, this is incidental to the core land acquisition purpose and does not involve detailed portfolio responsibilities or structural government changes that would trigger a government-related classification."
2186-12,2020-07-28,LAND,"This gazette content is a declaration under the Land Acquisition Act for the acquisition of a specific land parcel for public purpose. It contains detailed land description including boundaries, assessment numbers, extent, and location. The content focuses exclusively on land acquisition matters, falling squarely within the Land Gazettes category (Type 4) which covers land acquisitions, transfers, and property-related administrative actions."
2186-13,2020-07-28,LAND,"This gazette notice is a Land Acquisition Notice under the Land Acquisition Act, specifically detailing the government's intention to acquire two plots of land in Kirulapone for road widening and development. It contains detailed descriptions of the properties, including lot numbers, land names, descriptions, claimants, and extents. The content is exclusively focused on land acquisition matters, falling squarely under the Land Gazettes category (Type 4)."
2186-14,2020-07-28,LAND,"This gazette content is primarily about land acquisition under the Land Acquisition Act, specifically detailing the acquisition of multiple land lots in Wanathamulla. It contains detailed descriptions of property boundaries, lot numbers, and extents, which falls squarely under the Land Gazettes category (Type 4) for land and property-related matters. While it mentions a government minister, this is incidental to the land acquisition order and does not involve government structural changes or detailed portfolio responsibilities that would trigger a government-related classification."
2186-15,2020-07-28,LAND,"This gazette content is a declaration under the Land Acquisition Act for the acquisition of specific lands for the Uma Oya Multipurpose Development Project. It contains detailed descriptions of multiple land parcels with their boundaries and extents. The content focuses exclusively on land acquisition matters, which falls under the Land Gazettes category (Type 4) for land and property-related matters."
2186-01,2020-07-27,LEGAL_REGULATORY,"This gazette notification announces new rates of exchange for customs duties and charges under the Customs Ordinance (Chapter 235). It constitutes a regulatory framework for customs operations, specifically determining how customs duties and other charges are to be calculated based on currency exchange rates. This falls under Legal/Regulatory matters as it establishes compliance requirements for import/export transactions and formally rescinds previous regulations."
2186-07,2020-07-27,ELECTIONS,"This gazette content is a special notification issued by the Election Commission regarding specific procedures for the General Election scheduled on 05.08.2020. It details the counting process timeline, appointment of counting agents, and procedures for different stages of vote counting. The content fits perfectly under ""Elections Gazettes"" as it covers electoral processes, counting procedures, and agent appointments related to an upcoming general election."
2186-08,2020-07-27,ELECTIONS,"This gazette content specifically announces amendments to polling station locations for a general election to elect members of parliament, issued by the Election Commission under the Parliamentary Elections Act. This falls directly under electoral processes and polling arrangements, which is the definition of Type 7 (Elections Gazettes)."
2186-09,2020-07-27,LAND,"This gazette content is primarily about land acquisition for a development project, containing detailed descriptions of specific land lots, their boundaries, and extents. It falls under the Land Gazettes category as it deals with land acquisition matters under the Land Acquisition Act."
2185-68,2020-07-24,LAND,"This gazette content is primarily about land acquisition matters under the Land Acquisition Act. It contains detailed descriptions of specific land parcels being acquired, including lot numbers, assessment numbers, extents, and boundary descriptions. The content falls under ""Land Acquisition Notices"" and deals with property/real estate matters, fitting the definition of Type 4 (Land Gazettes). While it mentions a government minister, this is incidental to the core land-related content, and there are no detailed portfolio responsibilities or government structural changes that would trigger a government classification type."
2185-69,2020-07-24,LAND,"This gazette content primarily deals with land acquisition matters under the Land Acquisition Act. It specifically involves the divestment of specific land allotments (with detailed descriptions of lots, boundaries, and extents) by the Minister of Lands and Land Development. The content focuses entirely on land-related administrative actions, including the transfer of land ownership and detailed property descriptions, which falls squarely under the Land Gazettes category (Type 4). While a government minister is named, this is incidental to the land-focused content and does not involve detailed portfolio responsibilities or government structural changes that would trigger a government-related classification."
2185-70,2020-07-24,LEGAL_REGULATORY,"This gazette content is a notification about the availability of the Pre-Election Budgetary Position Report 2020, issued under Section 16 of the Fiscal Management (Responsibility) Act, No. 3 of 2003. It pertains to a legal/regulatory requirement for fiscal reporting and provides information about accessing this statutory document. This falls under Legal/Regulatory Gazettes (Type 5) as it concerns regulatory frameworks and compliance requirements established by legislation."
2185-71,2020-07-24,LEGAL_REGULATORY,"This gazette notification announces the publication and availability of the Final Budget Position Report (Annual Report of the Ministry of Finance) as required by the Fiscal Management (Responsibility) Act, No. 3 of 2003. The content primarily deals with a statutory instrument and legal compliance requirement (Section 13 of a specific Act), making it a Legal/Regulatory matter rather than a government personnel or structural change."
2185-72,2020-07-24,LAND,"This gazette content is a Land Acquisition Notice published under the Land Acquisition Act, specifically detailing the government's intention to acquire 107 specific land allotments for a storm water drainage and environmental improvement project. The content focuses exclusively on land descriptions, property assessments, and acquisition details, which falls squarely under the Land Gazettes category (Type 4) for land and property-related matters."
2185-73,2020-07-24,LAND,"This gazette content is a Land Acquisition Notice published under the Land Acquisition Act, declaring that specific parcels of land are needed for a public purpose and will be acquired. The document provides detailed descriptions of multiple land lots, including their boundaries, extents, and current claimants. This falls squarely under ""Land and property-related matters"" and specifically ""Land acquisitions"" as defined in Type 4 (Land Gazettes)."
2185-74,2020-07-24,HYBRID,"This gazette contains both a named individual (Mahinda Rajapaksa) and detailed portfolio responsibilities (Minister of Urban Development, Water Supply and Housing Facilities). The content involves the Minister exercising specific powers under the Urban Development Authority Law to declare the Jaffna Administrative District as an Urban Development Area, which constitutes both the ""who"" (government person) and ""what"" (detailed government responsibilities/portfolios) characteristic of Hybrid gazettes."
2185-52,2020-07-23,LAND,"This gazette content specifically deals with land title registration under the Registration of Title Act, declaring a determination regarding title to a specific parcel of land (Plot 07 of Block 02) with detailed land particulars including location, extent, owner information, and title classification. It falls squarely within the Land Gazette category as it concerns land registration and property ownership matters."
2185-53,2020-07-23,LAND,"This gazette content exclusively deals with land title registration under the Registration of Title Act. It contains a formal declaration by the Commissioner of Title Settlement regarding the determination of title for a specific parcel of land (Parcel No. 56, Block 04) with detailed land particulars including location, extent, ownership details, and encumbrances. The content falls squarely within the Land Gazette category as it concerns land registration, title settlement, and property ownership matters without any government personnel changes or structural administrative modifications."
2185-54,2020-07-23,LAND,"This gazette content exclusively deals with land title registration under the Registration of Title Act, specifically declaring the determination of title for a specific parcel of land (No. 45 of Block 05) with detailed land particulars including location, extent, owner information, and encumbrances. It falls squarely within the Land Gazette category as it concerns land registration and property ownership matters without any government personnel changes or structural administrative modifications."
2185-55,2020-07-23,ELECTIONS,"This gazette notice specifically concerns electoral processes, as it contains the appointment of Assistant Returning Officers for electoral divisions in connection with a Parliament Election to be held on August 5th, 2020. The content is published under the Parliament Elections Act and originates from the Election Commission, making it a clear example of an Elections Gazette (Type 7)."
2185-60,2020-07-23,LAND,"This gazette content primarily deals with land acquisition matters under the Land Acquisition Act. It contains a detailed schedule describing specific land parcels, their boundaries, and extents for acquisition purposes. While it mentions a government minister (S. M. Chandrasena) issuing the order, the core content is exclusively focused on land/property matters rather than government personnel changes or portfolio responsibilities, making it a Land Gazette (Type 4)."
2185-61,2020-07-23,LAND,"This gazette notice is a Land Acquisition Notice published under the Land Acquisition Act. It specifically describes the government's intention to acquire two specific land lots (E 4598 and E 4599) for public purpose, providing detailed descriptions of the properties including lot numbers, land types (garden and paddy field), extents, locations, and claimant information. The content falls squarely within the Land Gazette category as it deals with land acquisition, which is a land and property-related matter."
2185-62,2020-07-23,LAND,"This gazette content primarily deals with land acquisition matters under the Land Acquisition Act. It contains detailed declarations for the acquisition of multiple land parcels for public purposes, including specific lot numbers, extents, boundaries, and location descriptions. The content focuses exclusively on land-related administrative procedures without involving government personnel changes, structural reforms, or other specialized categories like legal, commercial, or electoral matters."
2185-63,2020-07-23,COMMERCIAL,"The gazette content concerns the cancellation of liquidation for multiple co-operative societies. This falls under business/commercial matters as it deals with the administrative status of registered business entities (co-operative societies), their deregistration from liquidation, and involves the Registrar of Co-operative Societies. It does not involve government structure/personnel changes, land, legal frameworks, elections, public service, judicial matters, or other specialized categories, making Commercial (Type 6) the appropriate classification."
2185-64,2020-07-23,LAND,"This gazette content is a Land Acquisition Notice published under the Land Acquisition Act, specifically detailing the government's intention to acquire four allotments of land for public purpose. It contains detailed descriptions of the properties, including land names, types, claimants, and extents. The content falls squarely under ""Land and property-related matters"" including ""Land acquisitions, transfers, or disposals"" as specified in the Land Gazettes (Type 4) classification."
2185-65,2020-07-23,LAND,"This gazette content is exclusively about land acquisition for the Moragahakanda & Kaluganga Development Project. It contains detailed descriptions of specific land parcels being acquired, including lot numbers, land names, descriptions, claimants, possessors, and exact measurements. The notice is issued under the Land Acquisition Act and falls under ""PART III — LANDS"" of the gazette, making it clearly a land-related matter that fits Type 4 classification."
2185-66,2020-07-23,LAND,"This gazette content is a land acquisition notice under the Land Acquisition Act, specifically declaring that certain described lands are needed for a development project. It contains detailed descriptions of multiple land parcels with boundaries and extents, which falls squarely under Land Gazettes (Type 4) for land acquisition matters."
2185-67,2020-07-23,LEGAL_REGULATORY,"This gazette content contains a Direction (No. 72) issued by the Consumer Affairs Authority under the Consumer Affairs Authority Act, No. 09 of 2003. It establishes a regulatory prohibition on the sale and use of locally produced rice or paddy for animal feed manufacture. This constitutes a regulatory matter and falls under the Legal/Regulatory classification (Type 5), as it involves the exercise of statutory powers to create binding regulations."
2185-42,2020-07-22,ORGANISATIONAL,"This gazette notification announces the National Consumer Price Index figure for June 2020, which is statistical data published by the Department of Census and Statistics. It does not involve government structure/personnel (Types 1-3) and does not fit any of the specialized categories (land, legal, commercial, elections, public service, or judicial). This falls under general administrative/statistical announcements that don't belong to the other defined categories."
2185-43,2020-07-22,ELECTIONS,"This gazette content specifically deals with filling a vacancy in a local government body (Medadumbara Pradeshiya Sabha) under the Local Authorities Elections Ordinance. It involves the electoral process, including the nomination and declaration of a new member to fill a vacancy caused by death, which falls under election-related matters and procedures."
2185-44,2020-07-22,Error,API request failed: 500 Server Error: Internal Server Error for url: https://eg-7060af6f-a5a9-44dd-b4e6-af36d56dbd47-prod.e1-us-east-azure.bijiraapis.dev/sample/deep-seek/v1.0/v1/chat/completions
2185-45,2020-07-22,LAND,"This gazette content exclusively deals with land and property matters, specifically calling for claims to land parcels under the Registration of Title Act. It involves land title registration, cadastral mapping, and determination of land ownership rights across multiple districts. The content focuses entirely on land administration processes without any government personnel changes, structural modifications, or other specialized categories."
2185-46,2020-07-22,LAND,"This gazette content exclusively deals with land title registration matters under the Registration of Title Act, No. 21 of 1998. It contains declarations of determination for specific land parcels (Parcel No. 44 and Parcel No. 75) with detailed land particulars including ownership details, extent, location, and title classifications. The content appears in ""PART III - LANDS"" of the gazette and focuses entirely on land settlement and title registration processes, which falls squarely under the Land Gazettes classification (Type 4)."
2185-47,2020-07-22,LAND,"This gazette content deals exclusively with land title registration matters under the Registration of Title Act, specifically declaring determinations of land titles for specific parcels in Gampaha District. It contains detailed land parcel information, ownership details, and legal determinations related to land property rights, which falls squarely under the Land Gazettes classification (Type 4)."
2185-48,2020-07-22,LAND,"This gazette content exclusively deals with land title registration matters under the Registration of Title Act. It contains detailed declarations of land title determinations for specific parcels of land (including parcel numbers, owner names, extent of land, encumbrances, and servitude rights) in Pokunuwita, Kalutara District. The content falls squarely within the Land Gazette category as it involves land registrations, property ownership determinations, and land title settlements without any government personnel changes or structural administrative modifications."
2185-49,2020-07-22,LAND,"This gazette content primarily deals with land-related matters, specifically calling for claims to land parcels under the Registration of Title Act. It involves land title settlement, cadastral maps, land ownership claims, and property registration processes. The content focuses entirely on land administration and property rights, falling clearly under the Land Gazettes category (Type 4) without any government personnel changes, organizational restructuring, or other specialized categories."
2185-50,2020-07-22,LAND,"This gazette content deals exclusively with land title amendments under the Registration of Title Act, specifically addressing modifications to land parcel registrations including servitude rights, ownership details, and land extent corrections. The content focuses on land property matters, cadastral maps, and title registrations, which falls squarely under the Land Gazettes category (Type 4)."
2185-51,2020-07-22,LAND,"This gazette content exclusively deals with land title registration under the Registration of Title Act, specifically declaring the determination of title for a specific parcel of land (No. 455 of Block 04) in Rathmalana. It includes detailed land particulars such as parcel number, extent, owner details, title class, and encumbrances, making it clearly a Land Gazette according to the classification criteria."
2185-32,2020-07-21,LAND,"This gazette content is exclusively about land acquisition matters under the Land Acquisition Act. It contains detailed descriptions of specific land parcels being acquired for a public purpose (Upper Elahera Project tunnel canal), including lot numbers, extents, boundaries, and location details. While it mentions a government minister, it does so only in the context of executing land acquisition procedures and does not contain any government structural changes or personnel appointments with detailed portfolio responsibilities. The content fits squarely within the Land Gazette category (Type 4) as it deals with land acquisitions and property rights."
2185-33,2020-07-21,LAND,"This gazette content primarily deals with land acquisition matters under the Land Acquisition Act. It contains detailed descriptions of specific land parcels, their boundaries, and extents for acquisition purposes. While it mentions a government minister (S. M. Chandrasena) exercising powers under the Act, the core content focuses entirely on land-related administrative procedures and property descriptions, making it a Land Gazette rather than a government personnel or structural gazette."
2185-34,2020-07-21,LAND,"This gazette content primarily deals with land acquisition matters under the Land Acquisition Act. It contains multiple orders for taking possession of specific land parcels with detailed descriptions of boundaries, extents, and locations. The content focuses exclusively on land-related administrative actions without involving government personnel changes, structural reforms, or other specialized categories."
2185-35,2020-07-21,LAND,"This gazette content primarily deals with land acquisition matters under the Land Acquisition Act. It contains orders for taking possession of specific land parcels with detailed descriptions of the properties, including lot numbers, extents, boundaries, and locations. While it mentions a government minister (S. M. Chandrasena), the core content is about land/property matters rather than government personnel or structural changes, making it a Land Gazette (Type 4)."
2185-37,2020-07-21,LEGAL_REGULATORY,"This gazette content involves the exercise of powers under the Public Security Ordinance (Chapter 40) to call out armed forces for maintaining public order. It constitutes a legal/regulatory action by the President using statutory authority, making it primarily about legal framework and regulatory matters rather than government personnel changes or organizational structure."
2185-38,2020-07-21,LAND,"This gazette content contains multiple declarations under the Land Acquisition Act for the acquisition of specific land parcels for public purposes. It provides detailed descriptions of land boundaries, extents, and locations, which falls squarely under land and property-related matters (Type 4 - Land Gazettes). While it mentions a government minister, the primary focus is on land acquisition rather than government personnel changes or portfolio responsibilities."
2185-39,2020-07-21,ORGANISATIONAL,"This gazette notification announces the dates for a religious/cultural event (Annual Esala Festival at a Buddhist temple). It does not involve government structure/personnel (Types 1-3) and does not fit any of the specialized categories (land, legal, commercial, elections, public service, or judicial). As it concerns cultural/religious matters, it falls under the Miscellaneous category."
2185-40,2020-07-21,LAND,"This gazette notice is exclusively about land acquisition under the Land Acquisition Act. It describes a specific land parcel being acquired for public purpose, provides detailed land description (lot number, name, extent, location), and addresses compensation claims. This fits perfectly within Type 4 (Land Gazettes) which covers land acquisitions, transfers, and property-related matters."
2185-41,2020-07-21,HYBRID,"This gazette contains both specific named individuals (Marshal of the Air Force Roshan Goonetilleke, Admiral Jayantha Perera, etc.) AND detailed descriptions of their responsibilities and portfolio assignments (expanding the Task Force's mandate to include measures for preventing COVID-19 among drug addicts under rehabilitation and prison inmates). The content includes both ""who"" (government-appointed persons) and ""what"" (detailed responsibilities/portfolios), making it a Hybrid Gazette according to the classification rules."
2185-01,2020-07-20,LEGAL_REGULATORY,"This gazette notification is a Customs Notification (General) issued under the Customs Ordinance (Chapter 235). It sets new rates of exchange for calculating customs duties and other charges, which constitutes a regulatory framework and compliance requirement. This falls squarely under Legal/Regulatory Gazettes (Type 5), as it involves subsidiary legislation and regulatory matters governing customs operations."
2185-02,2020-07-20,LAND,"This gazette notice is about land acquisition under the Land Acquisition Act, specifically describing the acquisition of two land lots (1.6479 hectares total) in Walgama West village for public purpose. It contains detailed land descriptions, extents, present uses, and claimant information, along with procedures for compensation claims. This fits perfectly within the Land Gazettes category (Type 4) as it deals exclusively with land acquisition matters."
2185-03,2020-07-20,LAND,"This gazette content is primarily focused on land acquisition matters. It contains a formal declaration under the Land Acquisition Act for acquiring a specific parcel of land for public purpose, including detailed land descriptions, boundaries, and location information. While it mentions a government minister (S. M. Chandrasena), this is incidental to the core land-related content, and there are no detailed portfolio responsibilities or government structural changes described. The content fits squarely within the Land Gazette category (Type 4) as it deals with land acquisition, property boundaries, and land registration matters."
2185-04,2020-07-20,LAND,"This gazette content deals exclusively with land title registration matters under the Registration of Title Act, No. 21 of 1998. It contains declarations of determination for specific land parcels (including parcel numbers, extent measurements, owner details, and property characteristics) in various villages and divisions. The content focuses on land ownership registration, property boundaries, and title settlements, which falls squarely under the Land Gazettes category (Type 4) for land and property-related matters."
2185-05,2020-07-20,LAND,"This gazette content exclusively deals with land title registration matters under the Registration of Title Act. It contains detailed declarations of land title determinations for specific parcels of land, including parcel numbers, owner names, extent of land, title classifications, and encumbrances. The content appears in ""PART III - LANDS"" of the gazette and focuses entirely on land ownership and property registration, making it a clear example of Land Gazette classification."
2185-06,2020-07-20,LAND,"This gazette content exclusively deals with land-related matters, specifically notices calling for claims to land parcels under the Registration of Title Act. It involves land title determination, cadastral maps, and land ownership claims in various districts, which falls squarely under the Land Gazettes category (Type 4) for land and property-related matters."
2185-07,2020-07-20,LAND,"This gazette content exclusively deals with land title registration under the Registration of Title Act, specifically declaring the determination of land titles for parcels 291-294 in Udammita village. It contains detailed land parcel information including owner names, identity numbers, extent of land, and title classifications, making it clearly a Land Gazette (Type 4) focused on property ownership and land registration matters."
2185-08,2020-07-20,LAND,"This gazette content exclusively deals with land title registration matters under the Registration of Title Act. It contains declarations of land title determinations for specific parcels of land (including parcel numbers, extents, owner details, and cadastral information) in various villages. The content falls squarely under ""Land and property-related matters"" including ""land registrations, property ownership, land titles"" as defined for Type 4 classification."
2185-09,2020-07-20,LAND,"This gazette content exclusively deals with land title registration under the Registration of Title Act, specifically declaring the determination of title for a specific parcel of land (Parcel No. 125) in Galle District. It contains detailed land particulars including location, extent, owner information, and title classification, which falls squarely under Land Gazettes (Type 4) for land and property-related matters."
2185-10,2020-07-20,LAND,"This gazette content deals exclusively with land title registration matters under the Registration of Title Act. It contains declarations of determination for specific land parcels (including parcel numbers, extents, owner details, and title classifications) in various locations. The content focuses on land ownership, title settlement, and property registration, which falls squarely under the Land Gazettes category (Type 4) for land and property-related matters."
2185-11,2020-07-20,LAND,"This gazette content exclusively deals with amendments to land title registrations under the Registration of Title Act, No. 21 of 1998. It contains specific details about parcel numbers, block numbers, cadastral maps, land extents, and amendments to land title records for various properties in different locations. The content is entirely focused on land and property-related matters, falling squarely within the Land Gazettes category (Type 4) without any government personnel changes, organizational restructuring, or other specialized categories."
2185-12,2020-07-20,LAND,"This gazette content deals exclusively with land title registration matters under the Registration of Title Act. It contains declarations of determination for specific land parcels (including parcel numbers, locations, and ownership details) by the Commissioner of Title Settlement. The content focuses on land ownership, title registration, and property rights, which falls squarely under the Land Gazette classification (Type 4) for land and property-related matters."
2185-13,2020-07-20,LAND,"This gazette content exclusively deals with land title registration matters under the Registration of Title Act. It contains multiple declarations of determination by the Commissioner of Land Title Settlement regarding specific land parcels, including detailed schedules with parcel numbers, extents, owner names, and title classifications. The content is focused entirely on land ownership and title settlement, falling squarely within the Land Gazette category (Type 4) as it involves land registrations, property ownership determinations, and land title matters."
2185-14,2020-07-20,PEOPLE,"The gazette content contains multiple personnel changes (promotion, retirement, and appointment) involving named individuals (Vice Admiral K. K. V. P. H. de Silva and Rear Admiral D. N. S. Ulugetenne) with their basic titles/ranks only. There are no detailed descriptions of portfolio responsibilities or government structural changes, making this a clear People Gazette (Type 2)."
2185-15,2020-07-20,LAND,"This gazette content deals exclusively with land title registration matters under the Registration of Title Act. It contains declarations of determination for specific land parcels (including parcel numbers, extents, owner details, and property characteristics) in various locations. The content focuses on land ownership registration, title settlement, and property rights - all falling under the Land Gazettes category (Type 4) as it primarily concerns land and property-related administrative matters."
2185-16,2020-07-20,LAND,"This gazette content is primarily about land acquisition under the Land Acquisition Act. It involves taking possession of specific land parcels with detailed descriptions of location, boundaries, and extent. The document is published in the ""LANDS"" section of the gazette and focuses exclusively on property matters without involving government personnel changes or detailed portfolio responsibilities."
2185-17,2020-07-20,LAND,"This gazette content exclusively deals with land title registration matters under the Registration of Title Act. It contains multiple declarations of determination by the Commissioner of Land Title Settlement regarding specific land parcels (including parcel numbers, locations, ownership details, and encumbrances) in various locations. The content is focused entirely on land ownership, title settlement, and property registration, which falls squarely under the Land Gazettes category (Type 4) as it involves land registrations, property ownership determinations, and land title matters."
2185-18,2020-07-20,LAND,"This gazette content deals exclusively with land title amendments under the Registration of Title Act, specifically addressing changes to land ownership records, property boundaries, and encumbrances for multiple parcels of land in various locations. The content focuses on land registration matters including amendments to owner names, addresses, property extents, identity card numbers, and right-of-way encumbrances - all falling squarely within the Land Gazette classification category."
2185-19,2020-07-20,LAND,"This gazette content exclusively deals with amendments to land title registrations under the Registration of Title Act. It contains multiple entries detailing specific changes to land parcel numbers, extents, and administrative divisions for various properties across different districts. The content focuses solely on land title matters, including amendments to cadastral maps, parcel numbers, land extents, and administrative boundaries, which falls squarely under the Land Gazettes classification (Type 4)."
2185-20,2020-07-20,LAND,"This gazette content consists entirely of land acquisition declarations under the Land Acquisition Act, specifying particular land parcels, their locations, boundaries, and extents for public acquisition purposes. The content focuses exclusively on land and property matters without involving government personnel changes, structural reorganizations, or other specialized categories."
2185-21,2020-07-20,LAND,"This gazette content exclusively deals with land title amendments under the Registration of Title Act, specifically modifying parcel numbers, servitude rights, and land extents for various properties in the Colombo District. It contains detailed land registration information including cadastral maps, block numbers, parcel numbers, and specific land measurements, which falls squarely under the Land Gazettes category (Type 4) for land and property-related matters."
2185-22,2020-07-20,LAND,"This gazette content deals exclusively with amendments to land title registrations under the Registration of Title Act, specifically addressing corrections to parcel numbers, village names, and Grama Niladhari Division designations for multiple land plots in the Mathara district. The content falls under ""PART III - LANDS"" and involves land title settlement matters, making it clearly a Land Gazette (Type 4) according to the classification criteria."
2185-23,2020-07-20,LAND,"This gazette content is exclusively about land title registration under the Registration of Title Act. It contains a declaration by the Commissioner of Title Settlement regarding the determination of title to a specific parcel of land (Parcel No. 218, Block 01) with detailed land particulars including owner information, extent, location details, and cadastral references. The content falls squarely within the Land Gazette category as it deals with land registration and title settlement matters."
2185-24,2020-07-20,LAND,"This gazette content exclusively deals with land title amendments under the Registration of Title Act, specifically addressing modifications to land parcel registrations, expunging particulars from land titles, and amending parcel numbers. The content focuses entirely on land administration matters including cadastral mapping, land parcel identification, and title registration adjustments, which falls squarely under the Land Gazettes classification (Type 4)."
2185-25,2020-07-20,LAND,"This gazette content exclusively deals with land title registration under the Registration of Title Act, specifically declaring the determination of title for a specific land parcel (No 145 of Block 01) in Cheena Koratuwa, Galle District. It contains detailed land ownership information including parcel numbers, owner names, identity details, extent of land, and ownership status. The content falls squarely under land and property-related matters as defined in Type 4, with no government personnel changes or structural administrative elements that would trigger Types 1-3."
2185-26,2020-07-20,LAND,"This gazette content exclusively deals with land title registration amendments under the Registration of Title Act, specifically addressing parcels of land in various locations with detailed cadastral references. It involves expunging particulars and amending land title classifications, which falls squarely under land and property-related matters as defined in Type 4 (Land Gazettes)."
2185-27,2020-07-20,LAND,"This gazette content deals exclusively with land title registration matters under the Registration of Title Act. It contains declarations of determination by the Commissioner of Title Settlement regarding specific land parcels (including parcel numbers, extents, and ownership details) in various locations. The content focuses on land ownership adjudication and title settlement, which falls squarely under the Land Gazettes category (Type 4) for land and property-related matters."
2185-28,2020-07-20,LAND,"This gazette content exclusively deals with land title registration matters under the Registration of Title Act. It contains multiple declarations of determination for specific land parcels (including parcel numbers, locations, ownership details, and property characteristics) in the Aluthgama Bogamuwa area. The content focuses on land ownership registration, property boundaries, and title settlements, which clearly falls under the Land Gazettes category (Type 4) for land and property-related administrative matters."
2185-29,2020-07-20,LAND,"This gazette content deals exclusively with land title registration matters under the Registration of Title Act. It contains declarations of determination for specific land parcels, including parcel numbers, cadastral map references, owner details, and land extent measurements. The content focuses on land ownership registration and title settlement, which falls squarely under the Land Gazettes category (Type 4) as it involves land registrations, property ownership, and land title matters."
2185-30,2020-07-20,LAND,"This gazette content deals exclusively with land title registration matters under the Registration of Title Act. It contains declarations of determination for specific land parcels (including parcel numbers, locations, ownership details, and land characteristics) in various villages, which falls squarely under the Land Gazette classification category for land registrations and property ownership matters."
2185-31,2020-07-20,LAND,"This gazette content is a Land Acquisition Notice published under the Land Acquisition Act, specifically detailing the government's intention to acquire multiple land lots for public purpose. It contains descriptions of specific land parcels, their locations, extents, current claimants, and original claimants. The content falls squarely within the Land Gazette category (Type 4) as it deals with land acquisition matters, property descriptions, and land ownership transfers."
2184-53,2020-07-18,LEGAL_REGULATORY,"This gazette content involves the imposition of a Special Commodity Levy under the Special Commodity Levy Act, No. 48 of 2007. It constitutes a regulatory order that establishes new tax rates on specific commodities, which falls under the category of Legal/Regulatory Gazettes (Type 5) as it deals with regulatory frameworks and compliance requirements rather than government personnel, organizational changes, or other specialized categories."
2184-34,2020-07-17,LEGAL_REGULATORY,"This gazette contains regulations made by the Minister of Health under the Quarantine and Prevention of Diseases Ordinance, establishing legal requirements for election activities during COVID-19. It creates new regulatory requirements for election meetings, canvassing, and polling station operations, which falls under Legal/Regulatory matters (Type 5) rather than government personnel/structure categories."
2184-35,2020-07-17,LAND,"This gazette content deals exclusively with land title registration matters under the Registration of Title Act, No. 21 of 1998. It contains declarations of determination for specific land parcels (including parcel numbers, extents, owner details, and locations) in Puttalam district. The content falls under ""Land registrations, property ownership, land titles"" as specified in the Land Gazettes (Type 4) category, and appears in ""PART III - LANDS"" of the gazette."
2184-36,2020-07-17,LAND,"This gazette content deals exclusively with land title registration matters under the Registration of Title Act. It contains declarations of land title determinations for specific parcels of land, including detailed schedules with parcel numbers, extent measurements, owner names and identities, and title classifications. The content appears in ""PART III - LANDS"" of the gazette and focuses on property ownership and land title settlement, which falls squarely under the Land Gazettes category (Type 4)."
2184-37,2020-07-17,LAND,"This gazette content deals exclusively with land title registration amendments under the Registration of Title Act, specifically addressing the expungement of particulars for multiple parcels of land in Eliwila village. The content focuses on land property matters, cadastral maps, and title settlements, which falls squarely under the Land Gazettes category (Type 4) for land and property-related administrative matters."
2184-38,2020-07-17,LAND,"This gazette content deals exclusively with amendments to land title registrations under the Registration of Title Act, specifically addressing corrections to land parcel descriptions, village names, Grama Niladhari divisions, and land extents. The content appears in ""PART III - LANDS"" and involves detailed land administration matters including cadastral maps, land parcels, and title settlements, making it clearly a Land Gazette."
2184-39,2020-07-17,LAND,"This gazette content is primarily about land acquisition under the Land Acquisition Act. It contains a ministerial order directing the taking of possession of specific land parcels, with detailed descriptions of the land lots, their boundaries, and extents. The content focuses exclusively on land matters without involving government personnel changes or detailed portfolio responsibilities, making it a clear Land Gazette (Type 4)."
2184-40,2020-07-17,LAND,"This gazette content primarily deals with land acquisition matters under the Land Acquisition Act. It contains detailed descriptions of specific land parcels, their boundaries, extents, and locations, along with orders for taking possession of these lands. The content focuses exclusively on land-related administrative actions without involving government personnel changes, structural changes, or other specialized categories."
2184-41,2020-07-17,LAND,"This gazette content primarily deals with land acquisition matters under the Land Acquisition Act. It specifically involves the divestment of a particular allotment of land (described in detail with location, boundaries, and extent) by the Minister of Lands and Land Development. The content focuses on property transfer and land administration rather than government personnel changes or structural reorganization, making it a Land Gazette according to the classification criteria."
2184-42,2020-07-17,LAND,"This gazette content primarily deals with land acquisition matters under the Land Acquisition Act. It contains detailed descriptions of specific land parcels being acquired, including lot numbers, extents, boundaries, and location details. While it mentions a government minister (S. M. Chandrasena) issuing the orders, the core content focuses exclusively on land/property matters rather than government personnel changes or structural reforms. The detailed land descriptions and acquisition procedures place this firmly in the Land Gazette category."
2184-43,2020-07-17,LAND,"This gazette content primarily deals with land acquisition matters under the Land Acquisition Act. It contains detailed descriptions of specific land parcels, their boundaries, extents, and acquisition orders for taking possession of these lands. The content focuses exclusively on land-related administrative procedures without involving government personnel changes, structural changes, or other specialized categories like legal, commercial, or public service matters."
2184-44,2020-07-17,LAND,"This gazette content primarily deals with land acquisition matters under the Land Acquisition Act. It contains detailed descriptions of specific land parcels being acquired, including their locations, boundaries, and extents. While it mentions a government minister (S. M. Chandrasena) issuing the order, the core content focuses on land/property matters rather than government personnel changes or structural reorganization. The detailed land descriptions and acquisition process place this firmly in the Land Gazette category."
2184-45,2020-07-17,LAND,"This gazette content exclusively concerns land acquisition matters under the Land Acquisition Act. It contains multiple notices regarding the acquisition of specific land parcels (including lot numbers, land names, extents, and locations), amendments to previous land acquisition notices, and procedures for compensation claims. The content falls squarely within the definition of Type 4 (Land Gazettes) as it deals with land acquisitions, property descriptions, and related administrative procedures."
2184-46,2020-07-17,LAND,"This gazette notice is about land acquisition under the Land Acquisition Act for a public purpose (construction of a salt barrier). It specifies the exact location, lot number, description of the land, and procedures for claimants to seek compensation. The content primarily deals with land acquisition matters, falling squarely under Type 4 (Land Gazettes) for land and property-related administrative actions."
2184-47,2020-07-17,LAND,"This gazette content primarily deals with land acquisition matters under the Land Acquisition Act. It contains detailed descriptions of specific land parcels being acquired, including their locations, boundaries, and extents. The content focuses on the legal process of taking possession of land for public purposes, which falls squarely under the Land Gazettes category (Type 4) for land and property-related matters. While it mentions a government minister, this is incidental to the land acquisition process and does not involve government structural changes or detailed portfolio responsibilities that would trigger a government-related classification."
2184-48,2020-07-17,ELECTIONS,"This gazette content specifically addresses the filling of a vacancy in a local government body (Valikamam South Pradeshiya Sabha) under the Local Authorities Elections Ordinance. It details the electoral process for replacing a resigned member, including the nomination procedure by a recognized political party and the formal declaration of the new member by the Returning Officer. This falls squarely under electoral processes and related matters, making it an Elections Gazette."
2184-49,2020-07-17,LEGAL_REGULATORY,"This gazette notification primarily deals with regulatory matters under the Pilgrimages Ordinance (Chapter 175). It establishes specific regulations for conducting the Esala Festival, including duration, camp area boundaries, vehicle restrictions, construction limitations, health requirements, trade prohibitions, and begging restrictions. The content focuses on legal/regulatory compliance requirements rather than government personnel changes, organizational structure, or other specialized categories."
2184-50,2020-07-17,LAND,"This gazette content is a declaration under the Land Acquisition Act for the acquisition of specific land parcels (Lots A and B) for a public purpose. It contains detailed land descriptions, survey plan numbers, boundaries, and extents. The content focuses exclusively on land acquisition matters, which falls under the Land Gazettes category (Type 4) for land and property-related matters. While it mentions a government minister, the primary focus is on the land acquisition process rather than government personnel changes or portfolio responsibilities."
2184-51,2020-07-17,ELECTIONS,"This gazette contains media guidelines issued by the Election Commission specifically related to election time conduct, including restrictions on publishing certain types of political content that could influence elections. The content directly addresses election-related regulations and procedures, falling clearly under the ""Electoral processes and related matters"" category of Type 7 (Elections Gazettes)."
2184-52,2020-07-17,ELECTIONS,"This gazette content contains a Code of Conduct issued by the Election Commission specifically for election-related matters, including regulations for contesting candidates, their supporters, and political party officials during election time. It focuses on electoral processes and conduct, which falls under the Elections category (Type 7)."
2184-21,2020-07-16,LEGAL_REGULATORY,"This gazette contains regulations made by the Minister under the Imports and Exports (Control) Act, which involves the creation of new regulatory frameworks and compliance requirements for import/export activities. While it mentions Minister Mahinda Rajapaksa and his portfolio, the primary content is regulatory in nature - establishing new rules, repealing previous regulations, and setting compliance procedures for importers. This fits the Legal/Regulatory classification (Type 5) as it deals with statutory instruments and subsidiary legislation rather than focusing on government personnel changes or detailed portfolio responsibilities."
2184-22,2020-07-16,LAND,"This gazette content consists entirely of Land Acquisition Notices published under the Land Acquisition Act. It describes specific land parcels being acquired by the government for public purposes (constructing sewerage pumping stations), including detailed descriptions of the land locations, extents, and claimants. The content falls squarely within the Land Gazette category as it deals with land acquisitions and property matters."
2184-23,2020-07-16,LAND,"This gazette primarily deals with land acquisition matters, specifically appointing an officer to expedite land acquisitions for road development projects. The content focuses on property acquisition under the Land Acquisition Act for infrastructure projects, which falls squarely under the Land Gazettes category (Type 4) for land and property-related administrative matters."
2184-24,2020-07-16,Error,API request failed: 500 Server Error: Internal Server Error for url: https://eg-7060af6f-a5a9-44dd-b4e6-af36d56dbd47-prod.e1-us-east-azure.bijiraapis.dev/sample/deep-seek/v1.0/v1/chat/completions
2184-25,2020-07-16,LAND,"This gazette content exclusively deals with amendments to land title registrations under the Registration of Title Act, specifically modifying parcel numbers, extents, and servitude rights for various land parcels in different locations. The content focuses entirely on land and property matters, including cadastral maps, land titles, and property boundaries, which falls squarely under the Land Gazette classification (Type 4). There is no government personnel or structural changes, legal/regulatory frameworks beyond the land registration context, or any other specialized category that would take precedence."
2184-26,2020-07-16,LAND,"This gazette content exclusively deals with land title registration and determinations under the Registration of Title Act. It contains detailed schedules of specific land parcels, their owners, property boundaries, encumbrances, and servitude rights. The content is focused entirely on land and property matters, falling squarely within the Land Gazette classification (Type 4) without any government personnel changes or structural administrative modifications."
2184-27,2020-07-16,LAND,"This gazette content deals exclusively with land title registration matters under the Registration of Title Act, No. 21 of 1998. It contains declarations of determination for specific land parcels (including parcel numbers, locations, ownership details, and property characteristics) in various villages in the Kandy District. The content focuses on land ownership registration, property boundaries, and title settlements, which falls squarely under the Land Gazettes category (Type 4) for land and property-related administrative matters."
2184-28,2020-07-16,LAND,"This gazette content deals exclusively with land title registration matters under the Registration of Title Act. It contains declarations of determination for specific land parcels (including parcel numbers, cadastral maps, locations, and ownership details) by the Commissioner of Land Title Settlement. The content focuses on land ownership, title settlements, and property registrations, which falls squarely under the Land Gazettes category (Type 4) for land and property-related matters."
2184-29,2020-07-16,LAND,"This gazette content deals exclusively with land title registration matters under the Registration of Title Act. It contains declarations of land title determinations for specific parcels of land, including details about land ownership, parcel numbers, extents, locations, and encumbrances. The content is focused on land property matters and falls squarely within the Land Gazette classification category."
2184-30,2020-07-16,LAND,"This gazette content deals exclusively with land title registration matters under the Registration of Title Act. It contains declarations of determination by the Commissioner of Title Settlement regarding specific land parcels, including detailed information about land ownership, parcel numbers, extents, locations, and encumbrances. The content falls under ""Land and property-related matters"" including land registrations, property ownership, and land titles as specified in Type 4 classification."
2184-31,2020-07-16,LAND,"This gazette content deals exclusively with land title registration matters under the Registration of Title Act. It contains declarations of determination for specific land parcels (including parcel numbers, locations, owner details, and property characteristics) in various villages. The content focuses on land ownership, title settlements, and property registration, which falls squarely under the Land Gazettes category (Type 4) as it involves land registrations, property ownership, and land title matters."
2184-32,2020-07-16,LAND,"This gazette content exclusively deals with land title registration matters under the Registration of Title Act, No. 21 of 1998. It contains declarations of determination for specific land parcels (including parcel numbers, block numbers, cadastral map references, and owner details) in the Homagama area. The content focuses on land ownership registration, property boundaries, and title settlement - all falling squarely within the Land Gazette classification category. There is no government personnel or structural content that would trigger Types 1-3, and the specialized nature of land registration makes it distinct from other specialized categories."
2184-33,2020-07-16,LAND,"This gazette content primarily deals with land acquisition for public projects. It describes the acquisition of specific immovable properties (land parcels) for water supply projects, including detailed descriptions of the land (name, extent, boundaries, survey plans, and location). While it mentions a government minister (Mahinda Rajapaksa) and his title, the core subject matter is land acquisition, which falls under the Land Gazettes category (Type 4) for land and property-related matters. The government personnel mention is incidental to the primary land-focused content."
2184-13,2020-07-15,LAND,"This gazette content is primarily about land acquisition under the Land Acquisition Act. It involves the Minister of Lands and Land Development directing the acquisition of specific land parcels with detailed descriptions of boundaries, lot numbers, and extents. The content focuses exclusively on land and property matters, falling clearly under the Land Gazettes category (Type 4) without involving government personnel changes or structural modifications beyond the ministerial authority to execute land acquisitions."
2184-14,2020-07-15,LEGAL_REGULATORY,This gazette content contains a notification issued under the Wages Boards Ordinance (Chapter 136) regarding special allowances payable to workers in specific trades. It references statutory authority (Section 20(2)(b) of the Ordinance) and establishes regulatory requirements for wage adjustments based on cost of living index numbers. This falls under legal/regulatory matters as it involves the implementation and notification of statutory instruments and regulatory compliance requirements.
2184-15,2020-07-15,LEGAL_REGULATORY,"This gazette notification is issued under the Strategic Development Projects Act, No. 14 of 2008 and outlines specific tax exemptions and regulatory concessions (including corporate income tax, dividend tax, withholding tax, VAT, and customs duty exemptions) for a designated development project. It constitutes a regulatory framework and compliance requirement established under existing legislation, making it a Legal/Regulatory matter rather than a government personnel/structure announcement or other specialized category."
2184-16,2020-07-15,LAND,"This gazette content is a declaration under the Land Acquisition Act for the acquisition of a servitude (right of way) and land for a public purpose (developing a canal as part of a storm water drainage project). It contains detailed descriptions of the specific land parcels, boundaries, and property details. The content is primarily concerned with land acquisition and property matters, fitting squarely within the Land Gazettes category (Type 4). While it mentions a government minister, this is incidental to the land acquisition notice itself and does not involve government structural changes or detailed portfolio responsibilities that would trigger a government-related classification."
2184-17,2020-07-15,ELECTIONS,"This gazette content specifically concerns the appointment of Assistant Returning Officers for electoral districts in relation to a parliamentary election scheduled for 05.08.2020. It is issued by the Election Commission under the Parliamentary Elections Act, making it a clear example of electoral processes and appointments, which falls under the Elections category."
2184-18,2020-07-15,ELECTIONS,"This gazette notification specifically concerns the scheduling and timing of a parliamentary election poll date. It references the Parliamentary Elections Act and provides official notice about the election date and polling hours. The content focuses entirely on electoral processes, which falls under the Elections category (Type 7) for electoral announcements and schedules."
2184-19,2020-07-15,ELECTIONS,"This gazette notification specifically addresses electoral processes by announcing the designation of polling stations for displaced electors from the Vanni Electoral District who are unable to vote at their original polling stations. It references the Parliamentary Elections Act and is issued by the Election Commission, making it clearly related to election administration and procedures."
2184-11,2020-07-14,ELECTIONS,"This gazette content specifically addresses the filling of a vacancy in a local government body (Karandeniya Pradeshiya Sabha) under the Local Authorities Elections Ordinance. It involves electoral processes at the local government level, including the declaration of a new member to fill a vacancy created by a member's failure to attend meetings. This falls squarely under Election Gazettes (Type 7) which cover electoral processes, candidate nominations, and declarations related to local authorities elections."
2184-12,2020-07-14,LAND,"This gazette exclusively concerns land acquisition matters under the Land Acquisition Act. It details the appointment of an officer specifically to expedite land acquisitions for various flood control and urban development projects. The content focuses on property/land matters (acquisition for specific projects) rather than government personnel changes (though it names an appointee, the primary subject is land acquisition, making it a specialized Land Gazette)."
2184-01,2020-07-13,LEGAL_REGULATORY,"This gazette content is a Customs Notification that establishes new rates of exchange for customs duties and charges. It falls under Legal/Regulatory classification as it constitutes a regulatory framework for customs operations, exercises powers under the Customs Ordinance (Chapter 235), and contains statutory instruments that govern compliance requirements for international trade and customs payments."
2184-02,2020-07-13,ELECTIONS,"This gazette content specifically addresses the filling of a vacancy in a local government body (Haldummulla Pradeshiya Sabha) under the Local Authorities Elections Ordinance. It deals with electoral processes at the local authority level, including the resignation of a member and the nomination of a replacement through established electoral procedures. This falls squarely under Election Gazettes (Type 7) which cover electoral processes, candidate nominations, and declarations related to local authority elections."
2184-03,2020-07-13,LAND,"This gazette content is primarily about land acquisition under the Land Acquisition Act, specifying the acquisition of particular land parcels with detailed descriptions of their boundaries and extents. While it mentions a government minister (S. M. Chandrasena) issuing the order, the core content focuses entirely on land matters rather than government personnel changes or portfolio responsibilities. The detailed land descriptions and the context of land acquisition place this firmly in the Land Gazette category."
2184-04,2020-07-13,PEOPLE,"This gazette contains specific personnel appointments (Mr. K. B. Medawala and Mr. Kanagarathna Susil Kumara) to government boards/authorities with only their basic titles provided (Chairman of the Uva Provincial Library Service Board and Member and Chairman of the Board of Directors of the Uva Provincial Road Passenger Transport Services Authority). There are no detailed descriptions of portfolio responsibilities or subject matter areas assigned to these individuals, making this a People Gazette (Type 2)."
2184-05,2020-07-13,LAND,"This gazette content consists entirely of land acquisition notices published under the Land Acquisition Act. It describes specific parcels of land being acquired by the government for public purposes (forest conservation), provides detailed descriptions of the properties including lot numbers, names, claimants, and extents, and outlines the legal process for compensation claims. The content appears in ""PART III - LANDS"" and focuses exclusively on land-related administrative matters, fitting the Land Gazettes classification."
2184-06,2020-07-13,LAND,"This gazette content contains multiple notices under Section 7 of the Land Acquisition Act regarding the government's intention to acquire specific lands (Bogawana Estate and Hatton Wattha) for public purposes. The content includes detailed descriptions of the lands, their locations, extents, boundaries, and claimant information. This falls squarely within the Land Gazette category (Type 4) as it deals with land acquisition matters, which is explicitly defined as including ""land acquisitions, transfers, or disposals"" and ""any gazette content primarily dealing with land, property, or real estate matters."""
2184-07,2020-07-13,LAND,"This gazette content primarily deals with land acquisition matters under the Land Acquisition Act. It specifically involves the divestment of certain land allotments previously vested in the State, including detailed descriptions of specific land parcels, their boundaries, extents, and locations. The content focuses entirely on land-related administrative actions without involving government personnel changes, structural reorganizations, or other specialized categories."
2184-08,2020-07-13,LAND,"This gazette content primarily deals with land acquisition matters under the Land Acquisition Act. It contains detailed descriptions of specific land lots being acquired, including their locations, extents, boundaries, and assessment numbers. The content focuses exclusively on land-related administrative procedures (taking possession of land for acquisition) without involving government personnel changes, structural changes, or other specialized categories."
2184-09,2020-07-13,PUBLIC_SERVICE,"This gazette establishes regulations for various allowances (travel, subsistence, accommodation, telephone, sitting allowances) for municipal council officials (Mayor, Deputy Mayor, Councilors) and their staff. It pertains to public service conditions, benefits, and administrative instructions for local government officials, falling under Public Service Gazettes (Type 8) rather than central government structure/personnel changes."
2184-10,2020-07-13,LAND,"This gazette content is primarily about land acquisition under the Land Acquisition Act. It contains detailed descriptions of specific land parcels (lots) with their boundaries, extents, and locations for acquisition for public purposes. The content focuses exclusively on land matters without involving government personnel changes, structural changes, or other specialized categories like legal frameworks or commercial registrations."
2183-44,2020-07-10,HYBRID,"This gazette names a specific individual (Mahinda Rajapaksa) and details his ministerial title (Minister of Finance, Economic and Policy Development) while also outlining specific policy responsibilities (waiving a commodity levy on coconut oil imports under specific HS codes). This combination of a named person and detailed portfolio responsibilities meets the criteria for a Hybrid Gazette (Type 3)."
2183-45,2020-07-10,LAND,"This gazette content is primarily about land acquisition under the Land Acquisition Act. It contains detailed descriptions of specific land parcels, their boundaries, extents, and the legal process for taking possession of these lands. While it mentions a government minister (S. M. Chandrasena), the core content focuses entirely on land matters rather than government personnel changes or portfolio responsibilities, making it a Land Gazette (Type 4)."
2183-46,2020-07-10,LAND,"This gazette notice is a formal declaration under the Land Acquisition Act regarding the deposit of statutory compensation for acquired land. It contains specific details about the land (location, name, lot number, extent) and the compensation process, which falls squarely within the definition of land and property-related matters."
2183-48,2020-07-10,HYBRID,"This gazette contains both specific named individuals (Mr. Dayananda Rathnayake, Mrs. G.A.M.S.P. Ambanwala, Mrs. E.P.A. Sriyakanthi) AND detailed descriptions of their portfolio responsibilities and duties (e.g., ""bearing Member of the Director Board of the Road Passenger Transport Service Authority,"" ""perform the duties of the Chairman of the Library Service Board,"" ""Authorized Officer of the Rent Board""). This combination of people and detailed responsibilities meets the criteria for a Hybrid Gazette (Type 3)."
2183-49,2020-07-10,LAND,"This gazette content is a declaration under the Land Acquisition Act for the acquisition of a specific land parcel for public purpose. It contains detailed land description including location, boundaries, extent, and survey information. The content focuses exclusively on land acquisition matters, falling squarely under the Land Gazettes category (Type 4) which covers land acquisitions, transfers, and property-related administrative actions."
2183-50,2020-07-10,LAND,"This gazette content is exclusively about land acquisition notices under the Land Acquisition Act, providing detailed descriptions of specific land parcels being acquired for public purpose. It contains no government personnel changes, structural changes, or portfolio assignments, and focuses solely on land/property matters including lot numbers, land descriptions, ownership claims, and extents."
2183-51,2020-07-10,LAND,"This gazette content is exclusively about land acquisition notices under the Land Acquisition Act, providing detailed descriptions of specific land parcels to be acquired by the state for public purposes. It includes lot numbers, land names, descriptions (garden, paddy field), extents, claimant information, and original claimants - all characteristic of land-related administrative matters falling under Type 4 (Land Gazettes)."
2183-52,2020-07-10,LAND,"This gazette content is exclusively about land acquisition under the Land Acquisition Act, providing detailed descriptions of specific land parcels being acquired for public purpose (Kurunegala-Habarana Railway Project). It contains cadastral map references, lot numbers, land descriptions, extents, and claimant information, which squarely fits the definition of Type 4 (Land Gazettes) for land acquisition matters."
2183-34,2020-07-09,LEGAL_REGULATORY,"This gazette content primarily involves the Industrial Disputes Act and contains legal orders made under Section 4(1) of this legislation. It includes the revocation of a previous order and the appointment of arbitrators to settle industrial disputes between specific parties. The content focuses on legal procedures, statutory instruments, and regulatory actions under existing labor laws, making it a Legal/Regulatory Gazette (Type 5) rather than a government personnel or structural matter."
2183-35,2020-07-09,LEGAL_REGULATORY,"This gazette content primarily concerns legal/regulatory matters under the Industrial Disputes Act, specifically orders and revocations of orders for arbitration in industrial disputes. It involves statutory instruments made under existing legislation (Chapter 131 of the Legislative Enactments of Ceylon) and regulatory procedures for dispute resolution, fitting the definition of Legal/Regulatory Gazettes (Type 5). While a minister is named, this is incidental to the legal/regulatory function being performed rather than constituting a personnel appointment with detailed portfolio responsibilities."
2183-36,2020-07-09,LEGAL_REGULATORY,"This gazette content primarily involves legal/regulatory matters under the Industrial Disputes Act, specifically orders made under Section 4(1) of the Act to appoint arbitrators for industrial disputes. It contains statutory instruments and legal procedures for dispute resolution, falling under the Legal/Regulatory classification rather than government personnel or structural changes."
2183-37,2020-07-09,LEGAL_REGULATORY,"This gazette content primarily deals with legal/regulatory matters under the Industrial Disputes Act. It contains orders made under Section 4(1) of the Act, including the appointment of arbitrators for industrial disputes and the revocation of previous orders. The content focuses on legal procedures, statutory powers, and regulatory actions rather than government personnel changes, organizational restructuring, or any of the other specialized categories. The mention of the minister's name is incidental to the exercise of statutory powers under existing legislation."
2183-38,2020-07-09,LAND,"This gazette content exclusively deals with land acquisition notices under the Land Acquisition Act, specifically declaring that certain described lands are needed for public purposes (access road to a water reservoir and related infrastructure). It contains detailed descriptions of land plots, boundaries, extents, and locations, but does not involve government personnel changes, structural changes, or any other specialized categories beyond land matters."
2183-39,2020-07-09,ELECTIONS,"This gazette concerns the filling of a vacancy in a local government body (Puttalam Urban Council) under the Local Authorities Elections Ordinance. It specifically deals with the electoral process for local authorities, including the nomination and declaration of a new council member to fill a vacancy caused by resignation. This falls directly under Election processes and related matters."
2183-40,2020-07-09,ELECTIONS,"This gazette notice specifically concerns the vacation of office by a member of a local authority (Pradeshiya Sabha) due to ceasing membership in a political party, as declared by the Returning Officer under the Local Authorities Elections Ordinance. The content is directly related to electoral processes and the status of an elected official, fitting the definition of an Elections Gazette."
2183-41,2020-07-09,LEGAL_REGULATORY,"This gazette content involves a legal/regulatory matter - specifically an order under the Registration of Persons Act that alters the expiration date of certain sections and regulations. It deals with statutory instruments and legal modifications rather than government personnel, organizational changes, or any of the other specialized categories. The content focuses on amending legal provisions and extending regulatory timelines, which falls squarely under Legal/Regulatory classification."
2183-42,2020-07-09,LAND,"This gazette content is primarily about land acquisition under the Land Acquisition Act. It involves the Minister of Lands and Land Development directing the taking of immediate possession of specific land parcels described in detail (including lot numbers, boundaries, and extents). The content focuses on land matters rather than government personnel changes, structural changes, or other specialized categories."
2183-43,2020-07-09,PEOPLE,"This gazette contains only government personnel changes, specifically the appointment of named individuals (various university vice-chancellors, principals, and officials) to a Task Force on Education Affairs. It does not include detailed descriptions of portfolio responsibilities or government structural changes, making it a People Gazette (Type 2)."
2183-24,2020-07-08,LAND,"This gazette content is exclusively about land acquisition notices under the Land Acquisition Act. It contains detailed descriptions of specific lands being acquired by the government, including lot numbers, land names, descriptions (garden, paddy field, estate, etc.), claimants, original claimants, and exact land extents. The content falls under ""Land acquisitions, transfers, or disposals"" as specified in the Land Gazettes (Type 4) classification."
2183-25,2020-07-08,LAND,"This gazette content is primarily about land acquisition under the Land Acquisition Act. It contains detailed descriptions of specific land parcels (lots A-K) with their boundaries, extents, and locations. The notice authorizes taking possession of these lands, which falls squarely under land and property-related matters. While it mentions a government minister (S. M. Chandrasena), this is incidental to the core land acquisition purpose, and there are no detailed portfolio responsibilities or government structural changes described."
2183-26,2020-07-08,LEGAL_REGULATORY,"This gazette content involves the extension of time for a Commission of Inquiry established under the Commission of Inquiry Act (Chapter 393). It deals with legal procedures, statutory powers, and the operation of a formal legal commission. The content focuses on regulatory matters and the implementation of legal provisions rather than government personnel changes, organizational structure, or any of the other specialized categories."
2183-27,2020-07-08,LEGAL_REGULATORY,"This gazette content primarily concerns the issuance of a Revenue Protection Order under the Revenue Protection Act, No. 19 of 1962. It establishes new customs duty rates for specific imported goods (dried leguminous vegetables), which constitutes a regulatory change to import/export regulations. This falls squarely under Legal/Regulatory Gazettes (Type 5) as it involves statutory instruments and regulatory frameworks for customs and revenue protection, not government personnel changes or structural reorganizations."
2183-28,2020-07-08,LAND,"This gazette content exclusively deals with land acquisition matters under the Land Acquisition Act. It contains detailed notices for acquiring specific land parcels for the Moragahakanda & Kaluganga Development Project, including lot numbers, land descriptions, claimants, boundaries, and compensation procedures. The content falls under ""Land and property-related matters"" including ""land acquisitions, transfers, or disposals"" as specified in Type 4 classification."
2183-29,2020-07-08,LEGAL_REGULATORY,"This gazette content primarily concerns legal/regulatory matters under the Industrial Disputes Act. It contains orders made by the Minister under statutory powers (Section 4(1)) to appoint arbitrators for industrial disputes and revoke previous orders. While it mentions a government minister (Dinesh Gunawardhana), the core content is about legal procedures, regulatory actions, and the application of existing legislation rather than government personnel changes or structural reorganization. The content fits the definition of Legal/Regulatory Gazettes as it involves statutory instruments and regulatory procedures under established labor laws."
2183-30,2020-07-08,LEGAL_REGULATORY,"This gazette content primarily involves the exercise of ministerial powers under the Industrial Disputes Act to appoint arbitrators for specific industrial disputes. It contains legal orders made under statutory authority (Section 4(1) of the Industrial Disputes Act), which constitutes regulatory action rather than government personnel changes or structural reorganization. The content focuses on legal procedures for dispute resolution rather than government appointments or administrative changes."
2183-31,2020-07-08,ORGANISATIONAL,"This gazette exclusively concerns government structural and administrative changes related to provincial council financial operations. It details the authorization of expenditure, financial provisions, and administrative procedures for the Sabaragamuwa Provincial Council during a specific period, referencing the Provincial Council Act. While it mentions the Governor's role and powers, it does not name any specific individuals beyond the generic title ""Hon. Governor"" and focuses entirely on administrative functions, budgetary allocations, and procedural authorities without detailing any individual's portfolio responsibilities."
2183-32,2020-07-08,ORGANISATIONAL,"This gazette exclusively concerns government structural and administrative changes related to provincial council financial operations. It details the authorization of expenditure estimates, appropriation of funds, and financial provisions for the Sabaragamuwa Provincial Council for a specific period. The content focuses on administrative procedures, financial limits, and the restructuring of budgetary allocations without naming any specific individuals or detailing their personal portfolio responsibilities. This fits the definition of an Organisational Gazette (Type 1) as it deals with government administrative changes and the assignment of financial functions."
2183-33,2020-07-08,ORGANISATIONAL,"This gazette notification deals exclusively with the financial administration and structural operations of the Sabaragamuwa Provincial Council. It grants permission for expenditure and amends financial statements without naming any specific individuals. The content focuses on administrative changes to budget allocations, expenditure permissions, and financial management procedures for various provincial departments and programs, which falls under government structural/administrative changes without personnel appointments."
2183-21,2020-07-07,PEOPLE,"This gazette exclusively lists the appointment of named individuals (including their basic titles/positions) to a Presidential Task Force. It does not contain any detailed descriptions of their specific portfolio responsibilities or duties within the task force, nor does it describe structural changes to government ministries. The content focuses solely on the personnel changes (appointments)."
2183-22,2020-07-07,PEOPLE,"This gazette exclusively lists the appointments of named individuals (Major General (Retired) Kamal Gunaratne, Lieutenant General Shavendra Silva, etc.) to a presidential task force. It provides their names and basic titles (e.g., ""Secretary to the Ministry of Defence,"" ""Commander of the Sri Lanka Army"") but does not include any detailed descriptions of their specific portfolio responsibilities or duties within the task force. This fits the definition of a People Gazette (Type 2)."
2183-23,2020-07-07,ELECTIONS,"This gazette content specifically addresses the filling of a vacancy in a local government body (Badalkumbura Pradeshiya Sabha) under the Local Authorities Elections Ordinance. It deals with electoral processes, including the declaration of a new member due to a vacancy caused by non-attendance of meetings, which falls squarely under Election-related matters (Type 7) rather than general government personnel changes."
2183-01,2020-07-06,LEGAL_REGULATORY,"This gazette notification is issued by the Director General of Customs under the authority of the Customs Ordinance (Chapter 235). It establishes new rates of exchange for calculating customs duties and other charges, which constitutes a regulatory framework and compliance requirement for international trade. This falls squarely under Legal/Regulatory matters (Type 5) as it involves statutory instruments and regulatory procedures governing customs operations."
2183-02,2020-07-06,LAND,"This gazette content deals exclusively with land title registration matters under the Registration of Title Act, specifically declaring determinations of land ownership for specific parcels in the Badulla District. It contains detailed land parcel numbers, cadastral map references, ownership details, and legal determinations regarding land titles, which falls squarely under the Land Gazettes classification (Type 4) for land and property-related matters."
2183-03,2020-07-06,LAND,"This gazette content consists entirely of notices calling for claims to land parcels under the Registration of Title Act, dealing specifically with land ownership, possession interests, cadastral maps, and land title determination processes across multiple districts. The content focuses exclusively on land-related matters including land registrations, title settlements, and property ownership claims, which falls squarely under the Land Gazettes classification (Type 4)."
2183-04,2020-07-06,LAND,"This gazette content deals exclusively with land title registration matters under the Registration of Title Act. It contains declarations of determination for specific land parcels (including parcel numbers, locations, and ownership details) by the Commissioner General of Land Title Settlement. The content focuses on land ownership determinations and property registrations, which falls squarely under the Land Gazettes category (Type 4) for land and property-related matters."
2183-05,2020-07-06,LAND,"This gazette content exclusively deals with land title registration matters under the Registration of Title Act, specifically declaring determinations of land ownership for various parcels in Lunuwila. It contains detailed schedules listing land parcel numbers, owners, extents, and title classifications, which falls squarely under the Land Gazettes category (Type 4) for land and property-related matters."
2183-06,2020-07-06,LAND,"This gazette content deals exclusively with land title registration matters under the Registration of Title Act. It contains declarations of land title determinations for specific parcels of land, including detailed schedules with parcel numbers, extents, owner information, and land classifications. The content appears in ""PART III - LANDS"" of the gazette and focuses on property ownership and land title settlements, which clearly falls under the Land Gazettes category."
2183-07,2020-07-06,LAND,"This gazette content deals exclusively with land title registration matters under the Registration of Title Act. It contains declarations of title determinations for specific land parcels, including details of land ownership, parcel numbers, extents, owner identities, and land classifications. The content appears in ""PART III - LANDS"" of the gazette and focuses on property ownership and land title settlements, which clearly falls under the Land Gazettes category (Type 4) for land and property-related matters."
2183-08,2020-07-06,LAND,"This gazette content deals exclusively with land title registration matters under the Registration of Title Act, No. 21 of 1998. It contains declarations of determination for specific land parcels (including parcel numbers, cadastral maps, locations, and owner details) by the Commissioner General of Title Settlement. The content focuses on land ownership registration, property boundaries, and title settlements, which falls squarely under the Land Gazettes category (Type 4) for land and property-related matters."
2183-09,2020-07-06,LAND,"This gazette content exclusively deals with land title registration matters under the Registration of Title Act, No. 21 of 1998. It contains declarations of determination for specific land parcels (including parcel numbers, locations, ownership details, and property characteristics) in various villages in the Kandy District. The content focuses on land ownership, title settlement, and property registration, which falls squarely under the Land Gazettes category (Type 4) as it involves land registrations, property ownership determinations, and land title matters."
2183-10,2020-07-06,LAND,"This gazette content exclusively deals with land title registration matters under the Registration of Title Act. It contains declarations of land title determinations for specific parcels of land, including parcel numbers, extents, ownership details, and land classifications. The content focuses entirely on land registration and property ownership matters, which falls squarely under the Land Gazettes category (Type 4) without any government personnel changes, organizational restructuring, or other specialized categories."
2183-11,2020-07-06,LAND,"This gazette content deals exclusively with land title registration matters under the Registration of Title Act. It contains declarations of determination by the Commissioner of Title Settlement regarding specific land parcels (including parcel numbers, block numbers, cadastral maps, and locations), with detailed schedules showing land ownership (all parcels owned by ""The State""), extent, title class, and other land-specific particulars. This falls squarely within the Land Gazette category as it primarily concerns land registration and title settlement matters."
2183-12,2020-07-06,LAND,"This gazette content exclusively deals with land title registration matters under the Registration of Title Act. It contains declarations of determination for specific land parcels (including parcel numbers, extents, owner details, and encumbrances) in various locations. The content focuses on land ownership, title settlement, and property registration, which falls squarely under the Land Gazettes category (Type 4) as it involves land registrations, property ownership determinations, and land title matters."
2183-13,2020-07-06,LAND,"This gazette content deals exclusively with land title registration matters under the Registration of Title Act. It contains declarations of land title determinations for specific parcels of land, including details of land owners, property locations, cadastral references, and land ownership particulars. The content falls under ""Land registrations, property ownership, land titles"" as specified in the Land Gazettes (Type 4) category."
2183-14,2020-07-06,LAND,"This gazette content is a Land Acquisition Notice published under the Land Acquisition Act, specifically detailing the government's intention to acquire multiple land lots for public purpose. It contains descriptions of specific land parcels, their locations, extents, and purposes (e.g., road, canal, rubber plantation), which falls squarely under the Land Gazettes category (Type 4) for land acquisitions and property-related matters."
2183-16,2020-07-06,PEOPLE,"This gazette exclusively announces personnel awards (Prashansaneeya Seva Vibhushanaya and Prashansaneeya Seva Padakkama) to named naval personnel. It contains specific names, ranks, and service numbers of individuals being honored, but does not describe any detailed portfolio responsibilities, structural changes to government organizations, or specialized non-governmental matters. This fits the definition of a People Gazette (Type 2) as it focuses solely on government personnel recognition without portfolio descriptions."
2183-17,2020-07-06,LAND,"This gazette content is primarily about land acquisition under the Land Acquisition Act, specifically declaring that certain described lands are needed for public purpose and will be acquired. It contains detailed descriptions of land parcels, boundaries, extents, and locations, which falls squarely under the Land Gazettes category (Type 4) for land and property-related matters."
2183-18,2020-07-06,ELECTIONS,"This gazette content specifically addresses the filling of a vacancy in a local government body (Ipalogama Pradeshiya Sabha) due to a member's absence from meetings. It involves electoral procedures under the Local Authorities Elections Ordinance, including the nomination process by a political party and the declaration of a new member by the Returning Officer. This falls squarely under Election-related matters as it deals with electoral processes, candidate nominations, and declarations for local government bodies."
2183-19,2020-07-06,ELECTIONS,"This gazette content specifically addresses the filling of a vacancy in a municipal council under the Local Authorities Elections Ordinance. It details the electoral process for replacing a resigned council member, including the nomination procedure by a recognized political party and the formal declaration of the new member by the returning officer. This falls squarely under election-related matters, specifically covering candidate nominations and declarations for local government elections."
2183-20,2020-07-06,PUBLIC_SERVICE,"This gazette notification pertains specifically to public service administration, detailing the Service Minute of the Sri Lanka Technical Education Service. It covers public service recruitment, salary scales, job grades, roles, and functions of various positions within this government service. The content focuses on public sector service conditions and administrative instructions, which aligns perfectly with the definition of Public Service Gazettes (Type 8)."
2182-39,2020-07-03,LEGAL_REGULATORY,"This gazette primarily contains regulatory provisions for the financial administration of Municipal Councils, including accounting standards, financial management procedures, and compliance requirements. It establishes a legal framework for municipal financial operations under the Provincial Council (Incidental Provisions) Act and Municipal Council Ordinance, making it a Legal/Regulatory gazette (Type 5). While it mentions the Governor (Mahipala Herath) in the notification, it does not focus on his appointment or detailed portfolio responsibilities, but rather uses his authority to enact these financial regulations."
2182-40,2020-07-03,LEGAL_REGULATORY,"This gazette content primarily involves a legal/regulatory matter - specifically an amendment to the Universities Act, No. 16 of 1978. It contains an official order under statutory powers (Section 27(1) read with Section 21 and Section 139) that modifies the schedule specifying faculties and departments of the University of Peradeniya. While it mentions a minister's name, this is incidental to the legal/regulatory nature of the content, which focuses on amending the legal framework governing university structure rather than government personnel changes or detailed portfolio responsibilities."
2182-41,2020-07-03,LEGAL_REGULATORY,"This gazette contains an order made by the Minister of Education, Sports and Youth Affairs under Section 28 of the Sports Act, No. 25 of 1973, which amends a previous order by adding a new sport (Teqball) to Schedule II. This constitutes a regulatory amendment to existing legislation, falling squarely under Legal/Regulatory matters (Type 5) rather than government personnel or structural changes."
2182-42,2020-07-03,LAND,"This gazette content is primarily focused on land acquisition matters under the Land Acquisition Act. It contains detailed descriptions of specific land lots being acquired for public purposes, including their boundaries, extents, and locations. While it mentions a government minister, the core content is about land/property matters rather than government personnel or structural changes, making it a Land Gazette (Type 4)."
2182-43,2020-07-03,LAND,"This gazette content is a notice under the Land Acquisition Act for the acquisition of specific land parcels for public purpose. It contains detailed descriptions of multiple land lots, their boundaries, ownership details, and extents. The content focuses exclusively on land acquisition matters, which falls under the Land Gazettes classification (Type 4) for land and property-related matters."
2182-44,2020-07-03,LAND,"This gazette content primarily deals with land acquisition matters. It specifically approves the acquisition of servitude rights over described lands for water supply infrastructure projects. The document includes detailed land descriptions, boundaries, extents, and claimant information, which are characteristic of land and property-related gazette notifications. While it mentions a government minister (Mahinda Rajapaksa) and references a legal act, the core content focuses on land rights and property matters rather than government personnel changes or structural reorganizations."
2182-45,2020-07-03,ELECTIONS,"This gazette content specifically deals with filling a vacancy in a local government body (Pannala Pradeshiya Sabha) under the Local Authorities Elections Ordinance. It involves electoral procedures, candidate nominations, and declarations related to local government elections, which falls squarely under the Elections category (Type 7) for electoral processes and related matters."
2182-46,2020-07-03,ELECTIONS,"This gazette content specifically deals with filling vacancies in a local government body (Manmunai South West Pradeshiya Sabha) under the Local Authorities Elections Ordinance. It involves the electoral process, including the declaration of elected members to fill positions vacated by resignations, which falls directly under election-related matters. The content references election procedures, political party nominations, and the formal declaration of elected members, making it clearly an Elections Gazette."
2182-47,2020-07-03,ELECTIONS,"This gazette content specifically addresses the filling of a vacancy in a local government body (Porathivu Pattu Pradeshiya Sabha) under the Local Authorities Elections Ordinance. It involves electoral processes including the declaration of a newly elected member to fill a vacancy created by resignation, which falls squarely under Election-related matters. The content does not involve government structural changes, personnel appointments with portfolio details, or any of the other specialized categories."
2182-48,2020-07-03,ELECTIONS,"This gazette content specifically addresses the filling of a vacancy in a local government body (Ja-Ela Urban Council) under the Local Authorities Elections Ordinance. It details the electoral process for replacing a resigned member, including the nomination procedure by the group leader and the formal declaration by the Returning Officer. This falls squarely under election-related administrative matters, specifically covering candidate nominations and declarations for local government elections."
2182-49,2020-07-03,HYBRID,"This gazette contains both specific individuals (Mrs. Keembiyage Nielamani De Silva and Mrs. Piyadigoda Liyanage Bhagya Chathurani Liyanage) and detailed descriptions of the powers and responsibilities being delegated to them under the Cooperative Societies Act. It names the Governor making the assignment and provides extensive detail about the specific sections and rules being delegated, making it a Hybrid gazette (Type 3) as it contains both ""who"" and detailed ""what"" they are responsible for."
2182-37,2020-07-02,LEGAL_REGULATORY,"This gazette content is a legal/regulatory instrument issued under the Foreign Exchange Act, No. 12 of 2017. It contains specific regulatory orders (suspending certain payments, limiting remittances, setting monetary limits) related to foreign exchange transactions. The document is an official order made under statutory authority (Section 22 of the Act) and establishes binding regulatory requirements, making it clearly a Legal/Regulatory Gazette rather than a government personnel or structural matter."
2182-38,2020-07-02,LEGAL_REGULATORY,"This gazette content involves amendments to judicial districts and jurisdictions under the Judicature Act, which constitutes legal/regulatory matters. It modifies the schedule of a previous order and specifies changes to judicial boundaries and areas of jurisdiction, falling squarely under Type 5 (Legal/Regulatory Gazettes) for legal framework and regulatory matters."
2182-23,2020-07-01,LAND,"This gazette content is a declaration under the Land Acquisition Act for the acquisition of a specific land parcel for public purpose. It describes the land location, boundaries, and extent in detail, making it primarily about land and property matters. While it mentions a minister by name, the core content is land acquisition rather than government personnel changes or portfolio responsibilities."
2182-24,2020-07-01,LAND,"This gazette content deals exclusively with land and property matters, specifically notices calling for claims to intestate property under the Registration of Title Act. It contains detailed land descriptions including cadastral map numbers, parcel numbers, land extents, and certificate of title numbers. The content focuses on land title registration procedures for deceased persons' properties across multiple locations, which falls squarely under the Land Gazettes category (Type 4) for land and property-related matters."
2182-25,2020-07-01,LAND,"This gazette content deals exclusively with land and property matters, specifically notices calling for claims to intestate property under the Registration of Title Act. It contains detailed land registration information including parcel numbers, map numbers, land extents, and certificate of title numbers for multiple properties. The content focuses on land title settlement and property inheritance claims, which falls squarely under the Land Gazette classification (Type 4) for land and property-related matters."
2182-26,2020-07-01,LAND,"This gazette content exclusively deals with land title registration matters under the Registration of Title Act, No. 21 of 1998. It contains declarations of determination for specific land parcels (including parcel numbers, block numbers, cadastral maps, locations, and owner details) by the Commissioner General of Land Title Settlement. The content focuses on land ownership, title settlements, and property registration, which falls squarely under the Land Gazettes category (Type 4) for land and property-related matters."
2182-27,2020-07-01,LAND,"This gazette content exclusively deals with amendments to land title registrations under the Registration of Title Act, specifically addressing parcel numbers, land extents, servitude rights, and ownership details for various land plots. The content appears in ""PART III - LANDS"" and involves detailed land administration matters including cadastral mapping, property boundaries, and title modifications, which squarely fits the Land Gazette classification (Type 4)."
2182-28,2020-07-01,LAND,"This gazette content deals exclusively with land title registration matters under the Registration of Title Act, No. 21 of 1998. It contains declarations of determination for specific land parcels (including parcel numbers, block numbers, cadastral maps, and owner details) in various villages, with detailed schedules showing land ownership, extents, encumbrances, and servitude rights. The content appears in ""PART III - LANDS"" of the gazette and focuses entirely on land registration and title settlement matters, fitting perfectly within the Land Gazette classification."
2182-29,2020-07-01,LAND,"This gazette content deals exclusively with land title registration matters under the Registration of Title Act. It contains declarations of title determinations for specific land parcels, including detailed information about land ownership, property boundaries, encumbrances, and registration particulars. The content is focused on land and property-related administrative matters, falling squarely within the Land Gazette classification (Type 4) as it involves land registrations, property ownership determinations, and title settlements."
2182-30,2020-07-01,LAND,"This gazette content deals exclusively with land title registration matters under the Registration of Title Act. It contains declarations of determination for specific land parcels (including parcel numbers, extents, owner details, and location information) in various villages of Kurunegala District. The content focuses on land ownership, title settlements, and property registration, which falls squarely under the Land Gazettes category (Type 4) for land and property-related matters."
2182-31,2020-07-01,Error,API request failed: 504 Server Error: Gateway Timeout for url: https://eg-7060af6f-a5a9-44dd-b4e6-af36d56dbd47-prod.e1-us-east-azure.bijiraapis.dev/sample/deep-seek/v1.0/v1/chat/completions
2182-32,2020-07-01,LEGAL_REGULATORY,"This gazette contains regulations made under the Foreign Exchange Act, No. 12 of 2017, specifically regarding Special Deposit Accounts. It establishes legal/regulatory frameworks for foreign exchange management, including eligibility criteria, declaration requirements, and operational procedures. While it includes a minister's name at the end, this is a standard legal notification format and the primary content is regulatory in nature, falling under Legal/Regulatory classification rather than government personnel or structural changes."
2182-33,2020-07-01,LEGAL_REGULATORY,"This gazette content primarily involves the publication of an Order under Section 8 of the Foreign Exchange Act, No. 12 of 2017, which establishes regulatory frameworks and compliance requirements for foreign currency transactions. It contains detailed legal provisions, terms, and conditions for importing/exporting currency and holding foreign exchange, making it a legal/regulatory matter rather than a government personnel or structural change."
2182-34,2020-07-01,ORGANISATIONAL,"This gazette content involves the appointment of a Competent Authority (Prof. S. M. A. Nanayakkara) for the Institute of Technology, University of Moratuwa under the Universities Act. While it names a minister (Dr. Bandula Gunawardana) and an individual (Prof. Nanayakkara), this is not a government personnel change or structural government reorganization. The content specifically deals with higher education administration and university affairs, which falls under educational matters - a category not covered by Types 1-9, making it Miscellaneous (Type 10)."
2182-35,2020-07-01,LAND,"This gazette notice is exclusively about land acquisition under the Land Acquisition Act. It describes the specific land to be acquired (Pallemaluwa, with exact measurements and location details), states the purpose (development activity for a college), and provides procedures for claimants to file compensation claims. The content appears in ""PART III - LANDS"" and focuses entirely on land/property matters without any government personnel changes or structural reorganizations."
2182-36,2020-07-01,PUBLIC_SERVICE,"This gazette content pertains specifically to public service administration, detailing the Service Minute of the Teacher Advisors Service. It includes information on recruitment methods, qualifications, salary scales, and service conditions approved by the Public Service Commission. This falls under Public Service Gazettes (Type 8) as it deals with public sector service administration, recruitment, and employment conditions rather than government structural changes, personnel appointments, or other specialized categories."
