Document ID,Document Date,Gazette Type,Reasoning
2082-03,2018-07-31,LEGAL_REGULATORY,"This gazette notification concerns the extension of a Commission of Inquiry's reporting deadline through presidential authority under the Commission of Inquiry Act. It deals with legal procedures, statutory timelines, and the formal extension of a legal investigation period, making it primarily a legal/regulatory matter rather than a government personnel or structural change."
2082-04,2018-07-31,COMMERCIAL,"This gazette content contains the Central Bank of Sri Lanka's balance sheet and financial statements as of June 30, 2018, along with the Auditor General's review report. This falls under commercial/banking matters as it deals with financial institution reporting, balance sheets, and audit reviews of a central banking authority, which aligns with Type 6 (Commercial Gazettes) covering banking and financial institution regulations and reporting."
2082-05,2018-07-31,LAND,"This gazette content is primarily about land acquisition under the Land Acquisition Act, specifically declaring that certain described lands are needed for public purpose. It contains detailed descriptions of multiple land lots with their boundaries, extents, and claimants, making it clearly land-related. While it mentions a government minister (Gayantha Karunathilaka), this is only in the context of his authority to make land acquisition declarations, not about government structure or personnel changes. The core content focuses entirely on land matters."
2082-07,2018-07-31,PUBLIC_SERVICE,"This gazette notification deals specifically with the delegation of powers for public service administration within the Western Province, including appointments, transfers, promotions, dismissals, and disciplinary control of provincial public officers. It focuses on public sector service conditions, recruitment procedures, and administrative delegation within the provincial public service framework, which aligns with the definition of Public Service Gazettes (Type 8)."
2082-08,2018-07-31,ELECTIONS,"This gazette content specifically deals with electoral processes, specifically the appointment of Assistant Registering Officers for various Electoral Districts under the Registration of Electors Act. It is issued by the Election Commission and contains appointments related to election administration, making it clearly fall under the Elections category (Type 7)."
2082-09,2018-07-31,LAND,"This gazette content exclusively deals with land title registration matters under the Registration of Title Act. It contains detailed declarations of land ownership determinations for specific parcels of land, including owner names, property details, extents, encumbrances, and servitude rights. The content falls under ""Land registrations, property ownership, land titles"" as specified in the Land Gazettes (Type 4) category, and appears in ""PART III - LANDS"" of the gazette."
2082-10,2018-07-31,LEGAL_REGULATORY,"This gazette content primarily involves the amendment of excise duty rates on specific goods (motor vehicles) through a statutory order issued under the Excise (Special Provisions) Act. It constitutes a regulatory change to existing legislation, falling squarely under Legal/Regulatory matters (Type 5) rather than government personnel/structure changes (Types 1-3) or other specialized categories."
2082-11,2018-07-31,LEGAL_REGULATORY,"This gazette notification contains an order under the Excise (Special Provisions) Act, No. 13 of 1989, which establishes new regulatory rates for excise duties on tobacco products. It amends previous regulations and sets specific compliance requirements, making it primarily about legal/regulatory framework rather than government personnel/structure (Types 1-3) or other specialized categories."
2082-12,2018-07-31,LAND,"This gazette content deals exclusively with land title registration matters under the Registration of Title Act. It contains detailed declarations of land ownership, parcel numbers, extents, owner names, and property encumbrances for specific land parcels in the Horana area. The content falls under ""Land registrations, property ownership, land titles"" as specified in Type 4 (Land Gazettes), and appears in ""PART III - LANDS"" of the gazette, confirming its land-related nature."
2082-13,2018-07-31,LAND,"This gazette content deals exclusively with land title registration matters under the Registration of Title Act, specifically declaring determinations of land titles for various parcels in Sitinamaluwa. It includes detailed information about land parcels, owners, extents, and encumbrances, making it clearly a Land Gazette according to the classification criteria."
2082-14,2018-07-31,LAND,"This gazette content exclusively deals with land title registration matters under the Registration of Title Act. It contains declarations of determination by the Commissioner of Title Settlement regarding specific land parcels, including detailed schedules with parcel numbers, extents, owner names, and title classifications. The content appears in ""PART III - LANDS"" of the gazette and focuses entirely on land ownership and title settlement matters, fitting perfectly within the Land Gazettes category."
2082-15,2018-07-31,LAND,"This gazette content exclusively deals with land title registrations and determinations under the Registration of Title Act. It contains specific details about land parcels, including parcel numbers, extents, ownership details, and encumbrances. The content is published in ""PART III - LANDS"" of the gazette and focuses entirely on land registration matters, making it a clear example of a Land Gazette (Type 4)."
2082-16,2018-07-31,LAND,"This gazette content deals exclusively with land title registration matters under the Registration of Title Act. It contains declarations of title determinations for specific land parcels, including details about land ownership, property boundaries, encumbrances, and registration particulars. The content appears in ""PART III - LANDS"" of the gazette and focuses on property registration and land title settlement, which falls squarely under the Land Gazettes classification (Type 4)."
2082-17,2018-07-31,LAND,"This gazette exclusively deals with land title amendments under the Registration of Title Act, specifically modifying land classifications, ownership details, boundary descriptions, and cadastral map references for multiple parcels of land across different districts. The content is purely land and property-related, falling squarely under the Land Gazettes category (Type 4) as it involves land registrations, title modifications, and property ownership matters without any government personnel or structural changes."
2082-18,2018-07-31,LAND,"This gazette content exclusively deals with amendments to land title registrations under the Registration of Title Act, No. 21 of 1998. It contains specific details about parcels of land, including their numbers, block numbers, cadastral maps, village locations, and administrative divisions. The content focuses on updating land title records by expunging particulars, inserting life interest details, and amending ownership information. This falls squarely within the Land Gazettes category (Type 4) as it concerns land and property-related matters, specifically title registration amendments."
2082-19,2018-07-31,LAND,"This gazette content exclusively deals with amendments to land title registrations under the Registration of Title Act, including specific parcel numbers, land extent modifications, ownership details, and encumbrances. It contains detailed land-related information such as cadastral maps, village locations, Grama Niladhari divisions, and property boundaries. The content falls squarely under land and property-related matters without any government personnel changes or structural administrative modifications."
2082-20,2018-07-31,LAND,"This gazette content exclusively deals with land title registration matters under the Registration of Title Act, No. 21 of 1998. It contains declarations of determination by the Commissioner of Title Settlement regarding specific land parcels, including detailed information about land ownership, parcel numbers, extents, and property rights. The content appears in ""PART III - LANDS"" of the gazette and focuses entirely on land registration and title settlement processes, which clearly falls under the Land Gazettes classification (Type 4)."
2082-21,2018-07-31,LAND,"This gazette content deals exclusively with land title registration matters under the Registration of Title Act. It contains declarations of determination for specific land parcels (including parcel numbers, extents, owner details, and encumbrances) in the Homagama area. The content focuses on land ownership, title settlements, and property rights, which falls squarely under the Land Gazettes category (Type 4) for land and property-related matters."
2082-22,2018-07-31,LAND,"This gazette content exclusively deals with land title registration matters under the Registration of Title Act. It contains declarations of land title determinations for specific parcels of land, including details about land ownership, property boundaries, cadastral information, and land registration particulars. The content falls under ""Land registrations, property ownership, land titles"" as specified in the Land Gazettes (Type 4) category."
2082-23,2018-07-31,LAND,"This gazette content deals exclusively with land title registration matters under the Registration of Title Act. It contains declarations of determination for specific land parcels (including parcel numbers, extents, owner details, and encumbrances) in various villages. The content focuses on land ownership registration, property boundaries, and title settlements, which falls squarely under the Land Gazettes category (Type 4) for land and property-related matters."
2082-24,2018-07-31,LAND,"This gazette content deals exclusively with land title registration matters under the Registration of Title Act, No. 21 of 1998. It contains declarations of determination by the Commissioner of Title Settlement regarding specific land parcels, including ownership details, parcel numbers, extents, and encumbrances. The content appears in ""PART III - LANDS"" of the gazette and focuses on land registration and title settlement processes, which falls squarely under the Land Gazettes classification (Type 4)."
2082-25,2018-07-31,LAND,"This gazette content deals exclusively with land title registration matters under the Registration of Title Act, specifically declaring determinations for multiple land parcels (numbers 2317-2366) in the Anuradhapura District. It contains detailed schedules of land ownership, extents, and title classifications, which falls squarely under the Land Gazettes category (Type 4) for land and property-related matters."
2082-26,2018-07-31,LAND,"This gazette content deals exclusively with land title registration matters, specifically the declaration of determinations by the Commissioner of Title Settlement regarding specific land parcels in Matara District. It contains detailed schedules listing parcel numbers, extents, owner names, title classifications, and encumbrances - all characteristic of land-related administrative matters falling under Type 4 (Land Gazettes)."
2082-28,2018-07-31,LAND,"This gazette content deals exclusively with land title registration matters under the Registration of Title Act. It contains declarations of determination for specific land parcels, including details about parcel numbers, extents, owners, and land titles. The content appears in ""PART III - LANDS"" of the gazette and focuses on land ownership registration and title settlement, which falls squarely under the Land Gazettes classification (Type 4) for land and property-related matters."
2082-29,2018-07-31,LAND,"This gazette content exclusively deals with land title registrations and determinations under the Registration of Title Act. It contains specific details about land parcels, including parcel numbers, extents, ownership details, and legal determinations regarding land titles. The content appears in ""PART III - LANDS"" of the gazette and focuses entirely on land settlement matters without any government personnel changes, organizational restructuring, or other non-land related administrative matters."
2082-30,2018-07-31,LEGAL_REGULATORY,"This gazette notification announces a special allowance for workers based on the Cost of Living Index Number, issued under the authority of the Wages Boards Ordinance. It constitutes a regulatory matter concerning wage adjustments and compliance requirements, falling squarely under Legal/Regulatory Gazettes (Type 5) which cover ""regulatory frameworks and compliance requirements"" and ""statutory instruments and subsidiary legislation."""
2082-01,2018-07-30,LEGAL_REGULATORY,"This gazette notification is issued under the Customs Ordinance (Chapter 235) and establishes new rates of exchange for customs duties and charges. It constitutes a regulatory framework for customs operations, making it a legal/regulatory matter rather than a government personnel, organisational, land, commercial, or other specialized category."
2082-02,2018-07-30,LAND,"This gazette content is exclusively about land acquisition notices under the Land Acquisition Act, detailing specific parcels of land being acquired by the government for a public purpose. It contains detailed descriptions of land plots, their locations, extents, and claimants, which falls squarely under the ""Land and property-related matters"" category (Type 4). There is no mention of government personnel changes, structural changes, or any other specialized category that would take precedence."
2081-44,2018-07-26,LEGAL_REGULATORY,"This gazette contains regulations made by the Minister of Transport and Civil Aviation under the Motor Traffic Act, establishing new legal requirements for driving public service motor tricycles. The content focuses entirely on creating a new regulatory framework, including eligibility criteria, application procedures, and legal definitions, which falls under Legal/Regulatory matters (Type 5). While a minister is named, this is incidental to the primary purpose of establishing regulations, and no detailed ministerial portfolio responsibilities are described."
2081-45,2018-07-26,LEGAL_REGULATORY,"This gazette content primarily concerns the exercise of statutory powers under the Inland Revenue Act to rescind a previous order and specify a new form for a tax statement. It involves the creation and modification of regulatory requirements for tax compliance, which falls squarely under the definition of Legal/Regulatory Gazettes (new regulations, statutory instruments, and regulatory frameworks). While a government official (Commissioner General of Inland Revenue) is named, this is in the context of executing regulatory functions, not a personnel change or assignment of ministerial portfolios. The core content is regulatory/legal in nature, not governmental structure or personnel."
2081-46,2018-07-26,LEGAL_REGULATORY,"This gazette content is an order by the President bringing specific parts of the National Audit Act, No. 19 of 2018 into operation. It deals with the implementation of a law (legal/regulatory matter) rather than government personnel changes, structural changes, or any of the other specialized categories. While it names the President, this is in his capacity as the authority executing the law, and the notice does not describe his portfolio responsibilities or make a personnel appointment."
2081-47,2018-07-26,LAND,"This gazette content consists entirely of land acquisition notices published under the Land Acquisition Act. It describes specific parcels of land being acquired by the government for public purposes, including detailed descriptions of land lots, their locations, extents, claimants, and land uses. The content falls under ""Land acquisitions, transfers, or disposals"" as specified in the Land Gazettes (Type 4) category."
2081-48,2018-07-26,LEGAL_REGULATORY,"This gazette content primarily concerns the approval and implementation of wage regulations for the garments manufacturing trade under the Wages Boards Ordinance. It constitutes a regulatory matter involving statutory instruments and compliance requirements, fitting the definition of a Legal/Regulatory Gazette (Type 5). While it mentions the ""Hon. Minister of Labour and Trade Union Relations,"" this is only a procedural reference to who approved the decision, not a personnel appointment or detailed portfolio description that would trigger a government classification type."
2081-49,2018-07-26,LEGAL_REGULATORY,"This gazette notification announces the approval and implementation of decisions made by the Wages Board for the Hotel and Catering Trade under the Wages Boards Ordinance. It establishes regulatory minimum wage rates for various classes of workers in the industry. This falls under Legal/Regulatory classification as it involves statutory instruments, regulatory frameworks, and compliance requirements established under existing legislation."
2081-50,2018-07-26,LEGAL_REGULATORY,"This gazette notification announces the approval and implementation of decisions made by the Wages Board for the Retail and Wholesale Trade under the Wages Boards Ordinance. It constitutes a regulatory matter involving labor regulations and wage determinations, which falls under Legal/Regulatory classification (Type 5) as it deals with statutory instruments and regulatory frameworks rather than government personnel changes, organizational structure, or other specialized categories."
2081-51,2018-07-26,LAND,"This gazette content is a Land Acquisition Notice under the Land Acquisition Act, specifically detailing the government's intention to acquire multiple land parcels and servitudes for public purpose. It contains detailed descriptions of land lots, their locations, names, types (paddy field, garden, etc.), claimants, and extents. This falls squarely under Land Gazettes (Type 4) which cover land acquisitions, transfers, and property-related matters."
2081-52,2018-07-26,LAND,"This gazette content is a Land Acquisition Notice under the Land Acquisition Act, declaring specific lands needed for public purpose. It contains detailed descriptions of multiple land parcels with boundaries, extents, and survey references, making it primarily about land and property matters. This fits Type 4 (Land Gazettes) which covers land acquisitions, transfers, and property-related administrative matters."
2081-31,2018-07-25,PEOPLE,"The gazette content announces the appointment of a specific individual (Mr. A. B. I. De Silva) to a government position (Deputy Chief Secretary) with a basic title only. It does not include any detailed description of portfolio responsibilities or duties, making it a pure personnel announcement that fits Type 2 (People Gazette)."
2081-32,2018-07-25,LAND,"This gazette content is exclusively about land acquisition notices under the Land Acquisition Act, detailing specific land lots being acquired by the government for public purposes. It contains descriptions of land parcels, their locations, extents, and claimants, which falls squarely under the Land Gazettes category (Type 4) for land acquisitions and property-related matters."
2081-33,2018-07-25,PEOPLE,"This gazette content announces the appointment of a specific individual (Ms. B. G. S. Gunathilake) to a government position (Secretary to the Ministry of Health, Nutrition & Indigenous Medicine). It names the person and provides only a basic title without any detailed description of portfolio responsibilities or duties. This fits the definition of a People Gazette (Type 2)."
2081-34,2018-07-25,LAND,"This gazette notice is about land acquisition under the Land Acquisition Act for a specific project (Morana Tank Project). It provides detailed descriptions of the land parcels being acquired, including lot numbers, names, claimants, and extents. It also outlines the legal process for interested parties to claim compensation. This fits squarely within Type 4 (Land Gazettes) as it deals specifically with land acquisition and property matters."
2081-35,2018-07-25,LAND,"This gazette content is a notice under the Land Acquisition Act for the acquisition of specific lands for public purpose. It contains detailed descriptions of multiple land parcels, including boundaries, extents, claimants, and land use types. The content focuses exclusively on land acquisition matters, which falls under the Land Gazettes category (Type 4) for land and property-related matters."
2081-36,2018-07-25,LAND,"This gazette content is a Land Acquisition Notice published under the Land Acquisition Act, specifically detailing the government's intention to acquire multiple land parcels for public purpose. It contains extensive descriptions of land lots, their boundaries, names, extents, claimants, and current usage (scrub, paddy field, chena, etc.). The content is exclusively focused on land matters, falling squarely under the Land Gazettes category (Type 4) which includes land acquisitions, transfers, and property-related administrative notices."
2081-37,2018-07-25,ELECTIONS,"This gazette concerns the filling of a vacancy in a local government body (Welimada Pradeshiya Sabha) due to a resignation, as per the Local Authorities Elections Ordinance. It involves the electoral process, specifically the nomination and declaration of a new elected member, which falls under the Elections category."
2081-38,2018-07-25,LAND,"This gazette content is exclusively about land acquisition notices under the Land Acquisition Act, detailing specific lots of land being acquired by the government for a public purpose. It provides descriptions of numerous land parcels, including their names, types (garden, paddy field, etc.), claimants, and extents. This falls squarely under the Land Gazettes category (Type 4) for land acquisitions and property-related matters."
2081-39,2018-07-25,ELECTIONS,"This gazette notice concerns the filling of a vacancy in a municipal council under the Local Authorities Elections Ordinance. It specifically deals with the electoral process for a local government body, including the declaration of a newly elected member to replace a deceased council member. This falls squarely under Election Gazettes (Type 7), which cover electoral processes, candidate nominations, and declarations of elected members for government bodies."
2081-40,2018-07-25,LEGAL_REGULATORY,"This gazette notification contains a resolution passed by Parliament under Section 10 of the Customs Ordinance (Chapter 235) that establishes new import duty rates on specific articles (gold in various forms). It involves the creation of regulatory frameworks for customs duties and import regulations, which falls under Legal/Regulatory matters. While it mentions government officials (Secretary of Ministry of Finance and Mass Media), this is incidental to the primary purpose of establishing legal/regulatory changes to customs duties."
2081-42,2018-07-25,LEGAL_REGULATORY,"This gazette content contains a notification under the Customs Ordinance regarding changes to import duty rates on specific articles (Beedi leaves and Beedi tobacco). It involves legal/regulatory matters by modifying customs regulations and duty structures, which falls under Type 5 (Legal/Regulatory Gazettes) for statutory instruments and regulatory frameworks. The content does not involve government personnel changes, organizational restructuring, or any of the other specialized categories."
2081-43,2018-07-25,LEGAL_REGULATORY,"This gazette notification contains a resolution passed by Parliament under Section 10 of the Customs Ordinance (Chapter 235) regarding the levying of import duties on specific articles. It establishes new regulatory rates for petroleum products and other oils, making it a legal/regulatory matter concerning customs regulations and tariff modifications."
2081-08,2018-07-24,ORGANISATIONAL,"This gazette notification announces the National Consumer Price Index figure for June 2018, published by the Department of Census and Statistics. The content is purely statistical information about economic indicators and does not involve government structure/personnel (Types 1-3) or any of the specialized administrative categories (Types 4-9). It falls under general administrative announcements related to economic data reporting."
2081-09,2018-07-24,LAND,"This gazette notice is a formal declaration under the Land Acquisition Act for the acquisition of a specific plot of land (Sinnavanthompu garden, Lot No. 01) for a public purpose. It provides detailed land description, location, and claimant information, and serves as a legal notice to interested parties regarding compensation claims. The content is exclusively focused on land and property matters, fitting the definition of a Land Gazette."
2081-10,2018-07-24,LEGAL_REGULATORY,"This gazette content primarily involves a legal/regulatory matter - specifically an amendment to the rate of Cess under the Sri Lanka Export Development Act, No. 40 of 1979. It contains a statutory instrument (Order under Section 14) that modifies existing regulations regarding tea export taxes. While it mentions a minister's name and title, this is incidental to the regulatory function being performed, and the core content focuses on legal amendments and regulatory compliance requirements rather than government personnel changes or portfolio assignments."
2081-11,2018-07-24,LAND,"This gazette content primarily deals with land acquisition matters under the Land Acquisition Act. It contains specific orders for taking possession of described land parcels, including detailed descriptions of the land boundaries, locations, and extents. The content focuses exclusively on land-related administrative actions without involving government personnel changes, structural changes, or other specialized categories."
2081-13,2018-07-24,LAND,"This gazette content primarily deals with land acquisition matters under the Land Acquisition Act. It contains multiple orders for taking immediate possession of specific land parcels with detailed descriptions of their locations, boundaries, and extents. The content focuses exclusively on land-related administrative actions without involving government personnel changes, structural reorganizations, or other specialized categories."
2081-14,2018-07-24,LEGAL_REGULATORY,"This gazette content primarily concerns regulatory matters under the Wages Boards Ordinance, specifically proposing variations to wage decisions and classifications for the Nursing Home Trade. It involves statutory instruments and regulatory compliance requirements, falling clearly under Legal/Regulatory classification rather than government structure/personnel or other specialized categories."
2081-15,2018-07-24,LAND,"This gazette content deals exclusively with land title registration matters under the Registration of Title Act, No. 21 of 1998. It contains declarations of determination by the Commissioner of Title Settlement regarding specific land parcels, including detailed schedules with parcel numbers, extents, owner names, and title classifications. The content appears in ""PART III - LANDS"" of the gazette and focuses entirely on land ownership and title settlement matters, fitting perfectly within the Land Gazettes category (Type 4)."
2081-16,2018-07-24,LAND,"This gazette content exclusively deals with land title registration matters under the Registration of Title Act. It contains declarations of determination for specific land parcels, including detailed information about land ownership, parcel numbers, extents, and encumbrances. The content is published in ""PART III - LANDS"" and focuses entirely on land registration and property title matters, fitting perfectly within the Land Gazettes category (Type 4) without any government personnel changes or structural administrative modifications."
2081-18,2018-07-24,LAND,"This gazette content deals exclusively with land title registration matters under the Registration of Title Act, No. 21 of 1998. It contains declarations of determination for specific land parcels (including parcel numbers, extents, owner details, and property characteristics) in the Kalutara District. The content focuses on land ownership registration, title settlement, and property rights - all falling under the Land Gazettes category (Type 4) for land and property-related administrative matters."
2081-19,2018-07-24,LAND,"This gazette content deals exclusively with land title registration matters under the Registration of Title Act. It contains declarations of determination for specific land parcels (including parcel numbers, extents, owner details, and property classifications) in the Mampe area. The content focuses on land ownership registration, property boundaries, and title settlements, which falls squarely under the Land Gazettes category (Type 4) for land and property-related matters."
2081-20,2018-07-24,LAND,"This gazette content exclusively deals with land title registration matters under the Registration of Title Act, No. 21 of 1998. It contains declarations of determination by the Commissioner of Title Settlement regarding specific land parcels, including detailed information about land ownership, parcel numbers, extents, and owner identities. The content appears in ""PART III - LANDS"" of the gazette and focuses entirely on land registration and title settlement processes, which falls squarely under the Land Gazettes classification (Type 4)."
2081-21,2018-07-24,LAND,"This gazette content exclusively deals with land title registration matters, specifically the determination of titles for specific land parcels (Nos. 306, 307, 518, and 197) in Attidiya South. It contains detailed information about land ownership, property boundaries, encumbrances, mortgages, and servitude rights. The content falls under the Registration of Title Act and is published in the ""PART III - LANDS"" section of the gazette, making it clearly a land-related matter that fits Type 4 classification."
2081-22,2018-07-24,LAND,"This gazette content specifically deals with the amendment of land title registration for a specific parcel of land (No. 205 of Block 16) in Maththegoda, including changes to parcel number and land extent measurements. It falls under the Land Registration Act and is published in the ""PART III - LANDS"" section, making it clearly a land and property-related matter that fits the Land Gazettes category (Type 4)."
2081-23,2018-07-24,LAND,"This gazette content exclusively deals with land title registration matters under the Registration of Title Act, No. 21 of 1998. It contains declarations of determination by the Commissioner of Title Settlement regarding specific land parcels, including detailed schedules with parcel numbers, extents, owner names, identity card numbers, addresses, and title classifications. The content is focused entirely on land ownership and property rights, falling squarely within the Land Gazette category (Type 4) as it involves land registrations, property ownership determinations, and land title settlements."
2081-24,2018-07-24,LAND,"This gazette content deals exclusively with land title registration matters under the Registration of Title Act. It contains declarations of determination by the Commissioner of Title Settlement regarding specific land parcels, including details of ownership, extent, encumbrances, and legal status of various properties in Anuradhapura District. The content falls under ""Land and property-related matters"" including land registrations, property ownership, and land titles as specified in Type 4 classification."
2081-25,2018-07-24,LAND,"This gazette content deals exclusively with land title registration matters under the Registration of Title Act. It contains declarations by the Commissioner of Title Settlement regarding the determination of title to specific land parcels (including parcel numbers, extents, and ownership details) in the Nivithigala area. The content focuses on land registration, property ownership determinations, and cadastral mapping - all falling squarely within the Land Gazette classification category."
2081-26,2018-07-24,LAND,"This gazette content deals exclusively with land title registration matters under the Registration of Title Act. It contains declarations of determination for specific land parcels (including parcel numbers, extents, owner details, and encumbrances) in various villages. The content appears in ""PART III - LANDS"" of the gazette and focuses on property ownership registration, which falls squarely under the Land Gazettes category (Type 4) for land and property-related matters."
2081-27,2018-07-24,LAND,"This gazette content exclusively deals with land title registrations and determinations under the Registration of Title Act. It contains detailed schedules of specific land parcels, their owners, extent, title classifications, and encumbrances. The content is focused entirely on land ownership and property rights matters, falling squarely within the Land Gazette classification category."
2081-28,2018-07-24,LAND,"This gazette content consists entirely of notices calling for claims to land parcels under the Registration of Title Act. It deals specifically with land ownership claims, cadastral maps, land title determinations, and property registration matters across multiple districts. The content focuses exclusively on land-related administrative procedures, fitting the definition of Land Gazettes (Type 4) which cover ""land registrations, property ownership, land titles"" and ""land acquisitions, transfers, or disposals."""
2081-29,2018-07-24,LAND,"This gazette content deals exclusively with land title registration matters under the Registration of Title Act. It contains declarations of determination for specific land parcels, including parcel numbers, ownership details, extent of land, and encumbrances. The content appears in ""PART III - LANDS"" of the gazette and focuses on land ownership determinations in specific locations (Mallawapitiya, Kurunegala District), making it clearly a Land Gazette according to the classification criteria."
2081-30,2018-07-24,LAND,"This gazette content is primarily about land acquisition under the Land Acquisition Act. It contains detailed descriptions of specific land parcels (lots with boundaries, extents, and locations) being acquired by the government. While it mentions a government minister (Gayantha Karunatilleke) and his title, the core content focuses on land matters rather than government personnel changes or portfolio responsibilities. The document falls under ""Land and property-related matters"" as defined in Type 4, specifically land acquisitions."
2081-01,2018-07-23,LEGAL_REGULATORY,"This gazette notification is issued under the Customs Ordinance (Chapter 235) and establishes new rates of exchange for customs duties and charges. It constitutes a regulatory framework for customs operations, making it a Legal/Regulatory Gazette (Type 5) as it involves statutory instruments and compliance requirements for customs procedures."
2081-02,2018-07-23,LEGAL_REGULATORY,"This gazette notification primarily concerns the amendment of a legal/regulatory framework - specifically, the Pawnbrokers' Statute No. 01 of 2013 of the Southern Provincial Council. It invalidates a previous fee structure and establishes a new annual license fee for pawnbroking businesses. While it mentions the Chief Minister's authority, the core content is regulatory in nature, dealing with statutory instruments and compliance requirements for commercial activities, which falls under Legal/Regulatory classification rather than government personnel or structural changes."
2081-03,2018-07-23,LAND,"This gazette content is primarily about land acquisition under the Land Acquisition Act. It contains a specific order for taking possession of a described parcel of land, including detailed boundaries, extent (0.0525 hectares), location details (village, division, district), and survey information. The content focuses entirely on land matters without involving government personnel changes or detailed portfolio responsibilities, making it a clear Land Gazette."
2081-04,2018-07-23,ORGANISATIONAL,"This gazette notification announces the dates and camp area boundaries for a specific religious festival (Sri Sithira Velayutha Swami Temple Annual Festival). It references standing regulations but does not create new laws or regulations. The content primarily deals with cultural/religious event administration and public information, which does not fit into any of the specialized categories (4-9) and is not related to government structure/personnel (Types 1-3). Therefore, it falls under Miscellaneous administrative matters."
2081-05,2018-07-23,LAND,"This gazette content primarily deals with land acquisition for water supply infrastructure projects. It involves the acquisition of specific immovable properties (land parcels) described in detailed schedules, including their locations, boundaries, and ownership details. While it mentions a government minister (Rauff Hakeem) and references a legal act, the core subject matter is land acquisition for public projects, making it a Land Gazette (Type 4) rather than a government personnel or hybrid classification."
2081-06,2018-07-23,LAND,"This gazette content primarily deals with land acquisition for public infrastructure projects (water towers and reservoirs). It contains detailed descriptions of specific land parcels, their boundaries, and lists of claimants/owners. While a government minister is named and exercises statutory power, the core subject matter is land acquisition and property details, making it a Land Gazette under Type 4. The ministerial action is incidental to the land-related administrative process."
2081-07,2018-07-23,ORGANISATIONAL,"This gazette notification announces the dates for a church festival (Periyakaddu St. Antony's Church Festival) and references standing regulations. The content does not involve government structure/personnel (Types 1-3) or fit any specialized categories (Types 4-9). It concerns cultural/religious event administration, making it Miscellaneous (Type 10)."
2080-61,2018-07-20,LAND,"This gazette content is a Land Acquisition Notice published under the Land Acquisition Act, specifically declaring that certain lands are needed for public purpose and will be acquired. The document contains detailed descriptions of multiple land parcels (Lot No. 1 to 256) with their boundaries, extents, and locations. This falls squarely under Type 4 (Land Gazettes) which covers land acquisitions, transfers, and property-related matters."
2080-62,2018-07-20,LAND,"This gazette notice is primarily concerned with land matters, specifically a statutory determination regarding agricultural land retention under the Land Reform Law. It details the specific land parcels (Lot Nos. 545, 548, etc.) in Hakamuwa Watta, including their extent (22 Acres, 3 Roods, 19.68 Perches) and location. The content focuses entirely on land ownership and property rights following a statutory declaration, falling squarely within the Land Gazette classification (Type 4) without involving government personnel changes, organizational restructuring, or other specialized categories."
2080-63,2018-07-20,LAND,"The gazette content primarily deals with land acquisition matters under the National Water Supply and Drainage Board Act. It specifically describes the acquisition of immovable properties (land allotments) for water infrastructure projects, including detailed descriptions of the land parcels, their boundaries, locations, and claimants. While it mentions a minister (Rauff Hakeem) and his portfolio, the core content focuses on land acquisition rather than government personnel changes or detailed portfolio responsibilities, making it a Land Gazette."
2080-64,2018-07-20,LAND,"The gazette content consists entirely of land acquisition notices and corrections under the Land Acquisition Act. It describes specific land parcels being acquired for public purposes (construction of a Fisheries Service Centre), provides detailed descriptions of properties, lists claimants, and specifies land extents. This falls squarely under ""Land and property-related matters"" including ""land acquisitions, transfers, or disposals"" as defined for Type 4 (Land Gazettes)."
2080-65,2018-07-20,ELECTIONS,"This gazette content specifically deals with filling a vacancy in a local government council (Jaffna Municipal Council) under the Local Authorities Elections Ordinance. It involves electoral procedures, candidate nominations, and declarations by election officials, which directly falls under the Elections category (Type 7) for electoral processes and related matters."
2080-66,2018-07-20,ELECTIONS,"This gazette notice announces the reconvening of a meeting for the election of a Vice Chairman for a local authority (Delft Pradeshiya Sabha). This content falls under electoral processes at the local government level, specifically meeting arrangements for filling an elected position, making it a clear example of an Elections Gazette."
2080-42,2018-07-19,LEGAL_REGULATORY,"This gazette content primarily involves the publication of a Revenue Protection Order under the Revenue Protection Act, No. 19 of 1962, which establishes new customs duty rates and regulations for specific imported articles. It constitutes a regulatory framework for import duties and falls under legal/regulatory matters rather than government personnel/structure, land, commercial, elections, public service, judicial, or miscellaneous categories."
2080-43,2018-07-19,LAND,"This gazette content exclusively deals with land title registration under the Registration of Title Act, specifically declaring the determination of title for a specific parcel of land (No. 151 of Block 01) in Welagedara village. It contains detailed land particulars including parcel number, extent, owner information, and title classification, making it clearly a land-related matter falling under Type 4 (Land Gazettes)."
2080-44,2018-07-19,LAND,"This gazette content exclusively deals with land title registration under the Registration of Title Act, specifically declaring the determination of title for a specific parcel of land (No. 129 of Block 02) in Minuwangoda. It includes detailed land particulars such as extent, ownership details, encumbrances, and legal status, making it clearly a Land Gazette according to the classification criteria."
2080-45,2018-07-19,LAND,"This gazette content exclusively deals with land title registration under the Registration of Title Act, specifically declaring the determination of title for a specific parcel of land (Parcel No. 83) with detailed land particulars including ownership details, extent, nature of title, and encumbrances. It falls squarely within the Land Gazettes category as it concerns land registration and property ownership matters."
2080-46,2018-07-19,LAND,"This gazette content exclusively deals with land title registration under the Registration of Title Act, specifically declaring the determination of title for a specific parcel of land (No. 67 of Block 08) with detailed land particulars including location, extent, owner information, and title classification. It falls under the specialized Land Gazettes category as it concerns property ownership and land title matters without any government personnel changes or structural administrative modifications."
2080-47,2018-07-19,LAND,"This gazette content exclusively deals with land title registration matters under the Registration of Title Act, No. 21 of 1998. It contains declarations of determination by the Commissioner of Title Settlement regarding specific land parcels, including parcel numbers, extents, ownership details, and title classifications. The content falls under PART III - LANDS and involves land registration, ownership determinations, and title settlements, which aligns perfectly with the Land Gazettes category (Type 4) for land and property-related matters."
2080-48,2018-07-19,LAND,"This gazette content deals exclusively with land title registration matters under the Registration of Title Act. It contains declarations of determination by the Commissioner of Title Settlement regarding specific land parcels, including detailed information about land ownership, parcel numbers, extents, and owner details. The content appears in ""PART III - LANDS"" of the gazette and focuses on property ownership and land title settlements, which clearly falls under the Land Gazettes category (Type 4)."
2080-49,2018-07-19,LAND,"This gazette content deals exclusively with land title registration and determinations under the Registration of Title Act. It contains detailed information about specific land parcels, their ownership status, extents, and encumbrances in Hambantota District. The content falls under ""Land and property-related matters"" including land registrations, property ownership, and land titles, which aligns perfectly with Type 4 (Land Gazettes) classification."
2080-50,2018-07-19,LAND,"This gazette content deals exclusively with land title registration and determinations under the Registration of Title Act. It contains detailed schedules of land parcels, their owners, extents, encumbrances, and legal status related to land ownership. The document is specifically published in ""PART III - LANDS"" of the gazette and focuses on land settlement matters, making it clearly a Land Gazette according to the classification criteria."
2080-51,2018-07-19,LAND,"This gazette content is exclusively about land title registration under the Registration of Title Act. It contains a declaration by the Commissioner of Title Settlement regarding the determination of title to a specific parcel of land (Parcel No. 89, Block 02) with detailed land particulars including location, extent, owner information, and encumbrances. The content appears in ""PART III - LANDS"" of the gazette and deals specifically with land registration matters, fitting perfectly within the Land Gazettes category (Type 4)."
2080-52,2018-07-19,LAND,"This gazette content exclusively deals with land title registration matters under the Registration of Title Act, specifically declaring determinations of land ownership for multiple parcels in various locations. It contains detailed schedules with land parcel numbers, owner names, extents, and title classifications, making it primarily about land and property-related matters. This falls squarely under Type 4 (Land Gazettes) as it involves land registrations, property ownership determinations, and title settlements without any government personnel changes or structural administrative matters."
2080-53,2018-07-19,LAND,"This gazette content deals exclusively with land title registration matters under the Registration of Title Act, No. 21 of 1998. It contains declarations of determination by the Commissioner of Title Settlement regarding specific land parcels, including detailed information about parcel numbers, extents, owners' names and identities, and land classifications. The content appears in ""PART III - LANDS"" of the gazette and focuses on land ownership determinations and registrations, which falls squarely under the Land Gazettes category (Type 4)."
2080-54,2018-07-19,LAND,"This gazette content exclusively deals with land title registration matters under the Registration of Title Act, No. 21 of 1998. It contains declarations of determination by the Commissioner of Title Settlement regarding specific land parcels, including detailed information about land ownership, parcel numbers, extents, and property details. The content falls under ""Land registrations, property ownership, land titles"" as specified in the Land Gazettes (Type 4) category."
2080-55,2018-07-19,LAND,"This gazette content deals exclusively with land title registration under the Registration of Title Act, specifically declaring the determination of title for a specific parcel of land (No. 114 of Block 28) in Homagama. It includes detailed land particulars such as parcel number, extent, owner information, and title classification, which falls squarely under the Land Gazettes category (Type 4) for land and property-related matters."
2080-56,2018-07-19,LAND,"This gazette content exclusively deals with land title registration under the Registration of Title Act, specifically declaring the determination of title for three specific land parcels (Nos. 262, 263, and 264) with detailed property information including ownership details, extent, class of title, and encumbrances. The content falls under ""PART III - LANDS"" and involves land registration matters, making it clearly a Land Gazette according to the classification criteria."
2080-57,2018-07-19,LAND,"This gazette content exclusively deals with land title registration under the Registration of Title Act, specifically declaring the determination of title for two land parcels (Nos. 381 and 382) in Kurunegala District. It contains detailed land particulars including parcel numbers, extent, owner names, title class, and encumbrances, making it clearly a Land Gazette according to the classification criteria."
2080-58,2018-07-19,LAND,"This gazette content exclusively deals with land title registration matters under the Registration of Title Act, No. 21 of 1998. It contains declarations of determination by the Commissioner of Title Settlement regarding specific land parcels, including detailed property descriptions, ownership details, and title classifications. The content appears in ""PART III - LANDS"" of the gazette and focuses entirely on land registration and property title matters, which falls squarely under the Land Gazettes classification (Type 4)."
2080-59,2018-07-19,LAND,"This gazette content exclusively deals with land title registration matters under the Registration of Title Act, No. 21 of 1998. It contains declarations of determination by the Commissioner of Title Settlement regarding specific land parcels (Parcel No. 183 and Parcel No. 12) with detailed land ownership information, including owner names, property extent, title class, and encumbrances. The content appears in ""PART III - LANDS"" of the gazette and focuses entirely on land registration and property rights, fitting perfectly within the Land Gazettes classification (Type 4)."
2080-60,2018-07-19,LAND,"This gazette content is primarily focused on land acquisition matters under the Land Acquisition Act. It contains a declaration that specific land (6.9983 Hectares in Mudunapita village) is needed for public purpose and will be acquired. The content describes the land boundaries, location details, and is published in the ""PART III - LANDS"" section. While it mentions a minister's name, this is incidental to the land acquisition notice rather than being about government personnel changes or portfolio responsibilities."
2080-36,2018-07-18,LEGAL_REGULATORY,"This gazette content primarily involves the imposition and amendment of a Special Commodity Levy under the Special Commodity Levy Act, No. 48 of 2007. It contains regulatory orders specifying tax rates on various commodities, which falls under the category of Legal/Regulatory Gazettes (Type 5) as it deals with regulatory frameworks and compliance requirements rather than government personnel/structure, land, commercial, elections, public service, judicial, or miscellaneous matters."
2080-37,2018-07-18,LAND,"This gazette content is exclusively about land acquisition matters under the Land Acquisition Act. It contains detailed descriptions of specific land parcels being acquired by the government for public purposes, including lot numbers, land names, assessment numbers, descriptions, claimants, and exact measurements. The content falls under ""Land acquisitions, transfers, or disposals"" as specified in the Land Gazettes (Type 4) classification criteria."
2080-38,2018-07-18,LAND,"This gazette content is a Land Acquisition Notice published under The Land Acquisition Act. It specifically declares that certain described lands are needed for public purpose and will be acquired. The document contains detailed descriptions of multiple land lots (including boundaries, extents, and claimants) in the Horana Divisional Secretary's Division. While it mentions a government minister (Gayantha Karunatilleke), this is only in the context of issuing the land acquisition declaration, and there are no government structural changes, personnel appointments, or detailed portfolio responsibilities described. The primary focus is entirely on land acquisition matters."
2080-39,2018-07-18,LAND,"This gazette content is a land acquisition notice under the Land Acquisition Act, declaring that specific parcels of land are needed for a public purpose. It contains detailed descriptions of multiple land lots with their boundaries, extents, and locations. While it mentions a government minister (Gayantha Karunatilleke), this is only in the context of issuing the land acquisition declaration, not about government personnel changes or portfolio responsibilities. The primary focus is entirely on land matters, specifically the acquisition of property for public purposes."
2080-40,2018-07-18,LAND,"This gazette content is a declaration under the Land Acquisition Act for the acquisition of multiple land parcels for public purpose. It contains detailed descriptions of land lots, their boundaries, extents, and claimants, which falls squarely under land and property-related matters as defined in Type 4 (Land Gazettes). While it mentions a government minister, the primary focus is on land acquisition rather than government personnel or organizational changes."
2080-41,2018-07-18,PEOPLE,"The gazette content contains only government personnel changes (appointments and resignations of specific named individuals - Hon. J. C. Alawathuwala and Hon. Lucky Jayawardana) with basic titles only (State Minister of Home Affairs, State Minister of City Planning and Water Supply, etc.). It does not include detailed descriptions of portfolio responsibilities or subject matter areas, which would be required for a Hybrid (Type 3) classification."
2080-29,2018-07-17,PEOPLE,The gazette content announces the appointment of a specific individual (Mr. Udaya Ranjith Seneviratne) to a government position (Secretary to the President). It names the person and provides the basic title of the appointment but does not include any detailed description of the portfolio responsibilities or subject matter duties. This fits the definition of a People Gazette (Type 2).
2080-31,2018-07-17,LEGAL_REGULATORY,"This gazette content primarily involves the amendment of excise duty rates and regulations for motor vehicles through a statutory order under the Excise (Special Provisions) Act. It contains legal/regulatory provisions including specific duty rates, transfer restrictions, and references to previous gazette notifications. While it mentions Minister Mangala Samaraweera, it does not focus on his appointment or portfolio responsibilities (which would make it Type 3), but rather uses his authority to issue regulatory changes, making this a Legal/Regulatory gazette."
2080-32,2018-07-17,LAND,"This gazette content is primarily about land acquisition under the Land Acquisition Act, specifying detailed descriptions of multiple land parcels, their boundaries, extents, and claimants. It involves government action related to land matters, but the core subject is land/property acquisition, which falls under the Land Gazettes category (Type 4). While it mentions a government minister, it does not focus on government structure, personnel changes, or detailed portfolio responsibilities that would trigger Types 1-3."
2080-33,2018-07-17,LAND,"This gazette content is primarily about land acquisition under the Land Acquisition Act, specifying detailed descriptions of multiple land parcels being acquired. It involves land matters (acquisitions, property descriptions, boundaries) and falls under the specialized Land Gazettes category (Type 4) rather than government personnel/structure classifications."
2080-34,2018-07-17,LEGAL_REGULATORY,"This gazette contains regulations made by the Minister of Foreign Affairs under the United Nations Act, establishing legal frameworks for implementing UN Security Council sanctions against Iran. It creates new regulatory requirements, prohibitions, and enforcement mechanisms, which falls under Legal/Regulatory matters (Type 5) rather than government personnel or structural changes."
2080-35,2018-07-17,LAND,"This gazette notice is exclusively about land acquisition under the Land Acquisition Act. It provides detailed information about a specific land parcel being acquired for public purpose, including location details (district, divisional secretariat, village), land owner names, survey information (plan number, lot number, extent), and boundary descriptions. The content focuses solely on land/property matters without any government structural changes, personnel appointments, or other specialized categories, making it a clear Land Gazette (Type 4)."
2080-01,2018-07-16,LEGAL_REGULATORY,"This gazette notification is issued under the Customs Ordinance (Chapter 235) and specifically sets new rates of exchange for customs duties and charges. It constitutes a regulatory framework for customs operations, making it a legal/regulatory matter rather than a government personnel, organizational, or other specialized category."
2080-02,2018-07-16,LEGAL_REGULATORY,"This gazette content involves the implementation of a specific act (1990 Suwaseriya Foundation Act No. 18 of 2018) through a presidential order. It deals with the legal framework and regulatory matter of bringing parts of an existing act into operation, which falls under Legal/Regulatory classification (Type 5). While it mentions the President by name, it does not describe his portfolio responsibilities or make personnel changes - it simply exercises a legal power vested by the act."
2080-03,2018-07-16,HYBRID,"This gazette notification names a specific individual (President Maithripala Sirisena) and details a specific amendment to the responsibilities of a government minister (the Minister of National Policies and Economic Affairs), specifically adding the ""1990 Suwaseriya Foundation Act No. 18 of 2018"" to their portfolio. This combination of a named person and a detailed description of their assigned subject matter responsibility qualifies it as a Hybrid Gazette (Type 3)."
2080-04,2018-07-16,LAND,"This gazette content exclusively deals with land title registration matters, specifically the declaration of determinations by the Commissioner of Title Settlement regarding ownership of specific land parcels. It contains detailed information about land parcels, their extent, owners' details, and title classifications, falling squarely within the definition of Land Gazettes (Type 4) which cover land registrations, property ownership, and land title matters."
2080-05,2018-07-16,LAND,"This gazette content exclusively deals with land title registration matters under the Registration of Title Act, specifically declaring determinations of land ownership for specific parcels in Kurunegala District. It contains detailed schedules with parcel numbers, owner names, land extents, and title classifications, making it clearly a Land Gazette (Type 4) focused on property ownership and land registration."
2080-06,2018-07-16,LAND,"This gazette content deals exclusively with land title registration matters under the Registration of Title Act. It contains declarations of determination for specific land parcels (including parcel numbers, block numbers, cadastral maps, and owner details) in various villages, making it primarily concerned with land and property-related matters as defined in Type 4 classification."
2080-07,2018-07-16,LAND,"This gazette content deals exclusively with land title registration matters under the Registration of Title Act, No. 21 of 1998. It contains declarations of determination by the Commissioner of Title Settlement regarding specific land parcels (including parcel numbers, block numbers, cadastral map references, and locations) and confirms state ownership of these lands. The content appears in ""PART III - LANDS"" of the gazette and focuses entirely on land title settlement and registration processes, which falls squarely under the Land Gazettes classification (Type 4)."
2080-08,2018-07-16,LAND,"This gazette content deals exclusively with land title registration matters under the Registration of Title Act. It contains declarations of determination by the Commissioner of Title Settlement regarding specific land parcels, including detailed descriptions of land locations, parcel numbers, cadastral maps, and ownership details. The content appears in ""PART III - LANDS"" of the gazette and focuses on property ownership and land title settlements, which clearly falls under the Land Gazettes classification."
2080-09,2018-07-16,LAND,"This gazette content exclusively deals with land title registration matters under the Registration of Title Act, No. 21 of 1998. It contains declarations of determination by the Commissioner of Title Settlement regarding specific land parcels, including detailed schedules with parcel numbers, extent measurements, owner names and addresses, title classifications, and encumbrances. The content is entirely focused on land ownership and property rights, falling squarely within the Land Gazette classification (Type 4) for land and property-related matters."
2080-10,2018-07-16,LAND,"This gazette content deals specifically with the amendment of land title registration details for a specific parcel of land, including servitude rights and utility access rights. It falls under the Land Gazette category as it concerns land registrations, property ownership details, and amendments to land title particulars under the Registration of Title Act. The content is published in ""PART III - LANDS"" and involves the Commissioner of Title Settlement making changes to land title records."
2080-11,2018-07-16,LAND,"This gazette content consists entirely of notices calling for claims to land parcels under the Registration of Title Act. It deals specifically with land ownership claims, cadastral maps, land title determinations, and property registration matters in various districts. The content focuses exclusively on land-related administrative procedures, falling squarely within the Land Gazette classification (Type 4) which covers land registrations, property ownership, land titles, and land acquisition matters."
2080-12,2018-07-16,LAND,"This gazette content deals exclusively with land title registration matters, specifically the declaration of determinations by the Commissioner of Title Settlement regarding ownership of specific land parcels (including parcel numbers, extents, and ownership details) under the Registration of Title Act. The content appears in ""PART III - LANDS"" of the gazette and contains detailed schedules of land parcels with their ownership status, which falls squarely within the Land Gazette classification category."
2080-13,2018-07-16,LAND,"This gazette content exclusively deals with land title registration matters under the Registration of Title Act, No. 21 of 1998. It contains detailed declarations of land title determinations for specific parcels of land, including parcel numbers, owner names, extent of land, title classifications, and encumbrances. The content falls under PART III - LANDS and involves the Commissioner of Title Settlement making determinations about land ownership and registration, which squarely fits the Land Gazettes category (Type 4) for land and property-related matters."
2080-14,2018-07-16,LAND,"This gazette content exclusively deals with land title registration matters under the Registration of Title Act. It contains declarations of determination by the Commissioner of Title Settlement regarding specific land parcels, including detailed schedules with parcel numbers, extents, owner names, identity card numbers, and land title classifications. The content is published in ""PART III - LANDS"" of the gazette and focuses entirely on land ownership and title settlement, making it a clear example of Land Gazette (Type 4)."
2080-15,2018-07-16,LAND,"This gazette content deals specifically with land and property matters, specifically notices calling for claims to intestate property (property of deceased persons without wills) under the Registration of Title Act. It contains detailed land descriptions including cadastral map numbers, parcel numbers, land extents, and certificate of title numbers. The content focuses entirely on land registration and property ownership matters, which falls squarely under the Land Gazettes classification (Type 4)."
2080-16,2018-07-16,LAND,"This gazette content is a declaration under the Land Acquisition Act for the acquisition of 26 allotments of land for public purpose. It contains detailed descriptions of land parcels, boundaries, extents, and locations, which falls squarely under Land Gazettes (Type 4) for land acquisition matters. While it mentions a government minister, the primary focus is on land acquisition rather than government personnel or organizational changes."
2080-17,2018-07-16,LAND,"This gazette content exclusively deals with land acquisition matters under the Land Acquisition Act. It contains specific notices for acquiring land/servitude for public purposes, including detailed descriptions of land plots (Lot No. E3643), locations (Siribopura, Hambanthota District), and procedures for compensation claims. The content falls under ""Land acquisitions, transfers, or disposals"" as specified in Type 4 (Land Gazettes) classification."
2080-19,2018-07-16,LAND,"This gazette content is a Land Acquisition Notice published under the Land Acquisition Act, declaring that specific land described with detailed boundaries and extent is needed for a public purpose and will be acquired. The content focuses entirely on land/property matters (acquisition, description, boundaries, location) without involving government personnel changes, structural changes, or any other specialized category."
2080-20,2018-07-16,LEGAL_REGULATORY,"This gazette notification announces the approval and implementation of decisions made by a Wages Board under the Wages Boards Ordinance, which constitutes regulatory framework and compliance requirements for specific industries. It falls under Legal/Regulatory classification as it deals with statutory instruments and subsidiary legislation governing wage regulations in the rubber, plastic, and petroleum resin products manufacturing trade."
2080-21,2018-07-16,LEGAL_REGULATORY,"This gazette content primarily concerns the approval and implementation of decisions made by the Wages Board for the Baking Trade under the Wages Boards Ordinance. It involves regulatory matters (setting minimum wage rates for different classes of workers) and constitutes a statutory instrument/notification under existing legislation, making it a Legal/Regulatory Gazette (Type 5). While it mentions a government minister's approval, this is incidental to the regulatory nature of the content, and there are no government structural changes or personnel appointments with detailed portfolios that would trigger Types 1-3."
2080-22,2018-07-16,LEGAL_REGULATORY,"This gazette notification announces the approval and implementation of a decision by the Wages Board for the Janitorial Service Trade under the Wages Boards Ordinance. It establishes new minimum wage rates through a regulatory process, making it a matter of legal/regulatory framework rather than government personnel, structure, or any other specialized category."
2080-23,2018-07-16,LEGAL_REGULATORY,"This gazette content primarily concerns the approval and notification of decisions made by the Wages Board for the Security Services Trade under the Wages Boards Ordinance. It involves a regulatory framework for setting minimum wages, which falls under the category of Legal/Regulatory Gazettes (Type 5) for statutory instruments and subsidiary legislation. While a Minister is mentioned, the notice is about the regulatory decision itself, not about the Minister's appointment, portfolio responsibilities, or a government structural change."
2080-24,2018-07-16,LEGAL_REGULATORY,"This gazette notification announces the approval and implementation of decisions made by the Wages Board for the Textile Manufacturing Trade under the Wages Boards Ordinance. It constitutes a regulatory matter involving the establishment of wage classifications and employment standards for a specific industry, falling squarely under the ""Legal/Regulatory"" category (Type 5) for statutory instruments and regulatory frameworks."
2080-25,2018-07-16,LEGAL_REGULATORY,"This gazette content primarily concerns regulatory matters under the Wages Board Ordinance, specifically approving and publishing new wage regulations for the printing trade. It establishes legal wage standards and classifications for workers, which falls under Legal/Regulatory matters (Type 5) rather than government personnel/structure changes or other specialized categories."
2080-26,2018-07-16,LAND,"This gazette content is a declaration under the Land Acquisition Act for the acquisition of specific land parcels (Lot A and B) for a public purpose. It contains detailed descriptions of the land locations, boundaries, extents, and surrounding properties. While it mentions a government minister (Gayantha Karunatilleke), the primary focus is on land acquisition matters, making it a Land Gazette (Type 4) rather than a government personnel or hybrid classification."
2080-27,2018-07-16,LAND,"This gazette content primarily deals with land acquisition for tourism development purposes. It specifically orders the acquisition of a defined parcel of land (145.4 hectares) under the Land Acquisitions Act, providing detailed location information including village, division, district, and boundary descriptions. While it mentions a government minister and references the Tourism Act, the core subject matter is the compulsory acquisition of land, making it a Land Gazette (Type 4) rather than a government personnel or structural announcement."
2080-28,2018-07-16,PUBLIC_SERVICE,"This gazette notification amends the Service Minute (service regulations) for officers in the Combined Service of Officers in the field of Sports of the Department of Sports Development. It specifically deals with qualification requirements, recruitment conditions, salary increments, and promotion procedures for public service positions (Sports Coach and Executive Service Category). This falls under public sector service administration, making it a Public Service Gazette (Type 8) as it concerns public service recruitment, qualifications, and career progression matters."
2079-71,2018-07-13,LAND,"This gazette content is a declaration under the Land Acquisition Act for the acquisition of a specific land parcel (Matuwagala Estate, 4.4515 Hectares) for public purpose. It contains detailed land descriptions, boundaries, and survey information, making it primarily about land and property matters. While it mentions a minister's name, this is incidental to the core land acquisition notice, and there are no detailed portfolio responsibilities or government structural changes described."
2079-72,2018-07-13,LEGAL_REGULATORY,"This gazette content is an order made under the Sports Act, No. 25 of 1973, which amends a schedule to add a new sport/sport class. This constitutes a regulatory matter involving the modification of subsidiary legislation, fitting the definition of Legal/Regulatory Gazettes (Type 5). While a Minister is named, the content does not focus on government personnel changes or portfolio responsibilities, but rather on the legal/regulatory action being taken."
2079-73,2018-07-13,ELECTIONS,"This gazette notice concerns the filling of a vacancy for a Member of the Maharagama Urban Council under the Local Authorities Elections Ordinance. It details the electoral process for declaring a candidate elected to a specific ward, which falls under the category of electoral processes and related matters."
2079-75,2018-07-13,LEGAL_REGULATORY,"This gazette content primarily consists of orders made under the Industrial Disputes Act, which is existing legislation. It involves the appointment of arbitrators to settle specific industrial disputes between individuals and organizations. This falls under legal/regulatory matters as it represents the implementation of statutory powers granted by legislation to address disputes through established legal procedures. While a minister is named, this is not about government personnel changes or portfolio assignments, but rather about exercising statutory authority under existing law."
2079-76,2018-07-13,LEGAL_REGULATORY,"This gazette content primarily involves the declaration of a road as a National Highway under the National Thoroughfares Act, No. 40 of 2008. It constitutes a regulatory action by a minister exercising powers vested by an existing law, making it a legal/regulatory matter. While it names a specific minister (Kabir Hashim), the core content is about establishing a legal status (National Highway) and providing technical specifications and requirements under the Act, rather than being primarily about government personnel or structural changes. The detailed schedule and annex containing technical specifications further confirm its regulatory nature."
2079-77,2018-07-13,LEGAL_REGULATORY,"This gazette content concerns the declaration of an extradition treaty between Sri Lanka and Turkey under the Extradition Law. It involves legal framework matters (treaty ratification and application of existing law), making it a Legal/Regulatory gazette rather than a government personnel/structure matter. The mention of the President's name is incidental to the legal declaration process and does not involve detailed portfolio responsibilities."
2079-78,2018-07-13,LAND,"This gazette content is primarily about land acquisition under the Land Acquisition Act. It contains an order for taking possession of a specific land parcel, including detailed description of the land location, boundaries, and extent. The mention of the Minister's name and title is incidental to the land acquisition matter, which is the core subject of the notice. This fits the Land Gazette category (Type 4) as it deals with land acquisition and property matters."
2079-79,2018-07-13,LAND,"This gazette notice is a declaration under the Land Acquisition Act for the acquisition of specific land parcels for public purpose. It contains detailed descriptions of multiple land lots, their locations, extents, current uses, and claimant information. The content is exclusively focused on land acquisition matters, falling squarely under the Land Gazettes category (Type 4) which covers land acquisitions, transfers, and property-related administrative actions."
2079-80,2018-07-13,LAND,"This gazette content is primarily about land acquisition for a public project (construction of a water storage tank). It contains a formal notice under the Land Acquisition Act, describes the specific land to be acquired (including location, lot number, and extent), and provides details about compensation claims and inquiries. This fits squarely within the Land Gazettes category (Type 4) as it deals with land acquisition, property interests, and compensation matters related to real estate."
2079-81,2018-07-13,LAND,"This gazette content is a Land Acquisition Notice published under the Land Acquisition Act, declaring that a specific parcel of land is needed for a public purpose and will be acquired. The content provides detailed descriptions of the land's location, boundaries, and extent. It falls squarely under the Land Gazettes category (Type 4) as it deals with land acquisition, a core land and property-related matter. While a government minister is named, the primary focus is on the land transaction, not on the minister's portfolio responsibilities or a government personnel change."
2079-42,2018-07-12,LEGAL_REGULATORY,"This gazette contains regulations made by the President under the National Environmental Act, specifically amending vehicle emission standards and importation requirements. It establishes legal/regulatory frameworks for environmental compliance, vehicle testing, and certification procedures, which falls squarely under Legal/Regulatory Gazettes (Type 5). While it mentions the President, it does not focus on government personnel changes or structural reorganization, but rather on creating and modifying regulatory requirements."
2079-43,2018-07-12,LAND,"This gazette content deals exclusively with land title registration matters under the Registration of Title Act. It contains declarations of title determinations for specific land parcels, including parcel numbers, extents, ownership details, and encumbrances. The content appears in ""PART III - LANDS"" of the gazette and focuses entirely on land registration and property ownership matters, which clearly falls under the Land Gazettes classification (Type 4)."
2079-44,2018-07-12,LAND,"This gazette content exclusively deals with land title registration matters under the Registration of Title Act, No. 21 of 1998. It contains declarations of determination by the Commissioner of Title Settlement regarding specific land parcels, including detailed schedules with parcel numbers, extents, owner names, identity card numbers, and title classifications. The content is focused on land ownership and property rights, falling squarely within the Land Gazettes category (Type 4) as it involves land registrations, property ownership determinations, and title settlements."
2079-45,2018-07-12,LAND,"This gazette content exclusively deals with land title registration, specifically the declaration of determinations for multiple land parcels in Boralessa. It contains detailed schedules listing parcel numbers, extents, owner names, and land encumbrances, falling squarely under the Land Gazettes category (Type 4) for land and property-related matters."
2079-46,2018-07-12,LAND,"This gazette content deals exclusively with land title registration matters under the Registration of Title Act. It contains declarations of determination by the Commissioner of Title Settlement regarding specific land parcels, including detailed information about parcel numbers, owners, extents, and encumbrances. The content appears in ""PART III - LANDS"" of the gazette and focuses on land ownership registration, which falls squarely under the Land Gazettes category (Type 4) for land and property-related matters."
2079-47,2018-07-12,LAND,"This gazette content exclusively deals with land title registration matters under the Registration of Title Act, No. 21 of 1998. It contains declarations of determination by the Commissioner of Title Settlement regarding specific land parcels (including parcel numbers, cadastral maps, locations, and ownership details) in the Galle district. The content focuses entirely on land registration, ownership determinations, and property rights, which falls squarely under the Land Gazettes classification (Type 4) for land and property-related matters."
2079-48,2018-07-12,LAND,"This gazette notice deals specifically with land title registration and intestate property claims under the Registration of Title Act. It concerns the settlement of land ownership for specific parcels of land (with cadastral map numbers, parcel numbers, and land extents provided) and calls for claims to intestate property. The content is primarily focused on land and property matters, falling squarely within the Land Gazette classification (Type 4) as it involves land registrations, property ownership, and title settlement procedures."
2079-49,2018-07-12,LAND,"This gazette content deals exclusively with land title registration matters under the Registration of Title Act, No. 21 of 1998. It contains declarations of title determinations for specific land parcels, including parcel numbers, extent measurements, ownership details, and encumbrances. The document is explicitly published in ""PART III - LANDS"" of the gazette and focuses on land registration and title settlement processes, which falls squarely under the Land Gazettes classification (Type 4)."
2079-50,2018-07-12,LAND,"This gazette content exclusively deals with land title registration matters under the Registration of Title Act, No. 21 of 1998. It contains declarations of determination for specific land parcels (including parcel numbers, extents, owner details, and property characteristics) in various locations within the Moratuwa area. The content focuses on land ownership registration, property boundaries, and title settlements, which falls squarely under the Land Gazettes classification (Type 4) for land and property-related matters."
2079-51,2018-07-12,LAND,"This gazette content exclusively deals with land title registration under the Registration of Title Act, specifically declaring the determination of title for a specific parcel of land (No. 11 of Block 05) with detailed land particulars including ownership details, extent, encumbrances, and legal status. It falls under the ""Land Gazettes"" category as it primarily concerns land registration and property ownership matters."
2079-52,2018-07-12,LAND,"This gazette content exclusively deals with land title registration matters under the Registration of Title Act, No. 21 of 1998. It contains declarations of determination for specific land parcels, including detailed information about parcel numbers, extents, owners' names and addresses, title classifications, and any encumbrances or special conditions. The content falls under ""Land registrations, property ownership, land titles"" as specified in the Land Gazettes (Type 4) category, and appears in ""PART III - LANDS"" of the gazette."
2079-53,2018-07-12,LAND,"This gazette content deals exclusively with land title registration matters under the Registration of Title Act, No. 21 of 1998. It contains declarations of determination by the Commissioner of Title Settlement regarding specific land parcels, including parcel numbers, cadastral maps, ownership details, and encumbrances such as mortgages. The content appears in ""PART III - LANDS"" of the gazette and focuses entirely on land registration and property title matters, fitting perfectly within the Land Gazettes classification (Type 4)."
2079-54,2018-07-12,LAND,"This gazette content exclusively deals with land title registration matters under the Registration of Title Act, No. 21 of 1998. It contains declarations of determination by the Commissioner of Title Settlement regarding specific land parcels (including parcel numbers, cadastral maps, locations, and ownership details) in various villages. The content focuses entirely on land registration, property ownership determinations, and land title settlements, which falls squarely under the Land Gazettes classification (Type 4)."
2079-55,2018-07-12,LAND,"This gazette content exclusively deals with amendments to land title registrations under the Registration of Title Act, including specific changes to land parcel details, ownership records, property extents, and title classifications. The content focuses entirely on land and property-related matters, falling clearly within the Land Gazette category (Type 4) without any government personnel changes, organizational restructuring, or other specialized categories."
2079-56,2018-07-12,LAND,"This gazette content deals exclusively with land title registration matters under the Registration of Title Act. It contains declarations of determination for specific land parcels (including parcel numbers, extents, owner details, and encumbrances) in various locations. The content focuses on land ownership, title registration, and property rights, which falls squarely under the Land Gazettes category (Type 4) for land and property-related matters."
2079-57,2018-07-12,LAND,"This gazette content exclusively deals with land title registration matters under the Registration of Title Act, No. 21 of 1998. It contains declarations of determination by the Commissioner of Title Settlement regarding specific land parcels, including detailed schedules with parcel numbers, extent measurements, owner names, and encumbrances. The content falls under ""Land registrations, property ownership, land titles"" as specified in the Land Gazettes (Type 4) category, and appears in ""PART III - LANDS"" of the gazette."
2079-58,2018-07-12,LEGAL_REGULATORY,"This gazette content primarily concerns the amendment of excise duty rates on specific goods through an order issued under the Excise (Special Provisions) Act. It involves regulatory changes to taxation rather than government personnel changes, structural reorganization, or any of the other specialized categories. The content fits Legal/Regulatory as it constitutes a statutory instrument modifying existing regulations."
2079-59,2018-07-12,LAND,"This gazette content deals exclusively with land title registration matters under the Registration of Title Act, No. 21 of 1998. It contains declarations of determination by the Commissioner of Title Settlement regarding specific land parcels, including parcel numbers, extents, ownership details, and encumbrances. The content appears in ""PART III - LANDS"" of the gazette and focuses on land title settlement processes, making it clearly fall under the Land Gazettes category (Type 4)."
2079-60,2018-07-12,LAND,"This gazette content is exclusively about land title registration under the Registration of Title Act, No. 21 of 1998. It contains declarations of title determinations for specific land parcels in Mallawapitiya, including details of parcel numbers, owners, extents, encumbrances, and servitude rights. The content appears in ""PART III - LANDS"" of the gazette and deals specifically with land ownership and property rights matters, fitting perfectly within the Land Gazettes classification (Type 4)."
2079-61,2018-07-12,LAND,"This gazette content exclusively deals with land title registration matters under the Registration of Title Act. It contains declarations of determination by the Commissioner of Title Settlement regarding specific land parcels, including detailed information about land ownership, parcel numbers, extents, and property rights. The content appears in ""PART III - LANDS"" of the gazette and focuses entirely on land registration and title settlement processes, making it clearly a Land Gazette (Type 4)."
2079-62,2018-07-12,LAND,"This gazette content exclusively deals with land title registrations under the Registration of Title Act, No. 21 of 1998. It contains detailed declarations of land title determinations for specific parcels of land, including parcel numbers, extents, owner names and addresses, title classifications, and encumbrances. The content is focused entirely on land ownership and property rights matters, falling squarely within the Land Gazette classification category."
2079-63,2018-07-12,LAND,"This gazette notice is about land acquisition under the Land Acquisition Act, specifically describing multiple land parcels being acquired by the government for public purpose. It contains detailed descriptions of the land lots, their locations, extents, and claimants, along with procedures for compensation claims. This fits squarely within the Land Gazette category (Type 4) as it deals with land acquisition and property matters."
2079-64,2018-07-12,LAND,"This gazette content primarily deals with land acquisition for a public infrastructure project. It involves the acquisition of specific land parcels (eleven allotments) with detailed descriptions of boundaries, extents, and claimant information. The content focuses exclusively on land and property matters, specifically the compulsory acquisition process under the National Water Supply and Drainage Board Act, making it a clear Land Gazette (Type 4)."
2079-65,2018-07-12,LAND,"This gazette content is a Land Acquisition Notice published under the Land Acquisition Act. It specifically declares that a particular piece of land is needed for a public purpose and will be acquired, providing detailed descriptions of the land's location, boundaries, and extent. The content deals exclusively with land and property-related matters, falling squarely under the Land Gazettes classification (Type 4)."
2079-66,2018-07-12,LEGAL_REGULATORY,"This gazette contains the text of a statute (the Agro Services Authority (Amendment) Statute) that amends an existing provincial law. It details legal amendments to sections of the main statute, including changes to the composition of a management board, the insertion of new subsections outlining the authority's objectives and powers, and modifications to service regulations. The content is primarily focused on legal and regulatory modifications, fitting the definition of Type 5 (Legal/Regulatory Gazettes) for new laws, acts, amendments, and regulatory matters."
2079-67,2018-07-12,LEGAL_REGULATORY,"The gazette content primarily consists of the full text of a new provincial statute (""Fisheries and Aquatic Resources Statute of Western Province"") that establishes legal frameworks, regulatory provisions, and administrative structures for fisheries management. This falls under Legal/Regulatory Gazettes (Type 5) as it involves the creation of new legislation, statutory instruments, and regulatory requirements rather than focusing on government personnel changes or organizational restructuring without legal framework establishment."
2079-68,2018-07-12,LAND,"This gazette content consists entirely of land acquisition notices under the Land Acquisition Act. It declares that specific parcels of land are needed for public purpose and will be acquired, providing detailed descriptions of the land including location, boundaries, and extent. The content focuses exclusively on land and property matters, falling squarely under the Land Gazettes category (Type 4). While a government minister is named, this is incidental to the land acquisition process rather than being about government personnel changes or portfolio responsibilities."
2079-69,2018-07-12,LEGAL_REGULATORY,"This gazette content is a notification issued under the Consular Functions Act, No. 04 of 1981, which pertains to a legal/regulatory matter. It involves the Minister of Foreign Affairs exercising powers vested in him by an existing Act to exempt a specific group from certain consular fees. The core content is about the modification/application of a legal regulation (fee exemption), not about government personnel changes, structural changes, or any of the other specialized categories like land, commercial, or elections."
2079-34,2018-07-11,LEGAL_REGULATORY,"This gazette content primarily involves a legal/regulatory amendment to the Ports and Airports Development Levy Act, No. 18 of 2011. It contains an order issued by the Minister of Finance and Mass Media that amends a previous gazette notification by adding specific articles to Schedule III with corresponding HS codes and concessionary rates. The content focuses on regulatory changes to taxation and import/export classifications rather than government personnel changes, organizational restructuring, or any of the other specialized categories."
2079-35,2018-07-11,ORGANISATIONAL,"This gazette notification involves the recognition of a private educational institution (Saegis Campus) as a degree-awarding institute under the Universities Act. While it is issued by a government minister, the content primarily deals with educational matters and accreditation of a private institution rather than government structure, personnel, or any of the specialized categories (land, legal, commercial, elections, public service, or judicial). The focus is on academic standards and degree programs, which falls under the Miscellaneous category for educational matters."
2079-36,2018-07-11,LAND,"This gazette content is exclusively about land acquisition notices under the Land Acquisition Act, detailing specific land parcels being acquired by the government for public purposes. It contains detailed descriptions of land lots, their locations, claimants, and extents, which falls squarely under the ""Land Gazettes"" category (Type 4) for land and property-related matters."
2079-37,2018-07-11,LEGAL_REGULATORY,"This gazette content is an order made under Section 11 of the Control of Pesticides Act, No. 33 of 1980, which involves the rescission of a previous regulatory order. It pertains to the legal and regulatory framework for pesticide control, falling squarely under the definition of Legal/Regulatory Gazettes (Type 5) that cover statutory instruments, regulatory actions, and legal notices."
2079-38,2018-07-11,LEGAL_REGULATORY,"This gazette content is an order issued under the Control of Pesticides Act, No. 33 of 1980, amending a previous order by repealing and substituting a schedule that lists prohibited pesticides and their restricted areas of use. This constitutes a regulatory matter involving legal amendments to existing legislation, which falls under Legal/Regulatory classification (Type 5). While it mentions a government official (the Registrar of Pesticides), it does not involve government structural changes, personnel appointments, or detailed portfolio responsibilities that would qualify for Types 1-3."
2079-39,2018-07-11,PUBLIC_SERVICE,"This gazette content pertains to an amendment of the Service Minute of the Sri Lanka Principals Service, which is a public sector service regulation. It involves the Public Service Commission issuing a correction to service conditions, falling squarely under the definition of Public Service Gazettes (Type 8) for public sector administration and service matters."
2079-40,2018-07-11,LEGAL_REGULATORY,"This gazette content primarily consists of orders made under the Industrial Disputes Act, appointing arbitrators to settle specific industrial disputes. It references specific legislative enactments (Chapter 131 of the Legislative Enactments of Ceylon) and amendments to this legislation. The content focuses on the legal framework for resolving labor disputes through arbitration, making it a legal/regulatory matter rather than a government personnel, organizational, or specialized administrative matter."
2079-41,2018-07-11,PEOPLE,"This gazette content solely announces the resignation of a named individual, Hon. (Mrs.) Maheswaran Vijayakala, from her basic title of State Minister of Child Affairs. It does not contain any details about the responsibilities or portfolios of the office, nor does it describe any structural or administrative changes to the government. This fits the definition of a People Gazette (Type 2)."
2079-15,2018-07-10,LEGAL_REGULATORY,"This gazette content is a correction notice for regulations made under the Construction Industry Development Act, No. 33 of 2014. It specifically deals with legal/regulatory matters by correcting statutory instruments and subsidiary legislation. The content does not involve government personnel changes, structural changes, or any of the other specialized categories like land, commercial, elections, public service, or judicial matters. It is purely a legal/regulatory correction notice."
2079-16,2018-07-10,LAND,"This gazette content deals exclusively with land title registration matters under the Registration of Title Act, No. 21 of 1998. It contains declarations of determination by the Commissioner of Title Settlement regarding specific land parcels (including parcel numbers, cadastral maps, locations, and ownership details) in various villages. The content focuses on land ownership, title settlements, and property rights, which falls squarely under the Land Gazette classification (Type 4) for land and property-related matters."
2079-17,2018-07-10,LAND,"This gazette content exclusively deals with land title registration matters under the Registration of Title Act. It contains declarations of land title determinations for specific parcels of land, including details about land ownership, extent, encumbrances, and possession rights. The content appears in ""PART III - LANDS"" of the gazette and focuses entirely on land administration and property rights, making it a clear example of a Land Gazette."
2079-18,2018-07-10,LAND,"This gazette content exclusively deals with land title registration matters under the Registration of Title Act. It contains declarations of land title determinations for specific parcels of land, including details about land ownership, parcel numbers, extents, and property rights. The document is specifically published in ""PART III - LANDS"" of the gazette, confirming its focus on land-related administrative matters, which falls under the Land Gazettes classification."
2079-19,2018-07-10,LAND,"This gazette content deals exclusively with land title registration matters under the Registration of Title Act. It contains declarations of land title determinations for specific parcels of land, including detailed schedules with parcel numbers, extents, ownership details (all state-owned in this case), and land classification. The content appears in ""PART III - LANDS"" of the gazette and focuses entirely on land registration and title settlement processes, making it clearly a Land Gazette."
2079-20,2018-07-10,LAND,"This gazette content deals exclusively with land title registration matters under the Registration of Title Act, No. 21 of 1998. It contains declarations of determination by the Commissioner of Title Settlement regarding specific land parcels, including detailed information about land ownership, parcel numbers, extents, and property details. The content appears in ""PART III - LANDS"" of the gazette and focuses on land registration and title settlement processes, which clearly falls under the Land Gazettes category (Type 4) for land and property-related matters."
2079-21,2018-07-10,LAND,"This gazette content deals exclusively with land title registration matters under the Registration of Title Act, No. 21 of 1998. It contains declarations of determination by the Commissioner of Title Settlement regarding specific land parcels, including their ownership details, extent, and title classifications. The content appears in ""PART III - LANDS"" of the gazette and focuses on land ownership determinations for multiple parcels in various locations, making it clearly a Land Gazette."
2079-22,2018-07-10,LAND,"This gazette content exclusively deals with land title registration matters under the Registration of Title Act, No. 21 of 1998. It contains declarations of determination by the Commissioner of Title Settlement regarding specific land parcels (including parcel numbers, extents, and ownership details) in various villages in Hambantota District. The content focuses on land ownership, title classifications, and property registrations, which falls squarely under the Land Gazettes category (Type 4) as it primarily concerns land and property-related administrative matters."
2079-23,2018-07-10,LAND,"This gazette content consists entirely of notices calling for claims to land parcels under the Registration of Title Act, dealing specifically with land ownership, possession, and interest claims for various land parcels across multiple districts. The content focuses exclusively on land registration, title determination, and property ownership matters, which falls squarely under the Land Gazettes classification (Type 4). There is no government personnel, organizational structure, or other specialized administrative matter that would take precedence over this land-focused content."
2079-24,2018-07-10,LAND,"This gazette content exclusively deals with land-related matters, specifically calling for claims to ownership or possession of land parcels under the Registration of Title Act. It involves land title determination processes, cadastral maps, and land settlement procedures, which directly fall under the Land Gazettes category (Type 4) for land and property-related matters."
2079-25,2018-07-10,LAND,"This gazette content exclusively deals with amendments to land title registrations under the Registration of Title Act. It contains multiple entries correcting and updating specific details about land parcels (extent, classification, ownership shares, and location details) in various villages in the Colombo District. The content is purely land and property-related, falling squarely within the Land Gazette category (Type 4) as it involves land title modifications, property ownership details, and cadastral mapping corrections."
2079-26,2018-07-10,LEGAL_REGULATORY,"This gazette notification establishes a Wages Board for a specific trade sector (Prawn Culture and Export Trade) under the Wages Boards Ordinance. It contains regulatory content about the appointment of board members to fulfill statutory requirements under existing legislation. While it mentions the Minister of Labour and Trade Union Relations, this is in the context of exercising statutory powers under a regulatory framework rather than detailing government personnel changes or portfolio responsibilities. The core content is regulatory in nature, falling under legal/regulatory matters."
2079-27,2018-07-10,LAND,"This gazette content is exclusively about land acquisition for a road expansion project. It contains detailed descriptions of specific land lots being acquired, including lot numbers, claimant information, encroacher names, and land extents. The notice is issued under the Land Acquisition Act and falls under ""PART III – LANDS"" and ""Land Acquisition Notices"" in the gazette header, making it clearly a land-related matter that fits Type 4 classification."
2079-28,2018-07-10,LEGAL_REGULATORY,"This gazette content primarily involves the Wages Boards Ordinance and proposes variations to wage regulations for the tea and rubber export trades. It constitutes a regulatory matter under existing legislation, making it a Legal/Regulatory gazette (Type 5) rather than a government personnel/structure matter or other specialized category."
2079-29,2018-07-10,LAND,"This gazette content primarily deals with land acquisition matters under the Land Acquisition Act. It contains specific orders for taking possession of multiple land parcels with detailed descriptions of their locations, extents, boundaries, and claimant information. The content focuses exclusively on land-related administrative actions without involving government personnel changes, structural reorganizations, or other specialized categories."
2079-30,2018-07-10,LAND,"This gazette content primarily deals with land acquisition matters under the Land Acquisition Act. It contains specific orders for acquiring servitude rights and taking possession of land parcels for public purposes (construction of access roads and water supply projects). The content includes detailed descriptions of land boundaries, extents, and locations, which falls squarely under the Land Gazettes classification (Type 4) for land and property-related matters. While a minister is named, this is incidental to the land acquisition process rather than being the primary focus of the gazette."
2079-32,2018-07-10,LEGAL_REGULATORY,"This gazette content primarily involves the publication of a Revenue Protection Order under the Revenue Protection Act, No. 19 of 1962, which establishes new customs duty rates and regulations for imported goods. It constitutes a regulatory framework and compliance requirement for import duties, falling squarely under Legal/Regulatory matters rather than government personnel/structure changes or other specialized categories."
2079-01,2018-07-09,LEGAL_REGULATORY,"This gazette content is a Customs Notification that establishes new rates of exchange for customs duties and charges. It exercises regulatory authority under the Customs Ordinance (Chapter 235), which falls under legal/regulatory matters. The notification rescinds previous rates and establishes new ones through statutory authority, making it a regulatory instrument rather than a government personnel, organizational, or other specialized matter."
2079-02,2018-07-09,LEGAL_REGULATORY,"This gazette content primarily concerns the amendment of license fees for toddy tapping under the Excise Ordinance. It involves regulatory changes to existing legislation (Excise Ordinance Chapter 52) through a statutory instrument issued by the Minister of Finance and Mass Media. The content focuses on legal/regulatory framework modifications rather than government personnel changes, organizational restructuring, or any of the other specialized categories."
2079-03,2018-07-09,LEGAL_REGULATORY,"This gazette content pertains to the amendment of an existing notification under the Excise Ordinance, specifically revising license fees for bottling Toddy. It involves regulatory changes to existing legislation (Excise Ordinance) and falls under legal/regulatory matters rather than government personnel/structure, land, commercial, elections, public service, judicial, or miscellaneous categories."
2079-04,2018-07-09,LAND,"This gazette content is exclusively about land acquisition notices under the Land Acquisition Act, detailing specific land parcels being acquired by the government for public purposes. It contains detailed descriptions of land lots, their locations, extents, and claimants, which falls squarely under the ""Land and property-related matters"" category (Type 4). There is no government personnel information, organizational changes, or other specialized content that would override this classification."
2079-05,2018-07-09,LAND,"This gazette content exclusively deals with land acquisition matters under the Land Acquisition Act. It contains detailed notices for acquiring specific parcels of land for public purposes, including descriptions of the lands, boundaries, extents, and compensation procedures. The content focuses entirely on land/property matters without any government personnel changes, structural changes, or other specialized categories, making it clearly a Land Gazette (Type 4)."
2079-06,2018-07-09,LAND,"This gazette content is exclusively about land acquisition under the Land Acquisition Act, providing detailed descriptions of specific land parcels to be acquired by the government for public purposes. It includes lot numbers, land names, extents, locations, and procedures for compensation claims, which falls squarely under the Land Gazettes category (Type 4) for land acquisition matters."
2079-07,2018-07-09,PEOPLE,"This gazette contains only government personnel appointments (Mrs. D. M. Vineetha Dissanayake, Mrs. M. P. S. Karunarathne, Mr. R. M. T. B. Hathiyaldeniya, and Mr. Dayananda Rathnayake) with their basic titles and positions (Director to Rural Development, Acting Commissioner of Ayurvedic, Secretary to Governor, Provincial Commissioner of Land). There are no detailed descriptions of portfolio responsibilities or government structural changes, making this a pure People Gazette."
2079-08,2018-07-09,LAND,"This gazette content is exclusively about land acquisition matters under the Land Acquisition Act. It contains detailed descriptions of specific land parcels being acquired for public purpose, including lot numbers, extents, boundaries, and location details. The content falls squarely within the definition of Type 4 (Land Gazettes) as it deals with land acquisitions and property matters without any government personnel changes, organizational restructuring, or other specialized categories."
2079-09,2018-07-09,LAND,"This gazette content is exclusively about land acquisition notices under the Land Acquisition Act, detailing specific land lots being acquired by the government for public purposes. It contains descriptions of land parcels, their locations, extents, and current claimants, which falls squarely under the Land Gazettes category (Type 4) for land and property-related matters."
2079-10,2018-07-09,LEGAL_REGULATORY,"This gazette content primarily involves a legal/regulatory matter - specifically an amendment to the Universities Act, No. 16 of 1978. It contains an order made under statutory powers (Section 27(1)) to amend the schedule establishing the University of Ruhuna by adding a new department. While it mentions a minister's name, this is in the context of exercising legal authority rather than detailing personal portfolio responsibilities, making it a regulatory action rather than a government personnel or structural change."
2079-11,2018-07-09,LEGAL_REGULATORY,"This gazette content primarily involves a legal/regulatory matter - specifically an amendment to the Universities Act, No. 16 of 1978. It contains an order issued under statutory authority (Section 27(1) of the Act) that modifies the schedule specifying faculties and departments of a university. While it mentions a minister's name, this is incidental to the legal/regulatory nature of the content, which focuses on amending the legal framework governing university structures rather than government personnel changes or detailed portfolio responsibilities."
2079-12,2018-07-09,LEGAL_REGULATORY,"This gazette content primarily involves a legal/regulatory matter - specifically an amendment to a university's structure under the Universities Act, No. 16 of 1978. It contains an order made under statutory authority (Section 27(1)) to amend the schedule establishing the Uva Wellassa University by adding a new department. While it mentions a minister's name, this is in the context of exercising statutory powers rather than detailing personal portfolio responsibilities, making it a legal/regulatory gazette rather than a government personnel or hybrid type."
2079-13,2018-07-09,ORGANISATIONAL,"This gazette notification amends the academic structure (adding departments) of Raja Rata University under the Universities Act. While it involves a government minister, the core content is about educational administration (university faculties and departments) rather than government structure, personnel changes, or detailed ministerial portfolio responsibilities. This falls under educational matters, which is classified as Miscellaneous (Type 10)."
2079-14,2018-07-09,LEGAL_REGULATORY,This gazette notification imposes entertainment taxes within the Hambantota Pradeshiya Sabha area under the authority of the Entertainment Tax Ordinance and Provincial Councils Act. It establishes a regulatory requirement (10% tax on entertainment shows) and falls under legal/regulatory matters rather than government personnel/structure changes.
2078-58,2018-07-07,LAND,"This gazette content is a Land Acquisition Notice published under the Land Acquisition Act, specifically declaring that certain described lands are needed for a public purpose and will be acquired. The document provides extensive details about specific land plots, their extents, boundaries, and claimants, which falls squarely under the definition of ""Land and property-related matters"" in the Land Gazettes (Type 4) category."
2078-51,2018-07-06,LAND,"This gazette primarily deals with land and property matters. It is an order under the Finance Act that vests specific land properties (described in detail with boundaries, title plans, and registration information) to the People's Bank. The content focuses entirely on land transfer and property descriptions, making it a Land Gazette (Type 4) rather than a government personnel or organizational matter."
2078-52,2018-07-06,LAND,"This gazette exclusively concerns land acquisition matters under the Land Acquisition Act. It contains detailed notices for acquiring specific land parcels (including lot numbers, land names, descriptions, claimants, and extents) for public purposes related to the expansion of Kesbewawewa. The content falls squarely within the definition of Type 4 (Land Gazettes) as it deals with land acquisitions, property ownership details, and compensation claims for land being acquired by the government."
2078-54,2018-07-06,LAND,"This gazette content is primarily focused on land acquisition matters under the Land Acquisition Act. It contains detailed descriptions of specific land parcels being acquired for public purposes, including lot numbers, boundaries, extents, and locations. While it mentions a government minister (John A. E. Amarathunga) in his official capacity, the core content deals exclusively with land/property matters rather than government personnel changes or structural reforms. The document is explicitly labeled ""PART III - LANDS"" and ""Land Acquisition Notices,"" confirming its land-focused nature."
2078-55,2018-07-06,LAND,"This gazette content primarily deals with land acquisition for a specific public purpose (laying a water pipeline). It contains detailed descriptions of land parcels, including their location, extent, boundaries, and claimant information. While it mentions a government minister and references a legal act, the core content focuses on property matters, making it a Land Gazette (Type 4) rather than a government personnel or legal classification."
2078-56,2018-07-06,LEGAL_REGULATORY,"This gazette content primarily involves the declaration of a reserved forest under the Forest Conservation Ordinance, which constitutes a regulatory/legal matter. It cites specific legal authorities (amended acts) and creates a legally binding order regarding land use and conservation. While it names a Minister (Maithripala Sirisena), this is in the context of exercising statutory powers to make a regulatory declaration, not to announce a personnel change or define ministerial portfolios. The core content is legal/regulatory in nature, establishing protected forest boundaries and legal status."
2078-57,2018-07-06,LEGAL_REGULATORY,"This gazette content announces the commencement date of the ""General Sir John Kotelawala Defence University (Special Provisions) Act, No. 17 of 2018"" through a ministerial order. It deals with the implementation of a specific law (Act No. 17 of 2018), which falls under legal/regulatory matters. While it mentions a named individual (Maithripala Sirisena) and his ministerial title, the primary purpose is legal/regulatory - bringing a specific act into operation - rather than being about government personnel changes or portfolio assignments."
2078-47,2018-07-05,LAND,"This gazette notice is a land acquisition notice published under the Land Acquisition Act, specifically detailing the government's intention to acquire a specific plot of land (Bogathugahahena) for public purposes. It contains detailed property descriptions, boundaries, lot numbers, and information about the landowner, which falls squarely under the Land Gazettes category (Type 4) for land and property-related matters."
2078-48,2018-07-05,LAND,"This gazette notice is a land acquisition notice published under the Land Acquisition Act, specifically detailing the government's intention to acquire specific land parcels (Siyambalagahawatta and Koswattahena) for a public purpose. It contains detailed descriptions of the land lots, their current use, claimants, and extents, which falls squarely under the Land Gazette classification (Type 4) for land acquisitions and property-related matters."
2078-49,2018-07-05,LAND,"This gazette contains multiple notices under the Land Acquisition Act regarding compensation for acquired lands. The content focuses exclusively on land acquisition matters, including specific land details (names, plan numbers, lot numbers, extent, and boundaries), which falls squarely under the Land Gazettes category (Type 4) for land and property-related matters."
2078-50,2018-07-05,LAND,"This gazette content is a notice under the Land Acquisition Act for the acquisition of specific lands for public purpose. It contains detailed descriptions of multiple land parcels, their locations, types (chena, paddy field, jungle, canal, etc.), claimants, and extents. This falls squarely under Land Gazettes (Type 4) which cover land acquisitions, transfers, and property-related matters."
2078-30,2018-07-04,LAND,"This gazette content is primarily about land acquisition under the Land Acquisition Act, specifying detailed descriptions of multiple land parcels being acquired. It involves government action related to land matters but focuses on the properties themselves rather than government structure, personnel, or their portfolios. The content falls squarely under the Land Gazettes category (Type 4) which covers ""land acquisitions, transfers, or disposals"" and ""any gazette content primarily dealing with land, property, or real estate matters."""
2078-32,2018-07-04,LEGAL_REGULATORY,"This gazette content primarily concerns the exercise of powers under the Industrial Disputes Act (a specific law) to appoint arbitrators for industrial disputes. It contains legal orders made under statutory authority (Section 4(1) of the Act) and deals with regulatory procedures for dispute resolution, making it a Legal/Regulatory Gazette. While it mentions a Minister's name and title, it does not describe his detailed portfolio responsibilities beyond referencing his authority under the specific Act, so it does not qualify as a Hybrid (Type 3) gazette."
2078-33,2018-07-04,LEGAL_REGULATORY,"This gazette content primarily deals with legal/regulatory matters under the Industrial Disputes Act, specifically orders made under Section 4(1) of the Act. It involves the appointment of arbitrators for industrial disputes, revocation of previous orders, and statutory procedures for dispute resolution. While it mentions a minister's name (Ravindra Samaraweera), this is in the context of exercising statutory powers under existing legislation rather than announcing personnel changes or portfolio assignments. The core content focuses on legal procedures and regulatory actions under established labor laws."
2078-34,2018-07-04,LAND,"This gazette notice concerns land acquisition matters under the Land Acquisition Act, specifically detailing compensation payments for various land parcels acquired by the government. It provides schedules with specific land details (location, assessment numbers, lot numbers, extents) and deposited compensation amounts, which falls squarely under the Land Gazettes category for land and property-related administrative matters."
2078-36,2018-07-04,LEGAL_REGULATORY,"This gazette content is an order issued under the Mediation (Special Categories of Disputes) Act, No 21 of 2003, which establishes a legal framework for dispute resolution through mediation. It specifically determines categories of disputes to which the provisions of the Act shall apply. This falls under Legal/Regulatory matters as it involves statutory instruments and regulatory frameworks rather than government personnel changes, organizational restructuring, or any of the other specialized categories."
2078-37,2018-07-04,PEOPLE,"This gazette contains only government personnel changes (appointments) with named individuals and their basic titles/positions (e.g., ""S.L.A.S."", ""Commissioner of Co-operative Development""). While some additional duties are mentioned (e.g., ""to over Look in full time the post of Provincial Director""), these are brief additional responsibilities rather than detailed portfolio descriptions of ministerial subject areas. The content focuses primarily on who is being appointed rather than providing comprehensive ministerial portfolio responsibilities, making it a People Gazette."
2078-38,2018-07-04,JUDICIAL_LAW_ENFORCEMENT,"This gazette content concerns the appointment of mediators and chairmen for Mediation Boards, which falls under judicial/law enforcement matters. The notice calls for nominations and outlines the appointment process under the Mediation Boards Act, making it specifically related to the judicial system's alternative dispute resolution mechanisms rather than general government personnel changes or structural reorganizations."
2078-39,2018-07-04,LAND,"This gazette content deals exclusively with land title registration matters under the Registration of Title Act. It contains declarations of determination by the Commissioner of Title Settlement regarding specific land parcels, including detailed information about land ownership, extent, encumbrances, and property rights. The content appears in ""PART III - LANDS"" of the gazette and focuses on land registration processes rather than government personnel changes, organizational restructuring, or other specialized categories."
2078-40,2018-07-04,LAND,"This gazette content deals specifically with land title registration matters for intestate properties, including calls for claims to property, cadastral map numbers, parcel numbers, and land extent details. It falls under the Land Gazettes category as it primarily concerns land and property-related administrative procedures under the Registration of Title Act."
2078-41,2018-07-04,LAND,"This gazette content deals exclusively with land title registration matters under the Registration of Title Act. It contains declarations of determination for specific land parcels (including parcel numbers, locations, owner details, extents, and encumbrances) in various villages. The content is published in ""PART III - LANDS"" and focuses on property ownership registration, which falls squarely under the Land Gazettes category (Type 4) for land and property-related matters."
2078-42,2018-07-04,LAND,"This gazette content deals exclusively with land title registration matters, specifically the declaration of determinations by the Commissioner of Title Settlement regarding multiple land parcels. It contains detailed schedules of land parcels with their extent, ownership details, and title classifications. The content falls under ""Land registrations, property ownership, land titles"" as defined in Type 4 (Land Gazettes), and is explicitly published in ""PART III - LANDS"" of the gazette."
2078-43,2018-07-04,LAND,"This gazette content is a declaration under the Land Acquisition Act for the acquisition of specific land parcels (Lots A-H) for public purpose. It contains detailed descriptions of land boundaries, extents, and locations, which falls squarely under Land Gazettes (Type 4) for land acquisition matters. While it mentions a government minister by name, the primary focus is on land acquisition rather than government personnel changes or portfolio responsibilities."
2078-44,2018-07-04,LAND,"This gazette content is a land acquisition notice published under the Land Acquisition Act, specifically detailing the government's intention to acquire multiple land lots (including descriptions of the land, extents, and claimants). The content focuses exclusively on land and property matters, falling squarely within the Land Gazettes category (Type 4) for land acquisitions and property-related administrative notices."
2078-45,2018-07-04,LAND,"This gazette content is a land acquisition notice under the Land Acquisition Act, declaring specific parcels of land needed for public purpose. It contains detailed descriptions of multiple land lots with their boundaries, extents, and survey information. The content primarily deals with land matters (acquisition of property) and falls squarely under the Land Gazette classification (Type 4), as it focuses on land registration and acquisition rather than government personnel changes or other specialized categories."
2078-46,2018-07-04,LAND,"This gazette content is primarily about land acquisition under the Land Acquisition Act. It involves taking possession of a specific land parcel described in detail (location, boundaries, extent), which falls squarely under Land Gazettes (Type 4) for land and property-related matters. While it mentions a Minister's name, this is incidental to the land acquisition order and does not include detailed portfolio responsibilities that would make it a Hybrid type."
2078-13,2018-07-03,HYBRID,"This gazette names a specific individual (Faiszer Musthapha) with his ministerial title and outlines his authority under specific legislation (Sports Act, No. 25 of 1973 and Interpretation Ordinance). It contains both the ""who"" (named minister) and ""what"" (detailed legislative powers and responsibilities regarding personnel substitutions in sports administration), making it a Hybrid Gazette."
2078-14,2018-07-03,HYBRID,"This gazette contains both the names of specific individuals (e.g., Hon. Ranjith Aluwihare, MP) and detailed descriptions of their portfolio responsibilities (e.g., ""State Minister of Tourism Development & Christian Religious Affairs,"" ""Deputy Minister of Resettlement, Rehabilitation & Northern Development""). This combination of ""who"" (government personnel) and ""what"" (detailed responsibilities) meets the criteria for a Hybrid Gazette (Type 3)."
2078-16,2018-07-03,LAND,"This gazette contains multiple orders under the Land Acquisition Act for taking immediate possession of specific land parcels. It provides detailed descriptions of land boundaries, extents, and locations. The content is exclusively about land acquisition matters, falling squarely under the Land Gazettes category (Type 4) which covers land acquisitions, transfers, and property-related administrative actions."
2078-17,2018-07-03,LAND,"This gazette content primarily deals with land acquisition matters under the Land Acquisition Act. It contains multiple orders for taking immediate possession of specific land parcels with detailed descriptions of their boundaries, extents, and locations. While it mentions a government minister (Gayantha Karunatilleke) exercising powers, the core content is about land acquisition and property matters, making it a Land Gazette (Type 4) rather than a government personnel or structural gazette."
2078-18,2018-07-03,LAND,"This gazette content primarily deals with land acquisition matters under the Land Acquisition Act. It contains multiple orders for taking immediate possession of specific land parcels with detailed descriptions of their locations, boundaries, and extents. While it mentions a government minister (Gayantha Karunatilleke) exercising powers, the core content is about land acquisition and property matters, making it a Land Gazette (Type 4) rather than a government personnel or structural gazette."
2078-19,2018-07-03,LAND,"This gazette content primarily deals with land acquisition matters under the Land Acquisition Act. It contains multiple orders for taking immediate possession of specific land parcels with detailed descriptions of the land locations, extents, and boundaries. The content focuses exclusively on land-related administrative actions without involving government personnel changes, structural changes, or other specialized categories."
2078-20,2018-07-03,LAND,"This gazette content is primarily about land acquisition under the Land Acquisition Act. It contains a detailed description of specific land parcels being acquired, including their boundaries, extents, and locations. While it mentions a government minister (Gayantha Karunatilleke) issuing the order, the core content focuses on land matters rather than government personnel or structural changes. The document is explicitly labeled ""PART III - LANDS"" and ""Land Acquisition Notices,"" confirming its classification as a Land Gazette."
2078-21,2018-07-03,LAND,"This gazette content is primarily about land acquisition under the Land Acquisition Act. It contains a formal order for taking possession of specific land parcels, including detailed descriptions of the land locations, boundaries, and extents. The mention of a minister's name is incidental to the land acquisition process rather than being the primary focus, which makes this a Land Gazette (Type 4) rather than a government personnel or hybrid classification."
2078-22,2018-07-03,LEGAL_REGULATORY,"This gazette contains regulations made by the Minister of Transport and Civil Aviation under the Civil Aviation Act, establishing licensing requirements and procedures for aviation personnel and training institutions. It constitutes subsidiary legislation and regulatory framework matters, fitting the Legal/Regulatory classification (Type 5) for new regulations and regulatory compliance requirements."
2078-23,2018-07-03,ELECTIONS,"This gazette content deals specifically with filling vacancies in a local government council (Maharagama Urban Council) under the Local Authorities Elections Ordinance. It involves the declaration of elected members to fill positions that became vacant due to resignations, which falls under electoral processes and local government election matters. The content focuses on election procedures, candidate nominations, and declarations of elected members rather than government personnel changes or structural reorganizations."
2078-24,2018-07-03,LAND,"This gazette content is exclusively about land acquisition matters, specifically providing notice of compensation payments for land acquired by the government under the Land Acquisition Act. It contains detailed schedules of specific land parcels with location details, lot numbers, extents, and case numbers, which falls squarely under the Land Gazettes category (Type 4) for land and property-related matters."
2078-25,2018-07-03,LAND,"This gazette content is exclusively about land acquisition matters under the Land Acquisition Act. It contains detailed schedules of specific land parcels being acquired by the government, including their locations, lot numbers, extents, and compensation details. The notice informs the public about compensation payments deposited in court for these land acquisitions, which falls squarely under ""Land acquisitions, transfers, or disposals"" as defined in the Land Gazettes (Type 4) category."
2078-26,2018-07-03,PEOPLE,"This gazette content announces the appointment of a specific individual (Mr. I. S. Hendehewa) to a government position (Assistant Secretary to the President). It names the person and provides his basic title but does not include any detailed description of his portfolio responsibilities, subject areas, or duties. This fits the definition of a People Gazette (Type 2)."
2078-27,2018-07-03,LAND,"The gazette content primarily deals with the acquisition of immovable property (land) for specific water supply and drainage projects. It contains detailed descriptions of land parcels, including their boundaries, locations, and claimants, under the authority of the National Water Supply and Drainage Board Act. This fits the Land Gazette classification (Type 4) as it concerns land acquisition and property matters, not government personnel/structure changes or other specialized categories."
2078-28,2018-07-03,LAND,"This gazette content primarily deals with land acquisition for water supply infrastructure projects. It involves the acquisition of specific immovable properties (land parcels) with detailed descriptions of boundaries, locations, and claimants. The content focuses on property matters rather than government personnel changes, organizational restructuring, or other specialized categories. The ministerial approval is incidental to the core land acquisition process, making this a Land Gazette (Type 4)."
2078-29,2018-07-03,PUBLIC_SERVICE,"This gazette content deals specifically with the delegation of powers by the Public Service Commission regarding appointment, promotion, transfer, and disciplinary control of Police Security Assistants. It focuses on public service administration, recruitment schemes, and service conditions, which aligns with Type 8 (Public Service Gazettes) for public sector services and administration."
2078-01,2018-07-02,ELECTIONS,"This gazette notification announces the reconvening of a meeting for the election of the Vice Chairman of the Delft Pradeshiya Sabha. The content specifically relates to an electoral process within a local authority, which falls under the Elections category (Type 7) for electoral processes and related matters."
2078-02,2018-07-02,LEGAL_REGULATORY,"This gazette notification is issued under the Customs Ordinance (Chapter 235) and establishes new rates of exchange for customs duties and charges. It constitutes a regulatory framework for customs operations, making it a Legal/Regulatory Gazette (Type 5) as it involves statutory instruments and compliance requirements rather than government personnel changes, organizational structure, or other specialized categories."
2078-03,2018-07-02,LAND,"This gazette notice is about land acquisition under the Land Acquisition Act, specifically describing multiple land lots being acquired by the government for public purpose. It contains detailed descriptions of land parcels, their boundaries, extents, and current claimants/encroachers. The content focuses exclusively on land matters without any government personnel changes or structural reorganizations, making it a clear example of Type 4 (Land Gazettes)."
2078-04,2018-07-02,LAND,"This gazette content is exclusively about land acquisition notices under the Land Acquisition Act. It provides detailed descriptions of specific land parcels being acquired for public purposes, including lot numbers, land names, descriptions, claimants, and extents. The content falls squarely within the Land Gazettes category as it deals with land acquisitions and property matters."
2078-05,2018-07-02,ELECTIONS,"This gazette content specifically addresses the filling of a vacancy in a local government body (Alawwa Pradeshiya Sabha) under the Local Authorities Elections Ordinance. It deals with electoral processes at the local government level, including the nomination and declaration of an elected member to fill a vacancy caused by death. This falls squarely under Election Gazettes (Type 7) which cover electoral processes, candidate nominations, and election-related declarations."
2078-06,2018-07-02,LEGAL_REGULATORY,"This gazette content primarily involves the exercise of regulatory powers under the Value Added Tax Act. It contains a legal order made by the Minister that prescribes specific tax treatment for healthcare services and rescinds a previous order. The content focuses on regulatory matters, amendments to tax implementation, and statutory instruments under existing legislation, which aligns perfectly with the Legal/Regulatory classification (Type 5). While it mentions a minister's name, the core content is about regulatory implementation rather than government personnel or structural changes."
2078-07,2018-07-02,ELECTIONS,"This gazette concerns the filling of a vacancy in a local government body (Kurunegala Pradeshiya Sabha) due to the death of a member, as per the Local Authorities Elections Ordinance. It involves the nomination and declaration of a new elected member, which falls directly under electoral processes and matters related to local government elections."
2078-08,2018-07-02,PEOPLE,"This gazette exclusively contains government personnel appointments (e.g., ""Dr. Mr. Nimal Shantha Gamagedara, as acting Director of the Health Service,"" ""Mr. G. K. S. L. Rajadasa, as Secretary to the Ministry""). While some appointments mention the ministry or department they are assigned to, they do not include detailed descriptions of portfolio responsibilities or subject matter areas. The content focuses solely on naming individuals and their new titles/positions without elaborating on their specific duties or areas of responsibility, fitting the criteria for Type 2 (People Gazette)."
2078-09,2018-07-02,LAND,"This gazette content consists entirely of land acquisition notices published under Section 7 of the Land Acquisition Act. It describes specific land parcels being acquired for public purposes, provides detailed descriptions of the properties (including lot numbers, land names, descriptions, claimants, and extents), and sets dates for compensation inquiries. The content focuses exclusively on land acquisition matters, which falls under the Land Gazettes classification (Type 4)."
2078-10,2018-07-02,LAND,"This gazette content is a Land Acquisition Notice published under the Land Acquisition Act. It specifically declares that a particular parcel of land is needed for a public purpose and will be acquired, providing detailed descriptions of the land's location, boundaries, and extent. The content is primarily focused on land and property-related matters, falling squarely under the Land Gazettes (Type 4) classification."
2078-11,2018-07-02,LAND,"This gazette content primarily deals with land acquisition for a public infrastructure project. It specifically approves the acquisition of immovable property (land) for construction purposes under the National Water Supply and Drainage Board Act. The document includes detailed land description (location, boundaries, extent) and addresses property ownership matters, which aligns with the Land Gazette classification (Type 4) for land and property-related matters."
2078-12,2018-07-02,LAND,"This gazette content is a Land Acquisition Notice published under the Land Acquisition Act. It specifically declares that a particular piece of land is needed for a public purpose and will be acquired, providing detailed descriptions of the land's location, extent, and boundaries. The content falls squarely under the ""Land and property-related matters"" category, specifically land acquisitions, making it a Land Gazette (Type 4)."
