Document ID,Document Date,Gazette Type,Reasoning
2156-14,2019-12-31,LAND,"This gazette content consists entirely of land acquisition notices published under the Land Acquisition Act. It details specific land parcels being acquired for public purposes (access roads, road widening), including land descriptions, extents, locations, and claimant information. This falls squarely under Type 4 (Land Gazettes) which covers land acquisitions, transfers, and property-related matters."
2156-15,2019-12-31,HYBRID,"This gazette contains both a named individual (Dullas Alahapperuma, Minister of Education) and detailed portfolio responsibilities delegated to the State Minister of Education Services, including specific duties, functions, and subject matter areas (e.g., school textbooks, Buddhist education, Tamil medium schools, student welfare, etc.). This combination of personnel and detailed responsibilities meets the criteria for Hybrid Gazette (Type 3)."
2156-16,2019-12-31,LEGAL_REGULATORY,"This gazette contains a Direction (No. 71) issued by the Consumer Affairs Authority under Section 10(1)(a) of the Consumer Affairs Authority Act, No. 09 of 2003. It establishes new regulatory requirements for product labeling, specifying mandatory information that must be printed on various consumer goods. This content fits the Legal/Regulatory classification as it constitutes subsidiary legislation (a statutory instrument) that creates compliance requirements for businesses."
2156-17,2019-12-31,ELECTIONS,"This gazette notice specifically concerns the vacation of office by a member of a local authority (Pradeshiya Sabha) due to ceasing membership in a political party. This is a direct action taken under the Local Authorities Elections Ordinance and relates to the composition of an elected body, fitting the definition of an Elections Gazette (Type 7) which covers electoral processes, candidate registrations, and declarations related to holding or vacating office."
2156-01,2019-12-30,LEGAL_REGULATORY,"This gazette content is a Customs Notification that establishes new rates of exchange for customs duties and other charges. It exercises powers under the Customs Ordinance (Chapter 235), which is a legal/regulatory framework. The content involves regulatory compliance requirements for customs payments and formally rescinds a previous notification, making it primarily concerned with legal and regulatory matters rather than government personnel, organizational structure, or other specialized categories."
2156-02,2019-12-30,LEGAL_REGULATORY,"This gazette content contains the Central Bank of Sri Lanka's balance sheet and an Auditor General's review report. This constitutes regulatory financial reporting and falls under legal/regulatory matters (Type 5) as it involves statutory financial reporting requirements, compliance with accounting standards, and official audit procedures rather than government personnel changes, organizational restructuring, or other specialized categories."
2156-03,2019-12-30,HYBRID,"This gazette contains both named individuals (Hon. John Senevirathna and Hon. Shehan Semasinghe) AND detailed portfolio responsibilities, including specific duties, functions, departments, statutory institutions, and laws/ordinances to be implemented. The content clearly outlines both ""who"" is receiving delegated powers and ""what"" specific responsibilities they are being assigned, meeting the criteria for Hybrid Gazette (Type 3)."
2156-04,2019-12-30,LAND,"This gazette content deals exclusively with land title registration matters under the Registration of Title Act, specifically declaring determinations of land titles for specific parcels in Homagama. It contains detailed schedules with land parcel numbers, ownership details, extents, and encumbrances - all characteristic of land-related administrative matters. The content appears in ""PART III - LANDS"" of the gazette, confirming its focus on land registration and title settlement."
2156-05,2019-12-30,LAND,"This gazette content primarily deals with land registration and property matters, specifically addressing land title registrations, plot numbers, and land allocations in various districts. It contains detailed information about land parcels, their identification numbers, and administrative procedures related to land ownership and registration, which falls squarely under the Land Gazettes classification (Type 4)."
2156-06,2019-12-30,LAND,"This gazette content exclusively deals with land title claims and registration matters under the Registration of Title Act. It involves notices calling for claims to specific land parcels in various districts, cadastral map references, and procedures for determining land ownership. The content focuses entirely on land and property-related administrative matters, falling squarely within the Land Gazettes category (Type 4) without any government personnel changes, structural modifications, or other specialized categories."
2156-07,2019-12-30,LAND,"This gazette content deals exclusively with land title registration matters under the Registration of Title Act, No. 21 of 1998. It contains declarations of determination by the Commissioner of Title Settlement regarding specific land parcels (including parcel numbers, locations, ownership details, and land characteristics) in various villages. The content focuses on land ownership, title registration, and property rights, which falls squarely under the Land Gazettes category (Type 4) for land and property-related matters."
2156-08,2019-12-30,LAND,"This gazette content exclusively deals with amendments to land title registrations under the Registration of Title Act, No. 21 of 1998. It contains specific details about parcels of land, including their numbers, block numbers, cadastral maps, locations, and amendments to land title particulars such as servitude rights, access rights, and extent measurements. The content is entirely focused on land and property-related matters, falling squarely within the Land Gazettes category (Type 4)."
2156-09,2019-12-30,LAND,"This gazette content deals exclusively with land title registration matters under the Registration of Title Act, No. 21 of 1998. It contains declarations of determination for specific land parcels (including parcel numbers, cadastral maps, locations, and ownership details) in various villages, which falls squarely under the Land Gazette classification (Type 4) for land and property-related matters. The content does not involve government personnel changes, organizational restructuring, or any of the other specialized categories."
2156-10,2019-12-30,LEGAL_REGULATORY,"This gazette content primarily involves the amendment of regulations under the Universities Act, specifically modifying degree program requirements and conditions for a private educational institution. It constitutes a legal/regulatory matter as it exercises statutory powers to modify existing orders and schedules, falling under Type 5 (Legal/Regulatory Gazettes) for regulatory frameworks and compliance requirements."
2156-11,2019-12-30,LAND,"This gazette content exclusively deals with land acquisition notices under the Land Acquisition Act, including descriptions of specific land parcels to be acquired, their boundaries, extent, and compensation procedures. It falls under the ""Land and property-related matters"" category as it involves government acquisition of land for public purposes, which is the defining characteristic of Type 4 (Land Gazettes)."
2156-12,2019-12-30,LAND,"This gazette content deals exclusively with land title amendments under the Registration of Title Act, specifically expunging particulars of specific land parcels in various locations. It contains detailed descriptions of land parcels (block numbers, cadastral maps, village names, administrative divisions) and concerns land registration matters, which falls squarely under the Land Gazettes classification (Type 4). There is no government personnel or structural content that would trigger Types 1-3, and the subject matter is specifically land-related rather than fitting any other specialized category."
2156-13,2019-12-30,LAND,"This gazette content deals exclusively with land title registration under the Registration of Title Act, specifically declaring the determination of title for a specific parcel of land (No. 52 of Block 08) in Kandy District. It includes detailed land particulars such as extent, ownership details, and legal status, making it clearly a Land Gazette according to the classification criteria."
2155-35,2019-12-28,ELECTIONS,"This gazette concerns the filling of a vacancy in a local government body (Polgahawela Pradeshiya Sabha) under the Local Authorities Elections Ordinance. It specifically deals with electoral processes, including the declaration of a selected member to fill a vacancy caused by a member ceasing to belong to their political party. This falls squarely under Election Gazettes (Type 7) which cover electoral matters including candidate nominations, registrations, and declarations."
2155-19,2019-12-27,LEGAL_REGULATORY,"This gazette content primarily involves the publication of a legal/regulatory instrument - specifically an Excise Notification (No. 10/2019) that establishes new regulations for the export of undenatured, potable and bottled liquor. It contains detailed regulatory requirements, procedures for export permits, duty payment conditions, documentation requirements, and rescinds a previous notification. While it mentions Minister Mahinda Rajapaksa, it does so only in the context of his authority to make the order under the Excise Ordinance, without detailing his portfolio responsibilities or making personnel changes, making it a regulatory matter rather than a government personnel or structural gazette."
2155-20,2019-12-27,LAND,"This gazette content exclusively deals with land title registration amendments under the Registration of Title Act. It contains multiple entries detailing specific modifications to land parcel records, including changes to parcel numbers, extent measurements, servitude rights, and ownership details for various land plots in the Colombo District. The content is focused entirely on land and property matters, falling clearly under the Land Gazettes category (Type 4)."
2155-21,2019-12-27,LAND,"This gazette content exclusively deals with land title registration amendments under the Registration of Title Act. It contains multiple entries amending land parcel numbers, extents, and expunging particulars for specific land parcels in various locations. The content is published in ""PART III - LANDS"" and involves cadastral maps, land parcel numbers, and land extent modifications, which clearly falls under land and property-related matters as defined in Type 4 (Land Gazettes)."
2155-22,2019-12-27,LAND,"This gazette content deals exclusively with land title registration matters under the Registration of Title Act. It contains declarations of determination for specific land parcels (including parcel numbers, extents, owner details, and title classifications) in various villages. The content appears in ""PART III - LANDS"" of the gazette and focuses on land ownership registration, which falls squarely under the Land Gazettes category (Type 4) for land and property-related matters."
2155-23,2019-12-27,LAND,"This gazette content deals exclusively with land title registration matters under the Registration of Title Act. It contains declarations of title determinations for specific land parcels (No. 140 and No. 159 of Block 07) with detailed property descriptions, owner information, and legal status. The content falls squarely under the Land Gazettes category as it involves land registrations, property ownership determinations, and title settlement proceedings."
2155-24,2019-12-27,LAND,"This gazette content exclusively deals with land title registration matters under the Registration of Title Act, specifically declaring determinations of the Commissioner of Title Settlement regarding ownership of specific land parcels (including parcel numbers, block numbers, cadastral maps, and owner details). It contains detailed land registration information including parcel numbers, extent measurements, owner names and addresses, title classifications, and other land-specific details, making it clearly a Land Gazette under Type 4."
2155-25,2019-12-27,LAND,"This gazette content is exclusively about land title registration under the Registration of Title Act. It contains a declaration by the Commissioner of Title Settlement regarding the determination of title to a specific parcel of land (Parcel No. 123, Block 07) with detailed land particulars including owner information, extent, nature of title, and encumbrances. The content falls squarely under Land Gazettes as it deals with land registration and property ownership matters."
2155-26,2019-12-27,LAND,"This gazette content deals exclusively with land title registration matters under the Registration of Title Act. It contains declarations of determination for specific land parcels (Nos. 45 and 86) with detailed property information including ownership details, extent, location, and encumbrances. The content falls under ""Land and property-related matters"" including ""land registrations, property ownership, land titles"" as specified in Type 4 classification criteria."
2155-27,2019-12-27,LAND,"This gazette content exclusively deals with land title registration matters under the Registration of Title Act. It contains declarations of determination for specific land parcels (No. 173 and No. 88) with detailed property information including parcel numbers, extents, owner names, addresses, and title classifications. The content falls squarely within the Land Gazettes category as it involves land registrations, property ownership determinations, and title settlement proceedings."
2155-28,2019-12-27,LAND,"This gazette content specifically deals with land title registration under the Registration of Title Act, focusing on the determination of title for a specific parcel of land (Parcel No. 32 of Block 02) in Godagama village. It includes detailed land particulars such as parcel number, extent, owner information, and legal status, which falls squarely within the Land Gazettes category (Type 4) for land and property-related matters."
2155-29,2019-12-27,LAND,"This gazette content exclusively deals with land title registration matters under the Registration of Title Act, specifically declaring determinations for multiple land parcels in Colombo District. It contains detailed schedules of land parcels, their extents, ownership details, and encumbrances - all characteristic of land-related administrative matters falling under Type 4 (Land Gazettes)."
2155-30,2019-12-27,LAND,"This gazette content deals exclusively with land title registration matters under the Registration of Title Act, No. 21 of 1998. It contains declarations of determination for specific land parcels (including parcel numbers, block numbers, cadastral maps, and location details) and establishes ownership rights. The content focuses on land registration, title settlement, and property ownership determinations, which falls squarely under the Land Gazettes category (Type 4) as it primarily deals with land and property-related administrative matters."
2155-31,2019-12-27,ELECTIONS,"This gazette content specifically deals with filling a vacancy in a local government body (Homagama Pradeshiya Sabha) under the Local Authorities Elections Ordinance. It involves the electoral process for local authorities, including the resignation of a member, nomination by a political party, and declaration of a newly elected member. This falls squarely under Election Gazettes (Type 7) which cover electoral processes, candidate nominations, and election-related declarations for local authorities."
2155-32,2019-12-27,LAND,"This gazette content deals exclusively with land title registration matters under the Registration of Title Act, No. 21 of 1998. It contains declarations of determination for specific land parcels (including parcel numbers, extent measurements, owner details, and property addresses) in various locations within the Moratuwa area. The content focuses on land ownership registration, property boundaries, and title settlements, which falls squarely under the Land Gazettes category (Type 4) for land and property-related administrative matters."
2155-33,2019-12-27,LAND,"This gazette content deals exclusively with land title registration matters under the Registration of Title Act, specifically declaring determinations of land ownership for various parcels in Kudalunuka village. It contains detailed schedules of land parcels, their extent, ownership details, and related land registration information, making it clearly a Land Gazette according to the classification criteria."
2155-34,2019-12-27,LEGAL_REGULATORY,"This gazette content contains an order issued by the Consumer Affairs Authority under Section 20(5) of the Consumer Affairs Authority Act, No. 09 of 2003, which establishes maximum retail prices for cement. This constitutes regulatory action under existing legislation, making it a Legal/Regulatory Gazette (Type 5) rather than a government personnel or structural matter. The content focuses on regulatory compliance requirements and price controls, which falls under legal/regulatory framework matters."
2155-15,2019-12-26,LEGAL_REGULATORY,"This gazette contains regulations made by the Minister of Health under the Medical Ordinance, specifically amending the Medical (Maintenance of Minimum Standards of Medical Education) Regulations. This constitutes legal/regulatory content involving statutory instruments and regulatory frameworks for medical education standards, falling clearly under Legal/Regulatory Gazettes (Type 5)."
2155-07,2019-12-24,LEGAL_REGULATORY,"This gazette content establishes new accounting rules and regulations for Urban Councils' financial administration under the Municipal Council Ordinance and Provincial Councils Act. It creates a legal/regulatory framework governing financial procedures, accounting standards, responsibilities of officials, and compliance requirements for local government bodies, fitting the definition of Legal/Regulatory Gazettes (Type 5)."
2155-08,2019-12-24,LEGAL_REGULATORY,"This gazette content enacts ""Rules on Accounting Related to the Financial Administration of the Pradeshiya Sabha"" under specific legislative authority (Pradeshiya Sabha Act, No.15 of 1987 and Provincial Council Act, No.12 of 1989). It establishes detailed regulatory frameworks, compliance requirements, and financial administration procedures for local government authorities, which falls squarely under Legal/Regulatory matters rather than government personnel/structure changes or other specialized categories."
2155-09,2019-12-24,ELECTIONS,"This gazette notice specifically concerns the vacation of office by a member of a local authority (Pradeshiya Sabha) due to ceasing membership in a political party. This is a direct matter related to electoral processes and the status of an elected official under the Local Authorities Elections Ordinance, fitting the definition of an Elections Gazette (Type 7)."
2155-10,2019-12-24,ELECTIONS,"This gazette content specifically deals with filling a vacancy in a local government body (Buttala Pradeshiya Sabha) under the Local Authorities Elections Ordinance. It involves electoral procedures, candidate nominations, and the declaration of an elected member, which falls squarely under the Elections category (Type 7) for electoral processes and related matters."
2155-11,2019-12-24,LAND,"This gazette content deals exclusively with land title registration matters under the Registration of Title Act. It contains declarations of title determinations for specific land parcels (Nos. 104, 108, 136, and 143) with detailed property descriptions, ownership information, and encumbrances. The content focuses on land registration, property ownership, and title settlement - all falling under the Land Gazettes category (Type 4) as it primarily deals with land and property-related administrative matters."
2155-13,2019-12-24,ORGANISATIONAL,"This gazette notification contains the National Consumer Price Index figure for November 2019, published by the Department of Census and Statistics. It does not involve government structure/personnel (Types 1-3) and does not fit any specialized categories (land, legal, commercial, elections, public service, or judicial). The content represents statistical information dissemination, which falls under general administrative matters not covered by the other categories."
2155-01,2019-12-23,LEGAL_REGULATORY,"This gazette notification is issued under the Customs Ordinance (Chapter 235) and establishes new rates of exchange for customs duties and charges. It constitutes a regulatory framework for customs operations, making it a Legal/Regulatory Gazette (Type 5) as it involves statutory instruments and compliance requirements for customs procedures."
2155-02,2019-12-23,LAND,"This gazette content is exclusively about land acquisition matters under the Land Acquisition Act, specifically detailing the acquisition of 158 land lots for public purposes. It contains detailed descriptions of properties, their locations, extents, and claimants, which falls squarely under the Land Gazettes category (Type 4) for land and property-related matters."
2155-04,2019-12-23,LEGAL_REGULATORY,"This gazette content announces a public notification regarding the scheduling of an annual religious procession (Sri Maha Bodhiraja Procession) under the Pilgrimages Ordinance (Chapter 175). It references legal regulations and an earlier gazette notification (No. 1956/11), making it primarily about legal/regulatory matters rather than government structure/personnel or other specialized categories."
2155-05,2019-12-23,LAND,"This gazette notice is about land acquisition for a public purpose (constructing a sewerage pumping station) under the Land Acquisition Act. It contains detailed land description, ownership information, and compensation procedures, making it primarily about land and property matters, which falls under Type 4 (Land Gazettes)."
2154-54,2019-12-21,LEGAL_REGULATORY,"This gazette content contains an order issued by the President under the Public Security Ordinance, which is a legal/regulatory instrument. It involves the calling out of armed forces for maintaining public order, which constitutes a regulatory action based on statutory powers. While it names the President (Gotabaya Rajapaksa), it does not describe his portfolio responsibilities or constitute a personnel appointment, but rather exercises a legal power granted by existing legislation. The content focuses on the implementation of a legal ordinance rather than government structure, personnel changes, or any of the other specialized categories."
2154-55,2019-12-21,HYBRID,"This gazette contains both the names of specific individuals (e.g., Hon. Chamal Rajapaksa, M.P.) and detailed descriptions of their portfolio responsibilities (e.g., State Minister of Defence, State Minister of Water Supply Facilities). This combination of ""who"" (government personnel) and ""what"" (detailed subject matter responsibilities) meets the criteria for a Hybrid Gazette (Type 3)."
2154-56,2019-12-21,LAND,"This gazette content is primarily about land acquisition for public purposes under the Land Acquisition Act. It contains detailed descriptions of specific land parcels (Lot A and Lot B) with their boundaries, extents, and survey information. While it mentions a government minister (Gayantha Karunatilleke), the core content focuses on land matters rather than government personnel or structural changes, making it a Land Gazette (Type 4)."
2154-57,2019-12-21,LAND,"This gazette content exclusively deals with land acquisition notices under the Land Acquisition Act, providing detailed descriptions of specific land parcels to be acquired for public purposes, including their locations, boundaries, extents, and claimant information. The content falls squarely within the definition of Type 4 (Land Gazettes) as it concerns land acquisitions and property matters."
2154-58,2019-12-21,LAND,"This gazette content exclusively deals with land acquisition matters under the Land Acquisition Act. It contains detailed notices for acquiring specific land parcels for public purposes (official residence and public purpose), including land descriptions, boundaries, claimant information, and compensation procedures. The content focuses solely on land and property matters without any government personnel changes, structural changes, or other specialized categories."
2154-50,2019-12-20,LEGAL_REGULATORY,"This gazette content primarily concerns the publication of a bilateral tax agreement between Sri Lanka and Oman for the avoidance of double taxation and prevention of fiscal evasion. It is a legal/regulatory matter involving international treaties and tax laws, falling squarely under Type 5 (Legal/Regulatory Gazettes) for legal framework and regulatory matters, specifically covering international agreements and tax regulations."
2154-51,2019-12-20,ELECTIONS,"This gazette notice specifically concerns the vacation of office by a member of the Colombo Municipal Council due to ceasing membership in a political party. It is issued under the Local Authorities Elections Ordinance by the Returning Officer. The content directly relates to electoral processes and the status of an elected official, fitting the definition of an Elections Gazette (Type 7)."
2154-52,2019-12-20,PEOPLE,"This gazette exclusively lists personnel appointments (named individuals being appointed to specific government posts) without detailing their portfolio responsibilities or describing structural changes to government ministries. The content focuses on ""who"" is being appointed to which position, but does not include descriptions of ""what"" those positions are responsible for in terms of subject areas or ministerial portfolios."
2154-53,2019-12-20,LAND,"This gazette content is a declaration under the Land Acquisition Act for the acquisition of a specific land parcel (0.0492 hectares) in Akkaraipattu for public purposes. It contains detailed land description, boundaries, and survey information, making it primarily about land and property matters, which falls under the Land Gazettes classification (Type 4). While it mentions a minister's name, this is incidental to the land acquisition notice and does not involve government structural changes or detailed portfolio responsibilities that would trigger a government-related classification."
2154-18,2019-12-19,HYBRID,"This gazette contains both a named individual (Bandula Gunawardana) and detailed descriptions of his ministerial portfolio (Minister of Higher Education, Technology and Innovation). It also names another individual (Senior Professor Wachcha Patabendege Ranjith Premalal de Silva) and specifies his detailed responsibilities as Competent Authority, including exercising powers in lieu of the Vice-Chancellor under various legal instruments. This combination of specific personnel appointments with detailed functional responsibilities qualifies it as a Hybrid Gazette (Type 3)."
2154-19,2019-12-19,LEGAL_REGULATORY,"This gazette content is a regulatory order issued by the Consumer Affairs Authority under the Consumer Affairs Authority Act, No. 09 of 2003. It establishes maximum retail prices for specific rice varieties and rescinds a previous order. This falls under Legal/Regulatory classification as it involves regulatory frameworks, compliance requirements, and statutory instruments."
2154-20,2019-12-19,LAND,"This gazette content is a Land Acquisition Notice published under the Land Acquisition Act, detailing specific land parcels being acquired by the state, their locations, extents, and the deposit of statutory compensation. The content is exclusively focused on land and property-related matters, falling squarely under the definition of a Land Gazette (Type 4). It does not involve government personnel changes, structural changes, or any of the other specialized categories."
2154-21,2019-12-19,LEGAL_REGULATORY,"This gazette primarily contains legal/regulatory content - it publishes specific orders and directives under the Irrigation Statutes No. 01 of 2019 of the Southern Provincial Council. The content establishes regulatory frameworks for stream reservations, construction permissions, fee structures for water services, and compliance requirements. While it mentions a minister's name and title, this is incidental to the main purpose of publishing legal directives and regulatory requirements, making it primarily a legal/regulatory gazette rather than a government personnel or hybrid gazette."
2154-22,2019-12-19,LAND,"This gazette content is exclusively about land acquisition notices under the Land Acquisition Act. It provides detailed descriptions of specific land parcels being acquired by the government for public purposes, including lot numbers, land names, descriptions (estate, paddy-field, garden, etc.), claimants, original claimants, and exact land extents. The content falls squarely under ""Land acquisitions, transfers, or disposals"" as defined in the Land Gazettes (Type 4) category."
2154-23,2019-12-19,LAND,"This gazette content deals exclusively with land title registration matters under the Registration of Title Act. It contains declarations of determination for specific land parcels (including parcel numbers, cadastral maps, locations, and ownership details) by the Commissioner of Title Settlement. The content focuses on land ownership, title settlement, and property registration, which falls squarely under the Land Gazettes category (Type 4)."
2154-24,2019-12-19,LAND,"This gazette content exclusively deals with land title registration matters under the Registration of Title Act. It contains declarations of determination for specific land parcels (Nos. 125, 217, and 373) with detailed information about land ownership, extent, location, and title classification. The content falls under ""Land registrations, property ownership, land titles"" as specified in the Land Gazettes (Type 4) category, and appears in ""PART III - LANDS"" of the gazette."
2154-25,2019-12-19,LAND,"This gazette content exclusively deals with land title registrations and determinations under the Registration of Title Act. It contains detailed schedules with specific land parcel numbers, ownership details, property extents, and encumbrances for multiple properties in the Moratuwa area. The content is published in ""PART III - LANDS"" of the gazette and focuses entirely on land registration matters, making it a clear example of a Land Gazette."
2154-26,2019-12-19,LAND,"This gazette content exclusively deals with land title registration matters under the Registration of Title Act. It contains declarations of title determinations for specific land parcels (including parcel numbers, cadastral map references, locations, and owner details), which falls squarely under the Land Gazettes category (Type 4) for land and property-related matters. There is no government personnel or structural content that would trigger Types 1-3, and the specialized land focus makes it distinct from other specialized categories."
2154-27,2019-12-19,LAND,"This gazette content deals exclusively with land and property matters, specifically notices calling for claims to intestate property under the Registration of Title Act. It contains detailed land information including cadastral map numbers, parcel numbers, land extents, and certificate of title numbers for multiple properties in the Colombo District. The content focuses on property registration and title settlement processes, which falls squarely under the Land Gazette classification (Type 4) for land and property-related matters."
2154-28,2019-12-19,LAND,"This gazette content deals specifically with land title registration matters for intestate properties, including detailed land parcel information, cadastral references, and the legal process for claiming property rights under the Registration of Title Act. It focuses entirely on land and property matters without involving government personnel changes, structural changes, or other specialized categories."
2154-29,2019-12-19,LAND,"This gazette content is exclusively about land title registration under the Registration of Title Act, specifically declaring the determination of title for a specific parcel of land (Parcel No. 61, Block 02) with detailed land particulars including ownership details, extent, nature of title, and encumbrances. It falls under the ""Land Gazettes"" category as it deals with land registration and title settlement matters."
2154-30,2019-12-19,LAND,"This gazette content deals exclusively with land title registration matters under the Registration of Title Act, including declarations of title determinations for specific land parcels, ownership details, and property registrations. It contains detailed schedules of land parcels with ownership information, extents, and encumbrances, which falls squarely under the Land Gazettes category (Type 4) for land and property-related matters."
2154-31,2019-12-19,LAND,"This gazette content deals exclusively with land title registration matters under the Registration of Title Act. It contains declarations of determination for specific land parcels (Nos. 203 and 203 of Block 01, and No. 82 of Block 02) with detailed ownership information, property details, and encumbrances. The content appears in ""PART III - LANDS"" of the gazette and focuses on land title settlement, which falls squarely under the Land Gazettes category (Type 4) for land and property-related matters."
2154-32,2019-12-19,LAND,"This gazette content exclusively deals with land title registration matters under the Registration of Title Act. It contains multiple declarations of determination by the Commissioner of Title Settlement regarding specific land parcels, including detailed schedules with parcel numbers, extents, owner information, and title classifications. The document is explicitly labeled ""PART III - LANDS"" and focuses on land ownership determinations, making it clearly a Land Gazette (Type 4) according to the classification criteria."
2154-33,2019-12-19,LAND,"This gazette content exclusively deals with land title registration matters under the Registration of Title Act. It contains declarations of determination by the Commissioner of Title Settlement regarding specific land parcels, including ownership details, property extents, encumbrances, and legal status. The content appears in ""PART III - LANDS"" of the gazette and focuses entirely on land registration and property ownership matters, which aligns perfectly with the Land Gazettes classification (Type 4) for land and property-related administrative matters."
2154-34,2019-12-19,LAND,"This gazette content deals exclusively with land title registration matters under the Registration of Title Act, No. 21 of 1998. It contains declarations of determination by the Commissioner of Title Settlement regarding specific land parcels (including parcel numbers, extents, owner details, and encumbrances) in the Galigamuwa area. The content focuses on land ownership registration, property titles, and land settlement matters, which clearly falls under the Land Gazettes category (Type 4)."
2154-35,2019-12-19,LAND,"This gazette content exclusively deals with land title registrations and determinations under the Registration of Title Act. It contains specific declarations about land parcels, their ownership, extent, and legal status in various locations. The content focuses entirely on land property matters, including title settlements, cadastral mapping, and ownership determinations, which clearly falls under the Land Gazettes category (Type 4)."
2154-36,2019-12-19,LAND,"This gazette content specifically deals with land title registration under the Registration of Title Act, No. 21 of 1998. It contains a declaration by the Commissioner of Title Settlement regarding the determination of title to a specific parcel of land (Parcel No. 21, Block 01) with detailed land particulars including location, ownership details, and encumbrances. The content falls under ""PART III - LANDS"" and focuses exclusively on land registration matters, making it a clear example of Type 4 (Land Gazettes)."
2154-37,2019-12-19,LAND,"This gazette content deals exclusively with land title registration matters under the Registration of Title Act. It contains declarations of determination for specific land parcels (including parcel numbers, extents, ownership details, and encumbrances) in various villages. The content appears in ""PART III - LANDS"" of the gazette and focuses on land ownership, title classification, and property registration - all characteristics of Land Gazettes (Type 4). There are no government personnel changes, organizational restructuring, or other non-land administrative matters present."
2154-38,2019-12-19,LAND,"This gazette content exclusively deals with land title registration matters under the Registration of Title Act. It contains declarations of determination for specific land parcels, including detailed property descriptions, ownership details, and cadastral information. The content is published in ""PART III - LANDS"" of the gazette and focuses entirely on land registration and title settlement processes, fitting perfectly within the Land Gazette classification (Type 4)."
2154-39,2019-12-19,PEOPLE,"This gazette exclusively lists the dismissals of named individuals from various provincial boards, commissions, and authorities (e.g., Uva Province Library Service Board, Uva Provincial Public Service Commission). It provides the names and basic titles/roles of the individuals (e.g., ""Chairman"", ""Member"") but contains no descriptions of their detailed portfolio responsibilities, functions, or duties. This fits the definition of a People Gazette (Type 2), which covers government personnel changes without detailed portfolio information."
2154-40,2019-12-19,LAND,"This gazette content deals exclusively with land and property matters, specifically notices calling for claims to intestate property under the Registration of Title Act. It contains detailed land information including cadastral map numbers, parcel numbers, land extents, and certificate of title numbers for multiple properties. The content focuses on land title settlement and property registration processes, which falls squarely under the Land Gazettes classification (Type 4) for land and property-related matters."
2154-41,2019-12-19,Error,"API request failed: HTTPSConnectionPool(host='eg-7060af6f-a5a9-44dd-b4e6-af36d56dbd47-prod.e1-us-east-azure.bijiraapis.dev', port=443): Read timed out. (read timeout=30)"
2154-42,2019-12-19,LAND,"This gazette content exclusively deals with land title registration matters under the Registration of Title Act. It contains multiple declarations of determination regarding specific land parcels, including parcel numbers, extents, owner details, and property characteristics. The content is focused entirely on land ownership and title settlement, falling clearly within the Land Gazettes category (Type 4) as it involves land registrations, property ownership determinations, and land title matters."
2154-44,2019-12-19,LAND,"This gazette content exclusively deals with land title registration matters under the Registration of Title Act. It contains declarations of determination for specific land parcels (including parcel numbers, extents, ownership details, and encumbrances) in designated locations. The content focuses on land ownership, title settlements, and property rights, which falls squarely under the Land Gazettes classification (Type 4). There are no government personnel changes, organizational restructuring, or other non-land related administrative matters present."
2154-45,2019-12-19,LAND,"This gazette content exclusively deals with land title registration matters under the Registration of Title Act, No. 21 of 1998. It contains declarations of determinations by the Commissioner of Title Settlement regarding specific land parcels, including ownership details, property boundaries, encumbrances, and servitude rights. The content appears in ""PART III - LANDS"" of the gazette and focuses entirely on land registration and property title determinations, making it clearly fall under the Land Gazettes category."
2154-46,2019-12-19,LAND,"This gazette content exclusively deals with land title registration matters under the Registration of Title Act. It contains a declaration by the Commissioner of Title Settlement determining title to specific land parcels (Nos. 48, 49, 50, and 51) in Kowana village, including detailed parcel information, owner details, extent of land, and title classifications. The content appears in ""PART III - LANDS"" of the gazette and focuses entirely on land property matters without any government personnel changes, organizational restructuring, or other non-land related administrative content."
2154-47,2019-12-19,LAND,"This gazette content is exclusively about land title registration under the Registration of Title Act. It contains a declaration by the Commissioner of Title Settlement regarding the determination of title to a specific parcel of land (Parcel Nos. 13 of Block 03) with detailed land particulars including location, owner information, extent, and encumbrances. The content falls squarely under land and property-related matters as defined in Type 4, with no government personnel changes or structural administrative changes present."
2154-48,2019-12-19,LEGAL_REGULATORY,"This gazette notification announces the determination of the Legal Rate of Interest by the Monetary Board under the Civil Procedure Code. It involves a regulatory change to an existing legal framework (specifically, an amendment to the Civil Procedure Code), making it a Legal/Regulatory matter. The content does not involve government structure/personnel changes, land, commercial registrations, elections, public service, judicial appointments, or other specialized categories that would take precedence."
2154-49,2019-12-19,LEGAL_REGULATORY,This gazette contains a notification from the Central Bank of Sri Lanka establishing the Market Rate of Interest under the Debt Recovery (Special Provisions) Act. This constitutes a regulatory matter and falls under the Legal/Regulatory classification (Type 5) as it involves the implementation and specification of an existing legal framework.
2154-09,2019-12-18,LAND,"This gazette content is primarily concerned with the acquisition of a land servitude (right of use over land) for a public purpose (constructing a building for a Grama Niladhari Office). It contains detailed descriptions of the specific land, its location, and the legal process for acquisition and compensation under the Land Acquisition Act. This fits perfectly within the ""Land Gazettes"" category, which includes land acquisitions, transfers, and property-related administrative matters."
2154-10,2019-12-18,HYBRID,"This gazette contains both a named individual (State Minister Duminda Dissanayake) and detailed portfolio responsibilities (specific duties, functions, departments, statutory institutions, and laws to be implemented). The Minister of Sports and Youth Affairs delegates powers to the State Minister with comprehensive descriptions of the responsibilities, departments under their purview, and relevant legislation, making this a Hybrid Gazette (Type 3) according to the classification rules."
2154-11,2019-12-18,LAND,"This gazette content exclusively deals with land acquisition notices under the Land Acquisition Act. It describes specific land parcels being acquired for public purposes (power house access road construction and village expansion scheme), provides detailed land descriptions including lot numbers, extents, locations, and schedules for compensation inquiries. This fits perfectly within the Land Gazette category (Type 4) as it concerns land acquisitions and property matters."
2154-12,2019-12-18,LAND,"This gazette content is primarily about land acquisition for a public purpose under the Land Acquisition Act. It contains detailed descriptions of specific land parcels (lots A-D) with their boundaries, extents, and locations. While it mentions a government minister (Gayantha Karunatilleke), this is only in the context of authorizing the land acquisition process, not detailing government personnel changes or portfolio responsibilities. The core content focuses exclusively on land matters, making it a Land Gazette (Type 4)."
2154-13,2019-12-18,LAND,"This gazette content exclusively deals with land title registrations and determinations under the Registration of Title Act, specifically declaring the Commissioner's determinations regarding title to specific land parcels (Parcel Nos. 123, 172, 596, and 103) with detailed ownership information, property boundaries, and encumbrances. The content falls squarely within land and property-related matters as defined for Type 4 classification."
2154-14,2019-12-18,LAND,"This gazette content deals exclusively with land title registration matters under the Registration of Title Act. It contains declarations of determination for specific land parcels, including detailed information about land ownership, parcel numbers, extents, and property rights. The content appears in ""PART III - LANDS"" of the gazette and focuses on land settlement and title registration processes, which clearly falls under the Land Gazettes category (Type 4)."
2154-15,2019-12-18,LAND,"This gazette content exclusively deals with land title registration matters under the Registration of Title Act, No. 21 of 1998. It contains declarations of determination by the Commissioner of Title Settlement regarding specific land parcels in Puttalam, including detailed schedules with parcel numbers, owner names, extents, and other land-specific particulars. The content is published in ""PART III - LANDS"" of the gazette and focuses entirely on land ownership and title settlement matters, fitting perfectly within the Land Gazettes classification."
2154-16,2019-12-18,LAND,"This gazette content deals exclusively with land title registration matters under the Registration of Title Act, No. 21 of 1998. It contains declarations of determination by the Commissioner of Title Settlement regarding specific land parcels, including detailed property descriptions, ownership details, and legal determinations about land titles. The content appears in ""PART III - LANDS"" of the gazette and focuses on land registration and property ownership matters, which clearly falls under the Land Gazettes classification (Type 4)."
2154-17,2019-12-18,LAND,"This gazette content deals exclusively with land title amendments under the Registration of Title Act, specifically expunging particulars of specific land parcels in various locations. It contains detailed descriptions of land parcels, cadastral maps, and village/division information, making it primarily about land and property-related matters, which falls under the Land Gazettes classification (Type 4)."
2154-07,2019-12-17,LAND,"This gazette content is a Land Acquisition Notice published under the Land Acquisition Act. It specifically details the government's intention to acquire several plots of land for public purposes, including descriptions of the properties, their locations, extents, and claimants. The content falls squarely within the definition of Type 4 (Land Gazettes) as it deals with ""land acquisitions, transfers, or disposals"" and is published in the ""PART III – LANDS"" section of the gazette."
2154-08,2019-12-17,LAND,"This gazette content is exclusively about land acquisition for public purposes under the Land Acquisition Act. It contains detailed descriptions of specific land parcels being acquired, including lot numbers, land names, descriptions, claimants, and extents. The content falls squarely within the ""Land and property-related matters"" category, specifically land acquisitions by the government."
2154-01,2019-12-16,LAND,"This gazette content primarily deals with land and property matters, specifically the registration and details of land plots (len,s wxl) with their respective identification numbers, ownership details, and land area measurements (m%ud Kh: fyla'). The document contains detailed listings of land parcels with their boundaries, titles, and registration information, which falls squarely under the Land Gazette classification (Type 4) for land registrations, property ownership, and land title matters."
2154-02,2019-12-16,LAND,"This gazette content is a declaration under the Land Acquisition Act for the acquisition of a specific land parcel (2.429 Hectares in Attaragallewa) for public purpose. It contains detailed land description including boundaries, survey details, and location information. While it mentions a government minister (Gayantha Karunatilleke), the primary focus is on land acquisition matters, making it a Land Gazette (Type 4) rather than a government personnel or structural gazette."
2154-03,2019-12-16,LEGAL_REGULATORY,"This gazette notification is issued under the Customs Ordinance (Chapter 235) and concerns the determination of official exchange rates for customs duties and charges. It constitutes a regulatory framework for customs operations, falls under statutory instruments/subsidiary legislation, and rescinds a previous notification - all characteristics of Legal/Regulatory matters. While it names an individual (C. Jayasuriya), this is in an operational capacity to establish legal authority rather than constituting a government personnel appointment with portfolio responsibilities."
2154-04,2019-12-16,LAND,"This gazette notice is exclusively about land acquisition under the Land Acquisition Act. It describes specific parcels of land being acquired by the government, provides detailed descriptions of the properties (lot numbers, extents, locations, and claimants), and outlines the legal process for compensation claims. The content falls squarely within the definition of Type 4 (Land Gazettes) as it deals with land acquisition, property descriptions, and land-related administrative procedures."
2154-05,2019-12-16,PEOPLE,"This gazette contains only government personnel appointments (Secretaries to Ministries) with named individuals and their basic titles/ministry names, but does not include detailed descriptions of portfolio responsibilities or subject matter areas. It fits the definition of Type 2 (People Gazette) as it focuses exclusively on personnel changes without detailed portfolio information."
2154-06,2019-12-16,LAND,"This gazette content exclusively deals with land acquisition notices under the Land Acquisition Act. It contains detailed descriptions of specific parcels of land being acquired by the government for public purposes, including lot numbers, land descriptions, ownership details, and extents. The content focuses entirely on land matters without any government personnel changes, structural reorganizations, or other specialized categories."
2153-29,2019-12-14,LEGAL_REGULATORY,"This gazette notification amends regulations under the Finance Act, No. 35 of 2018, specifically modifying the procedures for amending Letters of Credit for vehicle imports. It contains legal/regulatory content about import regulations, compliance requirements, and statutory procedures without involving government personnel changes, structural reorganizations, or any of the other specialized categories. The mention of the Minister's name is incidental to the legal/regulatory nature of the content rather than being the primary focus of the gazette."
2153-19,2019-12-13,ORGANISATIONAL,"This gazette content involves the appointment of a Competent Authority for a university under the Universities Act. While it mentions a Minister (Bandula Gunawardana), this is not about government personnel changes or structural reorganization. The content specifically deals with higher education administration and falls under educational matters, which is categorized as Miscellaneous (Type 10) according to the classification guidelines."
2153-20,2019-12-13,HYBRID,"This gazette names a specific individual (Bandula Gunawardana) in his official capacity as Minister and outlines detailed responsibilities being assigned to another named individual (Senior Professor Janitha Abeywickrama Liyanage) as Competent Authority with specific powers and functions. It contains both government personnel (who) and detailed administrative responsibilities (what), making it a Hybrid Gazette."
2153-21,2019-12-13,LAND,"This gazette content specifically deals with the amendment of land title registration for a specific parcel of land (No. 78 of Block 10) in the Kadirana-North area. It involves corrections to the parcel number and extent measurements in the land registry, which falls under land and property-related matters. The document is published in ""PART III - LANDS"" and references the Registration of Title Act, further confirming its focus on land administration rather than government personnel or structural changes."
2153-22,2019-12-13,LAND,"This gazette content deals exclusively with land title registration amendments under the Registration of Title Act, specifically expunging particulars of specific land parcels in various locations. It contains detailed descriptions of land parcels, cadastral maps, and village/division information, making it primarily about land and property matters. The content falls under the Land Gazettes category as it involves land title registrations and amendments without any government personnel changes or structural administrative modifications."
2153-23,2019-12-13,LAND,"This gazette content deals exclusively with land title registration matters under the Registration of Title Act. It contains declarations of determination for specific land parcels, including detailed property descriptions, cadastral references, ownership details, and land rights. The content appears in ""PART III - LANDS"" of the gazette and focuses on land title settlements, property ownership determinations, and related land administration matters, making it clearly a Land Gazette."
2153-24,2019-12-13,LAND,"This gazette content deals exclusively with land title registration matters under the Registration of Title Act. It contains declarations of determination for specific land parcels (including parcel numbers, cadastral map references, locations, and ownership details) by the Commissioner of Title Settlement. The content focuses on land ownership, property rights, and title settlements, which falls squarely under the Land Gazettes category (Type 4) for land and property-related matters."
2153-25,2019-12-13,LAND,"This gazette content deals exclusively with land title registration matters under the Registration of Title Act. It contains declarations of determination for specific land parcels (including parcel numbers, extents, owner details, and encumbrances) in various villages. The content focuses on land ownership, title settlement, and property rights, which falls squarely under the Land Gazettes category (Type 4) as it involves land registrations, property ownership, and land title matters."
2153-26,2019-12-13,LAND,"This gazette content exclusively deals with land acquisition matters under the Land Acquisition Act, specifically amending previous acquisition notices for specific plots of land in Polonnaruwa District. It contains detailed descriptions of land lots, their locations, extents, claimants, and compensation procedures. The content falls squarely within the Land Gazette category (Type 4) as it focuses on land acquisition, property descriptions, and land-related administrative procedures without involving government personnel changes, organizational restructuring, or other specialized categories."
2153-28,2019-12-13,LEGAL_REGULATORY,"This gazette content involves the imposition of a Special Commodity Levy under the Special Commodity Levy Act, No. 48 of 2007. It is a regulatory order that creates a new financial obligation (a levy) on specific commodities, which falls under the category of Legal/Regulatory matters. While it names Mahinda Rajapaksa as the Minister issuing the order, the primary purpose is to establish a regulatory framework and compliance requirement for commodity imports, not to detail his portfolio responsibilities or make a personnel announcement. Therefore, it meets the criteria for Type 5 (Legal/Regulatory) rather than a government personnel or hybrid classification."
2153-13,2019-12-12,LAND,"This gazette content is exclusively about land acquisition under the Land Acquisition Act, describing specific parcels of land to be acquired by the government for public purposes. It contains detailed descriptions of land lots, their locations, extents, and claimants, along with procedures for compensation claims. This falls squarely under ""Land and property-related matters"" as defined in Type 4 (Land Gazettes)."
2153-14,2019-12-12,ELECTIONS,"This gazette content specifically deals with filling vacancies in a local government authority (Karachchi Pradeshiya Sabha) under the Local Authorities Elections Ordinance. It involves electoral processes including resignation of members, nomination by political parties, and declaration of elected members to fill vacancies. This falls squarely under Election Gazettes (Type 7) as it concerns electoral matters at the local government level."
2153-15,2019-12-12,LEGAL_REGULATORY,"This gazette contains regulations made by a Minister under the Pilgrimages Ordinance, establishing legal rules and compliance requirements for a specific pilgrimage site. It fits the Legal/Regulatory classification as it creates new regulatory frameworks, defines terms, establishes powers for officials, and sets penalties for non-compliance - all characteristic of subsidiary legislation."
2153-16,2019-12-12,LAND,"This gazette content exclusively deals with land acquisition notices under the Land Acquisition Act, providing detailed descriptions of specific land parcels being acquired by the government for public purposes. It includes information about land locations, extents, uses, and claimants, which falls squarely under the Land Gazettes category (Type 4) for land and property-related matters."
2153-17,2019-12-12,LAND,"This gazette content is a declaration under the Land Acquisition Act for the acquisition of multiple land parcels for public purpose. It contains detailed descriptions of specific land lots, their extents, boundaries, and locations. The content focuses exclusively on land acquisition matters, which falls under the Land Gazettes classification (Type 4) for land and property-related matters including land acquisitions, transfers, and detailed land descriptions."
2153-18,2019-12-12,ELECTIONS,"This gazette notification specifically concerns the filling of a parliamentary vacancy due to the death of a member, which is an electoral process matter. It involves the Election Commission's official declaration of a new Member of Parliament to fill the vacancy, following the procedures outlined in the Parliamentary Elections Act and the Constitution. This falls squarely under Election Gazettes (Type 7) as it deals with electoral processes, candidate declarations, and filling elected positions."
2153-09,2019-12-10,ELECTIONS,"This gazette notice announces the appointment of the Chairman and Vice Chairman of the Elpitiya Pradeshiya Sabha following a local authority election. It is published under the Local Authorities Elections Ordinance and issued by the Election Commission. The content specifically deals with election results and declarations for a local government body, which falls under the ""Elections Gazettes"" category (Type 7) for electoral processes and related matters."
2153-10,2019-12-10,PEOPLE,"This gazette notification solely announces the resignation of a named individual (Hon. Mahinda Amaraweera, M.P.) from his government position (Minister of Passenger Transport Management). It does not contain any details about the responsibilities of the office, structural changes to the ministry, or portfolio assignments. The content focuses exclusively on a personnel change, fitting the criteria for Type 2 (People Gazette)."
2153-11,2019-12-10,PEOPLE,"This gazette content announces the appointment of a specific individual (Hon. Mahinda Amaraweera, Member of Parliament) to a ministerial position (Minister of Transport Service Management). It includes the person's name and basic title but does not provide any detailed description of portfolio responsibilities or subject matter areas. This fits the definition of a People Gazette (Type 2), which covers government personnel changes without detailed portfolio information."
2153-12,2019-12-10,HYBRID,"This gazette notification names President Gotabaya Rajapaksa and provides an extensive, detailed schedule outlining the specific portfolios, duties, functions, departments, statutory institutions, and laws assigned to the Minister of Defence. It contains both the ""who"" (the President making the assignment) and the ""what"" (detailed ministerial responsibilities), making it a Hybrid Gazette."
2153-01,2019-12-09,LEGAL_REGULATORY,"This gazette notification is issued under the Customs Ordinance (Chapter 235) and establishes new rates of exchange for customs duties and charges. It constitutes a regulatory framework for customs operations, making it a Legal/Regulatory Gazette. While it names an individual (C. Jayasuriya, Acting Director General of Customs), this is in an official capacity to establish the legal authority for the notification, not to announce a personnel change. The core content is purely regulatory, establishing legally binding exchange rates."
2153-02,2019-12-09,LAND,"This gazette content is exclusively about land acquisition under the Land Acquisition Act. It contains detailed descriptions of multiple land parcels, their boundaries, extents, and claimants. The content is focused solely on land and property matters, falling squarely under the definition of a Land Gazette (Type 4). While a government minister is named, this is only in their capacity to declare the land acquisition for public purpose, and the notice does not contain any information about government personnel changes or structural reorganizations."
2153-03,2019-12-09,LAND,"This gazette notice is exclusively about land acquisition matters under the Land Acquisition Act. It details the deposit of statutory compensation for specific land lots (1241-1244) acquired for the State, including the land name, plan numbers, extent, and location. The content falls squarely within land and property-related matters without any government personnel changes, structural changes, or other specialized categories."
2153-04,2019-12-09,LAND,"This gazette notice is a Land Acquisition Notice published under the Land Acquisition Act. It specifically deals with the acquisition of a described parcel of land (Patapilikanda Kele, 00736 Hect.) for a public purpose (to provide a filling station). The content includes detailed land descriptions, boundaries, and procedures for claiming compensation, which are all core elements of land and property-related matters, fitting the definition of a Land Gazette (Type 4)."
2153-05,2019-12-09,PEOPLE,"This gazette contains multiple government personnel appointments (naming specific individuals like Mrs. R. H. C. Priyanthi, Engineer Mr. Chandrathilake, etc.) with their basic titles (Acting Director of Social Service, Director to the Road, etc.) but does NOT include detailed descriptions of portfolio responsibilities or subject matter areas. The content focuses solely on who is being appointed to which positions, making it a People Gazette (Type 2)."
2153-06,2019-12-09,PUBLIC_SERVICE,"This gazette content pertains to amendments to the Service Minute of the Sri Lanka Teacher Educators Service, specifically detailing recruitment procedures, qualification requirements, interview processes, and marking schemes. This falls under public sector administration, specifically public service recruitment and service conditions, which is the definition of a Public Service Gazette (Type 8)."
2153-07,2019-12-09,LAND,"This gazette content exclusively deals with land acquisition notices under the Land Acquisition Act, providing detailed descriptions of specific land parcels being acquired by the state for public purposes (Kurunegala - Habarana Railway Project). It includes cadastral map references, lot numbers, land descriptions, extents, and claimant information, making it clearly land-related content that falls under Type 4 (Land Gazettes)."
2152-60,2019-12-06,LEGAL_REGULATORY,"This gazette content primarily involves the amendment of tax regulations under the Value Added Tax Act. It contains a legal order issued by the Minister of Finance that modifies previous tax provisions and defines specific tax-related terms and calculations. This falls under Legal/Regulatory classification as it deals with regulatory frameworks, statutory instruments, and amendments to existing legislation."
2152-61,2019-12-06,LAND,"This gazette content consists entirely of land acquisition declarations under the Land Acquisition Act, specifying particular land parcels, their boundaries, extents, and the public purpose for which they are needed. While a government minister is named, the core subject matter is exclusively about land and property matters, making it a clear fit for the Land Gazettes category (Type 4). The government personnel element is secondary to the primary land-focused content."
2152-62,2019-12-06,ELECTIONS,"This gazette notice contains election results for a local authority (Elpitiya Pradeshiya Sabha), specifically declaring the names of elected members for wards. It is published by the Election Commission under the Local Authorities Elections Ordinance and serves as an addition to previously published election results. This content fits squarely within the Elections category (Type 7) as it deals with election results and declarations."
2152-63,2019-12-06,LEGAL_REGULATORY,"This gazette contains regulations made under the Imports and Exports (Control) Act, specifically amending import control regulations and schedules. It deals with legal/regulatory matters (new regulations and amendments to existing ones) rather than government personnel, organizational changes, or other specialized categories. The mention of the Minister's name is incidental to the regulatory content."
2152-64,2019-12-06,COMMERCIAL,"This gazette notice concerns the cancellation of a banking license and the merger of financial institutions (Lankaputhra Development Bank Limited with Pradeshiya Sanwardhana Bank) under the Banking Act. It deals specifically with banking business regulations and financial institution operations, which falls under commercial matters related to banking and financial institutions."
2152-65,2019-12-06,LAND,"This gazette content exclusively deals with land acquisition notices under the Land Acquisition Act, including detailed descriptions of specific land parcels, their boundaries, extents, ownership, and acquisition procedures. It falls under the ""Land and property-related matters"" category as it involves government acquisition of land for public purposes, which is the defining characteristic of Type 4 (Land Gazettes)."
2152-66,2019-12-06,LAND,"This gazette content primarily deals with land acquisition matters under the Land Acquisition Act. It contains declarations for acquiring specific land parcels for public purposes, including detailed descriptions of land boundaries, extents, and locations. The content focuses exclusively on land-related administrative procedures without involving government personnel changes, structural reforms, or other specialized categories."
2152-67,2019-12-06,LAND,"This gazette content exclusively deals with land acquisition matters under the Land Acquisition Act, specifically providing detailed descriptions of 141 land lots being acquired by the government for public purposes. It includes specific land details such as lot numbers, land names, uses, claimants, and exact measurements, which falls squarely under the Land Gazettes category (Type 4) for land and property-related matters."
2152-68,2019-12-06,JUDICIAL_LAW_ENFORCEMENT,"This gazette notice is issued by the Mediation Boards Commission and concerns the appointment of mediators (Chairman and Mediators) for a Special Mediation Board. The primary focus is on the judicial/administrative process of appointing individuals to a quasi-judicial body responsible for resolving land disputes for a specific category of citizens. It details the nomination process, eligibility criteria, and the authority making the appointments. This falls under the ""Judicial/Law Enforcement"" category (Type 9) as it pertains to the appointment of officials for a dispute resolution body established by law."
2152-69,2019-12-06,LEGAL_REGULATORY,"This gazette content involves a regulatory notice from the Public Utilities Commission of Sri Lanka issuing certificates of exemption from licensing requirements under the Sri Lanka Electricity Act. It falls under Legal/Regulatory classification as it concerns regulatory frameworks, compliance requirements, and statutory instruments related to electricity distribution."
2152-32,2019-12-05,LEGAL_REGULATORY,"This gazette content primarily involves the issuance of a legal order under the Ports and Airports Development Levy Act, No. 18 of 2011. It establishes new regulatory rates and exemptions for import levies, amends previous orders, and contains detailed legal provisions and schedules. While it mentions Minister Mahinda Rajapaksa, it does so in the context of exercising statutory powers to create regulations rather than focusing on his appointment or detailed portfolio responsibilities. The core content is regulatory/legal in nature, making it a Legal/Regulatory Gazette (Type 5)."
2152-33,2019-12-05,LAND,"This gazette notice concerns land acquisition matters under the Land Acquisition Act, specifically providing notice of statutory compensation deposits for acquired lands. The content details specific land parcels, their locations, extents, and compensation amounts deposited in court - all of which fall under land and property-related matters as defined in Type 4 (Land Gazettes)."
2152-34,2019-12-05,LEGAL_REGULATORY,"This gazette content establishes a new regulatory by-law for maintaining dangerous and unpleasant businesses within the Balangoda Urban Council area. It creates legal requirements, compliance standards, and enforcement mechanisms for business operations, falling squarely under ""Legal/Regulatory Gazettes"" which cover ""new laws, acts, ordinances, and regulations"" and ""regulatory frameworks and compliance requirements."" While it mentions the Governor's approval, this is procedural for enacting the regulation rather than being about government personnel or structure."
2152-35,2019-12-05,LEGAL_REGULATORY,"This gazette contains regulations made by the Minister of Finance under the Finance Act, establishing legal frameworks for commercial hub operations, exemptions from customs and foreign exchange laws, and detailed regulatory requirements for enterprises. The content focuses on legal/regulatory matters rather than government personnel changes, organizational structure, or other specialized categories."
2152-36,2019-12-05,PEOPLE,"This gazette exclusively lists the names of specific individuals (K. H. Kapila Senarathna, Piyasena Guruge, etc.) who are being dismissed from their positions on the boards of provincial authorities. It provides their names and the fact of their dismissal but contains no details about their portfolio responsibilities, duties, or the functions of the authorities they served on. This fits the definition of a People Gazette (Type 2), which covers government personnel changes like appointments, resignations, and dismissals without detailing their specific responsibilities."
2152-37,2019-12-05,LEGAL_REGULATORY,"This gazette content establishes a new by-law regulating dangerous and unpleasant businesses within the Eheliyagoda Pradeshiya Sabha area. It creates a comprehensive regulatory framework with licensing requirements, operational standards, and compliance measures. The content focuses entirely on legal/regulatory matters - creating new rules, procedures, and enforcement mechanisms under the authority of existing legislation (Pradeshiya Sabha Act), which fits the definition of Legal/Regulatory Gazettes (Type 5)."
2152-38,2019-12-05,LEGAL_REGULATORY,"This gazette content primarily involves the approval and enactment of a by-law regulating dangerous and unpleasant businesses within the Kuruwita Pradeshiya Sabha area. It establishes legal requirements, licensing procedures, and regulatory compliance standards for business operations, which falls under Legal/Regulatory matters (Type 5). While it mentions the Governor's approval, this is part of the legal enactment process rather than a personnel appointment with detailed portfolio responsibilities."
2152-39,2019-12-05,LEGAL_REGULATORY,"This gazette content primarily involves the approval and enactment of a by-law regulating dangerous and unpleasant businesses within the Kalawana Pradeshiya Sabha area. It establishes legal requirements, licensing procedures, and compliance standards for business operations, falling under the Legal/Regulatory category (Type 5) as it creates subsidiary legislation under the Pradeshiya Sabha Act."
2152-40,2019-12-05,LEGAL_REGULATORY,"This gazette content primarily involves the approval and enactment of a by-law regulating dangerous and unpleasant businesses within the Nivithigala Pradeshiya Sabha area. It establishes legal/regulatory frameworks, compliance requirements, and enforcement procedures under the Pradeshiya Sabha Act, making it a clear example of Legal/Regulatory classification (Type 5) rather than government personnel/structure matters."
2152-41,2019-12-05,LEGAL_REGULATORY,"This gazette content primarily involves the approval and enactment of a by-law regulating dangerous and unpleasant businesses within the Rathnapura Pradeshiya Sabha area. It establishes legal/regulatory frameworks, compliance requirements, and enforcement procedures under the Pradeshiya Sabha Act, making it a clear example of Legal/Regulatory classification (Type 5) rather than government personnel/structure matters."
2152-42,2019-12-05,LEGAL_REGULATORY,"This gazette content establishes a new by-law regulating dangerous and unpleasant businesses within the Godakawela Pradeshiya Sabha area. It creates a comprehensive regulatory framework with licensing requirements, operational standards, and compliance rules. This falls under Legal/Regulatory Gazettes (Type 5) as it involves the creation of subsidiary legislation under the Pradeshiya Sabha Act, establishing binding legal requirements for business operations."
2152-43,2019-12-05,LEGAL_REGULATORY,"This gazette content primarily involves the approval and enactment of a by-law regulating dangerous and unpleasant businesses within the Pelmadulla Pradeshiya Sabha area. It establishes legal requirements, licensing procedures, and compliance standards for business operations, falling under the Legal/Regulatory category (Type 5) as it creates subsidiary legislation under the Pradeshiya Sabha Act."
2152-44,2019-12-05,LEGAL_REGULATORY,"This gazette content primarily involves the approval and enactment of a by-law regulating dangerous and unpleasant businesses within the Kahawatta Pradeshiya Sabha area. It establishes legal requirements, licensing procedures, and regulatory compliance standards for business operations, which falls under the definition of Legal/Regulatory Gazettes (Type 5) as it creates new regulatory frameworks and compliance requirements."
2152-45,2019-12-05,LEGAL_REGULATORY,"This gazette content primarily involves the approval and publication of a new by-law regulating dangerous and unpleasant businesses within the Balangoda Pradeshiya Sabha area. It establishes legal requirements, licensing procedures, and compliance standards for business operations, which falls under the Legal/Regulatory classification (Type 5) for regulatory frameworks and compliance requirements. While it mentions the Governor's approval, this is procedural for enacting the regulation rather than constituting a personnel appointment with portfolio responsibilities."
2152-46,2019-12-05,LEGAL_REGULATORY,"This gazette content establishes a regulatory framework for dangerous and unpleasant businesses within the Imbulpe Pradeshiya Sabha area. It creates new by-laws with detailed compliance requirements, licensing procedures, and operational standards. The content focuses on legal/regulatory matters rather than government personnel changes, organizational structure, or other specialized categories. It falls under Type 5 as it constitutes subsidiary legislation under the Pradeshiya Sabha Act."
2152-47,2019-12-05,LEGAL_REGULATORY,"This gazette content primarily involves the approval and enactment of a by-law regulating dangerous and unpleasant businesses within the Weligepola Pradeshiya Sabha area. It establishes legal requirements, licensing procedures, and regulatory compliance standards for business operations, which falls under Legal/Regulatory matters (Type 5). While it mentions the Governor's approval, this is part of the legal enactment process rather than a personnel appointment with detailed portfolio responsibilities."
2152-48,2019-12-05,LEGAL_REGULATORY,"This gazette content establishes a new by-law regulating dangerous and unpleasant businesses within the Embilipitiya Pradeshiya Sabha area. It creates a comprehensive regulatory framework with licensing requirements, operational standards, and compliance measures. This falls under Legal/Regulatory classification as it involves the creation of subsidiary legislation under the Pradeshiya Sabha Act, establishing binding legal requirements for business operations."
2152-49,2019-12-05,LEGAL_REGULATORY,"This gazette content establishes a regulatory framework for dangerous and unpleasant businesses within the Kolonna Pradeshiya Sabha area. It creates new by-laws with detailed compliance requirements, licensing procedures, and operational standards. The content focuses on legal/regulatory matters rather than government personnel changes, organizational structure, or other specialized categories. It falls under Type 5 (Legal/Regulatory) as it constitutes subsidiary legislation enacted under the Pradeshiya Sabha Act."
2152-50,2019-12-05,LEGAL_REGULATORY,"This gazette content primarily involves the approval and enactment of a new by-law regulating dangerous and unpleasant businesses within the Deraniyagala Pradeshiya Sabha area. It establishes legal requirements, licensing procedures, and compliance standards for business operations, falling under the Legal/Regulatory category (Type 5) as it creates new regulatory frameworks and compliance requirements rather than dealing with government personnel, organizational changes, or other specialized categories."
2152-51,2019-12-05,LEGAL_REGULATORY,"This gazette content primarily involves the approval and enactment of a by-law regulating dangerous and unpleasant businesses within the Dehiowita Pradeshiya Sabha area. It establishes legal requirements, licensing procedures, and compliance standards for business operations, which falls under the definition of Legal/Regulatory Gazettes (Type 5) as it creates new regulatory frameworks and compliance requirements. While it mentions the Governor's approval, this is incidental to the main purpose of publishing the regulatory by-law itself."
2152-52,2019-12-05,LEGAL_REGULATORY,"This gazette content primarily involves the approval and publication of a new by-law regulating dangerous and unpleasant businesses within the Kegalle Pradeshiya Sabha area. It establishes legal requirements, licensing procedures, and compliance standards for business operations, which falls under the Legal/Regulatory classification (Type 5) for regulatory frameworks and compliance requirements. While it mentions the Governor's approval, this is incidental to the main purpose of publishing the regulatory by-law itself."
2152-53,2019-12-05,LEGAL_REGULATORY,"This gazette content primarily involves the approval and publication of a new by-law regulating dangerous and unpleasant businesses within the Warakapola Pradeshiya Sabha area. It establishes legal requirements, licensing procedures, and compliance standards for business operations, which falls under the Legal/Regulatory classification (Type 5) for regulatory frameworks and compliance requirements. While it mentions the Governor's approval, this is incidental to the main purpose of publishing the regulatory by-law itself."
2152-54,2019-12-05,LEGAL_REGULATORY,"This gazette content primarily involves the approval and enactment of a by-law regulating dangerous and unpleasant businesses within the Rambukkana Pradeshiya Sabha area. It establishes legal requirements, licensing procedures, and compliance standards for business operations, making it a regulatory matter that falls under Legal/Regulatory classification (Type 5). The content does not involve government personnel changes, structural changes, or any of the other specialized categories."
2152-55,2019-12-05,LEGAL_REGULATORY,"This gazette content primarily involves the approval and enactment of a by-law regulating dangerous and unpleasant businesses within the Aranayaka Pradeshiya Sabha area. It establishes legal/regulatory frameworks, compliance requirements, and enforcement procedures under the Pradeshiya Sabha Act, making it a clear example of Legal/Regulatory classification (Type 5) rather than government personnel/structure matters."
2152-56,2019-12-05,LEGAL_REGULATORY,"This gazette content primarily involves the approval and publication of a new by-law regulating dangerous and unpleasant businesses within the Bulathkohupitiya Pradeshiya Sabha area. It establishes legal requirements, licensing procedures, and regulatory compliance standards for business operations, which falls under the Legal/Regulatory classification (Type 5) for regulatory frameworks and compliance requirements. While it mentions a government official (the Governor), it does not focus on government personnel changes or structural reorganization, but rather on the creation of a regulatory instrument."
2152-57,2019-12-05,LEGAL_REGULATORY,"This gazette content primarily involves the approval and enactment of a by-law regulating dangerous and unpleasant businesses within the Galigamuwa Pradeshiya Sabha area. It establishes legal requirements, licensing procedures, and compliance standards for business operations, which falls under the Legal/Regulatory classification (Type 5) for regulatory frameworks and compliance requirements. While it mentions the Governor's approval, this is incidental to the main purpose of publishing the regulatory by-law itself."
2152-58,2019-12-05,LEGAL_REGULATORY,"This gazette content primarily involves the approval and enactment of a by-law regulating dangerous and unpleasant businesses within the Yatiyanthota Pradeshiya Sabha area. It establishes legal/regulatory frameworks, compliance requirements, and enforcement mechanisms for business operations, which falls under Legal/Regulatory Gazettes (Type 5). While it mentions the Governor's approval, this is procedural for enacting the regulation rather than constituting a personnel appointment with portfolio responsibilities."
2152-59,2019-12-05,LEGAL_REGULATORY,"This gazette content primarily involves the approval and enactment of a by-law regulating dangerous and unpleasant businesses within the Ayagama Pradeshiya Sabha area. It establishes regulatory frameworks, compliance requirements, and enforcement procedures under the Pradeshiya Sabha Act, making it a Legal/Regulatory gazette. The content does not involve government personnel changes, structural reorganizations, or any of the other specialized categories like land, commercial, or public service matters."
2152-18,2019-12-04,LAND,"This gazette content is exclusively about land title registration under the Registration of Title Act, specifically declaring the Commissioner of Title Settlement's determination regarding a specific parcel of land (Parcel No 10 of Block 01) with detailed land particulars including location, ownership details, and legal status. It falls under the Land Gazettes category as it deals with land registration and title settlement matters."
2152-19,2019-12-04,LAND,"This gazette content exclusively deals with land title registration matters under the Registration of Title Act, specifically declaring determinations of land titles for multiple parcels in Panakawa village. It contains detailed land parcel numbers, ownership information, extents, and other land-specific details, making it clearly a Land Gazette according to the classification criteria."
2152-20,2019-12-04,LAND,"This gazette content is primarily about land acquisition under the Land Acquisition Act. It contains a formal declaration by the Minister for the acquisition of specific land parcels (Lots A-C) for public purpose, including detailed descriptions of the land boundaries, extents, and locations. While it mentions a government minister, the core content focuses entirely on land/property matters rather than government structure, personnel changes, or portfolio responsibilities, making it a Land Gazette (Type 4)."
2152-21,2019-12-04,LAND,"This gazette content exclusively deals with land title registration and determinations regarding specific land parcels under the Registration of Title Act. It contains detailed schedules listing land parcel numbers, ownership details, extents, and other land-specific information. The content falls squarely within the definition of Land Gazettes, which cover land registrations, property ownership, land titles, and related administrative determinations."
2152-22,2019-12-04,LAND,"This gazette content deals exclusively with land title registration matters under the Registration of Title Act. It contains declarations of title determinations for specific land parcels, including parcel numbers, extent measurements, owner details, and land classification information. The content is published in ""PART III - LANDS"" of the gazette and focuses entirely on land ownership and title settlement matters, fitting perfectly within the Land Gazette classification (Type 4)."
2152-23,2019-12-04,LAND,"This gazette content exclusively deals with land title registration matters under the Registration of Title Act, No. 21 of 1998. It contains declarations of determination for specific land parcels (including parcel numbers, ownership details, extent of land, and encumbrances) in designated locations. The content falls under ""Land and property-related matters"" including ""land registrations, property ownership, land titles"" as specified in the Land Gazettes (Type 4) classification criteria."
2152-24,2019-12-04,LAND,"This gazette content specifically deals with land title registration under the Registration of Title Act, declaring the determination of title for specific land parcels (Nos. 233 of Block 03) with detailed land particulars including location, extent, ownership details, and encumbrances. It falls squarely within the Land Gazette category as it concerns land registration, property ownership, and title settlement matters."
2152-25,2019-12-04,LAND,"This gazette content is exclusively about land title registration under the Registration of Title Act, specifically declaring the determination of title for a specific land parcel (No. 131 of Block 04) with detailed land identification details including cadastral map number, village location, and administrative divisions. It falls under the Land Gazettes category as it deals with land registration and title settlement matters."
2152-26,2019-12-04,PEOPLE,"This gazette exclusively lists the names of specific individuals (K. H. Kapila Senarathna, Piyasena Guruge, etc.) who are being dismissed from their positions on the boards of provincial authorities. It provides their names and the fact of their dismissal but contains no details about their portfolio responsibilities, duties, or the functions of the authorities they served on. This fits the definition of a People Gazette (Type 2), which covers government personnel changes like appointments, resignations, and dismissals without detailing their specific responsibilities."
2152-27,2019-12-04,LAND,"This gazette content deals exclusively with land title registration matters under the Registration of Title Act. It contains declarations of title determinations for specific land parcels, including detailed schedules with parcel numbers, owner names, extent of land, title classifications, and encumbrances. The content focuses on land ownership and property rights rather than government personnel, organizational changes, or other specialized categories."
2152-28,2019-12-04,LAND,"This gazette content exclusively deals with land title claims and registration matters under the Registration of Title Act. It involves notices calling for claims to specific land parcels in multiple districts (Colombo, Rathnapura, Polonnaruwa), including cadastral map references, land parcel details, and procedures for determining land ownership. This fits the definition of Land Gazettes which cover ""land registrations, property ownership, land titles"" and ""land acquisitions, transfers, or disposals."""
2152-29,2019-12-04,LAND,"This gazette content exclusively deals with land title claims and registration matters under the Registration of Title Act. It contains multiple notices calling for claims to specific land parcels in various districts (Colombo, Matara, Kurunegala, Kalutara), including cadastral map references, land parcel descriptions, and procedures for determining land ownership. The content falls squarely within the Land Gazette category as it primarily concerns land registration, title claims, and property ownership matters."
2152-30,2019-12-04,LAND,"This gazette content exclusively deals with land-related matters, specifically notices calling for claims to land parcels under the Registration of Title Act. It involves land ownership claims, cadastral maps, land title settlement procedures, and determinations of land titles - all falling squarely within the Land Gazettes classification (Type 4) for land and property-related matters."
2152-31,2019-12-04,LAND,"This gazette content exclusively deals with land title registrations and amendments under the Registration of Title Act. It contains multiple entries detailing specific land parcels, their cadastral references, and amendments to land title records including servitude rights and encumbrances. The content is focused entirely on land and property matters, falling squarely within the Land Gazette classification (Type 4) without any government personnel changes, organizational restructuring, or other specialized categories."
2152-08,2019-12-03,ELECTIONS,"This gazette concerns the filling of a vacancy in a local government council (Vavuniya Urban Council) under the Local Authorities Elections Ordinance. It details the electoral process for replacing a resigned member, including the nomination by a political party and the official declaration by the Returning Officer. This content fits the definition of Type 7 (Elections Gazettes), which covers electoral processes, candidate nominations, and declarations related to local authority elections."
2152-09,2019-12-03,ELECTIONS,"This gazette content specifically deals with filling vacancies in a local government body (Vavuniya South Pradeshiya Sabha) under the Local Authorities Elections Ordinance. It involves electoral processes, including the declaration of selected members to fill positions vacated by resignation, which falls under election-related matters and procedures."
2152-10,2019-12-03,LAND,"This gazette content deals exclusively with land acquisition matters under the Land Acquisition Act. It provides detailed schedules of specific land parcels being acquired by the government, including location details (province, district, village), land names, plot numbers, extents, and compensation deposit information. The notice informs the public about compensation payments for acquired lands and directs claimants to the District Court, making this clearly a land-related administrative matter falling under Type 4 (Land Gazettes)."
2152-11,2019-12-03,LEGAL_REGULATORY,"This gazette notification primarily concerns regulatory matters under the Excise Ordinance, specifically setting new excise duty rates on various types of liquor. It is issued by the Minister of Finance under statutory powers and contains detailed regulatory provisions about tax rates, exemptions for exports and diplomatic missions, and the rescission of a previous notification. This fits the Legal/Regulatory classification (Type 5) as it involves subsidiary legislation and regulatory compliance requirements rather than government personnel changes, organizational restructuring, or other specialized categories."
2152-12,2019-12-03,LEGAL_REGULATORY,"This gazette notification primarily concerns the establishment of new excise duties and import regulations for foreign liquor under the Excise Ordinance. It creates regulatory requirements, specifies duty rates, and outlines compliance procedures - all characteristic of legal/regulatory matters rather than government personnel changes, organizational restructuring, or other specialized categories. The mention of the Minister's name is incidental to the regulatory function being exercised."
2152-13,2019-12-03,LEGAL_REGULATORY,"This gazette content primarily involves the issuance of a new excise notification (No. 09/2019) under the Excise Ordinance, which establishes regulatory changes to excise duty rates on locally produced wine. It constitutes a statutory instrument and regulatory amendment, falling clearly under Legal/Regulatory matters rather than government personnel/structure changes or other specialized categories."
2152-14,2019-12-03,JUDICIAL_LAW_ENFORCEMENT,"This gazette content involves the appointment of a retired Court of Appeal Judge to conduct a formal inquiry into alleged offenses by an Urban Council and its Chairman. This falls under judicial/law enforcement matters as it concerns the appointment of a judicial officer to investigate potential legal violations, specifically under the Urban Councils Ordinance. The content focuses on the investigative process and legal procedures rather than government personnel changes, organizational restructuring, or other specialized categories."
2152-15,2019-12-03,LAND,"This gazette content deals exclusively with land title registration matters under the Registration of Title Act. It contains declarations of determination for specific land parcels, including parcel numbers, ownership details, extent of land, and encumbrances. The content focuses on land registration, title settlement, and property ownership in specific locations, which falls squarely under the Land Gazettes category (Type 4) for land and property-related matters."
2152-16,2019-12-03,LAND,"This gazette content exclusively deals with land title registration matters under the Registration of Title Act, No. 21 of 1998. It contains declarations of determination for specific land parcels (including parcel numbers, locations, cadastral maps, and ownership details) by the Commissioner of Title Settlement. The content focuses entirely on land registration, title settlement, and property ownership matters, which falls squarely under the Land Gazettes classification (Type 4). There are no government personnel changes, organizational restructuring, or other non-land related administrative matters present."
2152-17,2019-12-03,LAND,"This gazette content deals exclusively with land title registration matters under the Registration of Title Act. It contains declarations of determination by the Commissioner of Title Settlement regarding specific land parcels (including parcel numbers, cadastral maps, locations, and owner details), which falls squarely under the Land Gazettes category (Type 4) for land registrations and property ownership matters."
2152-01,2019-12-02,LEGAL_REGULATORY,"This gazette content is a Customs Notification that establishes new rates of exchange for customs duties and charges. It exercises regulatory powers under the Customs Ordinance (Chapter 235) to determine how customs calculations will be made, which falls under legal/regulatory matters. The content involves regulatory frameworks and compliance requirements for international trade, making it Type 5 (Legal/Regulatory) rather than a government personnel or structural matter."
2152-02,2019-12-02,LAND,"This gazette content is a notice under Section 33 of the Land Acquisition Act regarding the deposit of compensation for specific land parcels where no claimant appeared. It provides detailed descriptions of land lots (including case numbers, land names, plan numbers, lot numbers, extents, and compensation amounts) in a schedule format. The content deals exclusively with land acquisition and compensation matters, falling squarely under the Land Gazette classification (Type 4) for land and property-related administrative notices."
2152-03,2019-12-02,LAND,"This gazette content is a Land Acquisition Notice published under the Land Acquisition Act. It specifically describes the government's intention to acquire a particular piece of land (including its location, lot number, name, current use, and extent) for public purposes. The notice includes details about the land acquisition process, claimant information, and compensation procedures. This falls squarely under ""Land and property-related matters"" including ""Land acquisitions, transfers, or disposals"" as defined for Type 4 (Land Gazettes)."
2152-04,2019-12-02,PEOPLE,"This gazette content exclusively lists personnel appointments (Mr. Dhanushka Weligama and Mr. Rajarathnam Gnanasekeran) to the Uva Provincial Council Public Service Commission. It provides the names and basic titles of the appointees but contains no detailed descriptions of their portfolio responsibilities or subject matter duties. This fits the definition of a People Gazette (Type 2), which covers government personnel changes without detailed portfolio information."
2152-05,2019-12-02,ELECTIONS,"This gazette notice specifically announces the declaration of a Deputy Mayor for a Local Government Authority (Polonnaruwa Municipal Council) under Section 66 C(I) of the Local Government Elections Ordinance. The content is directly related to electoral processes and the formal declaration of an elected official's name following local government elections, which falls under the Elections category (Type 7)."
2152-06,2019-12-02,LAND,"This gazette content is exclusively about land acquisition matters under the Land Acquisition Act, detailing specific land lots being acquired for public purpose, including descriptions, claimants, and extents. It falls under the Land Gazettes category (Type 4) as it deals with land acquisitions and property matters without any government personnel changes or structural administrative content."
2152-07,2019-12-02,ELECTIONS,"This gazette content is a presidential proclamation proroguing Parliament and summoning it to meet on a specified future date. This directly relates to parliamentary procedures and the scheduling of legislative sessions, which falls under electoral and parliamentary processes. According to the classification rules, Type 7 (Elections Gazettes) includes ""Election announcements and schedules"" and parliamentary summoning/commencement of sessions is a core function of electoral and parliamentary administration."
2151-60,2019-12-01,LEGAL_REGULATORY,"This gazette content primarily involves the amendment of excise duty rates through a statutory order issued under the Excise (Special Provisions) Act. It contains regulatory changes to tax rates on specific tobacco products, making it a legal/regulatory matter rather than a government personnel or structural change. The mention of Mahinda Rajapaksa as Minister is incidental to the regulatory function and does not include detailed portfolio responsibilities beyond his title."
