doc_id,download_url,file_path
2212-60,https://documents.gov.lk/view/extra-gazettes/2021/1/2212-60_E.pdf,doc-archive/2021/01/31/2212-60/2212-60_english.pdf
2212-22,https://documents.gov.lk/view/extra-gazettes/2021/1/2212-22_E.pdf,doc-archive/2021/01/29/2212-22/2212-22_english.pdf
2212-58,https://documents.gov.lk/view/extra-gazettes/2021/1/2212-58_E.pdf,doc-archive/2021/01/30/2212-58/2212-58_english.pdf
2212-33,https://documents.gov.lk/view/extra-gazettes/2021/1/2212-33_E.pdf,doc-archive/2021/01/29/2212-33/2212-33_english.pdf
2212-34,https://documents.gov.lk/view/extra-gazettes/2021/1/2212-34_E.pdf,doc-archive/2021/01/29/2212-34/2212-34_english.pdf
2212-35,https://documents.gov.lk/view/extra-gazettes/2021/1/2212-35_E.pdf,doc-archive/2021/01/29/2212-35/2212-35_english.pdf
2212-36,https://documents.gov.lk/view/extra-gazettes/2021/1/2212-36_E.pdf,doc-archive/2021/01/29/2212-36/2212-36_english.pdf
2212-37,https://documents.gov.lk/view/extra-gazettes/2021/1/2212-37_E.pdf,doc-archive/2021/01/29/2212-37/2212-37_english.pdf
2212-38,https://documents.gov.lk/view/extra-gazettes/2021/1/2212-38_E.pdf,doc-archive/2021/01/29/2212-38/2212-38_english.pdf
2212-39,https://documents.gov.lk/view/extra-gazettes/2021/1/2212-39_E.pdf,doc-archive/2021/01/29/2212-39/2212-39_english.pdf
2212-40,https://documents.gov.lk/view/extra-gazettes/2021/1/2212-40_E.pdf,doc-archive/2021/01/29/2212-40/2212-40_english.pdf
2212-42,https://documents.gov.lk/view/extra-gazettes/2021/1/2212-42_E.pdf,doc-archive/2021/01/29/2212-42/2212-42_english.pdf
2212-44,https://documents.gov.lk/view/extra-gazettes/2021/1/2212-44_E.pdf,doc-archive/2021/01/29/2212-44/2212-44_english.pdf
2212-45,https://documents.gov.lk/view/extra-gazettes/2021/1/2212-45_E.pdf,doc-archive/2021/01/29/2212-45/2212-45_english.pdf
2212-46,https://documents.gov.lk/view/extra-gazettes/2021/1/2212-46_E.pdf,doc-archive/2021/01/29/2212-46/2212-46_english.pdf
2212-47,https://documents.gov.lk/view/extra-gazettes/2021/1/2212-47_E.pdf,doc-archive/2021/01/29/2212-47/2212-47_english.pdf
2212-48,https://documents.gov.lk/view/extra-gazettes/2021/1/2212-48_E.pdf,doc-archive/2021/01/29/2212-48/2212-48_english.pdf
2212-49,https://documents.gov.lk/view/extra-gazettes/2021/1/2212-49_E.pdf,doc-archive/2021/01/29/2212-49/2212-49_english.pdf
2212-50,https://documents.gov.lk/view/extra-gazettes/2021/1/2212-50_E.pdf,doc-archive/2021/01/29/2212-50/2212-50_english.pdf
2212-51,https://documents.gov.lk/view/extra-gazettes/2021/1/2212-51_E.pdf,doc-archive/2021/01/29/2212-51/2212-51_english.pdf
2212-52,https://documents.gov.lk/view/extra-gazettes/2021/1/2212-52_E.pdf,doc-archive/2021/01/29/2212-52/2212-52_english.pdf
2212-53,https://documents.gov.lk/view/extra-gazettes/2021/1/2212-53_E.pdf,doc-archive/2021/01/29/2212-53/2212-53_english.pdf
2212-54,https://documents.gov.lk/view/extra-gazettes/2021/1/2212-54_E.pdf,doc-archive/2021/01/29/2212-54/2212-54_english.pdf
2212-55,https://documents.gov.lk/view/extra-gazettes/2021/1/2212-55_E.pdf,doc-archive/2021/01/29/2212-55/2212-55_english.pdf
2212-56,https://documents.gov.lk/view/extra-gazettes/2021/1/2212-56_E.pdf,doc-archive/2021/01/29/2212-56/2212-56_english.pdf
2212-41,https://documents.gov.lk/view/extra-gazettes/2021/1/2212-41_E.pdf,doc-archive/2021/01/29/2212-41/2212-41_english.pdf
2212-57,https://documents.gov.lk/view/extra-gazettes/2021/1/2212-57_E.pdf,doc-archive/2021/01/29/2212-57/2212-57_english.pdf
2212-26,https://documents.gov.lk/view/extra-gazettes/2021/1/2212-26_E.pdf,doc-archive/2021/01/28/2212-26/2212-26_english.pdf
2212-28,https://documents.gov.lk/view/extra-gazettes/2021/1/2212-28_E.pdf,doc-archive/2021/01/28/2212-28/2212-28_english.pdf
2212-29,https://documents.gov.lk/view/extra-gazettes/2021/1/2212-29_E.pdf,doc-archive/2021/01/28/2212-29/2212-29_english.pdf
2212-27,https://documents.gov.lk/view/extra-gazettes/2021/1/2212-27_E.pdf,doc-archive/2021/01/28/2212-27/2212-27_english.pdf
2212-30,https://documents.gov.lk/view/extra-gazettes/2021/1/2212-30_E.pdf,doc-archive/2021/01/28/2212-30/2212-30_english.pdf
2212-31,https://documents.gov.lk/view/extra-gazettes/2021/1/2212-31_E.pdf,doc-archive/2021/01/28/2212-31/2212-31_english.pdf
2212-32,https://documents.gov.lk/view/extra-gazettes/2021/1/2212-32_E.pdf,doc-archive/2021/01/28/2212-32/2212-32_english.pdf
2212-21,https://documents.gov.lk/view/extra-gazettes/2021/1/2212-21_E.pdf,doc-archive/2021/01/27/2212-21/2212-21_english.pdf
2212-23,https://documents.gov.lk/view/extra-gazettes/2021/1/2212-23_E.pdf,doc-archive/2021/01/27/2212-23/2212-23_english.pdf
2212-25,https://documents.gov.lk/view/extra-gazettes/2021/1/2212-25_E.pdf,doc-archive/2021/01/27/2212-25/2212-25_english.pdf
2212-24,https://documents.gov.lk/view/extra-gazettes/2021/1/2212-24_E.pdf,doc-archive/2021/01/27/2212-24/2212-24_english.pdf
2212-12,https://documents.gov.lk/view/extra-gazettes/2021/1/2212-12_E.pdf,doc-archive/2021/01/26/2212-12/2212-12_english.pdf
2212-13,https://documents.gov.lk/view/extra-gazettes/2021/1/2212-13_E.pdf,doc-archive/2021/01/26/2212-13/2212-13_english.pdf
2212-15,https://documents.gov.lk/view/extra-gazettes/2021/1/2212-15_E.pdf,doc-archive/2021/01/26/2212-15/2212-15_english.pdf
2212-14,https://documents.gov.lk/view/extra-gazettes/2021/1/2212-14_E.pdf,doc-archive/2021/01/26/2212-14/2212-14_english.pdf
2212-16,https://documents.gov.lk/view/extra-gazettes/2021/1/2212-16_E.pdf,doc-archive/2021/01/26/2212-16/2212-16_english.pdf
2212-17,https://documents.gov.lk/view/extra-gazettes/2021/1/2212-17_E.pdf,doc-archive/2021/01/26/2212-17/2212-17_english.pdf
2212-18,https://documents.gov.lk/view/extra-gazettes/2021/1/2212-18_E.pdf,doc-archive/2021/01/26/2212-18/2212-18_english.pdf
2212-19,https://documents.gov.lk/view/extra-gazettes/2021/1/2212-19_E.pdf,doc-archive/2021/01/26/2212-19/2212-19_english.pdf
2212-20,https://documents.gov.lk/view/extra-gazettes/2021/1/2212-20_E.pdf,doc-archive/2021/01/26/2212-20/2212-20_english.pdf
2212-01,https://documents.gov.lk/view/extra-gazettes/2021/1/2212-01_E.pdf,doc-archive/2021/01/25/2212-01/2212-01_english.pdf
2212-02,https://documents.gov.lk/view/extra-gazettes/2021/1/2212-02_E.pdf,doc-archive/2021/01/25/2212-02/2212-02_english.pdf
2212-03,https://documents.gov.lk/view/extra-gazettes/2021/1/2212-03_E.pdf,doc-archive/2021/01/25/2212-03/2212-03_english.pdf
2212-04,https://documents.gov.lk/view/extra-gazettes/2021/1/2212-04_E.pdf,doc-archive/2021/01/25/2212-04/2212-04_english.pdf
2212-05,https://documents.gov.lk/view/extra-gazettes/2021/1/2212-05_E.pdf,doc-archive/2021/01/25/2212-05/2212-05_english.pdf
2212-06,https://documents.gov.lk/view/extra-gazettes/2021/1/2212-06_E.pdf,doc-archive/2021/01/25/2212-06/2212-06_english.pdf
2212-07,https://documents.gov.lk/view/extra-gazettes/2021/1/2212-07_E.pdf,doc-archive/2021/01/25/2212-07/2212-07_english.pdf
2212-08,https://documents.gov.lk/view/extra-gazettes/2021/1/2212-08_E.pdf,doc-archive/2021/01/25/2212-08/2212-08_english.pdf
2212-09,https://documents.gov.lk/view/extra-gazettes/2021/1/2212-09_E.pdf,doc-archive/2021/01/25/2212-09/2212-09_english.pdf
2212-10,https://documents.gov.lk/view/extra-gazettes/2021/1/2212-10_E.pdf,doc-archive/2021/01/25/2212-10/2212-10_english.pdf
2212-11,https://documents.gov.lk/view/extra-gazettes/2021/1/2212-11_E.pdf,doc-archive/2021/01/25/2212-11/2212-11_english.pdf
2211-60,https://documents.gov.lk/view/extra-gazettes/2021/1/2211-60_E.pdf,doc-archive/2021/01/22/2211-60/2211-60_english.pdf
2211-61,https://documents.gov.lk/view/extra-gazettes/2021/1/2211-61_E.pdf,doc-archive/2021/01/22/2211-61/2211-61_english.pdf
2211-62,https://documents.gov.lk/view/extra-gazettes/2021/1/2211-62_E.pdf,doc-archive/2021/01/22/2211-62/2211-62_english.pdf
2211-63,https://documents.gov.lk/view/extra-gazettes/2021/1/2211-63_E.pdf,doc-archive/2021/01/22/2211-63/2211-63_english.pdf
2211-65,https://documents.gov.lk/view/extra-gazettes/2021/1/2211-65_E.pdf,doc-archive/2021/01/22/2211-65/2211-65_english.pdf
2211-64,https://documents.gov.lk/view/extra-gazettes/2021/1/2211-64_E.pdf,doc-archive/2021/01/22/2211-64/2211-64_english.pdf
2211-66,https://documents.gov.lk/view/extra-gazettes/2021/1/2211-66_E.pdf,doc-archive/2021/01/22/2211-66/2211-66_english.pdf
2211-67,https://documents.gov.lk/view/extra-gazettes/2021/1/2211-67_E.pdf,doc-archive/2021/01/22/2211-67/2211-67_english.pdf
2211-68,https://documents.gov.lk/view/extra-gazettes/2021/1/2211-68_E.pdf,doc-archive/2021/01/22/2211-68/2211-68_english.pdf
2211-69,https://documents.gov.lk/view/extra-gazettes/2021/1/2211-69_E.pdf,doc-archive/2021/01/22/2211-69/2211-69_english.pdf
2211-70,https://documents.gov.lk/view/extra-gazettes/2021/1/2211-70_E.pdf,doc-archive/2021/01/22/2211-70/2211-70_english.pdf
2211-71,https://documents.gov.lk/view/extra-gazettes/2021/1/2211-71_E.pdf,doc-archive/2021/01/22/2211-71/2211-71_english.pdf
2211-49,https://documents.gov.lk/view/extra-gazettes/2021/1/2211-49_E.pdf,doc-archive/2021/01/21/2211-49/2211-49_english.pdf
2211-50,https://documents.gov.lk/view/extra-gazettes/2021/1/2211-50_E.pdf,doc-archive/2021/01/21/2211-50/2211-50_english.pdf
2211-51,https://documents.gov.lk/view/extra-gazettes/2021/1/2211-51_E.pdf,doc-archive/2021/01/21/2211-51/2211-51_english.pdf
2211-52,https://documents.gov.lk/view/extra-gazettes/2021/1/2211-52_E.pdf,doc-archive/2021/01/21/2211-52/2211-52_english.pdf
2211-53,https://documents.gov.lk/view/extra-gazettes/2021/1/2211-53_E.pdf,doc-archive/2021/01/21/2211-53/2211-53_english.pdf
2211-54,https://documents.gov.lk/view/extra-gazettes/2021/1/2211-54_E.pdf,doc-archive/2021/01/21/2211-54/2211-54_english.pdf
2211-55,https://documents.gov.lk/view/extra-gazettes/2021/1/2211-55_E.pdf,doc-archive/2021/01/21/2211-55/2211-55_english.pdf
2211-58,https://documents.gov.lk/view/extra-gazettes/2021/1/2211-58_E.pdf,doc-archive/2021/01/21/2211-58/2211-58_english.pdf
2211-56,https://documents.gov.lk/view/extra-gazettes/2021/1/2211-56_E.pdf,doc-archive/2021/01/21/2211-56/2211-56_english.pdf
2211-45,https://documents.gov.lk/view/extra-gazettes/2021/1/2211-45_E.pdf,doc-archive/2021/01/20/2211-45/2211-45_english.pdf
2211-46,https://documents.gov.lk/view/extra-gazettes/2021/1/2211-46_E.pdf,doc-archive/2021/01/20/2211-46/2211-46_english.pdf
2211-59,https://documents.gov.lk/view/extra-gazettes/2021/1/2211-59_E.pdf,doc-archive/2021/01/21/2211-59/2211-59_english.pdf
2211-47,https://documents.gov.lk/view/extra-gazettes/2021/1/2211-47_E.pdf,doc-archive/2021/01/20/2211-47/2211-47_english.pdf
2211-26,https://documents.gov.lk/view/extra-gazettes/2021/1/2211-26_E.pdf,doc-archive/2021/01/19/2211-26/2211-26_english.pdf
2211-48,https://documents.gov.lk/view/extra-gazettes/2021/1/2211-48_E.pdf,doc-archive/2021/01/20/2211-48/2211-48_english.pdf
2211-28,https://documents.gov.lk/view/extra-gazettes/2021/1/2211-28_E.pdf,doc-archive/2021/01/19/2211-28/2211-28_english.pdf
2211-29,https://documents.gov.lk/view/extra-gazettes/2021/1/2211-29_E.pdf,doc-archive/2021/01/19/2211-29/2211-29_english.pdf
2211-27,https://documents.gov.lk/view/extra-gazettes/2021/1/2211-27_E.pdf,doc-archive/2021/01/19/2211-27/2211-27_english.pdf
2211-30,https://documents.gov.lk/view/extra-gazettes/2021/1/2211-30_E.pdf,doc-archive/2021/01/19/2211-30/2211-30_english.pdf
2211-31,https://documents.gov.lk/view/extra-gazettes/2021/1/2211-31_E.pdf,doc-archive/2021/01/19/2211-31/2211-31_english.pdf
2211-32,https://documents.gov.lk/view/extra-gazettes/2021/1/2211-32_E.pdf,doc-archive/2021/01/19/2211-32/2211-32_english.pdf
2211-33,https://documents.gov.lk/view/extra-gazettes/2021/1/2211-33_E.pdf,doc-archive/2021/01/19/2211-33/2211-33_english.pdf
2211-34,https://documents.gov.lk/view/extra-gazettes/2021/1/2211-34_E.pdf,doc-archive/2021/01/19/2211-34/2211-34_english.pdf
2211-35,https://documents.gov.lk/view/extra-gazettes/2021/1/2211-35_E.pdf,doc-archive/2021/01/19/2211-35/2211-35_english.pdf
2211-37,https://documents.gov.lk/view/extra-gazettes/2021/1/2211-37_E.pdf,doc-archive/2021/01/19/2211-37/2211-37_english.pdf
2211-36,https://documents.gov.lk/view/extra-gazettes/2021/1/2211-36_E.pdf,doc-archive/2021/01/19/2211-36/2211-36_english.pdf
2211-38,https://documents.gov.lk/view/extra-gazettes/2021/1/2211-38_E.pdf,doc-archive/2021/01/19/2211-38/2211-38_english.pdf
2211-40,https://documents.gov.lk/view/extra-gazettes/2021/1/2211-40_E.pdf,doc-archive/2021/01/19/2211-40/2211-40_english.pdf
2211-41,https://documents.gov.lk/view/extra-gazettes/2021/1/2211-41_E.pdf,doc-archive/2021/01/19/2211-41/2211-41_english.pdf
2211-42,https://documents.gov.lk/view/extra-gazettes/2021/1/2211-42_E.pdf,doc-archive/2021/01/19/2211-42/2211-42_english.pdf
2211-39,https://documents.gov.lk/view/extra-gazettes/2021/1/2211-39_E.pdf,doc-archive/2021/01/19/2211-39/2211-39_english.pdf
2211-43,https://documents.gov.lk/view/extra-gazettes/2021/1/2211-43_E.pdf,doc-archive/2021/01/19/2211-43/2211-43_english.pdf
2211-01,https://documents.gov.lk/view/extra-gazettes/2021/1/2211-01_E.pdf,doc-archive/2021/01/18/2211-01/2211-01_english.pdf
2211-44,https://documents.gov.lk/view/extra-gazettes/2021/1/2211-44_E.pdf,doc-archive/2021/01/19/2211-44/2211-44_english.pdf
2211-02,https://documents.gov.lk/view/extra-gazettes/2021/1/2211-02_E.pdf,doc-archive/2021/01/18/2211-02/2211-02_english.pdf
2211-03,https://documents.gov.lk/view/extra-gazettes/2021/1/2211-03_E.pdf,doc-archive/2021/01/18/2211-03/2211-03_english.pdf
2211-04,https://documents.gov.lk/view/extra-gazettes/2021/1/2211-04_E.pdf,doc-archive/2021/01/18/2211-04/2211-04_english.pdf
2211-06,https://documents.gov.lk/view/extra-gazettes/2021/1/2211-06_E.pdf,doc-archive/2021/01/18/2211-06/2211-06_english.pdf
2211-07,https://documents.gov.lk/view/extra-gazettes/2021/1/2211-07_E.pdf,doc-archive/2021/01/18/2211-07/2211-07_english.pdf
2211-08,https://documents.gov.lk/view/extra-gazettes/2021/1/2211-08_E.pdf,doc-archive/2021/01/18/2211-08/2211-08_english.pdf
2211-09,https://documents.gov.lk/view/extra-gazettes/2021/1/2211-09_E.pdf,doc-archive/2021/01/18/2211-09/2211-09_english.pdf
2211-11,https://documents.gov.lk/view/extra-gazettes/2021/1/2211-11_E.pdf,doc-archive/2021/01/18/2211-11/2211-11_english.pdf
2211-10,https://documents.gov.lk/view/extra-gazettes/2021/1/2211-10_E.pdf,doc-archive/2021/01/18/2211-10/2211-10_english.pdf
2211-12,https://documents.gov.lk/view/extra-gazettes/2021/1/2211-12_E.pdf,doc-archive/2021/01/18/2211-12/2211-12_english.pdf
2211-14,https://documents.gov.lk/view/extra-gazettes/2021/1/2211-14_E.pdf,doc-archive/2021/01/18/2211-14/2211-14_english.pdf
2211-13,https://documents.gov.lk/view/extra-gazettes/2021/1/2211-13_E.pdf,doc-archive/2021/01/18/2211-13/2211-13_english.pdf
2211-15,https://documents.gov.lk/view/extra-gazettes/2021/1/2211-15_E.pdf,doc-archive/2021/01/18/2211-15/2211-15_english.pdf
2211-17,https://documents.gov.lk/view/extra-gazettes/2021/1/2211-17_E.pdf,doc-archive/2021/01/18/2211-17/2211-17_english.pdf
2211-16,https://documents.gov.lk/view/extra-gazettes/2021/1/2211-16_E.pdf,doc-archive/2021/01/18/2211-16/2211-16_english.pdf
2211-18,https://documents.gov.lk/view/extra-gazettes/2021/1/2211-18_E.pdf,doc-archive/2021/01/18/2211-18/2211-18_english.pdf
2211-20,https://documents.gov.lk/view/extra-gazettes/2021/1/2211-20_E.pdf,doc-archive/2021/01/18/2211-20/2211-20_english.pdf
2211-19,https://documents.gov.lk/view/extra-gazettes/2021/1/2211-19_E.pdf,doc-archive/2021/01/18/2211-19/2211-19_english.pdf
2211-21,https://documents.gov.lk/view/extra-gazettes/2021/1/2211-21_E.pdf,doc-archive/2021/01/18/2211-21/2211-21_english.pdf
2211-22,https://documents.gov.lk/view/extra-gazettes/2021/1/2211-22_E.pdf,doc-archive/2021/01/18/2211-22/2211-22_english.pdf
2211-23,https://documents.gov.lk/view/extra-gazettes/2021/1/2211-23_E.pdf,doc-archive/2021/01/18/2211-23/2211-23_english.pdf
2211-24,https://documents.gov.lk/view/extra-gazettes/2021/1/2211-24_E.pdf,doc-archive/2021/01/18/2211-24/2211-24_english.pdf
2211-25,https://documents.gov.lk/view/extra-gazettes/2021/1/2211-25_E.pdf,doc-archive/2021/01/18/2211-25/2211-25_english.pdf
2210-60,https://documents.gov.lk/view/extra-gazettes/2021/1/2210-60_E.pdf,doc-archive/2021/01/16/2210-60/2210-60_english.pdf
2210-61,https://documents.gov.lk/view/extra-gazettes/2021/1/2210-61_E.pdf,doc-archive/2021/01/16/2210-61/2210-61_english.pdf
2210-62,https://documents.gov.lk/view/extra-gazettes/2021/1/2210-62_E.pdf,doc-archive/2021/01/16/2210-62/2210-62_english.pdf
2210-28,https://documents.gov.lk/view/extra-gazettes/2021/1/2210-28_E.pdf,doc-archive/2021/01/15/2210-28/2210-28_english.pdf
2210-30,https://documents.gov.lk/view/extra-gazettes/2021/1/2210-30_E.pdf,doc-archive/2021/01/15/2210-30/2210-30_english.pdf
2210-29,https://documents.gov.lk/view/extra-gazettes/2021/1/2210-29_E.pdf,doc-archive/2021/01/15/2210-29/2210-29_english.pdf
2210-31,https://documents.gov.lk/view/extra-gazettes/2021/1/2210-31_E.pdf,doc-archive/2021/01/15/2210-31/2210-31_english.pdf
2210-32,https://documents.gov.lk/view/extra-gazettes/2021/1/2210-32_E.pdf,doc-archive/2021/01/15/2210-32/2210-32_english.pdf
2210-33,https://documents.gov.lk/view/extra-gazettes/2021/1/2210-33_E.pdf,doc-archive/2021/01/15/2210-33/2210-33_english.pdf
2210-34,https://documents.gov.lk/view/extra-gazettes/2021/1/2210-34_E.pdf,doc-archive/2021/01/15/2210-34/2210-34_english.pdf
2210-36,https://documents.gov.lk/view/extra-gazettes/2021/1/2210-36_E.pdf,doc-archive/2021/01/15/2210-36/2210-36_english.pdf
2210-35,https://documents.gov.lk/view/extra-gazettes/2021/1/2210-35_E.pdf,doc-archive/2021/01/15/2210-35/2210-35_english.pdf
2210-37,https://documents.gov.lk/view/extra-gazettes/2021/1/2210-37_E.pdf,doc-archive/2021/01/15/2210-37/2210-37_english.pdf
2210-39,https://documents.gov.lk/view/extra-gazettes/2021/1/2210-39_E.pdf,doc-archive/2021/01/15/2210-39/2210-39_english.pdf
2210-40,https://documents.gov.lk/view/extra-gazettes/2021/1/2210-40_E.pdf,doc-archive/2021/01/15/2210-40/2210-40_english.pdf
2210-38,https://documents.gov.lk/view/extra-gazettes/2021/1/2210-38_E.pdf,doc-archive/2021/01/15/2210-38/2210-38_english.pdf
2210-41,https://documents.gov.lk/view/extra-gazettes/2021/1/2210-41_E.pdf,doc-archive/2021/01/15/2210-41/2210-41_english.pdf
2210-43,https://documents.gov.lk/view/extra-gazettes/2021/1/2210-43_E.pdf,doc-archive/2021/01/15/2210-43/2210-43_english.pdf
2210-44,https://documents.gov.lk/view/extra-gazettes/2021/1/2210-44_E.pdf,doc-archive/2021/01/15/2210-44/2210-44_english.pdf
2210-42,https://documents.gov.lk/view/extra-gazettes/2021/1/2210-42_E.pdf,doc-archive/2021/01/15/2210-42/2210-42_english.pdf
2210-45,https://documents.gov.lk/view/extra-gazettes/2021/1/2210-45_E.pdf,doc-archive/2021/01/15/2210-45/2210-45_english.pdf
2210-46,https://documents.gov.lk/view/extra-gazettes/2021/1/2210-46_E.pdf,doc-archive/2021/01/15/2210-46/2210-46_english.pdf
2210-47,https://documents.gov.lk/view/extra-gazettes/2021/1/2210-47_E.pdf,doc-archive/2021/01/15/2210-47/2210-47_english.pdf
2210-48,https://documents.gov.lk/view/extra-gazettes/2021/1/2210-48_E.pdf,doc-archive/2021/01/15/2210-48/2210-48_english.pdf
2210-49,https://documents.gov.lk/view/extra-gazettes/2021/1/2210-49_E.pdf,doc-archive/2021/01/15/2210-49/2210-49_english.pdf
2210-51,https://documents.gov.lk/view/extra-gazettes/2021/1/2210-51_E.pdf,doc-archive/2021/01/15/2210-51/2210-51_english.pdf
2210-52,https://documents.gov.lk/view/extra-gazettes/2021/1/2210-52_E.pdf,doc-archive/2021/01/15/2210-52/2210-52_english.pdf
2210-53,https://documents.gov.lk/view/extra-gazettes/2021/1/2210-53_E.pdf,doc-archive/2021/01/15/2210-53/2210-53_english.pdf
2210-54,https://documents.gov.lk/view/extra-gazettes/2021/1/2210-54_E.pdf,doc-archive/2021/01/15/2210-54/2210-54_english.pdf
2210-55,https://documents.gov.lk/view/extra-gazettes/2021/1/2210-55_E.pdf,doc-archive/2021/01/15/2210-55/2210-55_english.pdf
2210-56,https://documents.gov.lk/view/extra-gazettes/2021/1/2210-56_E.pdf,doc-archive/2021/01/15/2210-56/2210-56_english.pdf
2210-57,https://documents.gov.lk/view/extra-gazettes/2021/1/2210-57_E.pdf,doc-archive/2021/01/15/2210-57/2210-57_english.pdf
2210-59,https://documents.gov.lk/view/extra-gazettes/2021/1/2210-59_E.pdf,doc-archive/2021/01/15/2210-59/2210-59_english.pdf
2210-25,https://documents.gov.lk/view/extra-gazettes/2021/1/2210-25_E.pdf,doc-archive/2021/01/14/2210-25/2210-25_english.pdf
2210-26,https://documents.gov.lk/view/extra-gazettes/2021/1/2210-26_E.pdf,doc-archive/2021/01/14/2210-26/2210-26_english.pdf
2210-58,https://documents.gov.lk/view/extra-gazettes/2021/1/2210-58_E.pdf,doc-archive/2021/01/15/2210-58/2210-58_english.pdf
2210-27,https://documents.gov.lk/view/extra-gazettes/2021/1/2210-27_E.pdf,doc-archive/2021/01/14/2210-27/2210-27_english.pdf
2210-15,https://documents.gov.lk/view/extra-gazettes/2021/1/2210-15_E.pdf,doc-archive/2021/01/13/2210-15/2210-15_english.pdf
2210-16,https://documents.gov.lk/view/extra-gazettes/2021/1/2210-16_E.pdf,doc-archive/2021/01/13/2210-16/2210-16_english.pdf
2210-18,https://documents.gov.lk/view/extra-gazettes/2021/1/2210-18_E.pdf,doc-archive/2021/01/13/2210-18/2210-18_english.pdf
2210-19,https://documents.gov.lk/view/extra-gazettes/2021/1/2210-19_E.pdf,doc-archive/2021/01/13/2210-19/2210-19_english.pdf
2210-22,https://documents.gov.lk/view/extra-gazettes/2021/1/2210-22_E.pdf,doc-archive/2021/01/13/2210-22/2210-22_english.pdf
2210-23,https://documents.gov.lk/view/extra-gazettes/2021/1/2210-23_E.pdf,doc-archive/2021/01/13/2210-23/2210-23_english.pdf
2210-21,https://documents.gov.lk/view/extra-gazettes/2021/1/2210-21_E.pdf,doc-archive/2021/01/13/2210-21/2210-21_english.pdf
2210-24,https://documents.gov.lk/view/extra-gazettes/2021/1/2210-24_E.pdf,doc-archive/2021/01/13/2210-24/2210-24_english.pdf
2210-07,https://documents.gov.lk/view/extra-gazettes/2021/1/2210-07_E.pdf,doc-archive/2021/01/12/2210-07/2210-07_english.pdf
2210-08,https://documents.gov.lk/view/extra-gazettes/2021/1/2210-08_E.pdf,doc-archive/2021/01/12/2210-08/2210-08_english.pdf
2210-09,https://documents.gov.lk/view/extra-gazettes/2021/1/2210-09_E.pdf,doc-archive/2021/01/12/2210-09/2210-09_english.pdf
2210-10,https://documents.gov.lk/view/extra-gazettes/2021/1/2210-10_E.pdf,doc-archive/2021/01/12/2210-10/2210-10_english.pdf
2210-11,https://documents.gov.lk/view/extra-gazettes/2021/1/2210-11_E.pdf,doc-archive/2021/01/12/2210-11/2210-11_english.pdf
2210-12,https://documents.gov.lk/view/extra-gazettes/2021/1/2210-12_E.pdf,doc-archive/2021/01/12/2210-12/2210-12_english.pdf
2210-13,https://documents.gov.lk/view/extra-gazettes/2021/1/2210-13_E.pdf,doc-archive/2021/01/12/2210-13/2210-13_english.pdf
2210-14,https://documents.gov.lk/view/extra-gazettes/2021/1/2210-14_E.pdf,doc-archive/2021/01/12/2210-14/2210-14_english.pdf
2210-01,https://documents.gov.lk/view/extra-gazettes/2021/1/2210-01_E.pdf,doc-archive/2021/01/11/2210-01/2210-01_english.pdf
2210-02,https://documents.gov.lk/view/extra-gazettes/2021/1/2210-02_E.pdf,doc-archive/2021/01/11/2210-02/2210-02_english.pdf
2210-03,https://documents.gov.lk/view/extra-gazettes/2021/1/2210-03_E.pdf,doc-archive/2021/01/11/2210-03/2210-03_english.pdf
2210-04,https://documents.gov.lk/view/extra-gazettes/2021/1/2210-04_E.pdf,doc-archive/2021/01/11/2210-04/2210-04_english.pdf
2210-05,https://documents.gov.lk/view/extra-gazettes/2021/1/2210-05_E.pdf,doc-archive/2021/01/11/2210-05/2210-05_english.pdf
2210-06,https://documents.gov.lk/view/extra-gazettes/2021/1/2210-06_E.pdf,doc-archive/2021/01/11/2210-06/2210-06_english.pdf
2209-73,https://documents.gov.lk/view/extra-gazettes/2021/1/2209-73_E.pdf,doc-archive/2021/01/08/2209-73/2209-73_english.pdf
2209-74,https://documents.gov.lk/view/extra-gazettes/2021/1/2209-74_E.pdf,doc-archive/2021/01/08/2209-74/2209-74_english.pdf
2209-75,https://documents.gov.lk/view/extra-gazettes/2021/1/2209-75_E.pdf,doc-archive/2021/01/08/2209-75/2209-75_english.pdf
2209-76,https://documents.gov.lk/view/extra-gazettes/2021/1/2209-76_E.pdf,doc-archive/2021/01/08/2209-76/2209-76_english.pdf
2209-77,https://documents.gov.lk/view/extra-gazettes/2021/1/2209-77_E.pdf,doc-archive/2021/01/08/2209-77/2209-77_english.pdf
2209-78,https://documents.gov.lk/view/extra-gazettes/2021/1/2209-78_E.pdf,doc-archive/2021/01/08/2209-78/2209-78_english.pdf
2209-79,https://documents.gov.lk/view/extra-gazettes/2021/1/2209-79_E.pdf,doc-archive/2021/01/08/2209-79/2209-79_english.pdf
2209-81,https://documents.gov.lk/view/extra-gazettes/2021/1/2209-81_E.pdf,doc-archive/2021/01/08/2209-81/2209-81_english.pdf
2209-80,https://documents.gov.lk/view/extra-gazettes/2021/1/2209-80_E.pdf,doc-archive/2021/01/08/2209-80/2209-80_english.pdf
2209-82,https://documents.gov.lk/view/extra-gazettes/2021/1/2209-82_E.pdf,doc-archive/2021/01/08/2209-82/2209-82_english.pdf
2209-83,https://documents.gov.lk/view/extra-gazettes/2021/1/2209-83_E.pdf,doc-archive/2021/01/08/2209-83/2209-83_english.pdf
2209-84,https://documents.gov.lk/view/extra-gazettes/2021/1/2209-84_E.pdf,doc-archive/2021/01/08/2209-84/2209-84_english.pdf
2209-85,https://documents.gov.lk/view/extra-gazettes/2021/1/2209-85_E.pdf,doc-archive/2021/01/08/2209-85/2209-85_english.pdf
2209-86,https://documents.gov.lk/view/extra-gazettes/2021/1/2209-86_E.pdf,doc-archive/2021/01/08/2209-86/2209-86_english.pdf
2209-87,https://documents.gov.lk/view/extra-gazettes/2021/1/2209-87_E.pdf,doc-archive/2021/01/08/2209-87/2209-87_english.pdf
2209-88,https://documents.gov.lk/view/extra-gazettes/2021/1/2209-88_E.pdf,doc-archive/2021/01/08/2209-88/2209-88_english.pdf
2209-89,https://documents.gov.lk/view/extra-gazettes/2021/1/2209-89_E.pdf,doc-archive/2021/01/08/2209-89/2209-89_english.pdf
2211-05,https://documents.gov.lk/view/extra-gazettes/2021/1/2211-05_E.pdf,doc-archive/2021/01/08/2211-05/2211-05_english.pdf
2209-42,https://documents.gov.lk/view/extra-gazettes/2021/1/2209-42_E.pdf,doc-archive/2021/01/07/2209-42/2209-42_english.pdf
2209-43,https://documents.gov.lk/view/extra-gazettes/2021/1/2209-43_E.pdf,doc-archive/2021/01/07/2209-43/2209-43_english.pdf
2209-44,https://documents.gov.lk/view/extra-gazettes/2021/1/2209-44_E.pdf,doc-archive/2021/01/07/2209-44/2209-44_english.pdf
2209-45,https://documents.gov.lk/view/extra-gazettes/2021/1/2209-45_E.pdf,doc-archive/2021/01/07/2209-45/2209-45_english.pdf
2209-46,https://documents.gov.lk/view/extra-gazettes/2021/1/2209-46_E.pdf,doc-archive/2021/01/07/2209-46/2209-46_english.pdf
2209-47,https://documents.gov.lk/view/extra-gazettes/2021/1/2209-47_E.pdf,doc-archive/2021/01/07/2209-47/2209-47_english.pdf
2209-48,https://documents.gov.lk/view/extra-gazettes/2021/1/2209-48_E.pdf,doc-archive/2021/01/07/2209-48/2209-48_english.pdf
2209-49,https://documents.gov.lk/view/extra-gazettes/2021/1/2209-49_E.pdf,doc-archive/2021/01/07/2209-49/2209-49_english.pdf
2209-50,https://documents.gov.lk/view/extra-gazettes/2021/1/2209-50_E.pdf,doc-archive/2021/01/07/2209-50/2209-50_english.pdf
2209-51,https://documents.gov.lk/view/extra-gazettes/2021/1/2209-51_E.pdf,doc-archive/2021/01/07/2209-51/2209-51_english.pdf
2209-53,https://documents.gov.lk/view/extra-gazettes/2021/1/2209-53_E.pdf,doc-archive/2021/01/07/2209-53/2209-53_english.pdf
2209-52,https://documents.gov.lk/view/extra-gazettes/2021/1/2209-52_E.pdf,doc-archive/2021/01/07/2209-52/2209-52_english.pdf
2209-54,https://documents.gov.lk/view/extra-gazettes/2021/1/2209-54_E.pdf,doc-archive/2021/01/07/2209-54/2209-54_english.pdf
2209-55,https://documents.gov.lk/view/extra-gazettes/2021/1/2209-55_E.pdf,doc-archive/2021/01/07/2209-55/2209-55_english.pdf
2209-56,https://documents.gov.lk/view/extra-gazettes/2021/1/2209-56_E.pdf,doc-archive/2021/01/07/2209-56/2209-56_english.pdf
2209-58,https://documents.gov.lk/view/extra-gazettes/2021/1/2209-58_E.pdf,doc-archive/2021/01/07/2209-58/2209-58_english.pdf
2209-57,https://documents.gov.lk/view/extra-gazettes/2021/1/2209-57_E.pdf,doc-archive/2021/01/07/2209-57/2209-57_english.pdf
2209-59,https://documents.gov.lk/view/extra-gazettes/2021/1/2209-59_E.pdf,doc-archive/2021/01/07/2209-59/2209-59_english.pdf
2209-60,https://documents.gov.lk/view/extra-gazettes/2021/1/2209-60_E.pdf,doc-archive/2021/01/07/2209-60/2209-60_english.pdf
2209-61,https://documents.gov.lk/view/extra-gazettes/2021/1/2209-61_E.pdf,doc-archive/2021/01/07/2209-61/2209-61_english.pdf
2209-62,https://documents.gov.lk/view/extra-gazettes/2021/1/2209-62_E.pdf,doc-archive/2021/01/07/2209-62/2209-62_english.pdf
2209-63,https://documents.gov.lk/view/extra-gazettes/2021/1/2209-63_E.pdf,doc-archive/2021/01/07/2209-63/2209-63_english.pdf
2209-64,https://documents.gov.lk/view/extra-gazettes/2021/1/2209-64_E.pdf,doc-archive/2021/01/07/2209-64/2209-64_english.pdf
2209-65,https://documents.gov.lk/view/extra-gazettes/2021/1/2209-65_E.pdf,doc-archive/2021/01/07/2209-65/2209-65_english.pdf
2209-66,https://documents.gov.lk/view/extra-gazettes/2021/1/2209-66_E.pdf,doc-archive/2021/01/07/2209-66/2209-66_english.pdf
2209-68,https://documents.gov.lk/view/extra-gazettes/2021/1/2209-68_E.pdf,doc-archive/2021/01/07/2209-68/2209-68_english.pdf
2209-67,https://documents.gov.lk/view/extra-gazettes/2021/1/2209-67_E.pdf,doc-archive/2021/01/07/2209-67/2209-67_english.pdf
2209-69,https://documents.gov.lk/view/extra-gazettes/2021/1/2209-69_E.pdf,doc-archive/2021/01/07/2209-69/2209-69_english.pdf
2209-71,https://documents.gov.lk/view/extra-gazettes/2021/1/2209-71_E.pdf,doc-archive/2021/01/07/2209-71/2209-71_english.pdf
2209-70,https://documents.gov.lk/view/extra-gazettes/2021/1/2209-70_E.pdf,doc-archive/2021/01/07/2209-70/2209-70_english.pdf
2209-72,https://documents.gov.lk/view/extra-gazettes/2021/1/2209-72_E.pdf,doc-archive/2021/01/07/2209-72/2209-72_english.pdf
2209-31,https://documents.gov.lk/view/extra-gazettes/2021/1/2209-31_E.pdf,doc-archive/2021/01/06/2209-31/2209-31_english.pdf
2209-32,https://documents.gov.lk/view/extra-gazettes/2021/1/2209-32_E.pdf,doc-archive/2021/01/06/2209-32/2209-32_english.pdf
2209-33,https://documents.gov.lk/view/extra-gazettes/2021/1/2209-33_E.pdf,doc-archive/2021/01/06/2209-33/2209-33_english.pdf
2209-34,https://documents.gov.lk/view/extra-gazettes/2021/1/2209-34_E.pdf,doc-archive/2021/01/06/2209-34/2209-34_english.pdf
2209-35,https://documents.gov.lk/view/extra-gazettes/2021/1/2209-35_E.pdf,doc-archive/2021/01/06/2209-35/2209-35_english.pdf
2209-37,https://documents.gov.lk/view/extra-gazettes/2021/1/2209-37_E.pdf,doc-archive/2021/01/06/2209-37/2209-37_english.pdf
2209-39,https://documents.gov.lk/view/extra-gazettes/2021/1/2209-39_E.pdf,doc-archive/2021/01/06/2209-39/2209-39_english.pdf
2209-38,https://documents.gov.lk/view/extra-gazettes/2021/1/2209-38_E.pdf,doc-archive/2021/01/06/2209-38/2209-38_english.pdf
2209-41,https://documents.gov.lk/view/extra-gazettes/2021/1/2209-41_E.pdf,doc-archive/2021/01/06/2209-41/2209-41_english.pdf
2209-40,https://documents.gov.lk/view/extra-gazettes/2021/1/2209-40_E.pdf,doc-archive/2021/01/06/2209-40/2209-40_english.pdf
2209-16,https://documents.gov.lk/view/extra-gazettes/2021/1/2209-16_E.pdf,doc-archive/2021/01/05/2209-16/2209-16_english.pdf
2209-17,https://documents.gov.lk/view/extra-gazettes/2021/1/2209-17_E.pdf,doc-archive/2021/01/05/2209-17/2209-17_english.pdf
2209-18,https://documents.gov.lk/view/extra-gazettes/2021/1/2209-18_E.pdf,doc-archive/2021/01/05/2209-18/2209-18_english.pdf
2209-19,https://documents.gov.lk/view/extra-gazettes/2021/1/2209-19_E.pdf,doc-archive/2021/01/05/2209-19/2209-19_english.pdf
2209-20,https://documents.gov.lk/view/extra-gazettes/2021/1/2209-20_E.pdf,doc-archive/2021/01/05/2209-20/2209-20_english.pdf
2209-21,https://documents.gov.lk/view/extra-gazettes/2021/1/2209-21_E.pdf,doc-archive/2021/01/05/2209-21/2209-21_english.pdf
2209-22,https://documents.gov.lk/view/extra-gazettes/2021/1/2209-22_E.pdf,doc-archive/2021/01/05/2209-22/2209-22_english.pdf
2209-23,https://documents.gov.lk/view/extra-gazettes/2021/1/2209-23_E.pdf,doc-archive/2021/01/05/2209-23/2209-23_english.pdf
2209-24,https://documents.gov.lk/view/extra-gazettes/2021/1/2209-24_E.pdf,doc-archive/2021/01/05/2209-24/2209-24_english.pdf
2209-25,https://documents.gov.lk/view/extra-gazettes/2021/1/2209-25_E.pdf,doc-archive/2021/01/05/2209-25/2209-25_english.pdf
2209-26,https://documents.gov.lk/view/extra-gazettes/2021/1/2209-26_E.pdf,doc-archive/2021/01/05/2209-26/2209-26_english.pdf
2209-28,https://documents.gov.lk/view/extra-gazettes/2021/1/2209-28_E.pdf,doc-archive/2021/01/05/2209-28/2209-28_english.pdf
2209-29,https://documents.gov.lk/view/extra-gazettes/2021/1/2209-29_E.pdf,doc-archive/2021/01/05/2209-29/2209-29_english.pdf
2209-01,https://documents.gov.lk/view/extra-gazettes/2021/1/2209-01_E.pdf,doc-archive/2021/01/04/2209-01/2209-01_english.pdf
2209-27,https://documents.gov.lk/view/extra-gazettes/2021/1/2209-27_E.pdf,doc-archive/2021/01/05/2209-27/2209-27_english.pdf
2209-03,https://documents.gov.lk/view/extra-gazettes/2021/1/2209-03_E.pdf,doc-archive/2021/01/04/2209-03/2209-03_english.pdf
2209-04,https://documents.gov.lk/view/extra-gazettes/2021/1/2209-04_E.pdf,doc-archive/2021/01/04/2209-04/2209-04_english.pdf
2209-02,https://documents.gov.lk/view/extra-gazettes/2021/1/2209-02_E.pdf,doc-archive/2021/01/04/2209-02/2209-02_english.pdf
2209-05,https://documents.gov.lk/view/extra-gazettes/2021/1/2209-05_E.pdf,doc-archive/2021/01/04/2209-05/2209-05_english.pdf
2209-07,https://documents.gov.lk/view/extra-gazettes/2021/1/2209-07_E.pdf,doc-archive/2021/01/04/2209-07/2209-07_english.pdf
2209-08,https://documents.gov.lk/view/extra-gazettes/2021/1/2209-08_E.pdf,doc-archive/2021/01/04/2209-08/2209-08_english.pdf
2209-06,https://documents.gov.lk/view/extra-gazettes/2021/1/2209-06_E.pdf,doc-archive/2021/01/04/2209-06/2209-06_english.pdf
2209-10,https://documents.gov.lk/view/extra-gazettes/2021/1/2209-10_E.pdf,doc-archive/2021/01/04/2209-10/2209-10_english.pdf
2209-12,https://documents.gov.lk/view/extra-gazettes/2021/1/2209-12_E.pdf,doc-archive/2021/01/04/2209-12/2209-12_english.pdf
2209-09,https://documents.gov.lk/view/extra-gazettes/2021/1/2209-09_E.pdf,doc-archive/2021/01/04/2209-09/2209-09_english.pdf
2209-14,https://documents.gov.lk/view/extra-gazettes/2021/1/2209-14_E.pdf,doc-archive/2021/01/04/2209-14/2209-14_english.pdf
2209-13,https://documents.gov.lk/view/extra-gazettes/2021/1/2209-13_E.pdf,doc-archive/2021/01/04/2209-13/2209-13_english.pdf
2208-60,https://documents.gov.lk/view/extra-gazettes/2021/1/2208-60_E.pdf,doc-archive/2021/01/02/2208-60/2208-60_english.pdf
2208-61,https://documents.gov.lk/view/extra-gazettes/2021/1/2208-61_E.pdf,doc-archive/2021/01/02/2208-61/2208-61_english.pdf
2208-35,https://documents.gov.lk/view/extra-gazettes/2021/1/2208-35_E.pdf,doc-archive/2021/01/01/2208-35/2208-35_english.pdf
2208-34,https://documents.gov.lk/view/extra-gazettes/2021/1/2208-34_E.pdf,doc-archive/2021/01/01/2208-34/2208-34_english.pdf
2208-36,https://documents.gov.lk/view/extra-gazettes/2021/1/2208-36_E.pdf,doc-archive/2021/01/01/2208-36/2208-36_english.pdf
2208-38,https://documents.gov.lk/view/extra-gazettes/2021/1/2208-38_E.pdf,doc-archive/2021/01/01/2208-38/2208-38_english.pdf
2208-39,https://documents.gov.lk/view/extra-gazettes/2021/1/2208-39_E.pdf,doc-archive/2021/01/01/2208-39/2208-39_english.pdf
2208-40,https://documents.gov.lk/view/extra-gazettes/2021/1/2208-40_E.pdf,doc-archive/2021/01/01/2208-40/2208-40_english.pdf
2208-37,https://documents.gov.lk/view/extra-gazettes/2021/1/2208-37_E.pdf,doc-archive/2021/01/01/2208-37/2208-37_english.pdf
2208-41,https://documents.gov.lk/view/extra-gazettes/2021/1/2208-41_E.pdf,doc-archive/2021/01/01/2208-41/2208-41_english.pdf
2208-43,https://documents.gov.lk/view/extra-gazettes/2021/1/2208-43_E.pdf,doc-archive/2021/01/01/2208-43/2208-43_english.pdf
2208-42,https://documents.gov.lk/view/extra-gazettes/2021/1/2208-42_E.pdf,doc-archive/2021/01/01/2208-42/2208-42_english.pdf
2208-44,https://documents.gov.lk/view/extra-gazettes/2021/1/2208-44_E.pdf,doc-archive/2021/01/01/2208-44/2208-44_english.pdf
2208-45,https://documents.gov.lk/view/extra-gazettes/2021/1/2208-45_E.pdf,doc-archive/2021/01/01/2208-45/2208-45_english.pdf
2208-46,https://documents.gov.lk/view/extra-gazettes/2021/1/2208-46_E.pdf,doc-archive/2021/01/01/2208-46/2208-46_english.pdf
2208-48,https://documents.gov.lk/view/extra-gazettes/2021/1/2208-48_E.pdf,doc-archive/2021/01/01/2208-48/2208-48_english.pdf
2208-49,https://documents.gov.lk/view/extra-gazettes/2021/1/2208-49_E.pdf,doc-archive/2021/01/01/2208-49/2208-49_english.pdf
2208-47,https://documents.gov.lk/view/extra-gazettes/2021/1/2208-47_E.pdf,doc-archive/2021/01/01/2208-47/2208-47_english.pdf
2208-50,https://documents.gov.lk/view/extra-gazettes/2021/1/2208-50_E.pdf,doc-archive/2021/01/01/2208-50/2208-50_english.pdf
2208-52,https://documents.gov.lk/view/extra-gazettes/2021/1/2208-52_E.pdf,doc-archive/2021/01/01/2208-52/2208-52_english.pdf
2208-51,https://documents.gov.lk/view/extra-gazettes/2021/1/2208-51_E.pdf,doc-archive/2021/01/01/2208-51/2208-51_english.pdf
2208-53,https://documents.gov.lk/view/extra-gazettes/2021/1/2208-53_E.pdf,doc-archive/2021/01/01/2208-53/2208-53_english.pdf
2208-55,https://documents.gov.lk/view/extra-gazettes/2021/1/2208-55_E.pdf,doc-archive/2021/01/01/2208-55/2208-55_english.pdf
2208-54,https://documents.gov.lk/view/extra-gazettes/2021/1/2208-54_E.pdf,doc-archive/2021/01/01/2208-54/2208-54_english.pdf
2208-56,https://documents.gov.lk/view/extra-gazettes/2021/1/2208-56_E.pdf,doc-archive/2021/01/01/2208-56/2208-56_english.pdf
2208-57,https://documents.gov.lk/view/extra-gazettes/2021/1/2208-57_E.pdf,doc-archive/2021/01/01/2208-57/2208-57_english.pdf
2208-58,https://documents.gov.lk/view/extra-gazettes/2021/1/2208-58_E.pdf,doc-archive/2021/01/01/2208-58/2208-58_english.pdf
2208-59,https://documents.gov.lk/view/extra-gazettes/2021/1/2208-59_E.pdf,doc-archive/2021/01/01/2208-59/2208-59_english.pdf
2216-43,https://documents.gov.lk/view/extra-gazettes/2021/2/2216-43_E.pdf,doc-archive/2021/02/28/2216-43/2216-43_english.pdf
2216-39,https://documents.gov.lk/view/extra-gazettes/2021/2/2216-39_E.pdf,doc-archive/2021/02/27/2216-39/2216-39_english.pdf
2216-41,https://documents.gov.lk/view/extra-gazettes/2021/2/2216-41_E.pdf,doc-archive/2021/02/27/2216-41/2216-41_english.pdf
2216-42,https://documents.gov.lk/view/extra-gazettes/2021/2/2216-42_E.pdf,doc-archive/2021/02/27/2216-42/2216-42_english.pdf
2216-15,https://documents.gov.lk/view/extra-gazettes/2021/2/2216-15_E.pdf,doc-archive/2021/02/25/2216-15/2216-15_english.pdf
2216-40,https://documents.gov.lk/view/extra-gazettes/2021/2/2216-40_E.pdf,doc-archive/2021/02/27/2216-40/2216-40_english.pdf
2216-16,https://documents.gov.lk/view/extra-gazettes/2021/2/2216-16_E.pdf,doc-archive/2021/02/25/2216-16/2216-16_english.pdf
2216-17,https://documents.gov.lk/view/extra-gazettes/2021/2/2216-17_E.pdf,doc-archive/2021/02/25/2216-17/2216-17_english.pdf
2216-18,https://documents.gov.lk/view/extra-gazettes/2021/2/2216-18_E.pdf,doc-archive/2021/02/25/2216-18/2216-18_english.pdf
2216-19,https://documents.gov.lk/view/extra-gazettes/2021/2/2216-19_E.pdf,doc-archive/2021/02/25/2216-19/2216-19_english.pdf
2216-20,https://documents.gov.lk/view/extra-gazettes/2021/2/2216-20_E.pdf,doc-archive/2021/02/25/2216-20/2216-20_english.pdf
2216-21,https://documents.gov.lk/view/extra-gazettes/2021/2/2216-21_E.pdf,doc-archive/2021/02/25/2216-21/2216-21_english.pdf
2216-22,https://documents.gov.lk/view/extra-gazettes/2021/2/2216-22_E.pdf,doc-archive/2021/02/25/2216-22/2216-22_english.pdf
2216-24,https://documents.gov.lk/view/extra-gazettes/2021/2/2216-24_E.pdf,doc-archive/2021/02/25/2216-24/2216-24_english.pdf
2216-23,https://documents.gov.lk/view/extra-gazettes/2021/2/2216-23_E.pdf,doc-archive/2021/02/25/2216-23/2216-23_english.pdf
2216-25,https://documents.gov.lk/view/extra-gazettes/2021/2/2216-25_E.pdf,doc-archive/2021/02/25/2216-25/2216-25_english.pdf
2216-26,https://documents.gov.lk/view/extra-gazettes/2021/2/2216-26_E.pdf,doc-archive/2021/02/25/2216-26/2216-26_english.pdf
2216-27,https://documents.gov.lk/view/extra-gazettes/2021/2/2216-27_E.pdf,doc-archive/2021/02/25/2216-27/2216-27_english.pdf
2216-28,https://documents.gov.lk/view/extra-gazettes/2021/2/2216-28_E.pdf,doc-archive/2021/02/25/2216-28/2216-28_english.pdf
2216-29,https://documents.gov.lk/view/extra-gazettes/2021/2/2216-29_E.pdf,doc-archive/2021/02/25/2216-29/2216-29_english.pdf
2216-30,https://documents.gov.lk/view/extra-gazettes/2021/2/2216-30_E.pdf,doc-archive/2021/02/25/2216-30/2216-30_english.pdf
2216-32,https://documents.gov.lk/view/extra-gazettes/2021/2/2216-32_E.pdf,doc-archive/2021/02/25/2216-32/2216-32_english.pdf
2216-33,https://documents.gov.lk/view/extra-gazettes/2021/2/2216-33_E.pdf,doc-archive/2021/02/25/2216-33/2216-33_english.pdf
2216-31,https://documents.gov.lk/view/extra-gazettes/2021/2/2216-31_E.pdf,doc-archive/2021/02/25/2216-31/2216-31_english.pdf
2216-34,https://documents.gov.lk/view/extra-gazettes/2021/2/2216-34_E.pdf,doc-archive/2021/02/25/2216-34/2216-34_english.pdf
2216-35,https://documents.gov.lk/view/extra-gazettes/2021/2/2216-35_E.pdf,doc-archive/2021/02/25/2216-35/2216-35_english.pdf
2216-36,https://documents.gov.lk/view/extra-gazettes/2021/2/2216-36_E.pdf,doc-archive/2021/02/25/2216-36/2216-36_english.pdf
2216-37,https://documents.gov.lk/view/extra-gazettes/2021/2/2216-37_E.pdf,doc-archive/2021/02/25/2216-37/2216-37_english.pdf
2216-38,https://documents.gov.lk/view/extra-gazettes/2021/2/2216-38_E.pdf,doc-archive/2021/02/25/2216-38/2216-38_english.pdf
2216-14,https://documents.gov.lk/view/extra-gazettes/2021/2/2216-14_E.pdf,doc-archive/2021/02/24/2216-14/2216-14_english.pdf
2216-05,https://documents.gov.lk/view/extra-gazettes/2021/2/2216-05_E.pdf,doc-archive/2021/02/23/2216-05/2216-05_english.pdf
2216-04,https://documents.gov.lk/view/extra-gazettes/2021/2/2216-04_E.pdf,doc-archive/2021/02/23/2216-04/2216-04_english.pdf
2216-06,https://documents.gov.lk/view/extra-gazettes/2021/2/2216-06_E.pdf,doc-archive/2021/02/23/2216-06/2216-06_english.pdf
2216-07,https://documents.gov.lk/view/extra-gazettes/2021/2/2216-07_E.pdf,doc-archive/2021/02/23/2216-07/2216-07_english.pdf
2216-08,https://documents.gov.lk/view/extra-gazettes/2021/2/2216-08_E.pdf,doc-archive/2021/02/23/2216-08/2216-08_english.pdf
2216-09,https://documents.gov.lk/view/extra-gazettes/2021/2/2216-09_E.pdf,doc-archive/2021/02/23/2216-09/2216-09_english.pdf
2216-11,https://documents.gov.lk/view/extra-gazettes/2021/2/2216-11_E.pdf,doc-archive/2021/02/23/2216-11/2216-11_english.pdf
2216-12,https://documents.gov.lk/view/extra-gazettes/2021/2/2216-12_E.pdf,doc-archive/2021/02/23/2216-12/2216-12_english.pdf
2216-10,https://documents.gov.lk/view/extra-gazettes/2021/2/2216-10_E.pdf,doc-archive/2021/02/23/2216-10/2216-10_english.pdf
2216-13,https://documents.gov.lk/view/extra-gazettes/2021/2/2216-13_E.pdf,doc-archive/2021/02/23/2216-13/2216-13_english.pdf
2216-01,https://documents.gov.lk/view/extra-gazettes/2021/2/2216-01_E.pdf,doc-archive/2021/02/22/2216-01/2216-01_english.pdf
2216-03,https://documents.gov.lk/view/extra-gazettes/2021/2/2216-03_E.pdf,doc-archive/2021/02/22/2216-03/2216-03_english.pdf
2216-02,https://documents.gov.lk/view/extra-gazettes/2021/2/2216-02_E.pdf,doc-archive/2021/02/22/2216-02/2216-02_english.pdf
2215-61,https://documents.gov.lk/view/extra-gazettes/2021/2/2215-61_E.pdf,doc-archive/2021/02/20/2215-61/2215-61_english.pdf
2215-60,https://documents.gov.lk/view/extra-gazettes/2021/2/2215-60_E.pdf,doc-archive/2021/02/20/2215-60/2215-60_english.pdf
2215-62,https://documents.gov.lk/view/extra-gazettes/2021/2/2215-62_E.pdf,doc-archive/2021/02/20/2215-62/2215-62_english.pdf
2215-63,https://documents.gov.lk/view/extra-gazettes/2021/2/2215-63_E.pdf,doc-archive/2021/02/20/2215-63/2215-63_english.pdf
2215-64,https://documents.gov.lk/view/extra-gazettes/2021/2/2215-64_E.pdf,doc-archive/2021/02/20/2215-64/2215-64_english.pdf
2215-65,https://documents.gov.lk/view/extra-gazettes/2021/2/2215-65_E.pdf,doc-archive/2021/02/20/2215-65/2215-65_english.pdf
2215-66,https://documents.gov.lk/view/extra-gazettes/2021/2/2215-66_E.pdf,doc-archive/2021/02/20/2215-66/2215-66_english.pdf
2215-67,https://documents.gov.lk/view/extra-gazettes/2021/2/2215-67_E.pdf,doc-archive/2021/02/20/2215-67/2215-67_english.pdf
2215-68,https://documents.gov.lk/view/extra-gazettes/2021/2/2215-68_E.pdf,doc-archive/2021/02/20/2215-68/2215-68_english.pdf
2215-46,https://documents.gov.lk/view/extra-gazettes/2021/2/2215-46_E.pdf,doc-archive/2021/02/19/2215-46/2215-46_english.pdf
2215-47,https://documents.gov.lk/view/extra-gazettes/2021/2/2215-47_E.pdf,doc-archive/2021/02/19/2215-47/2215-47_english.pdf
2215-48,https://documents.gov.lk/view/extra-gazettes/2021/2/2215-48_E.pdf,doc-archive/2021/02/19/2215-48/2215-48_english.pdf
2215-49,https://documents.gov.lk/view/extra-gazettes/2021/2/2215-49_E.pdf,doc-archive/2021/02/19/2215-49/2215-49_english.pdf
2215-51,https://documents.gov.lk/view/extra-gazettes/2021/2/2215-51_E.pdf,doc-archive/2021/02/19/2215-51/2215-51_english.pdf
2215-50,https://documents.gov.lk/view/extra-gazettes/2021/2/2215-50_E.pdf,doc-archive/2021/02/19/2215-50/2215-50_english.pdf
2215-52,https://documents.gov.lk/view/extra-gazettes/2021/2/2215-52_E.pdf,doc-archive/2021/02/19/2215-52/2215-52_english.pdf
2215-54,https://documents.gov.lk/view/extra-gazettes/2021/2/2215-54_E.pdf,doc-archive/2021/02/19/2215-54/2215-54_english.pdf
2215-55,https://documents.gov.lk/view/extra-gazettes/2021/2/2215-55_E.pdf,doc-archive/2021/02/19/2215-55/2215-55_english.pdf
2215-56,https://documents.gov.lk/view/extra-gazettes/2021/2/2215-56_E.pdf,doc-archive/2021/02/19/2215-56/2215-56_english.pdf
2215-57,https://documents.gov.lk/view/extra-gazettes/2021/2/2215-57_E.pdf,doc-archive/2021/02/19/2215-57/2215-57_english.pdf
2215-53,https://documents.gov.lk/view/extra-gazettes/2021/2/2215-53_E.pdf,doc-archive/2021/02/19/2215-53/2215-53_english.pdf
2215-58,https://documents.gov.lk/view/extra-gazettes/2021/2/2215-58_E.pdf,doc-archive/2021/02/19/2215-58/2215-58_english.pdf
2215-59,https://documents.gov.lk/view/extra-gazettes/2021/2/2215-59_E.pdf,doc-archive/2021/02/19/2215-59/2215-59_english.pdf
2215-39,https://documents.gov.lk/view/extra-gazettes/2021/2/2215-39_E.pdf,doc-archive/2021/02/18/2215-39/2215-39_english.pdf
2215-40,https://documents.gov.lk/view/extra-gazettes/2021/2/2215-40_E.pdf,doc-archive/2021/02/18/2215-40/2215-40_english.pdf
2215-38,https://documents.gov.lk/view/extra-gazettes/2021/2/2215-38_E.pdf,doc-archive/2021/02/18/2215-38/2215-38_english.pdf
2215-41,https://documents.gov.lk/view/extra-gazettes/2021/2/2215-41_E.pdf,doc-archive/2021/02/18/2215-41/2215-41_english.pdf
2215-42,https://documents.gov.lk/view/extra-gazettes/2021/2/2215-42_E.pdf,doc-archive/2021/02/18/2215-42/2215-42_english.pdf
2215-43,https://documents.gov.lk/view/extra-gazettes/2021/2/2215-43_E.pdf,doc-archive/2021/02/18/2215-43/2215-43_english.pdf
2215-44,https://documents.gov.lk/view/extra-gazettes/2021/2/2215-44_E.pdf,doc-archive/2021/02/18/2215-44/2215-44_english.pdf
2215-45,https://documents.gov.lk/view/extra-gazettes/2021/2/2215-45_E.pdf,doc-archive/2021/02/18/2215-45/2215-45_english.pdf
2215-21,https://documents.gov.lk/view/extra-gazettes/2021/2/2215-21_E.pdf,doc-archive/2021/02/17/2215-21/2215-21_english.pdf
2215-23,https://documents.gov.lk/view/extra-gazettes/2021/2/2215-23_E.pdf,doc-archive/2021/02/17/2215-23/2215-23_english.pdf
2215-24,https://documents.gov.lk/view/extra-gazettes/2021/2/2215-24_E.pdf,doc-archive/2021/02/17/2215-24/2215-24_english.pdf
2215-22,https://documents.gov.lk/view/extra-gazettes/2021/2/2215-22_E.pdf,doc-archive/2021/02/17/2215-22/2215-22_english.pdf
2215-25,https://documents.gov.lk/view/extra-gazettes/2021/2/2215-25_E.pdf,doc-archive/2021/02/17/2215-25/2215-25_english.pdf
2215-26,https://documents.gov.lk/view/extra-gazettes/2021/2/2215-26_E.pdf,doc-archive/2021/02/17/2215-26/2215-26_english.pdf
2215-27,https://documents.gov.lk/view/extra-gazettes/2021/2/2215-27_E.pdf,doc-archive/2021/02/17/2215-27/2215-27_english.pdf
2215-28,https://documents.gov.lk/view/extra-gazettes/2021/2/2215-28_E.pdf,doc-archive/2021/02/17/2215-28/2215-28_english.pdf
2215-30,https://documents.gov.lk/view/extra-gazettes/2021/2/2215-30_E.pdf,doc-archive/2021/02/17/2215-30/2215-30_english.pdf
2215-29,https://documents.gov.lk/view/extra-gazettes/2021/2/2215-29_E.pdf,doc-archive/2021/02/17/2215-29/2215-29_english.pdf
2215-31,https://documents.gov.lk/view/extra-gazettes/2021/2/2215-31_E.pdf,doc-archive/2021/02/17/2215-31/2215-31_english.pdf
2215-33,https://documents.gov.lk/view/extra-gazettes/2021/2/2215-33_E.pdf,doc-archive/2021/02/17/2215-33/2215-33_english.pdf
2215-34,https://documents.gov.lk/view/extra-gazettes/2021/2/2215-34_E.pdf,doc-archive/2021/02/17/2215-34/2215-34_english.pdf
2215-32,https://documents.gov.lk/view/extra-gazettes/2021/2/2215-32_E.pdf,doc-archive/2021/02/17/2215-32/2215-32_english.pdf
2215-35,https://documents.gov.lk/view/extra-gazettes/2021/2/2215-35_E.pdf,doc-archive/2021/02/17/2215-35/2215-35_english.pdf
2215-37,https://documents.gov.lk/view/extra-gazettes/2021/2/2215-37_E.pdf,doc-archive/2021/02/17/2215-37/2215-37_english.pdf
2215-08,https://documents.gov.lk/view/extra-gazettes/2021/2/2215-08_E.pdf,doc-archive/2021/02/16/2215-08/2215-08_english.pdf
2215-36,https://documents.gov.lk/view/extra-gazettes/2021/2/2215-36_E.pdf,doc-archive/2021/02/17/2215-36/2215-36_english.pdf
2215-09,https://documents.gov.lk/view/extra-gazettes/2021/2/2215-09_E.pdf,doc-archive/2021/02/16/2215-09/2215-09_english.pdf
2215-11,https://documents.gov.lk/view/extra-gazettes/2021/2/2215-11_E.pdf,doc-archive/2021/02/16/2215-11/2215-11_english.pdf
2215-10,https://documents.gov.lk/view/extra-gazettes/2021/2/2215-10_E.pdf,doc-archive/2021/02/16/2215-10/2215-10_english.pdf
2215-12,https://documents.gov.lk/view/extra-gazettes/2021/2/2215-12_E.pdf,doc-archive/2021/02/16/2215-12/2215-12_english.pdf
2215-13,https://documents.gov.lk/view/extra-gazettes/2021/2/2215-13_E.pdf,doc-archive/2021/02/16/2215-13/2215-13_english.pdf
2215-14,https://documents.gov.lk/view/extra-gazettes/2021/2/2215-14_E.pdf,doc-archive/2021/02/16/2215-14/2215-14_english.pdf
2215-15,https://documents.gov.lk/view/extra-gazettes/2021/2/2215-15_E.pdf,doc-archive/2021/02/16/2215-15/2215-15_english.pdf
2215-17,https://documents.gov.lk/view/extra-gazettes/2021/2/2215-17_E.pdf,doc-archive/2021/02/16/2215-17/2215-17_english.pdf
2215-18,https://documents.gov.lk/view/extra-gazettes/2021/2/2215-18_E.pdf,doc-archive/2021/02/16/2215-18/2215-18_english.pdf
2215-16,https://documents.gov.lk/view/extra-gazettes/2021/2/2215-16_E.pdf,doc-archive/2021/02/16/2215-16/2215-16_english.pdf
2215-19,https://documents.gov.lk/view/extra-gazettes/2021/2/2215-19_E.pdf,doc-archive/2021/02/16/2215-19/2215-19_english.pdf
2215-01,https://documents.gov.lk/view/extra-gazettes/2021/2/2215-01_E.pdf,doc-archive/2021/02/15/2215-01/2215-01_english.pdf
2215-20,https://documents.gov.lk/view/extra-gazettes/2021/2/2215-20_E.pdf,doc-archive/2021/02/16/2215-20/2215-20_english.pdf
2215-02,https://documents.gov.lk/view/extra-gazettes/2021/2/2215-02_E.pdf,doc-archive/2021/02/15/2215-02/2215-02_english.pdf
2215-03,https://documents.gov.lk/view/extra-gazettes/2021/2/2215-03_E.pdf,doc-archive/2021/02/15/2215-03/2215-03_english.pdf
2215-05,https://documents.gov.lk/view/extra-gazettes/2021/2/2215-05_E.pdf,doc-archive/2021/02/15/2215-05/2215-05_english.pdf
2215-06,https://documents.gov.lk/view/extra-gazettes/2021/2/2215-06_E.pdf,doc-archive/2021/02/15/2215-06/2215-06_english.pdf
2215-04,https://documents.gov.lk/view/extra-gazettes/2021/2/2215-04_E.pdf,doc-archive/2021/02/15/2215-04/2215-04_english.pdf
2215-07,https://documents.gov.lk/view/extra-gazettes/2021/2/2215-07_E.pdf,doc-archive/2021/02/15/2215-07/2215-07_english.pdf
2214-62,https://documents.gov.lk/view/extra-gazettes/2021/2/2214-62_E.pdf,doc-archive/2021/02/12/2214-62/2214-62_english.pdf
2214-63,https://documents.gov.lk/view/extra-gazettes/2021/2/2214-63_E.pdf,doc-archive/2021/02/12/2214-63/2214-63_english.pdf
2214-65,https://documents.gov.lk/view/extra-gazettes/2021/2/2214-65_E.pdf,doc-archive/2021/02/12/2214-65/2214-65_english.pdf
2214-66,https://documents.gov.lk/view/extra-gazettes/2021/2/2214-66_E.pdf,doc-archive/2021/02/12/2214-66/2214-66_english.pdf
2214-64,https://documents.gov.lk/view/extra-gazettes/2021/2/2214-64_E.pdf,doc-archive/2021/02/12/2214-64/2214-64_english.pdf
2214-67,https://documents.gov.lk/view/extra-gazettes/2021/2/2214-67_E.pdf,doc-archive/2021/02/12/2214-67/2214-67_english.pdf
2214-68,https://documents.gov.lk/view/extra-gazettes/2021/2/2214-68_E.pdf,doc-archive/2021/02/12/2214-68/2214-68_english.pdf
2214-70,https://documents.gov.lk/view/extra-gazettes/2021/2/2214-70_E.pdf,doc-archive/2021/02/12/2214-70/2214-70_english.pdf
2214-69,https://documents.gov.lk/view/extra-gazettes/2021/2/2214-69_E.pdf,doc-archive/2021/02/12/2214-69/2214-69_english.pdf
2214-71,https://documents.gov.lk/view/extra-gazettes/2021/2/2214-71_E.pdf,doc-archive/2021/02/12/2214-71/2214-71_english.pdf
2214-72,https://documents.gov.lk/view/extra-gazettes/2021/2/2214-72_E.pdf,doc-archive/2021/02/12/2214-72/2214-72_english.pdf
2214-73,https://documents.gov.lk/view/extra-gazettes/2021/2/2214-73_E.pdf,doc-archive/2021/02/12/2214-73/2214-73_english.pdf
2214-75,https://documents.gov.lk/view/extra-gazettes/2021/2/2214-75_E.pdf,doc-archive/2021/02/12/2214-75/2214-75_english.pdf
2214-74,https://documents.gov.lk/view/extra-gazettes/2021/2/2214-74_E.pdf,doc-archive/2021/02/12/2214-74/2214-74_english.pdf
2214-76,https://documents.gov.lk/view/extra-gazettes/2021/2/2214-76_E.pdf,doc-archive/2021/02/12/2214-76/2214-76_english.pdf
2214-55,https://documents.gov.lk/view/extra-gazettes/2021/2/2214-55_E.pdf,doc-archive/2021/02/11/2214-55/2214-55_english.pdf
2214-56,https://documents.gov.lk/view/extra-gazettes/2021/2/2214-56_E.pdf,doc-archive/2021/02/11/2214-56/2214-56_english.pdf
2214-57,https://documents.gov.lk/view/extra-gazettes/2021/2/2214-57_E.pdf,doc-archive/2021/02/11/2214-57/2214-57_english.pdf
2214-58,https://documents.gov.lk/view/extra-gazettes/2021/2/2214-58_E.pdf,doc-archive/2021/02/11/2214-58/2214-58_english.pdf
2214-59,https://documents.gov.lk/view/extra-gazettes/2021/2/2214-59_E.pdf,doc-archive/2021/02/11/2214-59/2214-59_english.pdf
2214-61,https://documents.gov.lk/view/extra-gazettes/2021/2/2214-61_E.pdf,doc-archive/2021/02/11/2214-61/2214-61_english.pdf
2214-60,https://documents.gov.lk/view/extra-gazettes/2021/2/2214-60_E.pdf,doc-archive/2021/02/11/2214-60/2214-60_english.pdf
2214-32,https://documents.gov.lk/view/extra-gazettes/2021/2/2214-32_E.pdf,doc-archive/2021/02/10/2214-32/2214-32_english.pdf
2214-33,https://documents.gov.lk/view/extra-gazettes/2021/2/2214-33_E.pdf,doc-archive/2021/02/10/2214-33/2214-33_english.pdf
2214-31,https://documents.gov.lk/view/extra-gazettes/2021/2/2214-31_E.pdf,doc-archive/2021/02/10/2214-31/2214-31_english.pdf
2214-34,https://documents.gov.lk/view/extra-gazettes/2021/2/2214-34_E.pdf,doc-archive/2021/02/10/2214-34/2214-34_english.pdf
2214-36,https://documents.gov.lk/view/extra-gazettes/2021/2/2214-36_E.pdf,doc-archive/2021/02/10/2214-36/2214-36_english.pdf
2214-37,https://documents.gov.lk/view/extra-gazettes/2021/2/2214-37_E.pdf,doc-archive/2021/02/10/2214-37/2214-37_english.pdf
2214-38,https://documents.gov.lk/view/extra-gazettes/2021/2/2214-38_E.pdf,doc-archive/2021/02/10/2214-38/2214-38_english.pdf
2214-39,https://documents.gov.lk/view/extra-gazettes/2021/2/2214-39_E.pdf,doc-archive/2021/02/10/2214-39/2214-39_english.pdf
2214-40,https://documents.gov.lk/view/extra-gazettes/2021/2/2214-40_E.pdf,doc-archive/2021/02/10/2214-40/2214-40_english.pdf
2214-41,https://documents.gov.lk/view/extra-gazettes/2021/2/2214-41_E.pdf,doc-archive/2021/02/10/2214-41/2214-41_english.pdf
2214-42,https://documents.gov.lk/view/extra-gazettes/2021/2/2214-42_E.pdf,doc-archive/2021/02/10/2214-42/2214-42_english.pdf
2214-35,https://documents.gov.lk/view/extra-gazettes/2021/2/2214-35_E.pdf,doc-archive/2021/02/10/2214-35/2214-35_english.pdf
2214-43,https://documents.gov.lk/view/extra-gazettes/2021/2/2214-43_E.pdf,doc-archive/2021/02/10/2214-43/2214-43_english.pdf
2214-45,https://documents.gov.lk/view/extra-gazettes/2021/2/2214-45_E.pdf,doc-archive/2021/02/10/2214-45/2214-45_english.pdf
2214-46,https://documents.gov.lk/view/extra-gazettes/2021/2/2214-46_E.pdf,doc-archive/2021/02/10/2214-46/2214-46_english.pdf
2214-44,https://documents.gov.lk/view/extra-gazettes/2021/2/2214-44_E.pdf,doc-archive/2021/02/10/2214-44/2214-44_english.pdf
2214-47,https://documents.gov.lk/view/extra-gazettes/2021/2/2214-47_E.pdf,doc-archive/2021/02/10/2214-47/2214-47_english.pdf
2214-48,https://documents.gov.lk/view/extra-gazettes/2021/2/2214-48_E.pdf,doc-archive/2021/02/10/2214-48/2214-48_english.pdf
2214-49,https://documents.gov.lk/view/extra-gazettes/2021/2/2214-49_E.pdf,doc-archive/2021/02/10/2214-49/2214-49_english.pdf
2214-50,https://documents.gov.lk/view/extra-gazettes/2021/2/2214-50_E.pdf,doc-archive/2021/02/10/2214-50/2214-50_english.pdf
2214-51,https://documents.gov.lk/view/extra-gazettes/2021/2/2214-51_E.pdf,doc-archive/2021/02/10/2214-51/2214-51_english.pdf
2214-52,https://documents.gov.lk/view/extra-gazettes/2021/2/2214-52_E.pdf,doc-archive/2021/02/10/2214-52/2214-52_english.pdf
2214-53,https://documents.gov.lk/view/extra-gazettes/2021/2/2214-53_E.pdf,doc-archive/2021/02/10/2214-53/2214-53_english.pdf
2214-54,https://documents.gov.lk/view/extra-gazettes/2021/2/2214-54_E.pdf,doc-archive/2021/02/10/2214-54/2214-54_english.pdf
2214-17,https://documents.gov.lk/view/extra-gazettes/2021/2/2214-17_E.pdf,doc-archive/2021/02/09/2214-17/2214-17_english.pdf
2214-18,https://documents.gov.lk/view/extra-gazettes/2021/2/2214-18_E.pdf,doc-archive/2021/02/09/2214-18/2214-18_english.pdf
2214-20,https://documents.gov.lk/view/extra-gazettes/2021/2/2214-20_E.pdf,doc-archive/2021/02/09/2214-20/2214-20_english.pdf
2214-19,https://documents.gov.lk/view/extra-gazettes/2021/2/2214-19_E.pdf,doc-archive/2021/02/09/2214-19/2214-19_english.pdf
2214-21,https://documents.gov.lk/view/extra-gazettes/2021/2/2214-21_E.pdf,doc-archive/2021/02/09/2214-21/2214-21_english.pdf
2214-22,https://documents.gov.lk/view/extra-gazettes/2021/2/2214-22_E.pdf,doc-archive/2021/02/09/2214-22/2214-22_english.pdf
2214-23,https://documents.gov.lk/view/extra-gazettes/2021/2/2214-23_E.pdf,doc-archive/2021/02/09/2214-23/2214-23_english.pdf
2214-25,https://documents.gov.lk/view/extra-gazettes/2021/2/2214-25_E.pdf,doc-archive/2021/02/09/2214-25/2214-25_english.pdf
2214-26,https://documents.gov.lk/view/extra-gazettes/2021/2/2214-26_E.pdf,doc-archive/2021/02/09/2214-26/2214-26_english.pdf
2214-27,https://documents.gov.lk/view/extra-gazettes/2021/2/2214-27_E.pdf,doc-archive/2021/02/09/2214-27/2214-27_english.pdf
2214-28,https://documents.gov.lk/view/extra-gazettes/2021/2/2214-28_E.pdf,doc-archive/2021/02/09/2214-28/2214-28_english.pdf
2214-29,https://documents.gov.lk/view/extra-gazettes/2021/2/2214-29_E.pdf,doc-archive/2021/02/09/2214-29/2214-29_english.pdf
2214-30,https://documents.gov.lk/view/extra-gazettes/2021/2/2214-30_E.pdf,doc-archive/2021/02/09/2214-30/2214-30_english.pdf
2214-01,https://documents.gov.lk/view/extra-gazettes/2021/2/2214-01_E.pdf,doc-archive/2021/02/08/2214-01/2214-01_english.pdf
2214-02,https://documents.gov.lk/view/extra-gazettes/2021/2/2214-02_E.pdf,doc-archive/2021/02/08/2214-02/2214-02_english.pdf
2214-03,https://documents.gov.lk/view/extra-gazettes/2021/2/2214-03_E.pdf,doc-archive/2021/02/08/2214-03/2214-03_english.pdf
2214-04,https://documents.gov.lk/view/extra-gazettes/2021/2/2214-04_E.pdf,doc-archive/2021/02/08/2214-04/2214-04_english.pdf
2214-05,https://documents.gov.lk/view/extra-gazettes/2021/2/2214-05_E.pdf,doc-archive/2021/02/08/2214-05/2214-05_english.pdf
2214-06,https://documents.gov.lk/view/extra-gazettes/2021/2/2214-06_E.pdf,doc-archive/2021/02/08/2214-06/2214-06_english.pdf
2214-07,https://documents.gov.lk/view/extra-gazettes/2021/2/2214-07_E.pdf,doc-archive/2021/02/08/2214-07/2214-07_english.pdf
2214-08,https://documents.gov.lk/view/extra-gazettes/2021/2/2214-08_E.pdf,doc-archive/2021/02/08/2214-08/2214-08_english.pdf
2214-09,https://documents.gov.lk/view/extra-gazettes/2021/2/2214-09_E.pdf,doc-archive/2021/02/08/2214-09/2214-09_english.pdf
2214-11,https://documents.gov.lk/view/extra-gazettes/2021/2/2214-11_E.pdf,doc-archive/2021/02/08/2214-11/2214-11_english.pdf
2214-12,https://documents.gov.lk/view/extra-gazettes/2021/2/2214-12_E.pdf,doc-archive/2021/02/08/2214-12/2214-12_english.pdf
2214-13,https://documents.gov.lk/view/extra-gazettes/2021/2/2214-13_E.pdf,doc-archive/2021/02/08/2214-13/2214-13_english.pdf
2214-14,https://documents.gov.lk/view/extra-gazettes/2021/2/2214-14_E.pdf,doc-archive/2021/02/08/2214-14/2214-14_english.pdf
2214-16,https://documents.gov.lk/view/extra-gazettes/2021/2/2214-16_E.pdf,doc-archive/2021/02/08/2214-16/2214-16_english.pdf
2214-15,https://documents.gov.lk/view/extra-gazettes/2021/2/2214-15_E.pdf,doc-archive/2021/02/08/2214-15/2214-15_english.pdf
2213-42,https://documents.gov.lk/view/extra-gazettes/2021/2/2213-42_E.pdf,doc-archive/2021/02/05/2213-42/2213-42_english.pdf
2213-25,https://documents.gov.lk/view/extra-gazettes/2021/2/2213-25_E.pdf,doc-archive/2021/02/05/2213-25/2213-25_english.pdf
2213-43,https://documents.gov.lk/view/extra-gazettes/2021/2/2213-43_E.pdf,doc-archive/2021/02/05/2213-43/2213-43_english.pdf
2213-44,https://documents.gov.lk/view/extra-gazettes/2021/2/2213-44_E.pdf,doc-archive/2021/02/05/2213-44/2213-44_english.pdf
2213-45,https://documents.gov.lk/view/extra-gazettes/2021/2/2213-45_E.pdf,doc-archive/2021/02/05/2213-45/2213-45_english.pdf
2213-47,https://documents.gov.lk/view/extra-gazettes/2021/2/2213-47_E.pdf,doc-archive/2021/02/05/2213-47/2213-47_english.pdf
2213-48,https://documents.gov.lk/view/extra-gazettes/2021/2/2213-48_E.pdf,doc-archive/2021/02/05/2213-48/2213-48_english.pdf
2213-49,https://documents.gov.lk/view/extra-gazettes/2021/2/2213-49_E.pdf,doc-archive/2021/02/05/2213-49/2213-49_english.pdf
2213-50,https://documents.gov.lk/view/extra-gazettes/2021/2/2213-50_E.pdf,doc-archive/2021/02/05/2213-50/2213-50_english.pdf
2213-51,https://documents.gov.lk/view/extra-gazettes/2021/2/2213-51_E.pdf,doc-archive/2021/02/05/2213-51/2213-51_english.pdf
2213-52,https://documents.gov.lk/view/extra-gazettes/2021/2/2213-52_E.pdf,doc-archive/2021/02/05/2213-52/2213-52_english.pdf
2213-53,https://documents.gov.lk/view/extra-gazettes/2021/2/2213-53_E.pdf,doc-archive/2021/02/05/2213-53/2213-53_english.pdf
2213-54,https://documents.gov.lk/view/extra-gazettes/2021/2/2213-54_E.pdf,doc-archive/2021/02/05/2213-54/2213-54_english.pdf
2213-19,https://documents.gov.lk/view/extra-gazettes/2021/2/2213-19_E.pdf,doc-archive/2021/02/03/2213-19/2213-19_english.pdf
2213-20,https://documents.gov.lk/view/extra-gazettes/2021/2/2213-20_E.pdf,doc-archive/2021/02/03/2213-20/2213-20_english.pdf
2213-21,https://documents.gov.lk/view/extra-gazettes/2021/2/2213-21_E.pdf,doc-archive/2021/02/03/2213-21/2213-21_english.pdf
2213-22,https://documents.gov.lk/view/extra-gazettes/2021/2/2213-22_E.pdf,doc-archive/2021/02/03/2213-22/2213-22_english.pdf
2213-23,https://documents.gov.lk/view/extra-gazettes/2021/2/2213-23_E.pdf,doc-archive/2021/02/03/2213-23/2213-23_english.pdf
2213-24,https://documents.gov.lk/view/extra-gazettes/2021/2/2213-24_E.pdf,doc-archive/2021/02/03/2213-24/2213-24_english.pdf
2213-26,https://documents.gov.lk/view/extra-gazettes/2021/2/2213-26_E.pdf,doc-archive/2021/02/03/2213-26/2213-26_english.pdf
2213-27,https://documents.gov.lk/view/extra-gazettes/2021/2/2213-27_E.pdf,doc-archive/2021/02/03/2213-27/2213-27_english.pdf
2213-28,https://documents.gov.lk/view/extra-gazettes/2021/2/2213-28_E.pdf,doc-archive/2021/02/03/2213-28/2213-28_english.pdf
2213-29,https://documents.gov.lk/view/extra-gazettes/2021/2/2213-29_E.pdf,doc-archive/2021/02/03/2213-29/2213-29_english.pdf
2213-30,https://documents.gov.lk/view/extra-gazettes/2021/2/2213-30_E.pdf,doc-archive/2021/02/03/2213-30/2213-30_english.pdf
2213-31,https://documents.gov.lk/view/extra-gazettes/2021/2/2213-31_E.pdf,doc-archive/2021/02/03/2213-31/2213-31_english.pdf
2213-33,https://documents.gov.lk/view/extra-gazettes/2021/2/2213-33_E.pdf,doc-archive/2021/02/03/2213-33/2213-33_english.pdf
2213-32,https://documents.gov.lk/view/extra-gazettes/2021/2/2213-32_E.pdf,doc-archive/2021/02/03/2213-32/2213-32_english.pdf
2213-34,https://documents.gov.lk/view/extra-gazettes/2021/2/2213-34_E.pdf,doc-archive/2021/02/03/2213-34/2213-34_english.pdf
2213-35,https://documents.gov.lk/view/extra-gazettes/2021/2/2213-35_E.pdf,doc-archive/2021/02/03/2213-35/2213-35_english.pdf
2213-36,https://documents.gov.lk/view/extra-gazettes/2021/2/2213-36_E.pdf,doc-archive/2021/02/03/2213-36/2213-36_english.pdf
2213-37,https://documents.gov.lk/view/extra-gazettes/2021/2/2213-37_E.pdf,doc-archive/2021/02/03/2213-37/2213-37_english.pdf
2213-38,https://documents.gov.lk/view/extra-gazettes/2021/2/2213-38_E.pdf,doc-archive/2021/02/03/2213-38/2213-38_english.pdf
2213-39,https://documents.gov.lk/view/extra-gazettes/2021/2/2213-39_E.pdf,doc-archive/2021/02/03/2213-39/2213-39_english.pdf
2213-40,https://documents.gov.lk/view/extra-gazettes/2021/2/2213-40_E.pdf,doc-archive/2021/02/03/2213-40/2213-40_english.pdf
2213-41,https://documents.gov.lk/view/extra-gazettes/2021/2/2213-41_E.pdf,doc-archive/2021/02/03/2213-41/2213-41_english.pdf
2213-09,https://documents.gov.lk/view/extra-gazettes/2021/2/2213-09_E.pdf,doc-archive/2021/02/02/2213-09/2213-09_english.pdf
2213-11,https://documents.gov.lk/view/extra-gazettes/2021/2/2213-11_E.pdf,doc-archive/2021/02/02/2213-11/2213-11_english.pdf
2213-10,https://documents.gov.lk/view/extra-gazettes/2021/2/2213-10_E.pdf,doc-archive/2021/02/02/2213-10/2213-10_english.pdf
2213-12,https://documents.gov.lk/view/extra-gazettes/2021/2/2213-12_E.pdf,doc-archive/2021/02/02/2213-12/2213-12_english.pdf
2213-14,https://documents.gov.lk/view/extra-gazettes/2021/2/2213-14_E.pdf,doc-archive/2021/02/02/2213-14/2213-14_english.pdf
2213-13,https://documents.gov.lk/view/extra-gazettes/2021/2/2213-13_E.pdf,doc-archive/2021/02/02/2213-13/2213-13_english.pdf
2213-15,https://documents.gov.lk/view/extra-gazettes/2021/2/2213-15_E.pdf,doc-archive/2021/02/02/2213-15/2213-15_english.pdf
2213-17,https://documents.gov.lk/view/extra-gazettes/2021/2/2213-17_E.pdf,doc-archive/2021/02/02/2213-17/2213-17_english.pdf
2213-16,https://documents.gov.lk/view/extra-gazettes/2021/2/2213-16_E.pdf,doc-archive/2021/02/02/2213-16/2213-16_english.pdf
2213-18,https://documents.gov.lk/view/extra-gazettes/2021/2/2213-18_E.pdf,doc-archive/2021/02/02/2213-18/2213-18_english.pdf
2213-03,https://documents.gov.lk/view/extra-gazettes/2021/2/2213-03_E.pdf,doc-archive/2021/02/01/2213-03/2213-03_english.pdf
2213-04,https://documents.gov.lk/view/extra-gazettes/2021/2/2213-04_E.pdf,doc-archive/2021/02/01/2213-04/2213-04_english.pdf
2213-05,https://documents.gov.lk/view/extra-gazettes/2021/2/2213-05_E.pdf,doc-archive/2021/02/01/2213-05/2213-05_english.pdf
2213-06,https://documents.gov.lk/view/extra-gazettes/2021/2/2213-06_E.pdf,doc-archive/2021/02/01/2213-06/2213-06_english.pdf
2213-07,https://documents.gov.lk/view/extra-gazettes/2021/2/2213-07_E.pdf,doc-archive/2021/02/01/2213-07/2213-07_english.pdf
2213-02,https://documents.gov.lk/view/extra-gazettes/2021/2/2213-02_E.pdf,doc-archive/2021/02/01/2213-02/2213-02_english.pdf
2221-40,https://documents.gov.lk/view/extra-gazettes/2021/3/2221-40_E.pdf,doc-archive/2021/03/31/2221-40/2221-40_english.pdf
2221-41,https://documents.gov.lk/view/extra-gazettes/2021/3/2221-41_E.pdf,doc-archive/2021/03/31/2221-41/2221-41_english.pdf
2221-43,https://documents.gov.lk/view/extra-gazettes/2021/3/2221-43_E.pdf,doc-archive/2021/03/31/2221-43/2221-43_english.pdf
2221-42,https://documents.gov.lk/view/extra-gazettes/2021/3/2221-42_E.pdf,doc-archive/2021/03/31/2221-42/2221-42_english.pdf
2221-44,https://documents.gov.lk/view/extra-gazettes/2021/3/2221-44_E.pdf,doc-archive/2021/03/31/2221-44/2221-44_english.pdf
2221-45,https://documents.gov.lk/view/extra-gazettes/2021/3/2221-45_E.pdf,doc-archive/2021/03/31/2221-45/2221-45_english.pdf
2221-47,https://documents.gov.lk/view/extra-gazettes/2021/3/2221-47_E.pdf,doc-archive/2021/03/31/2221-47/2221-47_english.pdf
2221-22,https://documents.gov.lk/view/extra-gazettes/2021/3/2221-22_E.pdf,doc-archive/2021/03/30/2221-22/2221-22_english.pdf
2221-46,https://documents.gov.lk/view/extra-gazettes/2021/3/2221-46_E.pdf,doc-archive/2021/03/31/2221-46/2221-46_english.pdf
2221-23,https://documents.gov.lk/view/extra-gazettes/2021/3/2221-23_E.pdf,doc-archive/2021/03/30/2221-23/2221-23_english.pdf
2221-24,https://documents.gov.lk/view/extra-gazettes/2021/3/2221-24_E.pdf,doc-archive/2021/03/30/2221-24/2221-24_english.pdf
2221-25,https://documents.gov.lk/view/extra-gazettes/2021/3/2221-25_E.pdf,doc-archive/2021/03/30/2221-25/2221-25_english.pdf
2221-26,https://documents.gov.lk/view/extra-gazettes/2021/3/2221-26_E.pdf,doc-archive/2021/03/30/2221-26/2221-26_english.pdf
2221-27,https://documents.gov.lk/view/extra-gazettes/2021/3/2221-27_E.pdf,doc-archive/2021/03/30/2221-27/2221-27_english.pdf
2221-28,https://documents.gov.lk/view/extra-gazettes/2021/3/2221-28_E.pdf,doc-archive/2021/03/30/2221-28/2221-28_english.pdf
2221-29,https://documents.gov.lk/view/extra-gazettes/2021/3/2221-29_E.pdf,doc-archive/2021/03/30/2221-29/2221-29_english.pdf
2221-30,https://documents.gov.lk/view/extra-gazettes/2021/3/2221-30_E.pdf,doc-archive/2021/03/30/2221-30/2221-30_english.pdf
2221-31,https://documents.gov.lk/view/extra-gazettes/2021/3/2221-31_E.pdf,doc-archive/2021/03/30/2221-31/2221-31_english.pdf
2221-32,https://documents.gov.lk/view/extra-gazettes/2021/3/2221-32_E.pdf,doc-archive/2021/03/30/2221-32/2221-32_english.pdf
2221-33,https://documents.gov.lk/view/extra-gazettes/2021/3/2221-33_E.pdf,doc-archive/2021/03/30/2221-33/2221-33_english.pdf
2221-35,https://documents.gov.lk/view/extra-gazettes/2021/3/2221-35_E.pdf,doc-archive/2021/03/30/2221-35/2221-35_english.pdf
2221-34,https://documents.gov.lk/view/extra-gazettes/2021/3/2221-34_E.pdf,doc-archive/2021/03/30/2221-34/2221-34_english.pdf
2221-36,https://documents.gov.lk/view/extra-gazettes/2021/3/2221-36_E.pdf,doc-archive/2021/03/30/2221-36/2221-36_english.pdf
2221-37,https://documents.gov.lk/view/extra-gazettes/2021/3/2221-37_E.pdf,doc-archive/2021/03/30/2221-37/2221-37_english.pdf
2221-38,https://documents.gov.lk/view/extra-gazettes/2021/3/2221-38_E.pdf,doc-archive/2021/03/30/2221-38/2221-38_english.pdf
2221-01,https://documents.gov.lk/view/extra-gazettes/2021/3/2221-01_E.pdf,doc-archive/2021/03/29/2221-01/2221-01_english.pdf
2221-02,https://documents.gov.lk/view/extra-gazettes/2021/3/2221-02_E.pdf,doc-archive/2021/03/29/2221-02/2221-02_english.pdf
2221-03,https://documents.gov.lk/view/extra-gazettes/2021/3/2221-03_E.pdf,doc-archive/2021/03/29/2221-03/2221-03_english.pdf
2221-39,https://documents.gov.lk/view/extra-gazettes/2021/3/2221-39_E.pdf,doc-archive/2021/03/30/2221-39/2221-39_english.pdf
2221-04,https://documents.gov.lk/view/extra-gazettes/2021/3/2221-04_E.pdf,doc-archive/2021/03/29/2221-04/2221-04_english.pdf
2221-05,https://documents.gov.lk/view/extra-gazettes/2021/3/2221-05_E.pdf,doc-archive/2021/03/29/2221-05/2221-05_english.pdf
2221-06,https://documents.gov.lk/view/extra-gazettes/2021/3/2221-06_E.pdf,doc-archive/2021/03/29/2221-06/2221-06_english.pdf
2221-08,https://documents.gov.lk/view/extra-gazettes/2021/3/2221-08_E.pdf,doc-archive/2021/03/29/2221-08/2221-08_english.pdf
2221-07,https://documents.gov.lk/view/extra-gazettes/2021/3/2221-07_E.pdf,doc-archive/2021/03/29/2221-07/2221-07_english.pdf
2221-09,https://documents.gov.lk/view/extra-gazettes/2021/3/2221-09_E.pdf,doc-archive/2021/03/29/2221-09/2221-09_english.pdf
2221-10,https://documents.gov.lk/view/extra-gazettes/2021/3/2221-10_E.pdf,doc-archive/2021/03/29/2221-10/2221-10_english.pdf
2221-11,https://documents.gov.lk/view/extra-gazettes/2021/3/2221-11_E.pdf,doc-archive/2021/03/29/2221-11/2221-11_english.pdf
2221-13,https://documents.gov.lk/view/extra-gazettes/2021/3/2221-13_E.pdf,doc-archive/2021/03/29/2221-13/2221-13_english.pdf
2221-14,https://documents.gov.lk/view/extra-gazettes/2021/3/2221-14_E.pdf,doc-archive/2021/03/29/2221-14/2221-14_english.pdf
2221-12,https://documents.gov.lk/view/extra-gazettes/2021/3/2221-12_E.pdf,doc-archive/2021/03/29/2221-12/2221-12_english.pdf
2221-15,https://documents.gov.lk/view/extra-gazettes/2021/3/2221-15_E.pdf,doc-archive/2021/03/29/2221-15/2221-15_english.pdf
2221-17,https://documents.gov.lk/view/extra-gazettes/2021/3/2221-17_E.pdf,doc-archive/2021/03/29/2221-17/2221-17_english.pdf
2221-18,https://documents.gov.lk/view/extra-gazettes/2021/3/2221-18_E.pdf,doc-archive/2021/03/29/2221-18/2221-18_english.pdf
2221-16,https://documents.gov.lk/view/extra-gazettes/2021/3/2221-16_E.pdf,doc-archive/2021/03/29/2221-16/2221-16_english.pdf
2221-19,https://documents.gov.lk/view/extra-gazettes/2021/3/2221-19_E.pdf,doc-archive/2021/03/29/2221-19/2221-19_english.pdf
2221-20,https://documents.gov.lk/view/extra-gazettes/2021/3/2221-20_E.pdf,doc-archive/2021/03/29/2221-20/2221-20_english.pdf
2221-21,https://documents.gov.lk/view/extra-gazettes/2021/3/2221-21_E.pdf,doc-archive/2021/03/29/2221-21/2221-21_english.pdf
2220-62,https://documents.gov.lk/view/extra-gazettes/2021/3/2220-62_E.pdf,doc-archive/2021/03/26/2220-62/2220-62_english.pdf
2220-63,https://documents.gov.lk/view/extra-gazettes/2021/3/2220-63_E.pdf,doc-archive/2021/03/26/2220-63/2220-63_english.pdf
2220-64,https://documents.gov.lk/view/extra-gazettes/2021/3/2220-64_E.pdf,doc-archive/2021/03/26/2220-64/2220-64_english.pdf
2220-65,https://documents.gov.lk/view/extra-gazettes/2021/3/2220-65_E.pdf,doc-archive/2021/03/26/2220-65/2220-65_english.pdf
2220-67,https://documents.gov.lk/view/extra-gazettes/2021/3/2220-67_E.pdf,doc-archive/2021/03/26/2220-67/2220-67_english.pdf
2220-66,https://documents.gov.lk/view/extra-gazettes/2021/3/2220-66_E.pdf,doc-archive/2021/03/26/2220-66/2220-66_english.pdf
2220-69,https://documents.gov.lk/view/extra-gazettes/2021/3/2220-69_E.pdf,doc-archive/2021/03/26/2220-69/2220-69_english.pdf
2220-68,https://documents.gov.lk/view/extra-gazettes/2021/3/2220-68_E.pdf,doc-archive/2021/03/26/2220-68/2220-68_english.pdf
2220-70,https://documents.gov.lk/view/extra-gazettes/2021/3/2220-70_E.pdf,doc-archive/2021/03/26/2220-70/2220-70_english.pdf
2220-71,https://documents.gov.lk/view/extra-gazettes/2021/3/2220-71_E.pdf,doc-archive/2021/03/26/2220-71/2220-71_english.pdf
2220-72,https://documents.gov.lk/view/extra-gazettes/2021/3/2220-72_E.pdf,doc-archive/2021/03/26/2220-72/2220-72_english.pdf
2220-73,https://documents.gov.lk/view/extra-gazettes/2021/3/2220-73_E.pdf,doc-archive/2021/03/26/2220-73/2220-73_english.pdf
2220-74,https://documents.gov.lk/view/extra-gazettes/2021/3/2220-74_E.pdf,doc-archive/2021/03/26/2220-74/2220-74_english.pdf
2220-76,https://documents.gov.lk/view/extra-gazettes/2021/3/2220-76_E.pdf,doc-archive/2021/03/26/2220-76/2220-76_english.pdf
2220-75,https://documents.gov.lk/view/extra-gazettes/2021/3/2220-75_E.pdf,doc-archive/2021/03/26/2220-75/2220-75_english.pdf
2220-78,https://documents.gov.lk/view/extra-gazettes/2021/3/2220-78_E.pdf,doc-archive/2021/03/26/2220-78/2220-78_english.pdf
2220-77,https://documents.gov.lk/view/extra-gazettes/2021/3/2220-77_E.pdf,doc-archive/2021/03/26/2220-77/2220-77_english.pdf
2220-79,https://documents.gov.lk/view/extra-gazettes/2021/3/2220-79_E.pdf,doc-archive/2021/03/26/2220-79/2220-79_english.pdf
2220-45,https://documents.gov.lk/view/extra-gazettes/2021/3/2220-45_E.pdf,doc-archive/2021/03/25/2220-45/2220-45_english.pdf
2220-49,https://documents.gov.lk/view/extra-gazettes/2021/3/2220-49_E.pdf,doc-archive/2021/03/25/2220-49/2220-49_english.pdf
2220-50,https://documents.gov.lk/view/extra-gazettes/2021/3/2220-50_E.pdf,doc-archive/2021/03/25/2220-50/2220-50_english.pdf
2220-51,https://documents.gov.lk/view/extra-gazettes/2021/3/2220-51_E.pdf,doc-archive/2021/03/25/2220-51/2220-51_english.pdf
2220-52,https://documents.gov.lk/view/extra-gazettes/2021/3/2220-52_E.pdf,doc-archive/2021/03/25/2220-52/2220-52_english.pdf
2220-46,https://documents.gov.lk/view/extra-gazettes/2021/3/2220-46_E.pdf,doc-archive/2021/03/25/2220-46/2220-46_english.pdf
2220-53,https://documents.gov.lk/view/extra-gazettes/2021/3/2220-53_E.pdf,doc-archive/2021/03/25/2220-53/2220-53_english.pdf
2220-55,https://documents.gov.lk/view/extra-gazettes/2021/3/2220-55_E.pdf,doc-archive/2021/03/25/2220-55/2220-55_english.pdf
2220-56,https://documents.gov.lk/view/extra-gazettes/2021/3/2220-56_E.pdf,doc-archive/2021/03/25/2220-56/2220-56_english.pdf
2220-57,https://documents.gov.lk/view/extra-gazettes/2021/3/2220-57_E.pdf,doc-archive/2021/03/25/2220-57/2220-57_english.pdf
2220-54,https://documents.gov.lk/view/extra-gazettes/2021/3/2220-54_E.pdf,doc-archive/2021/03/25/2220-54/2220-54_english.pdf
2220-58,https://documents.gov.lk/view/extra-gazettes/2021/3/2220-58_E.pdf,doc-archive/2021/03/25/2220-58/2220-58_english.pdf
2220-60,https://documents.gov.lk/view/extra-gazettes/2021/3/2220-60_E.pdf,doc-archive/2021/03/25/2220-60/2220-60_english.pdf
2220-59,https://documents.gov.lk/view/extra-gazettes/2021/3/2220-59_E.pdf,doc-archive/2021/03/25/2220-59/2220-59_english.pdf
2220-61,https://documents.gov.lk/view/extra-gazettes/2021/3/2220-61_E.pdf,doc-archive/2021/03/25/2220-61/2220-61_english.pdf
2220-41,https://documents.gov.lk/view/extra-gazettes/2021/3/2220-41_E.pdf,doc-archive/2021/03/24/2220-41/2220-41_english.pdf
2220-43,https://documents.gov.lk/view/extra-gazettes/2021/3/2220-43_E.pdf,doc-archive/2021/03/24/2220-43/2220-43_english.pdf
2220-44,https://documents.gov.lk/view/extra-gazettes/2021/3/2220-44_E.pdf,doc-archive/2021/03/24/2220-44/2220-44_english.pdf
2220-23,https://documents.gov.lk/view/extra-gazettes/2021/3/2220-23_E.pdf,doc-archive/2021/03/23/2220-23/2220-23_english.pdf
2220-24,https://documents.gov.lk/view/extra-gazettes/2021/3/2220-24_E.pdf,doc-archive/2021/03/23/2220-24/2220-24_english.pdf
2220-25,https://documents.gov.lk/view/extra-gazettes/2021/3/2220-25_E.pdf,doc-archive/2021/03/23/2220-25/2220-25_english.pdf
2220-26,https://documents.gov.lk/view/extra-gazettes/2021/3/2220-26_E.pdf,doc-archive/2021/03/23/2220-26/2220-26_english.pdf
2220-27,https://documents.gov.lk/view/extra-gazettes/2021/3/2220-27_E.pdf,doc-archive/2021/03/23/2220-27/2220-27_english.pdf
2220-28,https://documents.gov.lk/view/extra-gazettes/2021/3/2220-28_E.pdf,doc-archive/2021/03/23/2220-28/2220-28_english.pdf
2220-29,https://documents.gov.lk/view/extra-gazettes/2021/3/2220-29_E.pdf,doc-archive/2021/03/23/2220-29/2220-29_english.pdf
2220-30,https://documents.gov.lk/view/extra-gazettes/2021/3/2220-30_E.pdf,doc-archive/2021/03/23/2220-30/2220-30_english.pdf
2220-31,https://documents.gov.lk/view/extra-gazettes/2021/3/2220-31_E.pdf,doc-archive/2021/03/23/2220-31/2220-31_english.pdf
2220-32,https://documents.gov.lk/view/extra-gazettes/2021/3/2220-32_E.pdf,doc-archive/2021/03/23/2220-32/2220-32_english.pdf
2220-33,https://documents.gov.lk/view/extra-gazettes/2021/3/2220-33_E.pdf,doc-archive/2021/03/23/2220-33/2220-33_english.pdf
2220-34,https://documents.gov.lk/view/extra-gazettes/2021/3/2220-34_E.pdf,doc-archive/2021/03/23/2220-34/2220-34_english.pdf
2220-35,https://documents.gov.lk/view/extra-gazettes/2021/3/2220-35_E.pdf,doc-archive/2021/03/23/2220-35/2220-35_english.pdf
2220-36,https://documents.gov.lk/view/extra-gazettes/2021/3/2220-36_E.pdf,doc-archive/2021/03/23/2220-36/2220-36_english.pdf
2220-37,https://documents.gov.lk/view/extra-gazettes/2021/3/2220-37_E.pdf,doc-archive/2021/03/23/2220-37/2220-37_english.pdf
2220-38,https://documents.gov.lk/view/extra-gazettes/2021/3/2220-38_E.pdf,doc-archive/2021/03/23/2220-38/2220-38_english.pdf
2220-39,https://documents.gov.lk/view/extra-gazettes/2021/3/2220-39_E.pdf,doc-archive/2021/03/23/2220-39/2220-39_english.pdf
2220-40,https://documents.gov.lk/view/extra-gazettes/2021/3/2220-40_E.pdf,doc-archive/2021/03/23/2220-40/2220-40_english.pdf
2220-01,https://documents.gov.lk/view/extra-gazettes/2021/3/2220-01_E.pdf,doc-archive/2021/03/22/2220-01/2220-01_english.pdf
2220-42,https://documents.gov.lk/view/extra-gazettes/2021/3/2220-42_E.pdf,doc-archive/2021/03/24/2220-42/2220-42_english.pdf
2220-02,https://documents.gov.lk/view/extra-gazettes/2021/3/2220-02_E.pdf,doc-archive/2021/03/22/2220-02/2220-02_english.pdf
2220-03,https://documents.gov.lk/view/extra-gazettes/2021/3/2220-03_E.pdf,doc-archive/2021/03/22/2220-03/2220-03_english.pdf
2220-04,https://documents.gov.lk/view/extra-gazettes/2021/3/2220-04_E.pdf,doc-archive/2021/03/22/2220-04/2220-04_english.pdf
2220-05,https://documents.gov.lk/view/extra-gazettes/2021/3/2220-05_E.pdf,doc-archive/2021/03/22/2220-05/2220-05_english.pdf
2220-06,https://documents.gov.lk/view/extra-gazettes/2021/3/2220-06_E.pdf,doc-archive/2021/03/22/2220-06/2220-06_english.pdf
2220-07,https://documents.gov.lk/view/extra-gazettes/2021/3/2220-07_E.pdf,doc-archive/2021/03/22/2220-07/2220-07_english.pdf
2220-08,https://documents.gov.lk/view/extra-gazettes/2021/3/2220-08_E.pdf,doc-archive/2021/03/22/2220-08/2220-08_english.pdf
2220-09,https://documents.gov.lk/view/extra-gazettes/2021/3/2220-09_E.pdf,doc-archive/2021/03/22/2220-09/2220-09_english.pdf
2220-10,https://documents.gov.lk/view/extra-gazettes/2021/3/2220-10_E.pdf,doc-archive/2021/03/22/2220-10/2220-10_english.pdf
2220-11,https://documents.gov.lk/view/extra-gazettes/2021/3/2220-11_E.pdf,doc-archive/2021/03/22/2220-11/2220-11_english.pdf
2220-13,https://documents.gov.lk/view/extra-gazettes/2021/3/2220-13_E.pdf,doc-archive/2021/03/22/2220-13/2220-13_english.pdf
2220-12,https://documents.gov.lk/view/extra-gazettes/2021/3/2220-12_E.pdf,doc-archive/2021/03/22/2220-12/2220-12_english.pdf
2220-15,https://documents.gov.lk/view/extra-gazettes/2021/3/2220-15_E.pdf,doc-archive/2021/03/22/2220-15/2220-15_english.pdf
2220-16,https://documents.gov.lk/view/extra-gazettes/2021/3/2220-16_E.pdf,doc-archive/2021/03/22/2220-16/2220-16_english.pdf
2220-17,https://documents.gov.lk/view/extra-gazettes/2021/3/2220-17_E.pdf,doc-archive/2021/03/22/2220-17/2220-17_english.pdf
2220-14,https://documents.gov.lk/view/extra-gazettes/2021/3/2220-14_E.pdf,doc-archive/2021/03/22/2220-14/2220-14_english.pdf
2220-18,https://documents.gov.lk/view/extra-gazettes/2021/3/2220-18_E.pdf,doc-archive/2021/03/22/2220-18/2220-18_english.pdf
2220-19,https://documents.gov.lk/view/extra-gazettes/2021/3/2220-19_E.pdf,doc-archive/2021/03/22/2220-19/2220-19_english.pdf
2220-20,https://documents.gov.lk/view/extra-gazettes/2021/3/2220-20_E.pdf,doc-archive/2021/03/22/2220-20/2220-20_english.pdf
2220-22,https://documents.gov.lk/view/extra-gazettes/2021/3/2220-22_E.pdf,doc-archive/2021/03/22/2220-22/2220-22_english.pdf
2219-74,https://documents.gov.lk/view/extra-gazettes/2021/3/2219-74_E.pdf,doc-archive/2021/03/20/2219-74/2219-74_english.pdf
2219-64,https://documents.gov.lk/view/extra-gazettes/2021/3/2219-64_E.pdf,doc-archive/2021/03/19/2219-64/2219-64_english.pdf
2220-21,https://documents.gov.lk/view/extra-gazettes/2021/3/2220-21_E.pdf,doc-archive/2021/03/22/2220-21/2220-21_english.pdf
2219-66,https://documents.gov.lk/view/extra-gazettes/2021/3/2219-66_E.pdf,doc-archive/2021/03/19/2219-66/2219-66_english.pdf
2219-65,https://documents.gov.lk/view/extra-gazettes/2021/3/2219-65_E.pdf,doc-archive/2021/03/19/2219-65/2219-65_english.pdf
2219-68,https://documents.gov.lk/view/extra-gazettes/2021/3/2219-68_E.pdf,doc-archive/2021/03/19/2219-68/2219-68_english.pdf
2219-69,https://documents.gov.lk/view/extra-gazettes/2021/3/2219-69_E.pdf,doc-archive/2021/03/19/2219-69/2219-69_english.pdf
2219-70,https://documents.gov.lk/view/extra-gazettes/2021/3/2219-70_E.pdf,doc-archive/2021/03/19/2219-70/2219-70_english.pdf
2219-71,https://documents.gov.lk/view/extra-gazettes/2021/3/2219-71_E.pdf,doc-archive/2021/03/19/2219-71/2219-71_english.pdf
2219-72,https://documents.gov.lk/view/extra-gazettes/2021/3/2219-72_E.pdf,doc-archive/2021/03/19/2219-72/2219-72_english.pdf
2219-73,https://documents.gov.lk/view/extra-gazettes/2021/3/2219-73_E.pdf,doc-archive/2021/03/19/2219-73/2219-73_english.pdf
2219-56,https://documents.gov.lk/view/extra-gazettes/2021/3/2219-56_E.pdf,doc-archive/2021/03/18/2219-56/2219-56_english.pdf
2219-57,https://documents.gov.lk/view/extra-gazettes/2021/3/2219-57_E.pdf,doc-archive/2021/03/18/2219-57/2219-57_english.pdf
2219-59,https://documents.gov.lk/view/extra-gazettes/2021/3/2219-59_E.pdf,doc-archive/2021/03/18/2219-59/2219-59_english.pdf
2219-58,https://documents.gov.lk/view/extra-gazettes/2021/3/2219-58_E.pdf,doc-archive/2021/03/18/2219-58/2219-58_english.pdf
2219-61,https://documents.gov.lk/view/extra-gazettes/2021/3/2219-61_E.pdf,doc-archive/2021/03/18/2219-61/2219-61_english.pdf
2219-60,https://documents.gov.lk/view/extra-gazettes/2021/3/2219-60_E.pdf,doc-archive/2021/03/18/2219-60/2219-60_english.pdf
2219-62,https://documents.gov.lk/view/extra-gazettes/2021/3/2219-62_E.pdf,doc-archive/2021/03/18/2219-62/2219-62_english.pdf
2219-36,https://documents.gov.lk/view/extra-gazettes/2021/3/2219-36_E.pdf,doc-archive/2021/03/17/2219-36/2219-36_english.pdf
2219-37,https://documents.gov.lk/view/extra-gazettes/2021/3/2219-37_E.pdf,doc-archive/2021/03/17/2219-37/2219-37_english.pdf
2219-38,https://documents.gov.lk/view/extra-gazettes/2021/3/2219-38_E.pdf,doc-archive/2021/03/17/2219-38/2219-38_english.pdf
2219-39,https://documents.gov.lk/view/extra-gazettes/2021/3/2219-39_E.pdf,doc-archive/2021/03/17/2219-39/2219-39_english.pdf
2219-41,https://documents.gov.lk/view/extra-gazettes/2021/3/2219-41_E.pdf,doc-archive/2021/03/17/2219-41/2219-41_english.pdf
2219-42,https://documents.gov.lk/view/extra-gazettes/2021/3/2219-42_E.pdf,doc-archive/2021/03/17/2219-42/2219-42_english.pdf
2219-40,https://documents.gov.lk/view/extra-gazettes/2021/3/2219-40_E.pdf,doc-archive/2021/03/17/2219-40/2219-40_english.pdf
2219-43,https://documents.gov.lk/view/extra-gazettes/2021/3/2219-43_E.pdf,doc-archive/2021/03/17/2219-43/2219-43_english.pdf
2219-44,https://documents.gov.lk/view/extra-gazettes/2021/3/2219-44_E.pdf,doc-archive/2021/03/17/2219-44/2219-44_english.pdf
2219-45,https://documents.gov.lk/view/extra-gazettes/2021/3/2219-45_E.pdf,doc-archive/2021/03/17/2219-45/2219-45_english.pdf
2219-46,https://documents.gov.lk/view/extra-gazettes/2021/3/2219-46_E.pdf,doc-archive/2021/03/17/2219-46/2219-46_english.pdf
2219-48,https://documents.gov.lk/view/extra-gazettes/2021/3/2219-48_E.pdf,doc-archive/2021/03/17/2219-48/2219-48_english.pdf
2219-49,https://documents.gov.lk/view/extra-gazettes/2021/3/2219-49_E.pdf,doc-archive/2021/03/17/2219-49/2219-49_english.pdf
2219-50,https://documents.gov.lk/view/extra-gazettes/2021/3/2219-50_E.pdf,doc-archive/2021/03/17/2219-50/2219-50_english.pdf
2219-51,https://documents.gov.lk/view/extra-gazettes/2021/3/2219-51_E.pdf,doc-archive/2021/03/17/2219-51/2219-51_english.pdf
2219-52,https://documents.gov.lk/view/extra-gazettes/2021/3/2219-52_E.pdf,doc-archive/2021/03/17/2219-52/2219-52_english.pdf
2219-54,https://documents.gov.lk/view/extra-gazettes/2021/3/2219-54_E.pdf,doc-archive/2021/03/17/2219-54/2219-54_english.pdf
2219-53,https://documents.gov.lk/view/extra-gazettes/2021/3/2219-53_E.pdf,doc-archive/2021/03/17/2219-53/2219-53_english.pdf
2219-55,https://documents.gov.lk/view/extra-gazettes/2021/3/2219-55_E.pdf,doc-archive/2021/03/17/2219-55/2219-55_english.pdf
2219-29,https://documents.gov.lk/view/extra-gazettes/2021/3/2219-29_E.pdf,doc-archive/2021/03/16/2219-29/2219-29_english.pdf
2219-30,https://documents.gov.lk/view/extra-gazettes/2021/3/2219-30_E.pdf,doc-archive/2021/03/16/2219-30/2219-30_english.pdf
2219-31,https://documents.gov.lk/view/extra-gazettes/2021/3/2219-31_E.pdf,doc-archive/2021/03/16/2219-31/2219-31_english.pdf
2219-32,https://documents.gov.lk/view/extra-gazettes/2021/3/2219-32_E.pdf,doc-archive/2021/03/16/2219-32/2219-32_english.pdf
2219-34,https://documents.gov.lk/view/extra-gazettes/2021/3/2219-34_E.pdf,doc-archive/2021/03/16/2219-34/2219-34_english.pdf
2219-35,https://documents.gov.lk/view/extra-gazettes/2021/3/2219-35_E.pdf,doc-archive/2021/03/16/2219-35/2219-35_english.pdf
2219-33,https://documents.gov.lk/view/extra-gazettes/2021/3/2219-33_E.pdf,doc-archive/2021/03/16/2219-33/2219-33_english.pdf
2219-01,https://documents.gov.lk/view/extra-gazettes/2021/3/2219-01_E.pdf,doc-archive/2021/03/15/2219-01/2219-01_english.pdf
2219-02,https://documents.gov.lk/view/extra-gazettes/2021/3/2219-02_E.pdf,doc-archive/2021/03/15/2219-02/2219-02_english.pdf
2219-04,https://documents.gov.lk/view/extra-gazettes/2021/3/2219-04_E.pdf,doc-archive/2021/03/15/2219-04/2219-04_english.pdf
2219-05,https://documents.gov.lk/view/extra-gazettes/2021/3/2219-05_E.pdf,doc-archive/2021/03/15/2219-05/2219-05_english.pdf
2219-03,https://documents.gov.lk/view/extra-gazettes/2021/3/2219-03_E.pdf,doc-archive/2021/03/15/2219-03/2219-03_english.pdf
2219-06,https://documents.gov.lk/view/extra-gazettes/2021/3/2219-06_E.pdf,doc-archive/2021/03/15/2219-06/2219-06_english.pdf
2219-07,https://documents.gov.lk/view/extra-gazettes/2021/3/2219-07_E.pdf,doc-archive/2021/03/15/2219-07/2219-07_english.pdf
2219-08,https://documents.gov.lk/view/extra-gazettes/2021/3/2219-08_E.pdf,doc-archive/2021/03/15/2219-08/2219-08_english.pdf
2219-09,https://documents.gov.lk/view/extra-gazettes/2021/3/2219-09_E.pdf,doc-archive/2021/03/15/2219-09/2219-09_english.pdf
2219-11,https://documents.gov.lk/view/extra-gazettes/2021/3/2219-11_E.pdf,doc-archive/2021/03/15/2219-11/2219-11_english.pdf
2219-10,https://documents.gov.lk/view/extra-gazettes/2021/3/2219-10_E.pdf,doc-archive/2021/03/15/2219-10/2219-10_english.pdf
2219-12,https://documents.gov.lk/view/extra-gazettes/2021/3/2219-12_E.pdf,doc-archive/2021/03/15/2219-12/2219-12_english.pdf
2219-13,https://documents.gov.lk/view/extra-gazettes/2021/3/2219-13_E.pdf,doc-archive/2021/03/15/2219-13/2219-13_english.pdf
2219-14,https://documents.gov.lk/view/extra-gazettes/2021/3/2219-14_E.pdf,doc-archive/2021/03/15/2219-14/2219-14_english.pdf
2219-15,https://documents.gov.lk/view/extra-gazettes/2021/3/2219-15_E.pdf,doc-archive/2021/03/15/2219-15/2219-15_english.pdf
2219-16,https://documents.gov.lk/view/extra-gazettes/2021/3/2219-16_E.pdf,doc-archive/2021/03/15/2219-16/2219-16_english.pdf
2219-18,https://documents.gov.lk/view/extra-gazettes/2021/3/2219-18_E.pdf,doc-archive/2021/03/15/2219-18/2219-18_english.pdf
2219-19,https://documents.gov.lk/view/extra-gazettes/2021/3/2219-19_E.pdf,doc-archive/2021/03/15/2219-19/2219-19_english.pdf
2219-17,https://documents.gov.lk/view/extra-gazettes/2021/3/2219-17_E.pdf,doc-archive/2021/03/15/2219-17/2219-17_english.pdf
2219-20,https://documents.gov.lk/view/extra-gazettes/2021/3/2219-20_E.pdf,doc-archive/2021/03/15/2219-20/2219-20_english.pdf
2219-22,https://documents.gov.lk/view/extra-gazettes/2021/3/2219-22_E.pdf,doc-archive/2021/03/15/2219-22/2219-22_english.pdf
2219-21,https://documents.gov.lk/view/extra-gazettes/2021/3/2219-21_E.pdf,doc-archive/2021/03/15/2219-21/2219-21_english.pdf
2219-23,https://documents.gov.lk/view/extra-gazettes/2021/3/2219-23_E.pdf,doc-archive/2021/03/15/2219-23/2219-23_english.pdf
2219-25,https://documents.gov.lk/view/extra-gazettes/2021/3/2219-25_E.pdf,doc-archive/2021/03/15/2219-25/2219-25_english.pdf
2219-24,https://documents.gov.lk/view/extra-gazettes/2021/3/2219-24_E.pdf,doc-archive/2021/03/15/2219-24/2219-24_english.pdf
2219-26,https://documents.gov.lk/view/extra-gazettes/2021/3/2219-26_E.pdf,doc-archive/2021/03/15/2219-26/2219-26_english.pdf
2219-27,https://documents.gov.lk/view/extra-gazettes/2021/3/2219-27_E.pdf,doc-archive/2021/03/15/2219-27/2219-27_english.pdf
2219-28,https://documents.gov.lk/view/extra-gazettes/2021/3/2219-28_E.pdf,doc-archive/2021/03/15/2219-28/2219-28_english.pdf
2218-62,https://documents.gov.lk/view/extra-gazettes/2021/3/2218-62_E.pdf,doc-archive/2021/03/12/2218-62/2218-62_english.pdf
2218-63,https://documents.gov.lk/view/extra-gazettes/2021/3/2218-63_E.pdf,doc-archive/2021/03/12/2218-63/2218-63_english.pdf
2218-72,https://documents.gov.lk/view/extra-gazettes/2021/3/2218-72_E.pdf,doc-archive/2021/03/13/2218-72/2218-72_english.pdf
2218-64,https://documents.gov.lk/view/extra-gazettes/2021/3/2218-64_E.pdf,doc-archive/2021/03/12/2218-64/2218-64_english.pdf
2218-65,https://documents.gov.lk/view/extra-gazettes/2021/3/2218-65_E.pdf,doc-archive/2021/03/12/2218-65/2218-65_english.pdf
2218-66,https://documents.gov.lk/view/extra-gazettes/2021/3/2218-66_E.pdf,doc-archive/2021/03/12/2218-66/2218-66_english.pdf
2218-67,https://documents.gov.lk/view/extra-gazettes/2021/3/2218-67_E.pdf,doc-archive/2021/03/12/2218-67/2218-67_english.pdf
2218-68,https://documents.gov.lk/view/extra-gazettes/2021/3/2218-68_E.pdf,doc-archive/2021/03/12/2218-68/2218-68_english.pdf
2218-69,https://documents.gov.lk/view/extra-gazettes/2021/3/2218-69_E.pdf,doc-archive/2021/03/12/2218-69/2218-69_english.pdf
2218-70,https://documents.gov.lk/view/extra-gazettes/2021/3/2218-70_E.pdf,doc-archive/2021/03/12/2218-70/2218-70_english.pdf
2218-71,https://documents.gov.lk/view/extra-gazettes/2021/3/2218-71_E.pdf,doc-archive/2021/03/12/2218-71/2218-71_english.pdf
2218-52,https://documents.gov.lk/view/extra-gazettes/2021/3/2218-52_E.pdf,doc-archive/2021/03/10/2218-52/2218-52_english.pdf
2218-53,https://documents.gov.lk/view/extra-gazettes/2021/3/2218-53_E.pdf,doc-archive/2021/03/10/2218-53/2218-53_english.pdf
2218-54,https://documents.gov.lk/view/extra-gazettes/2021/3/2218-54_E.pdf,doc-archive/2021/03/10/2218-54/2218-54_english.pdf
2218-55,https://documents.gov.lk/view/extra-gazettes/2021/3/2218-55_E.pdf,doc-archive/2021/03/10/2218-55/2218-55_english.pdf
2218-56,https://documents.gov.lk/view/extra-gazettes/2021/3/2218-56_E.pdf,doc-archive/2021/03/10/2218-56/2218-56_english.pdf
2218-57,https://documents.gov.lk/view/extra-gazettes/2021/3/2218-57_E.pdf,doc-archive/2021/03/10/2218-57/2218-57_english.pdf
2218-58,https://documents.gov.lk/view/extra-gazettes/2021/3/2218-58_E.pdf,doc-archive/2021/03/10/2218-58/2218-58_english.pdf
2218-60,https://documents.gov.lk/view/extra-gazettes/2021/3/2218-60_E.pdf,doc-archive/2021/03/10/2218-60/2218-60_english.pdf
2218-59,https://documents.gov.lk/view/extra-gazettes/2021/3/2218-59_E.pdf,doc-archive/2021/03/10/2218-59/2218-59_english.pdf
2218-61,https://documents.gov.lk/view/extra-gazettes/2021/3/2218-61_E.pdf,doc-archive/2021/03/10/2218-61/2218-61_english.pdf
2218-21,https://documents.gov.lk/view/extra-gazettes/2021/3/2218-21_E.pdf,doc-archive/2021/03/09/2218-21/2218-21_english.pdf
2218-22,https://documents.gov.lk/view/extra-gazettes/2021/3/2218-22_E.pdf,doc-archive/2021/03/09/2218-22/2218-22_english.pdf
2218-23,https://documents.gov.lk/view/extra-gazettes/2021/3/2218-23_E.pdf,doc-archive/2021/03/09/2218-23/2218-23_english.pdf
2218-24,https://documents.gov.lk/view/extra-gazettes/2021/3/2218-24_E.pdf,doc-archive/2021/03/09/2218-24/2218-24_english.pdf
2218-25,https://documents.gov.lk/view/extra-gazettes/2021/3/2218-25_E.pdf,doc-archive/2021/03/09/2218-25/2218-25_english.pdf
2218-26,https://documents.gov.lk/view/extra-gazettes/2021/3/2218-26_E.pdf,doc-archive/2021/03/09/2218-26/2218-26_english.pdf
2218-28,https://documents.gov.lk/view/extra-gazettes/2021/3/2218-28_E.pdf,doc-archive/2021/03/09/2218-28/2218-28_english.pdf
2218-29,https://documents.gov.lk/view/extra-gazettes/2021/3/2218-29_E.pdf,doc-archive/2021/03/09/2218-29/2218-29_english.pdf
2218-30,https://documents.gov.lk/view/extra-gazettes/2021/3/2218-30_E.pdf,doc-archive/2021/03/09/2218-30/2218-30_english.pdf
2218-27,https://documents.gov.lk/view/extra-gazettes/2021/3/2218-27_E.pdf,doc-archive/2021/03/09/2218-27/2218-27_english.pdf
2218-31,https://documents.gov.lk/view/extra-gazettes/2021/3/2218-31_E.pdf,doc-archive/2021/03/09/2218-31/2218-31_english.pdf
2218-32,https://documents.gov.lk/view/extra-gazettes/2021/3/2218-32_E.pdf,doc-archive/2021/03/09/2218-32/2218-32_english.pdf
2218-33,https://documents.gov.lk/view/extra-gazettes/2021/3/2218-33_E.pdf,doc-archive/2021/03/09/2218-33/2218-33_english.pdf
2218-34,https://documents.gov.lk/view/extra-gazettes/2021/3/2218-34_E.pdf,doc-archive/2021/03/09/2218-34/2218-34_english.pdf
2218-35,https://documents.gov.lk/view/extra-gazettes/2021/3/2218-35_E.pdf,doc-archive/2021/03/09/2218-35/2218-35_english.pdf
2218-37,https://documents.gov.lk/view/extra-gazettes/2021/3/2218-37_E.pdf,doc-archive/2021/03/09/2218-37/2218-37_english.pdf
2218-36,https://documents.gov.lk/view/extra-gazettes/2021/3/2218-36_E.pdf,doc-archive/2021/03/09/2218-36/2218-36_english.pdf
2218-38,https://documents.gov.lk/view/extra-gazettes/2021/3/2218-38_E.pdf,doc-archive/2021/03/09/2218-38/2218-38_english.pdf
2218-40,https://documents.gov.lk/view/extra-gazettes/2021/3/2218-40_E.pdf,doc-archive/2021/03/09/2218-40/2218-40_english.pdf
2218-41,https://documents.gov.lk/view/extra-gazettes/2021/3/2218-41_E.pdf,doc-archive/2021/03/09/2218-41/2218-41_english.pdf
2218-39,https://documents.gov.lk/view/extra-gazettes/2021/3/2218-39_E.pdf,doc-archive/2021/03/09/2218-39/2218-39_english.pdf
2218-42,https://documents.gov.lk/view/extra-gazettes/2021/3/2218-42_E.pdf,doc-archive/2021/03/09/2218-42/2218-42_english.pdf
2218-43,https://documents.gov.lk/view/extra-gazettes/2021/3/2218-43_E.pdf,doc-archive/2021/03/09/2218-43/2218-43_english.pdf
2218-44,https://documents.gov.lk/view/extra-gazettes/2021/3/2218-44_E.pdf,doc-archive/2021/03/09/2218-44/2218-44_english.pdf
2218-45,https://documents.gov.lk/view/extra-gazettes/2021/3/2218-45_E.pdf,doc-archive/2021/03/09/2218-45/2218-45_english.pdf
2218-47,https://documents.gov.lk/view/extra-gazettes/2021/3/2218-47_E.pdf,doc-archive/2021/03/09/2218-47/2218-47_english.pdf
2218-46,https://documents.gov.lk/view/extra-gazettes/2021/3/2218-46_E.pdf,doc-archive/2021/03/09/2218-46/2218-46_english.pdf
2218-49,https://documents.gov.lk/view/extra-gazettes/2021/3/2218-49_E.pdf,doc-archive/2021/03/09/2218-49/2218-49_english.pdf
2218-48,https://documents.gov.lk/view/extra-gazettes/2021/3/2218-48_E.pdf,doc-archive/2021/03/09/2218-48/2218-48_english.pdf
2218-50,https://documents.gov.lk/view/extra-gazettes/2021/3/2218-50_E.pdf,doc-archive/2021/03/09/2218-50/2218-50_english.pdf
2218-51,https://documents.gov.lk/view/extra-gazettes/2021/3/2218-51_E.pdf,doc-archive/2021/03/09/2218-51/2218-51_english.pdf
2218-01,https://documents.gov.lk/view/extra-gazettes/2021/3/2218-01_E.pdf,doc-archive/2021/03/08/2218-01/2218-01_english.pdf
2218-02,https://documents.gov.lk/view/extra-gazettes/2021/3/2218-02_E.pdf,doc-archive/2021/03/08/2218-02/2218-02_english.pdf
2218-04,https://documents.gov.lk/view/extra-gazettes/2021/3/2218-04_E.pdf,doc-archive/2021/03/08/2218-04/2218-04_english.pdf
2218-03,https://documents.gov.lk/view/extra-gazettes/2021/3/2218-03_E.pdf,doc-archive/2021/03/08/2218-03/2218-03_english.pdf
2218-05,https://documents.gov.lk/view/extra-gazettes/2021/3/2218-05_E.pdf,doc-archive/2021/03/08/2218-05/2218-05_english.pdf
2218-06,https://documents.gov.lk/view/extra-gazettes/2021/3/2218-06_E.pdf,doc-archive/2021/03/08/2218-06/2218-06_english.pdf
2218-07,https://documents.gov.lk/view/extra-gazettes/2021/3/2218-07_E.pdf,doc-archive/2021/03/08/2218-07/2218-07_english.pdf
2218-08,https://documents.gov.lk/view/extra-gazettes/2021/3/2218-08_E.pdf,doc-archive/2021/03/08/2218-08/2218-08_english.pdf
2218-10,https://documents.gov.lk/view/extra-gazettes/2021/3/2218-10_E.pdf,doc-archive/2021/03/08/2218-10/2218-10_english.pdf
2218-09,https://documents.gov.lk/view/extra-gazettes/2021/3/2218-09_E.pdf,doc-archive/2021/03/08/2218-09/2218-09_english.pdf
2218-12,https://documents.gov.lk/view/extra-gazettes/2021/3/2218-12_E.pdf,doc-archive/2021/03/08/2218-12/2218-12_english.pdf
2218-11,https://documents.gov.lk/view/extra-gazettes/2021/3/2218-11_E.pdf,doc-archive/2021/03/08/2218-11/2218-11_english.pdf
2218-14,https://documents.gov.lk/view/extra-gazettes/2021/3/2218-14_E.pdf,doc-archive/2021/03/08/2218-14/2218-14_english.pdf
2218-13,https://documents.gov.lk/view/extra-gazettes/2021/3/2218-13_E.pdf,doc-archive/2021/03/08/2218-13/2218-13_english.pdf
2218-15,https://documents.gov.lk/view/extra-gazettes/2021/3/2218-15_E.pdf,doc-archive/2021/03/08/2218-15/2218-15_english.pdf
2218-16,https://documents.gov.lk/view/extra-gazettes/2021/3/2218-16_E.pdf,doc-archive/2021/03/08/2218-16/2218-16_english.pdf
2218-17,https://documents.gov.lk/view/extra-gazettes/2021/3/2218-17_E.pdf,doc-archive/2021/03/08/2218-17/2218-17_english.pdf
2218-19,https://documents.gov.lk/view/extra-gazettes/2021/3/2218-19_E.pdf,doc-archive/2021/03/08/2218-19/2218-19_english.pdf
2218-20,https://documents.gov.lk/view/extra-gazettes/2021/3/2218-20_E.pdf,doc-archive/2021/03/08/2218-20/2218-20_english.pdf
2218-18,https://documents.gov.lk/view/extra-gazettes/2021/3/2218-18_E.pdf,doc-archive/2021/03/08/2218-18/2218-18_english.pdf
2217-36,https://documents.gov.lk/view/extra-gazettes/2021/3/2217-36_E.pdf,doc-archive/2021/03/05/2217-36/2217-36_english.pdf
2217-37,https://documents.gov.lk/view/extra-gazettes/2021/3/2217-37_E.pdf,doc-archive/2021/03/05/2217-37/2217-37_english.pdf
2217-38,https://documents.gov.lk/view/extra-gazettes/2021/3/2217-38_E.pdf,doc-archive/2021/03/05/2217-38/2217-38_english.pdf
2217-39,https://documents.gov.lk/view/extra-gazettes/2021/3/2217-39_E.pdf,doc-archive/2021/03/05/2217-39/2217-39_english.pdf
2217-40,https://documents.gov.lk/view/extra-gazettes/2021/3/2217-40_E.pdf,doc-archive/2021/03/05/2217-40/2217-40_english.pdf
2217-41,https://documents.gov.lk/view/extra-gazettes/2021/3/2217-41_E.pdf,doc-archive/2021/03/05/2217-41/2217-41_english.pdf
2217-42,https://documents.gov.lk/view/extra-gazettes/2021/3/2217-42_E.pdf,doc-archive/2021/03/05/2217-42/2217-42_english.pdf
2217-43,https://documents.gov.lk/view/extra-gazettes/2021/3/2217-43_E.pdf,doc-archive/2021/03/05/2217-43/2217-43_english.pdf
2217-44,https://documents.gov.lk/view/extra-gazettes/2021/3/2217-44_E.pdf,doc-archive/2021/03/05/2217-44/2217-44_english.pdf
2217-45,https://documents.gov.lk/view/extra-gazettes/2021/3/2217-45_E.pdf,doc-archive/2021/03/05/2217-45/2217-45_english.pdf
2217-46,https://documents.gov.lk/view/extra-gazettes/2021/3/2217-46_E.pdf,doc-archive/2021/03/05/2217-46/2217-46_english.pdf
2217-47,https://documents.gov.lk/view/extra-gazettes/2021/3/2217-47_E.pdf,doc-archive/2021/03/05/2217-47/2217-47_english.pdf
2217-32,https://documents.gov.lk/view/extra-gazettes/2021/3/2217-32_E.pdf,doc-archive/2021/03/04/2217-32/2217-32_english.pdf
2217-33,https://documents.gov.lk/view/extra-gazettes/2021/3/2217-33_E.pdf,doc-archive/2021/03/04/2217-33/2217-33_english.pdf
2217-34,https://documents.gov.lk/view/extra-gazettes/2021/3/2217-34_E.pdf,doc-archive/2021/03/04/2217-34/2217-34_english.pdf
2217-48,https://documents.gov.lk/view/extra-gazettes/2021/3/2217-48_E.pdf,doc-archive/2021/03/05/2217-48/2217-48_english.pdf
2217-35,https://documents.gov.lk/view/extra-gazettes/2021/3/2217-35_E.pdf,doc-archive/2021/03/04/2217-35/2217-35_english.pdf
2217-17,https://documents.gov.lk/view/extra-gazettes/2021/3/2217-17_E.pdf,doc-archive/2021/03/03/2217-17/2217-17_english.pdf
2217-19,https://documents.gov.lk/view/extra-gazettes/2021/3/2217-19_E.pdf,doc-archive/2021/03/03/2217-19/2217-19_english.pdf
2217-18,https://documents.gov.lk/view/extra-gazettes/2021/3/2217-18_E.pdf,doc-archive/2021/03/03/2217-18/2217-18_english.pdf
2217-20,https://documents.gov.lk/view/extra-gazettes/2021/3/2217-20_E.pdf,doc-archive/2021/03/03/2217-20/2217-20_english.pdf
2217-22,https://documents.gov.lk/view/extra-gazettes/2021/3/2217-22_E.pdf,doc-archive/2021/03/03/2217-22/2217-22_english.pdf
2217-23,https://documents.gov.lk/view/extra-gazettes/2021/3/2217-23_E.pdf,doc-archive/2021/03/03/2217-23/2217-23_english.pdf
2217-24,https://documents.gov.lk/view/extra-gazettes/2021/3/2217-24_E.pdf,doc-archive/2021/03/03/2217-24/2217-24_english.pdf
2217-21,https://documents.gov.lk/view/extra-gazettes/2021/3/2217-21_E.pdf,doc-archive/2021/03/03/2217-21/2217-21_english.pdf
2217-25,https://documents.gov.lk/view/extra-gazettes/2021/3/2217-25_E.pdf,doc-archive/2021/03/03/2217-25/2217-25_english.pdf
2217-26,https://documents.gov.lk/view/extra-gazettes/2021/3/2217-26_E.pdf,doc-archive/2021/03/03/2217-26/2217-26_english.pdf
2217-27,https://documents.gov.lk/view/extra-gazettes/2021/3/2217-27_E.pdf,doc-archive/2021/03/03/2217-27/2217-27_english.pdf
2217-28,https://documents.gov.lk/view/extra-gazettes/2021/3/2217-28_E.pdf,doc-archive/2021/03/03/2217-28/2217-28_english.pdf
2217-29,https://documents.gov.lk/view/extra-gazettes/2021/3/2217-29_E.pdf,doc-archive/2021/03/03/2217-29/2217-29_english.pdf
2217-30,https://documents.gov.lk/view/extra-gazettes/2021/3/2217-30_E.pdf,doc-archive/2021/03/03/2217-30/2217-30_english.pdf
2217-07,https://documents.gov.lk/view/extra-gazettes/2021/3/2217-07_E.pdf,doc-archive/2021/03/02/2217-07/2217-07_english.pdf
2217-08,https://documents.gov.lk/view/extra-gazettes/2021/3/2217-08_E.pdf,doc-archive/2021/03/02/2217-08/2217-08_english.pdf
2217-09,https://documents.gov.lk/view/extra-gazettes/2021/3/2217-09_E.pdf,doc-archive/2021/03/02/2217-09/2217-09_english.pdf
2217-10,https://documents.gov.lk/view/extra-gazettes/2021/3/2217-10_E.pdf,doc-archive/2021/03/02/2217-10/2217-10_english.pdf
2217-11,https://documents.gov.lk/view/extra-gazettes/2021/3/2217-11_E.pdf,doc-archive/2021/03/02/2217-11/2217-11_english.pdf
2217-14,https://documents.gov.lk/view/extra-gazettes/2021/3/2217-14_E.pdf,doc-archive/2021/03/02/2217-14/2217-14_english.pdf
2217-15,https://documents.gov.lk/view/extra-gazettes/2021/3/2217-15_E.pdf,doc-archive/2021/03/02/2217-15/2217-15_english.pdf
2217-16,https://documents.gov.lk/view/extra-gazettes/2021/3/2217-16_E.pdf,doc-archive/2021/03/02/2217-16/2217-16_english.pdf
2217-01,https://documents.gov.lk/view/extra-gazettes/2021/3/2217-01_E.pdf,doc-archive/2021/03/01/2217-01/2217-01_english.pdf
2217-03,https://documents.gov.lk/view/extra-gazettes/2021/3/2217-03_E.pdf,doc-archive/2021/03/01/2217-03/2217-03_english.pdf
2217-02,https://documents.gov.lk/view/extra-gazettes/2021/3/2217-02_E.pdf,doc-archive/2021/03/01/2217-02/2217-02_english.pdf
2217-05,https://documents.gov.lk/view/extra-gazettes/2021/3/2217-05_E.pdf,doc-archive/2021/03/01/2217-05/2217-05_english.pdf
2217-04,https://documents.gov.lk/view/extra-gazettes/2021/3/2217-04_E.pdf,doc-archive/2021/03/01/2217-04/2217-04_english.pdf
2217-06,https://documents.gov.lk/view/extra-gazettes/2021/3/2217-06_E.pdf,doc-archive/2021/03/01/2217-06/2217-06_english.pdf
2225-49,https://documents.gov.lk/view/extra-gazettes/2021/4/2225-49_E.pdf,doc-archive/2021/04/30/2225-49/2225-49_english.pdf
2225-50,https://documents.gov.lk/view/extra-gazettes/2021/4/2225-50_E.pdf,doc-archive/2021/04/30/2225-50/2225-50_english.pdf
2225-51,https://documents.gov.lk/view/extra-gazettes/2021/4/2225-51_E.pdf,doc-archive/2021/04/30/2225-51/2225-51_english.pdf
2225-24,https://documents.gov.lk/view/extra-gazettes/2021/4/2225-24_E.pdf,doc-archive/2021/04/29/2225-24/2225-24_english.pdf
2225-25,https://documents.gov.lk/view/extra-gazettes/2021/4/2225-25_E.pdf,doc-archive/2021/04/29/2225-25/2225-25_english.pdf
2225-26,https://documents.gov.lk/view/extra-gazettes/2021/4/2225-26_E.pdf,doc-archive/2021/04/29/2225-26/2225-26_english.pdf
2225-27,https://documents.gov.lk/view/extra-gazettes/2021/4/2225-27_E.pdf,doc-archive/2021/04/29/2225-27/2225-27_english.pdf
2225-29,https://documents.gov.lk/view/extra-gazettes/2021/4/2225-29_E.pdf,doc-archive/2021/04/29/2225-29/2225-29_english.pdf
2225-28,https://documents.gov.lk/view/extra-gazettes/2021/4/2225-28_E.pdf,doc-archive/2021/04/29/2225-28/2225-28_english.pdf
2225-30,https://documents.gov.lk/view/extra-gazettes/2021/4/2225-30_E.pdf,doc-archive/2021/04/29/2225-30/2225-30_english.pdf
2225-31,https://documents.gov.lk/view/extra-gazettes/2021/4/2225-31_E.pdf,doc-archive/2021/04/29/2225-31/2225-31_english.pdf
2225-45,https://documents.gov.lk/view/extra-gazettes/2021/4/2225-45_E.pdf,doc-archive/2021/04/29/2225-45/2225-45_english.pdf
2225-46,https://documents.gov.lk/view/extra-gazettes/2021/4/2225-46_E.pdf,doc-archive/2021/04/29/2225-46/2225-46_english.pdf
2225-47,https://documents.gov.lk/view/extra-gazettes/2021/4/2225-47_E.pdf,doc-archive/2021/04/29/2225-47/2225-47_english.pdf
2225-48,https://documents.gov.lk/view/extra-gazettes/2021/4/2225-48_E.pdf,doc-archive/2021/04/29/2225-48/2225-48_english.pdf
2225-14,https://documents.gov.lk/view/extra-gazettes/2021/4/2225-14_E.pdf,doc-archive/2021/04/28/2225-14/2225-14_english.pdf
2225-15,https://documents.gov.lk/view/extra-gazettes/2021/4/2225-15_E.pdf,doc-archive/2021/04/28/2225-15/2225-15_english.pdf
2225-16,https://documents.gov.lk/view/extra-gazettes/2021/4/2225-16_E.pdf,doc-archive/2021/04/28/2225-16/2225-16_english.pdf
2225-17,https://documents.gov.lk/view/extra-gazettes/2021/4/2225-17_E.pdf,doc-archive/2021/04/28/2225-17/2225-17_english.pdf
2225-18,https://documents.gov.lk/view/extra-gazettes/2021/4/2225-18_E.pdf,doc-archive/2021/04/28/2225-18/2225-18_english.pdf
2225-19,https://documents.gov.lk/view/extra-gazettes/2021/4/2225-19_E.pdf,doc-archive/2021/04/28/2225-19/2225-19_english.pdf
2225-21,https://documents.gov.lk/view/extra-gazettes/2021/4/2225-21_E.pdf,doc-archive/2021/04/28/2225-21/2225-21_english.pdf
2225-22,https://documents.gov.lk/view/extra-gazettes/2021/4/2225-22_E.pdf,doc-archive/2021/04/28/2225-22/2225-22_english.pdf
2225-03,https://documents.gov.lk/view/extra-gazettes/2021/4/2225-03_E.pdf,doc-archive/2021/04/27/2225-03/2225-03_english.pdf
2225-04,https://documents.gov.lk/view/extra-gazettes/2021/4/2225-04_E.pdf,doc-archive/2021/04/27/2225-04/2225-04_english.pdf
2225-05,https://documents.gov.lk/view/extra-gazettes/2021/4/2225-05_E.pdf,doc-archive/2021/04/27/2225-05/2225-05_english.pdf
2225-06,https://documents.gov.lk/view/extra-gazettes/2021/4/2225-06_E.pdf,doc-archive/2021/04/27/2225-06/2225-06_english.pdf
2225-07,https://documents.gov.lk/view/extra-gazettes/2021/4/2225-07_E.pdf,doc-archive/2021/04/27/2225-07/2225-07_english.pdf
2225-08,https://documents.gov.lk/view/extra-gazettes/2021/4/2225-08_E.pdf,doc-archive/2021/04/27/2225-08/2225-08_english.pdf
2225-09,https://documents.gov.lk/view/extra-gazettes/2021/4/2225-09_E.pdf,doc-archive/2021/04/27/2225-09/2225-09_english.pdf
2225-10,https://documents.gov.lk/view/extra-gazettes/2021/4/2225-10_E.pdf,doc-archive/2021/04/27/2225-10/2225-10_english.pdf
2225-11,https://documents.gov.lk/view/extra-gazettes/2021/4/2225-11_E.pdf,doc-archive/2021/04/27/2225-11/2225-11_english.pdf
2225-12,https://documents.gov.lk/view/extra-gazettes/2021/4/2225-12_E.pdf,doc-archive/2021/04/27/2225-12/2225-12_english.pdf
2225-13,https://documents.gov.lk/view/extra-gazettes/2021/4/2225-13_E.pdf,doc-archive/2021/04/27/2225-13/2225-13_english.pdf
2225-01,https://documents.gov.lk/view/extra-gazettes/2021/4/2225-01_E.pdf,doc-archive/2021/04/26/2225-01/2225-01_english.pdf
2225-02,https://documents.gov.lk/view/extra-gazettes/2021/4/2225-02_E.pdf,doc-archive/2021/04/26/2225-02/2225-02_english.pdf
2224-52,https://documents.gov.lk/view/extra-gazettes/2021/4/2224-52_E.pdf,doc-archive/2021/04/24/2224-52/2224-52_english.pdf
2224-32,https://documents.gov.lk/view/extra-gazettes/2021/4/2224-32_E.pdf,doc-archive/2021/04/23/2224-32/2224-32_english.pdf
2224-33,https://documents.gov.lk/view/extra-gazettes/2021/4/2224-33_E.pdf,doc-archive/2021/04/23/2224-33/2224-33_english.pdf
2224-34,https://documents.gov.lk/view/extra-gazettes/2021/4/2224-34_E.pdf,doc-archive/2021/04/23/2224-34/2224-34_english.pdf
2224-35,https://documents.gov.lk/view/extra-gazettes/2021/4/2224-35_E.pdf,doc-archive/2021/04/23/2224-35/2224-35_english.pdf
2224-36,https://documents.gov.lk/view/extra-gazettes/2021/4/2224-36_E.pdf,doc-archive/2021/04/23/2224-36/2224-36_english.pdf
2224-37,https://documents.gov.lk/view/extra-gazettes/2021/4/2224-37_E.pdf,doc-archive/2021/04/23/2224-37/2224-37_english.pdf
2224-39,https://documents.gov.lk/view/extra-gazettes/2021/4/2224-39_E.pdf,doc-archive/2021/04/23/2224-39/2224-39_english.pdf
2224-38,https://documents.gov.lk/view/extra-gazettes/2021/4/2224-38_E.pdf,doc-archive/2021/04/23/2224-38/2224-38_english.pdf
2224-40,https://documents.gov.lk/view/extra-gazettes/2021/4/2224-40_E.pdf,doc-archive/2021/04/23/2224-40/2224-40_english.pdf
2224-41,https://documents.gov.lk/view/extra-gazettes/2021/4/2224-41_E.pdf,doc-archive/2021/04/23/2224-41/2224-41_english.pdf
2224-42,https://documents.gov.lk/view/extra-gazettes/2021/4/2224-42_E.pdf,doc-archive/2021/04/23/2224-42/2224-42_english.pdf
2224-43,https://documents.gov.lk/view/extra-gazettes/2021/4/2224-43_E.pdf,doc-archive/2021/04/23/2224-43/2224-43_english.pdf
2224-44,https://documents.gov.lk/view/extra-gazettes/2021/4/2224-44_E.pdf,doc-archive/2021/04/23/2224-44/2224-44_english.pdf
2224-45,https://documents.gov.lk/view/extra-gazettes/2021/4/2224-45_E.pdf,doc-archive/2021/04/23/2224-45/2224-45_english.pdf
2224-46,https://documents.gov.lk/view/extra-gazettes/2021/4/2224-46_E.pdf,doc-archive/2021/04/23/2224-46/2224-46_english.pdf
2224-47,https://documents.gov.lk/view/extra-gazettes/2021/4/2224-47_E.pdf,doc-archive/2021/04/23/2224-47/2224-47_english.pdf
2224-48,https://documents.gov.lk/view/extra-gazettes/2021/4/2224-48_E.pdf,doc-archive/2021/04/23/2224-48/2224-48_english.pdf
2224-49,https://documents.gov.lk/view/extra-gazettes/2021/4/2224-49_E.pdf,doc-archive/2021/04/23/2224-49/2224-49_english.pdf
2224-50,https://documents.gov.lk/view/extra-gazettes/2021/4/2224-50_E.pdf,doc-archive/2021/04/23/2224-50/2224-50_english.pdf
2224-21,https://documents.gov.lk/view/extra-gazettes/2021/4/2224-21_E.pdf,doc-archive/2021/04/22/2224-21/2224-21_english.pdf
2224-22,https://documents.gov.lk/view/extra-gazettes/2021/4/2224-22_E.pdf,doc-archive/2021/04/22/2224-22/2224-22_english.pdf
2224-23,https://documents.gov.lk/view/extra-gazettes/2021/4/2224-23_E.pdf,doc-archive/2021/04/22/2224-23/2224-23_english.pdf
2224-24,https://documents.gov.lk/view/extra-gazettes/2021/4/2224-24_E.pdf,doc-archive/2021/04/22/2224-24/2224-24_english.pdf
2224-25,https://documents.gov.lk/view/extra-gazettes/2021/4/2224-25_E.pdf,doc-archive/2021/04/22/2224-25/2224-25_english.pdf
2224-26,https://documents.gov.lk/view/extra-gazettes/2021/4/2224-26_E.pdf,doc-archive/2021/04/22/2224-26/2224-26_english.pdf
2224-28,https://documents.gov.lk/view/extra-gazettes/2021/4/2224-28_E.pdf,doc-archive/2021/04/22/2224-28/2224-28_english.pdf
2224-29,https://documents.gov.lk/view/extra-gazettes/2021/4/2224-29_E.pdf,doc-archive/2021/04/22/2224-29/2224-29_english.pdf
2224-30,https://documents.gov.lk/view/extra-gazettes/2021/4/2224-30_E.pdf,doc-archive/2021/04/22/2224-30/2224-30_english.pdf
2224-31,https://documents.gov.lk/view/extra-gazettes/2021/4/2224-31_E.pdf,doc-archive/2021/04/22/2224-31/2224-31_english.pdf
2224-15,https://documents.gov.lk/view/extra-gazettes/2021/4/2224-15_E.pdf,doc-archive/2021/04/21/2224-15/2224-15_english.pdf
2224-16,https://documents.gov.lk/view/extra-gazettes/2021/4/2224-16_E.pdf,doc-archive/2021/04/21/2224-16/2224-16_english.pdf
2224-17,https://documents.gov.lk/view/extra-gazettes/2021/4/2224-17_E.pdf,doc-archive/2021/04/21/2224-17/2224-17_english.pdf
2224-18,https://documents.gov.lk/view/extra-gazettes/2021/4/2224-18_E.pdf,doc-archive/2021/04/21/2224-18/2224-18_english.pdf
2224-19,https://documents.gov.lk/view/extra-gazettes/2021/4/2224-19_E.pdf,doc-archive/2021/04/21/2224-19/2224-19_english.pdf
2224-20,https://documents.gov.lk/view/extra-gazettes/2021/4/2224-20_E.pdf,doc-archive/2021/04/21/2224-20/2224-20_english.pdf
2224-09,https://documents.gov.lk/view/extra-gazettes/2021/4/2224-09_E.pdf,doc-archive/2021/04/20/2224-09/2224-09_english.pdf
2224-10,https://documents.gov.lk/view/extra-gazettes/2021/4/2224-10_E.pdf,doc-archive/2021/04/20/2224-10/2224-10_english.pdf
2224-11,https://documents.gov.lk/view/extra-gazettes/2021/4/2224-11_E.pdf,doc-archive/2021/04/20/2224-11/2224-11_english.pdf
2224-13,https://documents.gov.lk/view/extra-gazettes/2021/4/2224-13_E.pdf,doc-archive/2021/04/20/2224-13/2224-13_english.pdf
2224-14,https://documents.gov.lk/view/extra-gazettes/2021/4/2224-14_E.pdf,doc-archive/2021/04/20/2224-14/2224-14_english.pdf
2224-01,https://documents.gov.lk/view/extra-gazettes/2021/4/2224-01_E.pdf,doc-archive/2021/04/19/2224-01/2224-01_english.pdf
2224-02,https://documents.gov.lk/view/extra-gazettes/2021/4/2224-02_E.pdf,doc-archive/2021/04/19/2224-02/2224-02_english.pdf
2224-03,https://documents.gov.lk/view/extra-gazettes/2021/4/2224-03_E.pdf,doc-archive/2021/04/19/2224-03/2224-03_english.pdf
2224-04,https://documents.gov.lk/view/extra-gazettes/2021/4/2224-04_E.pdf,doc-archive/2021/04/19/2224-04/2224-04_english.pdf
2224-05,https://documents.gov.lk/view/extra-gazettes/2021/4/2224-05_E.pdf,doc-archive/2021/04/19/2224-05/2224-05_english.pdf
2224-06,https://documents.gov.lk/view/extra-gazettes/2021/4/2224-06_E.pdf,doc-archive/2021/04/19/2224-06/2224-06_english.pdf
2224-07,https://documents.gov.lk/view/extra-gazettes/2021/4/2224-07_E.pdf,doc-archive/2021/04/19/2224-07/2224-07_english.pdf
2224-08,https://documents.gov.lk/view/extra-gazettes/2021/4/2224-08_E.pdf,doc-archive/2021/04/19/2224-08/2224-08_english.pdf
2223-24,https://documents.gov.lk/view/extra-gazettes/2021/4/2223-24_E.pdf,doc-archive/2021/04/17/2223-24/2223-24_english.pdf
2223-23,https://documents.gov.lk/view/extra-gazettes/2021/4/2223-23_E.pdf,doc-archive/2021/04/17/2223-23/2223-23_english.pdf
2223-05,https://documents.gov.lk/view/extra-gazettes/2021/4/2223-05_E.pdf,doc-archive/2021/04/16/2223-05/2223-05_english.pdf
2223-07,https://documents.gov.lk/view/extra-gazettes/2021/4/2223-07_E.pdf,doc-archive/2021/04/16/2223-07/2223-07_english.pdf
2223-08,https://documents.gov.lk/view/extra-gazettes/2021/4/2223-08_E.pdf,doc-archive/2021/04/16/2223-08/2223-08_english.pdf
2223-06,https://documents.gov.lk/view/extra-gazettes/2021/4/2223-06_E.pdf,doc-archive/2021/04/16/2223-06/2223-06_english.pdf
2223-09,https://documents.gov.lk/view/extra-gazettes/2021/4/2223-09_E.pdf,doc-archive/2021/04/16/2223-09/2223-09_english.pdf
2223-11,https://documents.gov.lk/view/extra-gazettes/2021/4/2223-11_E.pdf,doc-archive/2021/04/16/2223-11/2223-11_english.pdf
2223-12,https://documents.gov.lk/view/extra-gazettes/2021/4/2223-12_E.pdf,doc-archive/2021/04/16/2223-12/2223-12_english.pdf
2223-13,https://documents.gov.lk/view/extra-gazettes/2021/4/2223-13_E.pdf,doc-archive/2021/04/16/2223-13/2223-13_english.pdf
2223-14,https://documents.gov.lk/view/extra-gazettes/2021/4/2223-14_E.pdf,doc-archive/2021/04/16/2223-14/2223-14_english.pdf
2223-16,https://documents.gov.lk/view/extra-gazettes/2021/4/2223-16_E.pdf,doc-archive/2021/04/16/2223-16/2223-16_english.pdf
2223-15,https://documents.gov.lk/view/extra-gazettes/2021/4/2223-15_E.pdf,doc-archive/2021/04/16/2223-15/2223-15_english.pdf
2223-17,https://documents.gov.lk/view/extra-gazettes/2021/4/2223-17_E.pdf,doc-archive/2021/04/16/2223-17/2223-17_english.pdf
2223-18,https://documents.gov.lk/view/extra-gazettes/2021/4/2223-18_E.pdf,doc-archive/2021/04/16/2223-18/2223-18_english.pdf
2223-19,https://documents.gov.lk/view/extra-gazettes/2021/4/2223-19_E.pdf,doc-archive/2021/04/16/2223-19/2223-19_english.pdf
2223-20,https://documents.gov.lk/view/extra-gazettes/2021/4/2223-20_E.pdf,doc-archive/2021/04/16/2223-20/2223-20_english.pdf
2223-21,https://documents.gov.lk/view/extra-gazettes/2021/4/2223-21_E.pdf,doc-archive/2021/04/16/2223-21/2223-21_english.pdf
2223-22,https://documents.gov.lk/view/extra-gazettes/2021/4/2223-22_E.pdf,doc-archive/2021/04/16/2223-22/2223-22_english.pdf
2223-04,https://documents.gov.lk/view/extra-gazettes/2021/4/2223-04_E.pdf,doc-archive/2021/04/15/2223-04/2223-04_english.pdf
2223-02,https://documents.gov.lk/view/extra-gazettes/2021/4/2223-02_E.pdf,doc-archive/2021/04/13/2223-02/2223-02_english.pdf
2223-03,https://documents.gov.lk/view/extra-gazettes/2021/4/2223-03_E.pdf,doc-archive/2021/04/13/2223-03/2223-03_english.pdf
2223-01,https://documents.gov.lk/view/extra-gazettes/2021/4/2223-01_E.pdf,doc-archive/2021/04/12/2223-01/2223-01_english.pdf
2222-69,https://documents.gov.lk/view/extra-gazettes/2021/4/2222-69_E.pdf,doc-archive/2021/04/10/2222-69/2222-69_english.pdf
2222-70,https://documents.gov.lk/view/extra-gazettes/2021/4/2222-70_E.pdf,doc-archive/2021/04/10/2222-70/2222-70_english.pdf
2222-52,https://documents.gov.lk/view/extra-gazettes/2021/4/2222-52_E.pdf,doc-archive/2021/04/09/2222-52/2222-52_english.pdf
2222-53,https://documents.gov.lk/view/extra-gazettes/2021/4/2222-53_E.pdf,doc-archive/2021/04/09/2222-53/2222-53_english.pdf
2222-54,https://documents.gov.lk/view/extra-gazettes/2021/4/2222-54_E.pdf,doc-archive/2021/04/09/2222-54/2222-54_english.pdf
2222-55,https://documents.gov.lk/view/extra-gazettes/2021/4/2222-55_E.pdf,doc-archive/2021/04/09/2222-55/2222-55_english.pdf
2222-57,https://documents.gov.lk/view/extra-gazettes/2021/4/2222-57_E.pdf,doc-archive/2021/04/09/2222-57/2222-57_english.pdf
2222-58,https://documents.gov.lk/view/extra-gazettes/2021/4/2222-58_E.pdf,doc-archive/2021/04/09/2222-58/2222-58_english.pdf
2222-59,https://documents.gov.lk/view/extra-gazettes/2021/4/2222-59_E.pdf,doc-archive/2021/04/09/2222-59/2222-59_english.pdf
2222-60,https://documents.gov.lk/view/extra-gazettes/2021/4/2222-60_E.pdf,doc-archive/2021/04/09/2222-60/2222-60_english.pdf
2222-61,https://documents.gov.lk/view/extra-gazettes/2021/4/2222-61_E.pdf,doc-archive/2021/04/09/2222-61/2222-61_english.pdf
2222-62,https://documents.gov.lk/view/extra-gazettes/2021/4/2222-62_E.pdf,doc-archive/2021/04/09/2222-62/2222-62_english.pdf
2222-64,https://documents.gov.lk/view/extra-gazettes/2021/4/2222-64_E.pdf,doc-archive/2021/04/09/2222-64/2222-64_english.pdf
2222-63,https://documents.gov.lk/view/extra-gazettes/2021/4/2222-63_E.pdf,doc-archive/2021/04/09/2222-63/2222-63_english.pdf
2222-65,https://documents.gov.lk/view/extra-gazettes/2021/4/2222-65_E.pdf,doc-archive/2021/04/09/2222-65/2222-65_english.pdf
2222-66,https://documents.gov.lk/view/extra-gazettes/2021/4/2222-66_E.pdf,doc-archive/2021/04/09/2222-66/2222-66_english.pdf
2222-67,https://documents.gov.lk/view/extra-gazettes/2021/4/2222-67_E.pdf,doc-archive/2021/04/09/2222-67/2222-67_english.pdf
2222-68,https://documents.gov.lk/view/extra-gazettes/2021/4/2222-68_E.pdf,doc-archive/2021/04/09/2222-68/2222-68_english.pdf
2222-40,https://documents.gov.lk/view/extra-gazettes/2021/4/2222-40_E.pdf,doc-archive/2021/04/08/2222-40/2222-40_english.pdf
2222-41,https://documents.gov.lk/view/extra-gazettes/2021/4/2222-41_E.pdf,doc-archive/2021/04/08/2222-41/2222-41_english.pdf
2222-42,https://documents.gov.lk/view/extra-gazettes/2021/4/2222-42_E.pdf,doc-archive/2021/04/08/2222-42/2222-42_english.pdf
2222-43,https://documents.gov.lk/view/extra-gazettes/2021/4/2222-43_E.pdf,doc-archive/2021/04/08/2222-43/2222-43_english.pdf
2222-44,https://documents.gov.lk/view/extra-gazettes/2021/4/2222-44_E.pdf,doc-archive/2021/04/08/2222-44/2222-44_english.pdf
2222-45,https://documents.gov.lk/view/extra-gazettes/2021/4/2222-45_E.pdf,doc-archive/2021/04/08/2222-45/2222-45_english.pdf
2222-46,https://documents.gov.lk/view/extra-gazettes/2021/4/2222-46_E.pdf,doc-archive/2021/04/08/2222-46/2222-46_english.pdf
2222-47,https://documents.gov.lk/view/extra-gazettes/2021/4/2222-47_E.pdf,doc-archive/2021/04/08/2222-47/2222-47_english.pdf
2222-48,https://documents.gov.lk/view/extra-gazettes/2021/4/2222-48_E.pdf,doc-archive/2021/04/08/2222-48/2222-48_english.pdf
2222-49,https://documents.gov.lk/view/extra-gazettes/2021/4/2222-49_E.pdf,doc-archive/2021/04/08/2222-49/2222-49_english.pdf
2222-50,https://documents.gov.lk/view/extra-gazettes/2021/4/2222-50_E.pdf,doc-archive/2021/04/08/2222-50/2222-50_english.pdf
2222-51,https://documents.gov.lk/view/extra-gazettes/2021/4/2222-51_E.pdf,doc-archive/2021/04/08/2222-51/2222-51_english.pdf
2222-36,https://documents.gov.lk/view/extra-gazettes/2021/4/2222-36_E.pdf,doc-archive/2021/04/07/2222-36/2222-36_english.pdf
2222-37,https://documents.gov.lk/view/extra-gazettes/2021/4/2222-37_E.pdf,doc-archive/2021/04/07/2222-37/2222-37_english.pdf
2222-38,https://documents.gov.lk/view/extra-gazettes/2021/4/2222-38_E.pdf,doc-archive/2021/04/07/2222-38/2222-38_english.pdf
2222-39,https://documents.gov.lk/view/extra-gazettes/2021/4/2222-39_E.pdf,doc-archive/2021/04/07/2222-39/2222-39_english.pdf
2222-24,https://documents.gov.lk/view/extra-gazettes/2021/4/2222-24_E.pdf,doc-archive/2021/04/06/2222-24/2222-24_english.pdf
2222-25,https://documents.gov.lk/view/extra-gazettes/2021/4/2222-25_E.pdf,doc-archive/2021/04/06/2222-25/2222-25_english.pdf
2222-26,https://documents.gov.lk/view/extra-gazettes/2021/4/2222-26_E.pdf,doc-archive/2021/04/06/2222-26/2222-26_english.pdf
2222-27,https://documents.gov.lk/view/extra-gazettes/2021/4/2222-27_E.pdf,doc-archive/2021/04/06/2222-27/2222-27_english.pdf
2222-28,https://documents.gov.lk/view/extra-gazettes/2021/4/2222-28_E.pdf,doc-archive/2021/04/06/2222-28/2222-28_english.pdf
2222-29,https://documents.gov.lk/view/extra-gazettes/2021/4/2222-29_E.pdf,doc-archive/2021/04/06/2222-29/2222-29_english.pdf
2222-30,https://documents.gov.lk/view/extra-gazettes/2021/4/2222-30_E.pdf,doc-archive/2021/04/06/2222-30/2222-30_english.pdf
2222-31,https://documents.gov.lk/view/extra-gazettes/2021/4/2222-31_E.pdf,doc-archive/2021/04/06/2222-31/2222-31_english.pdf
2222-32,https://documents.gov.lk/view/extra-gazettes/2021/4/2222-32_E.pdf,doc-archive/2021/04/06/2222-32/2222-32_english.pdf
2222-33,https://documents.gov.lk/view/extra-gazettes/2021/4/2222-33_E.pdf,doc-archive/2021/04/06/2222-33/2222-33_english.pdf
2222-35,https://documents.gov.lk/view/extra-gazettes/2021/4/2222-35_E.pdf,doc-archive/2021/04/06/2222-35/2222-35_english.pdf
2222-01,https://documents.gov.lk/view/extra-gazettes/2021/4/2222-01_E.pdf,doc-archive/2021/04/05/2222-01/2222-01_english.pdf
2222-02,https://documents.gov.lk/view/extra-gazettes/2021/4/2222-02_E.pdf,doc-archive/2021/04/05/2222-02/2222-02_english.pdf
2222-34,https://documents.gov.lk/view/extra-gazettes/2021/4/2222-34_E.pdf,doc-archive/2021/04/06/2222-34/2222-34_english.pdf
2222-03,https://documents.gov.lk/view/extra-gazettes/2021/4/2222-03_E.pdf,doc-archive/2021/04/05/2222-03/2222-03_english.pdf
2222-05,https://documents.gov.lk/view/extra-gazettes/2021/4/2222-05_E.pdf,doc-archive/2021/04/05/2222-05/2222-05_english.pdf
2222-06,https://documents.gov.lk/view/extra-gazettes/2021/4/2222-06_E.pdf,doc-archive/2021/04/05/2222-06/2222-06_english.pdf
2222-07,https://documents.gov.lk/view/extra-gazettes/2021/4/2222-07_E.pdf,doc-archive/2021/04/05/2222-07/2222-07_english.pdf
2222-09,https://documents.gov.lk/view/extra-gazettes/2021/4/2222-09_E.pdf,doc-archive/2021/04/05/2222-09/2222-09_english.pdf
2222-10,https://documents.gov.lk/view/extra-gazettes/2021/4/2222-10_E.pdf,doc-archive/2021/04/05/2222-10/2222-10_english.pdf
2222-11,https://documents.gov.lk/view/extra-gazettes/2021/4/2222-11_E.pdf,doc-archive/2021/04/05/2222-11/2222-11_english.pdf
2222-12,https://documents.gov.lk/view/extra-gazettes/2021/4/2222-12_E.pdf,doc-archive/2021/04/05/2222-12/2222-12_english.pdf
2222-13,https://documents.gov.lk/view/extra-gazettes/2021/4/2222-13_E.pdf,doc-archive/2021/04/05/2222-13/2222-13_english.pdf
2222-08,https://documents.gov.lk/view/extra-gazettes/2021/4/2222-08_E.pdf,doc-archive/2021/04/05/2222-08/2222-08_english.pdf
2222-14,https://documents.gov.lk/view/extra-gazettes/2021/4/2222-14_E.pdf,doc-archive/2021/04/05/2222-14/2222-14_english.pdf
2222-16,https://documents.gov.lk/view/extra-gazettes/2021/4/2222-16_E.pdf,doc-archive/2021/04/05/2222-16/2222-16_english.pdf
2222-15,https://documents.gov.lk/view/extra-gazettes/2021/4/2222-15_E.pdf,doc-archive/2021/04/05/2222-15/2222-15_english.pdf
2222-17,https://documents.gov.lk/view/extra-gazettes/2021/4/2222-17_E.pdf,doc-archive/2021/04/05/2222-17/2222-17_english.pdf
2222-19,https://documents.gov.lk/view/extra-gazettes/2021/4/2222-19_E.pdf,doc-archive/2021/04/05/2222-19/2222-19_english.pdf
2222-20,https://documents.gov.lk/view/extra-gazettes/2021/4/2222-20_E.pdf,doc-archive/2021/04/05/2222-20/2222-20_english.pdf
2222-18,https://documents.gov.lk/view/extra-gazettes/2021/4/2222-18_E.pdf,doc-archive/2021/04/05/2222-18/2222-18_english.pdf
2222-21,https://documents.gov.lk/view/extra-gazettes/2021/4/2222-21_E.pdf,doc-archive/2021/04/05/2222-21/2222-21_english.pdf
2222-22,https://documents.gov.lk/view/extra-gazettes/2021/4/2222-22_E.pdf,doc-archive/2021/04/05/2222-22/2222-22_english.pdf
2222-23,https://documents.gov.lk/view/extra-gazettes/2021/4/2222-23_E.pdf,doc-archive/2021/04/05/2222-23/2222-23_english.pdf
2221-48,https://documents.gov.lk/view/extra-gazettes/2021/4/2221-48_E.pdf,doc-archive/2021/04/01/2221-48/2221-48_english.pdf
2221-49,https://documents.gov.lk/view/extra-gazettes/2021/4/2221-49_E.pdf,doc-archive/2021/04/01/2221-49/2221-49_english.pdf
2221-50,https://documents.gov.lk/view/extra-gazettes/2021/4/2221-50_E.pdf,doc-archive/2021/04/01/2221-50/2221-50_english.pdf
2221-51,https://documents.gov.lk/view/extra-gazettes/2021/4/2221-51_E.pdf,doc-archive/2021/04/01/2221-51/2221-51_english.pdf
2221-52,https://documents.gov.lk/view/extra-gazettes/2021/4/2221-52_E.pdf,doc-archive/2021/04/01/2221-52/2221-52_english.pdf
2221-53,https://documents.gov.lk/view/extra-gazettes/2021/4/2221-53_E.pdf,doc-archive/2021/04/01/2221-53/2221-53_english.pdf
2221-54,https://documents.gov.lk/view/extra-gazettes/2021/4/2221-54_E.pdf,doc-archive/2021/04/01/2221-54/2221-54_english.pdf
2221-55,https://documents.gov.lk/view/extra-gazettes/2021/4/2221-55_E.pdf,doc-archive/2021/04/01/2221-55/2221-55_english.pdf
2221-56,https://documents.gov.lk/view/extra-gazettes/2021/4/2221-56_E.pdf,doc-archive/2021/04/01/2221-56/2221-56_english.pdf
2221-57,https://documents.gov.lk/view/extra-gazettes/2021/4/2221-57_E.pdf,doc-archive/2021/04/01/2221-57/2221-57_english.pdf
2221-58,https://documents.gov.lk/view/extra-gazettes/2021/4/2221-58_E.pdf,doc-archive/2021/04/01/2221-58/2221-58_english.pdf
2230-01,https://documents.gov.lk/view/extra-gazettes/2021/5/2230-01_E.pdf,doc-archive/2021/05/31/2230-01/2230-01_english.pdf
2230-02,https://documents.gov.lk/view/extra-gazettes/2021/5/2230-02_E.pdf,doc-archive/2021/05/31/2230-02/2230-02_english.pdf
2230-03,https://documents.gov.lk/view/extra-gazettes/2021/5/2230-03_E.pdf,doc-archive/2021/05/31/2230-03/2230-03_english.pdf
2230-04,https://documents.gov.lk/view/extra-gazettes/2021/5/2230-04_E.pdf,doc-archive/2021/05/31/2230-04/2230-04_english.pdf
2229-10,https://documents.gov.lk/view/extra-gazettes/2021/5/2229-10_E.pdf,doc-archive/2021/05/29/2229-10/2229-10_english.pdf
2229-09,https://documents.gov.lk/view/extra-gazettes/2021/5/2229-09_E.pdf,doc-archive/2021/05/28/2229-09/2229-09_english.pdf
2229-08,https://documents.gov.lk/view/extra-gazettes/2021/5/2229-08_E.pdf,doc-archive/2021/05/27/2229-08/2229-08_english.pdf
2229-07,https://documents.gov.lk/view/extra-gazettes/2021/5/2229-07_E.pdf,doc-archive/2021/05/26/2229-07/2229-07_english.pdf
2229-04,https://documents.gov.lk/view/extra-gazettes/2021/5/2229-04_E.pdf,doc-archive/2021/05/25/2229-04/2229-04_english.pdf
2229-05,https://documents.gov.lk/view/extra-gazettes/2021/5/2229-05_E.pdf,doc-archive/2021/05/25/2229-05/2229-05_english.pdf
2229-06,https://documents.gov.lk/view/extra-gazettes/2021/5/2229-06_E.pdf,doc-archive/2021/05/25/2229-06/2229-06_english.pdf
2229-01,https://documents.gov.lk/view/extra-gazettes/2021/5/2229-01_E.pdf,doc-archive/2021/05/24/2229-01/2229-01_english.pdf
2229-02,https://documents.gov.lk/view/extra-gazettes/2021/5/2229-02_E.pdf,doc-archive/2021/05/24/2229-02/2229-02_english.pdf
2229-03,https://documents.gov.lk/view/extra-gazettes/2021/5/2229-03_E.pdf,doc-archive/2021/05/24/2229-03/2229-03_english.pdf
2228-42,https://documents.gov.lk/view/extra-gazettes/2021/5/2228-42_E.pdf,doc-archive/2021/05/22/2228-42/2228-42_english.pdf
2228-40,https://documents.gov.lk/view/extra-gazettes/2021/5/2228-40_E.pdf,doc-archive/2021/05/21/2228-40/2228-40_english.pdf
2228-41,https://documents.gov.lk/view/extra-gazettes/2021/5/2228-41_E.pdf,doc-archive/2021/05/21/2228-41/2228-41_english.pdf
2228-29,https://documents.gov.lk/view/extra-gazettes/2021/5/2228-29_E.pdf,doc-archive/2021/05/20/2228-29/2228-29_english.pdf
2228-30,https://documents.gov.lk/view/extra-gazettes/2021/5/2228-30_E.pdf,doc-archive/2021/05/20/2228-30/2228-30_english.pdf
2228-31,https://documents.gov.lk/view/extra-gazettes/2021/5/2228-31_E.pdf,doc-archive/2021/05/20/2228-31/2228-31_english.pdf
2228-32,https://documents.gov.lk/view/extra-gazettes/2021/5/2228-32_E.pdf,doc-archive/2021/05/20/2228-32/2228-32_english.pdf
2228-33,https://documents.gov.lk/view/extra-gazettes/2021/5/2228-33_E.pdf,doc-archive/2021/05/20/2228-33/2228-33_english.pdf
2228-34,https://documents.gov.lk/view/extra-gazettes/2021/5/2228-34_E.pdf,doc-archive/2021/05/20/2228-34/2228-34_english.pdf
2228-35,https://documents.gov.lk/view/extra-gazettes/2021/5/2228-35_E.pdf,doc-archive/2021/05/20/2228-35/2228-35_english.pdf
2228-36,https://documents.gov.lk/view/extra-gazettes/2021/5/2228-36_E.pdf,doc-archive/2021/05/20/2228-36/2228-36_english.pdf
2228-37,https://documents.gov.lk/view/extra-gazettes/2021/5/2228-37_E.pdf,doc-archive/2021/05/20/2228-37/2228-37_english.pdf
2228-38,https://documents.gov.lk/view/extra-gazettes/2021/5/2228-38_E.pdf,doc-archive/2021/05/20/2228-38/2228-38_english.pdf
2228-39,https://documents.gov.lk/view/extra-gazettes/2021/5/2228-39_E.pdf,doc-archive/2021/05/20/2228-39/2228-39_english.pdf
2228-18,https://documents.gov.lk/view/extra-gazettes/2021/5/2228-18_E.pdf,doc-archive/2021/05/19/2228-18/2228-18_english.pdf
2228-19,https://documents.gov.lk/view/extra-gazettes/2021/5/2228-19_E.pdf,doc-archive/2021/05/19/2228-19/2228-19_english.pdf
2228-21,https://documents.gov.lk/view/extra-gazettes/2021/5/2228-21_E.pdf,doc-archive/2021/05/19/2228-21/2228-21_english.pdf
2228-20,https://documents.gov.lk/view/extra-gazettes/2021/5/2228-20_E.pdf,doc-archive/2021/05/19/2228-20/2228-20_english.pdf
2228-22,https://documents.gov.lk/view/extra-gazettes/2021/5/2228-22_E.pdf,doc-archive/2021/05/19/2228-22/2228-22_english.pdf
2228-23,https://documents.gov.lk/view/extra-gazettes/2021/5/2228-23_E.pdf,doc-archive/2021/05/19/2228-23/2228-23_english.pdf
2228-25,https://documents.gov.lk/view/extra-gazettes/2021/5/2228-25_E.pdf,doc-archive/2021/05/19/2228-25/2228-25_english.pdf
2228-26,https://documents.gov.lk/view/extra-gazettes/2021/5/2228-26_E.pdf,doc-archive/2021/05/19/2228-26/2228-26_english.pdf
2228-24,https://documents.gov.lk/view/extra-gazettes/2021/5/2228-24_E.pdf,doc-archive/2021/05/19/2228-24/2228-24_english.pdf
2228-27,https://documents.gov.lk/view/extra-gazettes/2021/5/2228-27_E.pdf,doc-archive/2021/05/19/2228-27/2228-27_english.pdf
2228-28,https://documents.gov.lk/view/extra-gazettes/2021/5/2228-28_E.pdf,doc-archive/2021/05/19/2228-28/2228-28_english.pdf
2228-12,https://documents.gov.lk/view/extra-gazettes/2021/5/2228-12_E.pdf,doc-archive/2021/05/18/2228-12/2228-12_english.pdf
2228-13,https://documents.gov.lk/view/extra-gazettes/2021/5/2228-13_E.pdf,doc-archive/2021/05/18/2228-13/2228-13_english.pdf
2228-14,https://documents.gov.lk/view/extra-gazettes/2021/5/2228-14_E.pdf,doc-archive/2021/05/18/2228-14/2228-14_english.pdf
2228-15,https://documents.gov.lk/view/extra-gazettes/2021/5/2228-15_E.pdf,doc-archive/2021/05/18/2228-15/2228-15_english.pdf
2228-16,https://documents.gov.lk/view/extra-gazettes/2021/5/2228-16_E.pdf,doc-archive/2021/05/18/2228-16/2228-16_english.pdf
2228-01,https://documents.gov.lk/view/extra-gazettes/2021/5/2228-01_E.pdf,doc-archive/2021/05/17/2228-01/2228-01_english.pdf
2228-02,https://documents.gov.lk/view/extra-gazettes/2021/5/2228-02_E.pdf,doc-archive/2021/05/17/2228-02/2228-02_english.pdf
2228-03,https://documents.gov.lk/view/extra-gazettes/2021/5/2228-03_E.pdf,doc-archive/2021/05/17/2228-03/2228-03_english.pdf
2228-04,https://documents.gov.lk/view/extra-gazettes/2021/5/2228-04_E.pdf,doc-archive/2021/05/17/2228-04/2228-04_english.pdf
2228-05,https://documents.gov.lk/view/extra-gazettes/2021/5/2228-05_E.pdf,doc-archive/2021/05/17/2228-05/2228-05_english.pdf
2228-06,https://documents.gov.lk/view/extra-gazettes/2021/5/2228-06_E.pdf,doc-archive/2021/05/17/2228-06/2228-06_english.pdf
2228-07,https://documents.gov.lk/view/extra-gazettes/2021/5/2228-07_E.pdf,doc-archive/2021/05/17/2228-07/2228-07_english.pdf
2228-08,https://documents.gov.lk/view/extra-gazettes/2021/5/2228-08_E.pdf,doc-archive/2021/05/17/2228-08/2228-08_english.pdf
2228-09,https://documents.gov.lk/view/extra-gazettes/2021/5/2228-09_E.pdf,doc-archive/2021/05/17/2228-09/2228-09_english.pdf
2228-10,https://documents.gov.lk/view/extra-gazettes/2021/5/2228-10_E.pdf,doc-archive/2021/05/17/2228-10/2228-10_english.pdf
2228-11,https://documents.gov.lk/view/extra-gazettes/2021/5/2228-11_E.pdf,doc-archive/2021/05/17/2228-11/2228-11_english.pdf
2227-12,https://documents.gov.lk/view/extra-gazettes/2021/5/2227-12_E.pdf,doc-archive/2021/05/13/2227-12/2227-12_english.pdf
2227-13,https://documents.gov.lk/view/extra-gazettes/2021/5/2227-13_E.pdf,doc-archive/2021/05/13/2227-13/2227-13_english.pdf
2227-14,https://documents.gov.lk/view/extra-gazettes/2021/5/2227-14_E.pdf,doc-archive/2021/05/13/2227-14/2227-14_english.pdf
2227-15,https://documents.gov.lk/view/extra-gazettes/2021/5/2227-15_E.pdf,doc-archive/2021/05/13/2227-15/2227-15_english.pdf
2227-16,https://documents.gov.lk/view/extra-gazettes/2021/5/2227-16_E.pdf,doc-archive/2021/05/13/2227-16/2227-16_english.pdf
2227-17,https://documents.gov.lk/view/extra-gazettes/2021/5/2227-17_E.pdf,doc-archive/2021/05/13/2227-17/2227-17_english.pdf
2227-11,https://documents.gov.lk/view/extra-gazettes/2021/5/2227-11_E.pdf,doc-archive/2021/05/12/2227-11/2227-11_english.pdf
2227-06,https://documents.gov.lk/view/extra-gazettes/2021/5/2227-06_E.pdf,doc-archive/2021/05/11/2227-06/2227-06_english.pdf
2227-07,https://documents.gov.lk/view/extra-gazettes/2021/5/2227-07_E.pdf,doc-archive/2021/05/11/2227-07/2227-07_english.pdf
2227-08,https://documents.gov.lk/view/extra-gazettes/2021/5/2227-08_E.pdf,doc-archive/2021/05/11/2227-08/2227-08_english.pdf
2227-09,https://documents.gov.lk/view/extra-gazettes/2021/5/2227-09_E.pdf,doc-archive/2021/05/11/2227-09/2227-09_english.pdf
2227-10,https://documents.gov.lk/view/extra-gazettes/2021/5/2227-10_E.pdf,doc-archive/2021/05/11/2227-10/2227-10_english.pdf
2227-01,https://documents.gov.lk/view/extra-gazettes/2021/5/2227-01_E.pdf,doc-archive/2021/05/10/2227-01/2227-01_english.pdf
2227-02,https://documents.gov.lk/view/extra-gazettes/2021/5/2227-02_E.pdf,doc-archive/2021/05/10/2227-02/2227-02_english.pdf
2227-03,https://documents.gov.lk/view/extra-gazettes/2021/5/2227-03_E.pdf,doc-archive/2021/05/10/2227-03/2227-03_english.pdf
2227-04,https://documents.gov.lk/view/extra-gazettes/2021/5/2227-04_E.pdf,doc-archive/2021/05/10/2227-04/2227-04_english.pdf
2227-05,https://documents.gov.lk/view/extra-gazettes/2021/5/2227-05_E.pdf,doc-archive/2021/05/10/2227-05/2227-05_english.pdf
2226-63,https://documents.gov.lk/view/extra-gazettes/2021/5/2226-63_E.pdf,doc-archive/2021/05/08/2226-63/2226-63_english.pdf
2226-64,https://documents.gov.lk/view/extra-gazettes/2021/5/2226-64_E.pdf,doc-archive/2021/05/08/2226-64/2226-64_english.pdf
2226-65,https://documents.gov.lk/view/extra-gazettes/2021/5/2226-65_E.pdf,doc-archive/2021/05/08/2226-65/2226-65_english.pdf
2226-66,https://documents.gov.lk/view/extra-gazettes/2021/5/2226-66_E.pdf,doc-archive/2021/05/08/2226-66/2226-66_english.pdf
2226-68,https://documents.gov.lk/view/extra-gazettes/2021/5/2226-68_E.pdf,doc-archive/2021/05/08/2226-68/2226-68_english.pdf
2226-69,https://documents.gov.lk/view/extra-gazettes/2021/5/2226-69_E.pdf,doc-archive/2021/05/08/2226-69/2226-69_english.pdf
2226-67,https://documents.gov.lk/view/extra-gazettes/2021/5/2226-67_E.pdf,doc-archive/2021/05/08/2226-67/2226-67_english.pdf
2226-70,https://documents.gov.lk/view/extra-gazettes/2021/5/2226-70_E.pdf,doc-archive/2021/05/08/2226-70/2226-70_english.pdf
2226-72,https://documents.gov.lk/view/extra-gazettes/2021/5/2226-72_E.pdf,doc-archive/2021/05/08/2226-72/2226-72_english.pdf
2226-73,https://documents.gov.lk/view/extra-gazettes/2021/5/2226-73_E.pdf,doc-archive/2021/05/08/2226-73/2226-73_english.pdf
2226-71,https://documents.gov.lk/view/extra-gazettes/2021/5/2226-71_E.pdf,doc-archive/2021/05/08/2226-71/2226-71_english.pdf
2226-74,https://documents.gov.lk/view/extra-gazettes/2021/5/2226-74_E.pdf,doc-archive/2021/05/08/2226-74/2226-74_english.pdf
2226-76,https://documents.gov.lk/view/extra-gazettes/2021/5/2226-76_E.pdf,doc-archive/2021/05/08/2226-76/2226-76_english.pdf
2226-77,https://documents.gov.lk/view/extra-gazettes/2021/5/2226-77_E.pdf,doc-archive/2021/05/08/2226-77/2226-77_english.pdf
2226-78,https://documents.gov.lk/view/extra-gazettes/2021/5/2226-78_E.pdf,doc-archive/2021/05/08/2226-78/2226-78_english.pdf
2226-79,https://documents.gov.lk/view/extra-gazettes/2021/5/2226-79_E.pdf,doc-archive/2021/05/08/2226-79/2226-79_english.pdf
2226-75,https://documents.gov.lk/view/extra-gazettes/2021/5/2226-75_E.pdf,doc-archive/2021/05/08/2226-75/2226-75_english.pdf
2226-80,https://documents.gov.lk/view/extra-gazettes/2021/5/2226-80_E.pdf,doc-archive/2021/05/08/2226-80/2226-80_english.pdf
2226-81,https://documents.gov.lk/view/extra-gazettes/2021/5/2226-81_E.pdf,doc-archive/2021/05/08/2226-81/2226-81_english.pdf
2226-53,https://documents.gov.lk/view/extra-gazettes/2021/5/2226-53_E.pdf,doc-archive/2021/05/07/2226-53/2226-53_english.pdf
2226-54,https://documents.gov.lk/view/extra-gazettes/2021/5/2226-54_E.pdf,doc-archive/2021/05/07/2226-54/2226-54_english.pdf
2226-55,https://documents.gov.lk/view/extra-gazettes/2021/5/2226-55_E.pdf,doc-archive/2021/05/07/2226-55/2226-55_english.pdf
2226-56,https://documents.gov.lk/view/extra-gazettes/2021/5/2226-56_E.pdf,doc-archive/2021/05/07/2226-56/2226-56_english.pdf
2226-57,https://documents.gov.lk/view/extra-gazettes/2021/5/2226-57_E.pdf,doc-archive/2021/05/07/2226-57/2226-57_english.pdf
2226-58,https://documents.gov.lk/view/extra-gazettes/2021/5/2226-58_E.pdf,doc-archive/2021/05/07/2226-58/2226-58_english.pdf
2226-59,https://documents.gov.lk/view/extra-gazettes/2021/5/2226-59_E.pdf,doc-archive/2021/05/07/2226-59/2226-59_english.pdf
2226-60,https://documents.gov.lk/view/extra-gazettes/2021/5/2226-60_E.pdf,doc-archive/2021/05/07/2226-60/2226-60_english.pdf
2226-61,https://documents.gov.lk/view/extra-gazettes/2021/5/2226-61_E.pdf,doc-archive/2021/05/07/2226-61/2226-61_english.pdf
2226-62,https://documents.gov.lk/view/extra-gazettes/2021/5/2226-62_E.pdf,doc-archive/2021/05/07/2226-62/2226-62_english.pdf
2226-36,https://documents.gov.lk/view/extra-gazettes/2021/5/2226-36_E.pdf,doc-archive/2021/05/06/2226-36/2226-36_english.pdf
2226-37,https://documents.gov.lk/view/extra-gazettes/2021/5/2226-37_E.pdf,doc-archive/2021/05/06/2226-37/2226-37_english.pdf
2226-38,https://documents.gov.lk/view/extra-gazettes/2021/5/2226-38_E.pdf,doc-archive/2021/05/06/2226-38/2226-38_english.pdf
2226-40,https://documents.gov.lk/view/extra-gazettes/2021/5/2226-40_E.pdf,doc-archive/2021/05/06/2226-40/2226-40_english.pdf
2226-39,https://documents.gov.lk/view/extra-gazettes/2021/5/2226-39_E.pdf,doc-archive/2021/05/06/2226-39/2226-39_english.pdf
2226-41,https://documents.gov.lk/view/extra-gazettes/2021/5/2226-41_E.pdf,doc-archive/2021/05/06/2226-41/2226-41_english.pdf
2226-42,https://documents.gov.lk/view/extra-gazettes/2021/5/2226-42_E.pdf,doc-archive/2021/05/06/2226-42/2226-42_english.pdf
2226-43,https://documents.gov.lk/view/extra-gazettes/2021/5/2226-43_E.pdf,doc-archive/2021/05/06/2226-43/2226-43_english.pdf
2226-44,https://documents.gov.lk/view/extra-gazettes/2021/5/2226-44_E.pdf,doc-archive/2021/05/06/2226-44/2226-44_english.pdf
2226-45,https://documents.gov.lk/view/extra-gazettes/2021/5/2226-45_E.pdf,doc-archive/2021/05/06/2226-45/2226-45_english.pdf
2226-46,https://documents.gov.lk/view/extra-gazettes/2021/5/2226-46_E.pdf,doc-archive/2021/05/06/2226-46/2226-46_english.pdf
2226-47,https://documents.gov.lk/view/extra-gazettes/2021/5/2226-47_E.pdf,doc-archive/2021/05/06/2226-47/2226-47_english.pdf
2226-48,https://documents.gov.lk/view/extra-gazettes/2021/5/2226-48_E.pdf,doc-archive/2021/05/06/2226-48/2226-48_english.pdf
2226-49,https://documents.gov.lk/view/extra-gazettes/2021/5/2226-49_E.pdf,doc-archive/2021/05/06/2226-49/2226-49_english.pdf
2226-50,https://documents.gov.lk/view/extra-gazettes/2021/5/2226-50_E.pdf,doc-archive/2021/05/06/2226-50/2226-50_english.pdf
2226-51,https://documents.gov.lk/view/extra-gazettes/2021/5/2226-51_E.pdf,doc-archive/2021/05/06/2226-51/2226-51_english.pdf
2226-52,https://documents.gov.lk/view/extra-gazettes/2021/5/2226-52_E.pdf,doc-archive/2021/05/06/2226-52/2226-52_english.pdf
2226-30,https://documents.gov.lk/view/extra-gazettes/2021/5/2226-30_E.pdf,doc-archive/2021/05/05/2226-30/2226-30_english.pdf
2226-31,https://documents.gov.lk/view/extra-gazettes/2021/5/2226-31_E.pdf,doc-archive/2021/05/05/2226-31/2226-31_english.pdf
2226-32,https://documents.gov.lk/view/extra-gazettes/2021/5/2226-32_E.pdf,doc-archive/2021/05/05/2226-32/2226-32_english.pdf
2226-33,https://documents.gov.lk/view/extra-gazettes/2021/5/2226-33_E.pdf,doc-archive/2021/05/05/2226-33/2226-33_english.pdf
2226-34,https://documents.gov.lk/view/extra-gazettes/2021/5/2226-34_E.pdf,doc-archive/2021/05/05/2226-34/2226-34_english.pdf
2226-35,https://documents.gov.lk/view/extra-gazettes/2021/5/2226-35_E.pdf,doc-archive/2021/05/05/2226-35/2226-35_english.pdf
2226-18,https://documents.gov.lk/view/extra-gazettes/2021/5/2226-18_E.pdf,doc-archive/2021/05/04/2226-18/2226-18_english.pdf
2226-19,https://documents.gov.lk/view/extra-gazettes/2021/5/2226-19_E.pdf,doc-archive/2021/05/04/2226-19/2226-19_english.pdf
2226-20,https://documents.gov.lk/view/extra-gazettes/2021/5/2226-20_E.pdf,doc-archive/2021/05/04/2226-20/2226-20_english.pdf
2226-21,https://documents.gov.lk/view/extra-gazettes/2021/5/2226-21_E.pdf,doc-archive/2021/05/04/2226-21/2226-21_english.pdf
2226-22,https://documents.gov.lk/view/extra-gazettes/2021/5/2226-22_E.pdf,doc-archive/2021/05/04/2226-22/2226-22_english.pdf
2226-23,https://documents.gov.lk/view/extra-gazettes/2021/5/2226-23_E.pdf,doc-archive/2021/05/04/2226-23/2226-23_english.pdf
2226-24,https://documents.gov.lk/view/extra-gazettes/2021/5/2226-24_E.pdf,doc-archive/2021/05/04/2226-24/2226-24_english.pdf
2226-25,https://documents.gov.lk/view/extra-gazettes/2021/5/2226-25_E.pdf,doc-archive/2021/05/04/2226-25/2226-25_english.pdf
2226-26,https://documents.gov.lk/view/extra-gazettes/2021/5/2226-26_E.pdf,doc-archive/2021/05/04/2226-26/2226-26_english.pdf
2226-27,https://documents.gov.lk/view/extra-gazettes/2021/5/2226-27_E.pdf,doc-archive/2021/05/04/2226-27/2226-27_english.pdf
2226-28,https://documents.gov.lk/view/extra-gazettes/2021/5/2226-28_E.pdf,doc-archive/2021/05/04/2226-28/2226-28_english.pdf
2226-01,https://documents.gov.lk/view/extra-gazettes/2021/5/2226-01_E.pdf,doc-archive/2021/05/03/2226-01/2226-01_english.pdf
2226-29,https://documents.gov.lk/view/extra-gazettes/2021/5/2226-29_E.pdf,doc-archive/2021/05/04/2226-29/2226-29_english.pdf
2226-02,https://documents.gov.lk/view/extra-gazettes/2021/5/2226-02_E.pdf,doc-archive/2021/05/03/2226-02/2226-02_english.pdf
2226-03,https://documents.gov.lk/view/extra-gazettes/2021/5/2226-03_E.pdf,doc-archive/2021/05/03/2226-03/2226-03_english.pdf
2226-04,https://documents.gov.lk/view/extra-gazettes/2021/5/2226-04_E.pdf,doc-archive/2021/05/03/2226-04/2226-04_english.pdf
2226-06,https://documents.gov.lk/view/extra-gazettes/2021/5/2226-06_E.pdf,doc-archive/2021/05/03/2226-06/2226-06_english.pdf
2226-07,https://documents.gov.lk/view/extra-gazettes/2021/5/2226-07_E.pdf,doc-archive/2021/05/03/2226-07/2226-07_english.pdf
2226-08,https://documents.gov.lk/view/extra-gazettes/2021/5/2226-08_E.pdf,doc-archive/2021/05/03/2226-08/2226-08_english.pdf
2226-05,https://documents.gov.lk/view/extra-gazettes/2021/5/2226-05_E.pdf,doc-archive/2021/05/03/2226-05/2226-05_english.pdf
2226-09,https://documents.gov.lk/view/extra-gazettes/2021/5/2226-09_E.pdf,doc-archive/2021/05/03/2226-09/2226-09_english.pdf
2226-10,https://documents.gov.lk/view/extra-gazettes/2021/5/2226-10_E.pdf,doc-archive/2021/05/03/2226-10/2226-10_english.pdf
2226-12,https://documents.gov.lk/view/extra-gazettes/2021/5/2226-12_E.pdf,doc-archive/2021/05/03/2226-12/2226-12_english.pdf
2226-13,https://documents.gov.lk/view/extra-gazettes/2021/5/2226-13_E.pdf,doc-archive/2021/05/03/2226-13/2226-13_english.pdf
2226-11,https://documents.gov.lk/view/extra-gazettes/2021/5/2226-11_E.pdf,doc-archive/2021/05/03/2226-11/2226-11_english.pdf
2226-14,https://documents.gov.lk/view/extra-gazettes/2021/5/2226-14_E.pdf,doc-archive/2021/05/03/2226-14/2226-14_english.pdf
2226-15,https://documents.gov.lk/view/extra-gazettes/2021/5/2226-15_E.pdf,doc-archive/2021/05/03/2226-15/2226-15_english.pdf
2226-16,https://documents.gov.lk/view/extra-gazettes/2021/5/2226-16_E.pdf,doc-archive/2021/05/03/2226-16/2226-16_english.pdf
2226-17,https://documents.gov.lk/view/extra-gazettes/2021/5/2226-17_E.pdf,doc-archive/2021/05/03/2226-17/2226-17_english.pdf
2225-52,https://documents.gov.lk/view/extra-gazettes/2021/5/2225-52_E.pdf,doc-archive/2021/05/01/2225-52/2225-52_english.pdf
2234-19,https://documents.gov.lk/view/extra-gazettes/2021/6/2234-19_E.pdf,doc-archive/2021/06/30/2234-19/2234-19_english.pdf
2234-21,https://documents.gov.lk/view/extra-gazettes/2021/6/2234-21_E.pdf,doc-archive/2021/06/30/2234-21/2234-21_english.pdf
2234-20,https://documents.gov.lk/view/extra-gazettes/2021/6/2234-20_E.pdf,doc-archive/2021/06/30/2234-20/2234-20_english.pdf
2234-22,https://documents.gov.lk/view/extra-gazettes/2021/6/2234-22_E.pdf,doc-archive/2021/06/30/2234-22/2234-22_english.pdf
2234-23,https://documents.gov.lk/view/extra-gazettes/2021/6/2234-23_E.pdf,doc-archive/2021/06/30/2234-23/2234-23_english.pdf
2234-24,https://documents.gov.lk/view/extra-gazettes/2021/6/2234-24_E.pdf,doc-archive/2021/06/30/2234-24/2234-24_english.pdf
2234-25,https://documents.gov.lk/view/extra-gazettes/2021/6/2234-25_E.pdf,doc-archive/2021/06/30/2234-25/2234-25_english.pdf
2234-26,https://documents.gov.lk/view/extra-gazettes/2021/6/2234-26_E.pdf,doc-archive/2021/06/30/2234-26/2234-26_english.pdf
2234-27,https://documents.gov.lk/view/extra-gazettes/2021/6/2234-27_E.pdf,doc-archive/2021/06/30/2234-27/2234-27_english.pdf
2234-28,https://documents.gov.lk/view/extra-gazettes/2021/6/2234-28_E.pdf,doc-archive/2021/06/30/2234-28/2234-28_english.pdf
2234-29,https://documents.gov.lk/view/extra-gazettes/2021/6/2234-29_E.pdf,doc-archive/2021/06/30/2234-29/2234-29_english.pdf
2234-31,https://documents.gov.lk/view/extra-gazettes/2021/6/2234-31_E.pdf,doc-archive/2021/06/30/2234-31/2234-31_english.pdf
2234-32,https://documents.gov.lk/view/extra-gazettes/2021/6/2234-32_E.pdf,doc-archive/2021/06/30/2234-32/2234-32_english.pdf
2234-06,https://documents.gov.lk/view/extra-gazettes/2021/6/2234-06_E.pdf,doc-archive/2021/06/29/2234-06/2234-06_english.pdf
2234-07,https://documents.gov.lk/view/extra-gazettes/2021/6/2234-07_E.pdf,doc-archive/2021/06/29/2234-07/2234-07_english.pdf
2234-08,https://documents.gov.lk/view/extra-gazettes/2021/6/2234-08_E.pdf,doc-archive/2021/06/29/2234-08/2234-08_english.pdf
2234-09,https://documents.gov.lk/view/extra-gazettes/2021/6/2234-09_E.pdf,doc-archive/2021/06/29/2234-09/2234-09_english.pdf
2234-10,https://documents.gov.lk/view/extra-gazettes/2021/6/2234-10_E.pdf,doc-archive/2021/06/29/2234-10/2234-10_english.pdf
2234-11,https://documents.gov.lk/view/extra-gazettes/2021/6/2234-11_E.pdf,doc-archive/2021/06/29/2234-11/2234-11_english.pdf
2234-12,https://documents.gov.lk/view/extra-gazettes/2021/6/2234-12_E.pdf,doc-archive/2021/06/29/2234-12/2234-12_english.pdf
2234-13,https://documents.gov.lk/view/extra-gazettes/2021/6/2234-13_E.pdf,doc-archive/2021/06/29/2234-13/2234-13_english.pdf
2234-14,https://documents.gov.lk/view/extra-gazettes/2021/6/2234-14_E.pdf,doc-archive/2021/06/29/2234-14/2234-14_english.pdf
2234-15,https://documents.gov.lk/view/extra-gazettes/2021/6/2234-15_E.pdf,doc-archive/2021/06/29/2234-15/2234-15_english.pdf
2234-16,https://documents.gov.lk/view/extra-gazettes/2021/6/2234-16_E.pdf,doc-archive/2021/06/29/2234-16/2234-16_english.pdf
2234-17,https://documents.gov.lk/view/extra-gazettes/2021/6/2234-17_E.pdf,doc-archive/2021/06/29/2234-17/2234-17_english.pdf
2234-18,https://documents.gov.lk/view/extra-gazettes/2021/6/2234-18_E.pdf,doc-archive/2021/06/29/2234-18/2234-18_english.pdf
2234-01,https://documents.gov.lk/view/extra-gazettes/2021/6/2234-01_E.pdf,doc-archive/2021/06/28/2234-01/2234-01_english.pdf
2234-02,https://documents.gov.lk/view/extra-gazettes/2021/6/2234-02_E.pdf,doc-archive/2021/06/28/2234-02/2234-02_english.pdf
2234-03,https://documents.gov.lk/view/extra-gazettes/2021/6/2234-03_E.pdf,doc-archive/2021/06/28/2234-03/2234-03_english.pdf
2234-05,https://documents.gov.lk/view/extra-gazettes/2021/6/2234-05_E.pdf,doc-archive/2021/06/28/2234-05/2234-05_english.pdf
2233-31,https://documents.gov.lk/view/extra-gazettes/2021/6/2233-31_E.pdf,doc-archive/2021/06/25/2233-31/2233-31_english.pdf
2233-22,https://documents.gov.lk/view/extra-gazettes/2021/6/2233-22_E.pdf,doc-archive/2021/06/23/2233-22/2233-22_english.pdf
2233-23,https://documents.gov.lk/view/extra-gazettes/2021/6/2233-23_E.pdf,doc-archive/2021/06/23/2233-23/2233-23_english.pdf
2233-24,https://documents.gov.lk/view/extra-gazettes/2021/6/2233-24_E.pdf,doc-archive/2021/06/23/2233-24/2233-24_english.pdf
2233-25,https://documents.gov.lk/view/extra-gazettes/2021/6/2233-25_E.pdf,doc-archive/2021/06/23/2233-25/2233-25_english.pdf
2233-26,https://documents.gov.lk/view/extra-gazettes/2021/6/2233-26_E.pdf,doc-archive/2021/06/23/2233-26/2233-26_english.pdf
2233-27,https://documents.gov.lk/view/extra-gazettes/2021/6/2233-27_E.pdf,doc-archive/2021/06/23/2233-27/2233-27_english.pdf
2233-28,https://documents.gov.lk/view/extra-gazettes/2021/6/2233-28_E.pdf,doc-archive/2021/06/23/2233-28/2233-28_english.pdf
2233-29,https://documents.gov.lk/view/extra-gazettes/2021/6/2233-29_E.pdf,doc-archive/2021/06/23/2233-29/2233-29_english.pdf
2233-30,https://documents.gov.lk/view/extra-gazettes/2021/6/2233-30_E.pdf,doc-archive/2021/06/23/2233-30/2233-30_english.pdf
2233-11,https://documents.gov.lk/view/extra-gazettes/2021/6/2233-11_E.pdf,doc-archive/2021/06/22/2233-11/2233-11_english.pdf
2234-04,https://documents.gov.lk/view/extra-gazettes/2021/6/2234-04_E.pdf,doc-archive/2021/06/28/2234-04/2234-04_english.pdf
2233-12,https://documents.gov.lk/view/extra-gazettes/2021/6/2233-12_E.pdf,doc-archive/2021/06/22/2233-12/2233-12_english.pdf
2233-13,https://documents.gov.lk/view/extra-gazettes/2021/6/2233-13_E.pdf,doc-archive/2021/06/22/2233-13/2233-13_english.pdf
2233-14,https://documents.gov.lk/view/extra-gazettes/2021/6/2233-14_E.pdf,doc-archive/2021/06/22/2233-14/2233-14_english.pdf
2233-15,https://documents.gov.lk/view/extra-gazettes/2021/6/2233-15_E.pdf,doc-archive/2021/06/22/2233-15/2233-15_english.pdf
2233-16,https://documents.gov.lk/view/extra-gazettes/2021/6/2233-16_E.pdf,doc-archive/2021/06/22/2233-16/2233-16_english.pdf
2233-17,https://documents.gov.lk/view/extra-gazettes/2021/6/2233-17_E.pdf,doc-archive/2021/06/22/2233-17/2233-17_english.pdf
2233-18,https://documents.gov.lk/view/extra-gazettes/2021/6/2233-18_E.pdf,doc-archive/2021/06/22/2233-18/2233-18_english.pdf
2233-19,https://documents.gov.lk/view/extra-gazettes/2021/6/2233-19_E.pdf,doc-archive/2021/06/22/2233-19/2233-19_english.pdf
2233-20,https://documents.gov.lk/view/extra-gazettes/2021/6/2233-20_E.pdf,doc-archive/2021/06/22/2233-20/2233-20_english.pdf
2233-21,https://documents.gov.lk/view/extra-gazettes/2021/6/2233-21_E.pdf,doc-archive/2021/06/22/2233-21/2233-21_english.pdf
2233-01,https://documents.gov.lk/view/extra-gazettes/2021/6/2233-01_E.pdf,doc-archive/2021/06/21/2233-01/2233-01_english.pdf
2233-03,https://documents.gov.lk/view/extra-gazettes/2021/6/2233-03_E.pdf,doc-archive/2021/06/21/2233-03/2233-03_english.pdf
2233-04,https://documents.gov.lk/view/extra-gazettes/2021/6/2233-04_E.pdf,doc-archive/2021/06/21/2233-04/2233-04_english.pdf
2233-05,https://documents.gov.lk/view/extra-gazettes/2021/6/2233-05_E.pdf,doc-archive/2021/06/21/2233-05/2233-05_english.pdf
2233-06,https://documents.gov.lk/view/extra-gazettes/2021/6/2233-06_E.pdf,doc-archive/2021/06/21/2233-06/2233-06_english.pdf
2233-07,https://documents.gov.lk/view/extra-gazettes/2021/6/2233-07_E.pdf,doc-archive/2021/06/21/2233-07/2233-07_english.pdf
2233-08,https://documents.gov.lk/view/extra-gazettes/2021/6/2233-08_E.pdf,doc-archive/2021/06/21/2233-08/2233-08_english.pdf
2233-09,https://documents.gov.lk/view/extra-gazettes/2021/6/2233-09_E.pdf,doc-archive/2021/06/21/2233-09/2233-09_english.pdf
2233-10,https://documents.gov.lk/view/extra-gazettes/2021/6/2233-10_E.pdf,doc-archive/2021/06/21/2233-10/2233-10_english.pdf
2232-41,https://documents.gov.lk/view/extra-gazettes/2021/6/2232-41_E.pdf,doc-archive/2021/06/19/2232-41/2232-41_english.pdf
2232-42,https://documents.gov.lk/view/extra-gazettes/2021/6/2232-42_E.pdf,doc-archive/2021/06/19/2232-42/2232-42_english.pdf
2232-43,https://documents.gov.lk/view/extra-gazettes/2021/6/2232-43_E.pdf,doc-archive/2021/06/19/2232-43/2232-43_english.pdf
2233-02,https://documents.gov.lk/view/extra-gazettes/2021/6/2233-02_E.pdf,doc-archive/2021/06/21/2233-02/2233-02_english.pdf
2232-44,https://documents.gov.lk/view/extra-gazettes/2021/6/2232-44_E.pdf,doc-archive/2021/06/19/2232-44/2232-44_english.pdf
2232-45,https://documents.gov.lk/view/extra-gazettes/2021/6/2232-45_E.pdf,doc-archive/2021/06/19/2232-45/2232-45_english.pdf
2232-46,https://documents.gov.lk/view/extra-gazettes/2021/6/2232-46_E.pdf,doc-archive/2021/06/19/2232-46/2232-46_english.pdf
2232-33,https://documents.gov.lk/view/extra-gazettes/2021/6/2232-33_E.pdf,doc-archive/2021/06/18/2232-33/2232-33_english.pdf
2232-34,https://documents.gov.lk/view/extra-gazettes/2021/6/2232-34_E.pdf,doc-archive/2021/06/18/2232-34/2232-34_english.pdf
2232-35,https://documents.gov.lk/view/extra-gazettes/2021/6/2232-35_E.pdf,doc-archive/2021/06/18/2232-35/2232-35_english.pdf
2232-36,https://documents.gov.lk/view/extra-gazettes/2021/6/2232-36_E.pdf,doc-archive/2021/06/18/2232-36/2232-36_english.pdf
2232-37,https://documents.gov.lk/view/extra-gazettes/2021/6/2232-37_E.pdf,doc-archive/2021/06/18/2232-37/2232-37_english.pdf
2232-38,https://documents.gov.lk/view/extra-gazettes/2021/6/2232-38_E.pdf,doc-archive/2021/06/18/2232-38/2232-38_english.pdf
2232-39,https://documents.gov.lk/view/extra-gazettes/2021/6/2232-39_E.pdf,doc-archive/2021/06/18/2232-39/2232-39_english.pdf
2232-40,https://documents.gov.lk/view/extra-gazettes/2021/6/2232-40_E.pdf,doc-archive/2021/06/18/2232-40/2232-40_english.pdf
2232-28,https://documents.gov.lk/view/extra-gazettes/2021/6/2232-28_E.pdf,doc-archive/2021/06/17/2232-28/2232-28_english.pdf
2232-29,https://documents.gov.lk/view/extra-gazettes/2021/6/2232-29_E.pdf,doc-archive/2021/06/17/2232-29/2232-29_english.pdf
2232-30,https://documents.gov.lk/view/extra-gazettes/2021/6/2232-30_E.pdf,doc-archive/2021/06/17/2232-30/2232-30_english.pdf
2232-31,https://documents.gov.lk/view/extra-gazettes/2021/6/2232-31_E.pdf,doc-archive/2021/06/17/2232-31/2232-31_english.pdf
2232-32,https://documents.gov.lk/view/extra-gazettes/2021/6/2232-32_E.pdf,doc-archive/2021/06/17/2232-32/2232-32_english.pdf
2232-03,https://documents.gov.lk/view/extra-gazettes/2021/6/2232-03_E.pdf,doc-archive/2021/06/14/2232-03/2232-03_english.pdf
2232-04,https://documents.gov.lk/view/extra-gazettes/2021/6/2232-04_E.pdf,doc-archive/2021/06/14/2232-04/2232-04_english.pdf
2232-05,https://documents.gov.lk/view/extra-gazettes/2021/6/2232-05_E.pdf,doc-archive/2021/06/14/2232-05/2232-05_english.pdf
2232-06,https://documents.gov.lk/view/extra-gazettes/2021/6/2232-06_E.pdf,doc-archive/2021/06/14/2232-06/2232-06_english.pdf
2232-07,https://documents.gov.lk/view/extra-gazettes/2021/6/2232-07_E.pdf,doc-archive/2021/06/14/2232-07/2232-07_english.pdf
2232-08,https://documents.gov.lk/view/extra-gazettes/2021/6/2232-08_E.pdf,doc-archive/2021/06/14/2232-08/2232-08_english.pdf
2232-09,https://documents.gov.lk/view/extra-gazettes/2021/6/2232-09_E.pdf,doc-archive/2021/06/14/2232-09/2232-09_english.pdf
2232-10,https://documents.gov.lk/view/extra-gazettes/2021/6/2232-10_E.pdf,doc-archive/2021/06/14/2232-10/2232-10_english.pdf
2232-11,https://documents.gov.lk/view/extra-gazettes/2021/6/2232-11_E.pdf,doc-archive/2021/06/14/2232-11/2232-11_english.pdf
2232-12,https://documents.gov.lk/view/extra-gazettes/2021/6/2232-12_E.pdf,doc-archive/2021/06/14/2232-12/2232-12_english.pdf
2232-13,https://documents.gov.lk/view/extra-gazettes/2021/6/2232-13_E.pdf,doc-archive/2021/06/14/2232-13/2232-13_english.pdf
2232-14,https://documents.gov.lk/view/extra-gazettes/2021/6/2232-14_E.pdf,doc-archive/2021/06/14/2232-14/2232-14_english.pdf
2232-15,https://documents.gov.lk/view/extra-gazettes/2021/6/2232-15_E.pdf,doc-archive/2021/06/14/2232-15/2232-15_english.pdf
2232-16,https://documents.gov.lk/view/extra-gazettes/2021/6/2232-16_E.pdf,doc-archive/2021/06/14/2232-16/2232-16_english.pdf
2232-17,https://documents.gov.lk/view/extra-gazettes/2021/6/2232-17_E.pdf,doc-archive/2021/06/14/2232-17/2232-17_english.pdf
2232-18,https://documents.gov.lk/view/extra-gazettes/2021/6/2232-18_E.pdf,doc-archive/2021/06/14/2232-18/2232-18_english.pdf
2232-19,https://documents.gov.lk/view/extra-gazettes/2021/6/2232-19_E.pdf,doc-archive/2021/06/14/2232-19/2232-19_english.pdf
2232-20,https://documents.gov.lk/view/extra-gazettes/2021/6/2232-20_E.pdf,doc-archive/2021/06/14/2232-20/2232-20_english.pdf
2232-21,https://documents.gov.lk/view/extra-gazettes/2021/6/2232-21_E.pdf,doc-archive/2021/06/14/2232-21/2232-21_english.pdf
2232-22,https://documents.gov.lk/view/extra-gazettes/2021/6/2232-22_E.pdf,doc-archive/2021/06/14/2232-22/2232-22_english.pdf
2232-23,https://documents.gov.lk/view/extra-gazettes/2021/6/2232-23_E.pdf,doc-archive/2021/06/14/2232-23/2232-23_english.pdf
2232-24,https://documents.gov.lk/view/extra-gazettes/2021/6/2232-24_E.pdf,doc-archive/2021/06/14/2232-24/2232-24_english.pdf
2232-25,https://documents.gov.lk/view/extra-gazettes/2021/6/2232-25_E.pdf,doc-archive/2021/06/14/2232-25/2232-25_english.pdf
2232-26,https://documents.gov.lk/view/extra-gazettes/2021/6/2232-26_E.pdf,doc-archive/2021/06/14/2232-26/2232-26_english.pdf
2231-15,https://documents.gov.lk/view/extra-gazettes/2021/6/2231-15_E.pdf,doc-archive/2021/06/11/2231-15/2231-15_english.pdf
2231-16,https://documents.gov.lk/view/extra-gazettes/2021/6/2231-16_E.pdf,doc-archive/2021/06/11/2231-16/2231-16_english.pdf
2231-17,https://documents.gov.lk/view/extra-gazettes/2021/6/2231-17_E.pdf,doc-archive/2021/06/11/2231-17/2231-17_english.pdf
2231-19,https://documents.gov.lk/view/extra-gazettes/2021/6/2231-19_E.pdf,doc-archive/2021/06/11/2231-19/2231-19_english.pdf
2231-18,https://documents.gov.lk/view/extra-gazettes/2021/6/2231-18_E.pdf,doc-archive/2021/06/11/2231-18/2231-18_english.pdf
2231-20,https://documents.gov.lk/view/extra-gazettes/2021/6/2231-20_E.pdf,doc-archive/2021/06/11/2231-20/2231-20_english.pdf
2231-21,https://documents.gov.lk/view/extra-gazettes/2021/6/2231-21_E.pdf,doc-archive/2021/06/11/2231-21/2231-21_english.pdf
2231-22,https://documents.gov.lk/view/extra-gazettes/2021/6/2231-22_E.pdf,doc-archive/2021/06/11/2231-22/2231-22_english.pdf
2231-23,https://documents.gov.lk/view/extra-gazettes/2021/6/2231-23_E.pdf,doc-archive/2021/06/11/2231-23/2231-23_english.pdf
2231-24,https://documents.gov.lk/view/extra-gazettes/2021/6/2231-24_E.pdf,doc-archive/2021/06/11/2231-24/2231-24_english.pdf
2231-25,https://documents.gov.lk/view/extra-gazettes/2021/6/2231-25_E.pdf,doc-archive/2021/06/11/2231-25/2231-25_english.pdf
2231-26,https://documents.gov.lk/view/extra-gazettes/2021/6/2231-26_E.pdf,doc-archive/2021/06/11/2231-26/2231-26_english.pdf
2231-13,https://documents.gov.lk/view/extra-gazettes/2021/6/2231-13_E.pdf,doc-archive/2021/06/10/2231-13/2231-13_english.pdf
2231-14,https://documents.gov.lk/view/extra-gazettes/2021/6/2231-14_E.pdf,doc-archive/2021/06/10/2231-14/2231-14_english.pdf
2231-08,https://documents.gov.lk/view/extra-gazettes/2021/6/2231-08_E.pdf,doc-archive/2021/06/09/2231-08/2231-08_english.pdf
2231-09,https://documents.gov.lk/view/extra-gazettes/2021/6/2231-09_E.pdf,doc-archive/2021/06/09/2231-09/2231-09_english.pdf
2231-10,https://documents.gov.lk/view/extra-gazettes/2021/6/2231-10_E.pdf,doc-archive/2021/06/09/2231-10/2231-10_english.pdf
2231-11,https://documents.gov.lk/view/extra-gazettes/2021/6/2231-11_E.pdf,doc-archive/2021/06/09/2231-11/2231-11_english.pdf
2231-05,https://documents.gov.lk/view/extra-gazettes/2021/6/2231-05_E.pdf,doc-archive/2021/06/08/2231-05/2231-05_english.pdf
2231-06,https://documents.gov.lk/view/extra-gazettes/2021/6/2231-06_E.pdf,doc-archive/2021/06/08/2231-06/2231-06_english.pdf
2231-07,https://documents.gov.lk/view/extra-gazettes/2021/6/2231-07_E.pdf,doc-archive/2021/06/08/2231-07/2231-07_english.pdf
2231-01,https://documents.gov.lk/view/extra-gazettes/2021/6/2231-01_E.pdf,doc-archive/2021/06/07/2231-01/2231-01_english.pdf
2231-02,https://documents.gov.lk/view/extra-gazettes/2021/6/2231-02_E.pdf,doc-archive/2021/06/07/2231-02/2231-02_english.pdf
2231-03,https://documents.gov.lk/view/extra-gazettes/2021/6/2231-03_E.pdf,doc-archive/2021/06/07/2231-03/2231-03_english.pdf
2231-04,https://documents.gov.lk/view/extra-gazettes/2021/6/2231-04_E.pdf,doc-archive/2021/06/07/2231-04/2231-04_english.pdf
2230-13,https://documents.gov.lk/view/extra-gazettes/2021/6/2230-13_E.pdf,doc-archive/2021/06/04/2230-13/2230-13_english.pdf
2230-14,https://documents.gov.lk/view/extra-gazettes/2021/6/2230-14_E.pdf,doc-archive/2021/06/04/2230-14/2230-14_english.pdf
2230-15,https://documents.gov.lk/view/extra-gazettes/2021/6/2230-15_E.pdf,doc-archive/2021/06/04/2230-15/2230-15_english.pdf
2230-11,https://documents.gov.lk/view/extra-gazettes/2021/6/2230-11_E.pdf,doc-archive/2021/06/03/2230-11/2230-11_english.pdf
2230-12,https://documents.gov.lk/view/extra-gazettes/2021/6/2230-12_E.pdf,doc-archive/2021/06/03/2230-12/2230-12_english.pdf
2230-09,https://documents.gov.lk/view/extra-gazettes/2021/6/2230-09_E.pdf,doc-archive/2021/06/02/2230-09/2230-09_english.pdf
2230-05,https://documents.gov.lk/view/extra-gazettes/2021/6/2230-05_E.pdf,doc-archive/2021/06/01/2230-05/2230-05_english.pdf
2230-06,https://documents.gov.lk/view/extra-gazettes/2021/6/2230-06_E.pdf,doc-archive/2021/06/01/2230-06/2230-06_english.pdf
2230-07,https://documents.gov.lk/view/extra-gazettes/2021/6/2230-07_E.pdf,doc-archive/2021/06/01/2230-07/2230-07_english.pdf
2230-08,https://documents.gov.lk/view/extra-gazettes/2021/6/2230-08_E.pdf,doc-archive/2021/06/01/2230-08/2230-08_english.pdf
2238-43,https://documents.gov.lk/view/extra-gazettes/2021/7/2238-43_E.pdf,doc-archive/2021/07/31/2238-43/2238-43_english.pdf
2238-45,https://documents.gov.lk/view/extra-gazettes/2021/7/2238-45_E.pdf,doc-archive/2021/07/31/2238-45/2238-45_english.pdf
2238-32,https://documents.gov.lk/view/extra-gazettes/2021/7/2238-32_E.pdf,doc-archive/2021/07/30/2238-32/2238-32_english.pdf
2238-44,https://documents.gov.lk/view/extra-gazettes/2021/7/2238-44_E.pdf,doc-archive/2021/07/31/2238-44/2238-44_english.pdf
2238-34,https://documents.gov.lk/view/extra-gazettes/2021/7/2238-34_E.pdf,doc-archive/2021/07/30/2238-34/2238-34_english.pdf
2238-33,https://documents.gov.lk/view/extra-gazettes/2021/7/2238-33_E.pdf,doc-archive/2021/07/30/2238-33/2238-33_english.pdf
2238-35,https://documents.gov.lk/view/extra-gazettes/2021/7/2238-35_E.pdf,doc-archive/2021/07/30/2238-35/2238-35_english.pdf
2238-36,https://documents.gov.lk/view/extra-gazettes/2021/7/2238-36_E.pdf,doc-archive/2021/07/30/2238-36/2238-36_english.pdf
2238-38,https://documents.gov.lk/view/extra-gazettes/2021/7/2238-38_E.pdf,doc-archive/2021/07/30/2238-38/2238-38_english.pdf
2238-39,https://documents.gov.lk/view/extra-gazettes/2021/7/2238-39_E.pdf,doc-archive/2021/07/30/2238-39/2238-39_english.pdf
2238-37,https://documents.gov.lk/view/extra-gazettes/2021/7/2238-37_E.pdf,doc-archive/2021/07/30/2238-37/2238-37_english.pdf
2238-40,https://documents.gov.lk/view/extra-gazettes/2021/7/2238-40_E.pdf,doc-archive/2021/07/30/2238-40/2238-40_english.pdf
2238-41,https://documents.gov.lk/view/extra-gazettes/2021/7/2238-41_E.pdf,doc-archive/2021/07/30/2238-41/2238-41_english.pdf
2238-42,https://documents.gov.lk/view/extra-gazettes/2021/7/2238-42_E.pdf,doc-archive/2021/07/30/2238-42/2238-42_english.pdf
2238-19,https://documents.gov.lk/view/extra-gazettes/2021/7/2238-19_E.pdf,doc-archive/2021/07/29/2238-19/2238-19_english.pdf
2238-20,https://documents.gov.lk/view/extra-gazettes/2021/7/2238-20_E.pdf,doc-archive/2021/07/29/2238-20/2238-20_english.pdf
2238-21,https://documents.gov.lk/view/extra-gazettes/2021/7/2238-21_E.pdf,doc-archive/2021/07/29/2238-21/2238-21_english.pdf
2238-22,https://documents.gov.lk/view/extra-gazettes/2021/7/2238-22_E.pdf,doc-archive/2021/07/29/2238-22/2238-22_english.pdf
2238-23,https://documents.gov.lk/view/extra-gazettes/2021/7/2238-23_E.pdf,doc-archive/2021/07/29/2238-23/2238-23_english.pdf
2238-24,https://documents.gov.lk/view/extra-gazettes/2021/7/2238-24_E.pdf,doc-archive/2021/07/29/2238-24/2238-24_english.pdf
2238-25,https://documents.gov.lk/view/extra-gazettes/2021/7/2238-25_E.pdf,doc-archive/2021/07/29/2238-25/2238-25_english.pdf
2238-26,https://documents.gov.lk/view/extra-gazettes/2021/7/2238-26_E.pdf,doc-archive/2021/07/29/2238-26/2238-26_english.pdf
2238-27,https://documents.gov.lk/view/extra-gazettes/2021/7/2238-27_E.pdf,doc-archive/2021/07/29/2238-27/2238-27_english.pdf
2238-28,https://documents.gov.lk/view/extra-gazettes/2021/7/2238-28_E.pdf,doc-archive/2021/07/29/2238-28/2238-28_english.pdf
2238-29,https://documents.gov.lk/view/extra-gazettes/2021/7/2238-29_E.pdf,doc-archive/2021/07/29/2238-29/2238-29_english.pdf
2238-30,https://documents.gov.lk/view/extra-gazettes/2021/7/2238-30_E.pdf,doc-archive/2021/07/29/2238-30/2238-30_english.pdf
2238-31,https://documents.gov.lk/view/extra-gazettes/2021/7/2238-31_E.pdf,doc-archive/2021/07/29/2238-31/2238-31_english.pdf
2238-11,https://documents.gov.lk/view/extra-gazettes/2021/7/2238-11_E.pdf,doc-archive/2021/07/28/2238-11/2238-11_english.pdf
2238-12,https://documents.gov.lk/view/extra-gazettes/2021/7/2238-12_E.pdf,doc-archive/2021/07/28/2238-12/2238-12_english.pdf
2238-13,https://documents.gov.lk/view/extra-gazettes/2021/7/2238-13_E.pdf,doc-archive/2021/07/28/2238-13/2238-13_english.pdf
2238-14,https://documents.gov.lk/view/extra-gazettes/2021/7/2238-14_E.pdf,doc-archive/2021/07/28/2238-14/2238-14_english.pdf
2238-15,https://documents.gov.lk/view/extra-gazettes/2021/7/2238-15_E.pdf,doc-archive/2021/07/28/2238-15/2238-15_english.pdf
2238-16,https://documents.gov.lk/view/extra-gazettes/2021/7/2238-16_E.pdf,doc-archive/2021/07/28/2238-16/2238-16_english.pdf
2238-17,https://documents.gov.lk/view/extra-gazettes/2021/7/2238-17_E.pdf,doc-archive/2021/07/28/2238-17/2238-17_english.pdf
2238-18,https://documents.gov.lk/view/extra-gazettes/2021/7/2238-18_E.pdf,doc-archive/2021/07/28/2238-18/2238-18_english.pdf
2238-04,https://documents.gov.lk/view/extra-gazettes/2021/7/2238-04_E.pdf,doc-archive/2021/07/27/2238-04/2238-04_english.pdf
2238-05,https://documents.gov.lk/view/extra-gazettes/2021/7/2238-05_E.pdf,doc-archive/2021/07/27/2238-05/2238-05_english.pdf
2238-06,https://documents.gov.lk/view/extra-gazettes/2021/7/2238-06_E.pdf,doc-archive/2021/07/27/2238-06/2238-06_english.pdf
2238-07,https://documents.gov.lk/view/extra-gazettes/2021/7/2238-07_E.pdf,doc-archive/2021/07/27/2238-07/2238-07_english.pdf
2238-08,https://documents.gov.lk/view/extra-gazettes/2021/7/2238-08_E.pdf,doc-archive/2021/07/27/2238-08/2238-08_english.pdf
2238-09,https://documents.gov.lk/view/extra-gazettes/2021/7/2238-09_E.pdf,doc-archive/2021/07/27/2238-09/2238-09_english.pdf
2238-01,https://documents.gov.lk/view/extra-gazettes/2021/7/2238-01_E.pdf,doc-archive/2021/07/26/2238-01/2238-01_english.pdf
2238-10,https://documents.gov.lk/view/extra-gazettes/2021/7/2238-10_E.pdf,doc-archive/2021/07/27/2238-10/2238-10_english.pdf
2238-02,https://documents.gov.lk/view/extra-gazettes/2021/7/2238-02_E.pdf,doc-archive/2021/07/26/2238-02/2238-02_english.pdf
2238-03,https://documents.gov.lk/view/extra-gazettes/2021/7/2238-03_E.pdf,doc-archive/2021/07/26/2238-03/2238-03_english.pdf
2237-40,https://documents.gov.lk/view/extra-gazettes/2021/7/2237-40_E.pdf,doc-archive/2021/07/25/2237-40/2237-40_english.pdf
2237-41,https://documents.gov.lk/view/extra-gazettes/2021/7/2237-41_E.pdf,doc-archive/2021/07/25/2237-41/2237-41_english.pdf
2237-37,https://documents.gov.lk/view/extra-gazettes/2021/7/2237-37_E.pdf,doc-archive/2021/07/23/2237-37/2237-37_english.pdf
2237-38,https://documents.gov.lk/view/extra-gazettes/2021/7/2237-38_E.pdf,doc-archive/2021/07/23/2237-38/2237-38_english.pdf
2237-39,https://documents.gov.lk/view/extra-gazettes/2021/7/2237-39_E.pdf,doc-archive/2021/07/23/2237-39/2237-39_english.pdf
2237-24,https://documents.gov.lk/view/extra-gazettes/2021/7/2237-24_E.pdf,doc-archive/2021/07/22/2237-24/2237-24_english.pdf
2237-25,https://documents.gov.lk/view/extra-gazettes/2021/7/2237-25_E.pdf,doc-archive/2021/07/22/2237-25/2237-25_english.pdf
2237-26,https://documents.gov.lk/view/extra-gazettes/2021/7/2237-26_E.pdf,doc-archive/2021/07/22/2237-26/2237-26_english.pdf
2237-28,https://documents.gov.lk/view/extra-gazettes/2021/7/2237-28_E.pdf,doc-archive/2021/07/22/2237-28/2237-28_english.pdf
2237-27,https://documents.gov.lk/view/extra-gazettes/2021/7/2237-27_E.pdf,doc-archive/2021/07/22/2237-27/2237-27_english.pdf
2237-29,https://documents.gov.lk/view/extra-gazettes/2021/7/2237-29_E.pdf,doc-archive/2021/07/22/2237-29/2237-29_english.pdf
2237-31,https://documents.gov.lk/view/extra-gazettes/2021/7/2237-31_E.pdf,doc-archive/2021/07/22/2237-31/2237-31_english.pdf
2237-30,https://documents.gov.lk/view/extra-gazettes/2021/7/2237-30_E.pdf,doc-archive/2021/07/22/2237-30/2237-30_english.pdf
2237-32,https://documents.gov.lk/view/extra-gazettes/2021/7/2237-32_E.pdf,doc-archive/2021/07/22/2237-32/2237-32_english.pdf
2237-33,https://documents.gov.lk/view/extra-gazettes/2021/7/2237-33_E.pdf,doc-archive/2021/07/22/2237-33/2237-33_english.pdf
2237-34,https://documents.gov.lk/view/extra-gazettes/2021/7/2237-34_E.pdf,doc-archive/2021/07/22/2237-34/2237-34_english.pdf
2237-35,https://documents.gov.lk/view/extra-gazettes/2021/7/2237-35_E.pdf,doc-archive/2021/07/22/2237-35/2237-35_english.pdf
2237-36,https://documents.gov.lk/view/extra-gazettes/2021/7/2237-36_E.pdf,doc-archive/2021/07/22/2237-36/2237-36_english.pdf
2237-08,https://documents.gov.lk/view/extra-gazettes/2021/7/2237-08_E.pdf,doc-archive/2021/07/20/2237-08/2237-08_english.pdf
2237-09,https://documents.gov.lk/view/extra-gazettes/2021/7/2237-09_E.pdf,doc-archive/2021/07/20/2237-09/2237-09_english.pdf
2237-10,https://documents.gov.lk/view/extra-gazettes/2021/7/2237-10_E.pdf,doc-archive/2021/07/20/2237-10/2237-10_english.pdf
2237-12,https://documents.gov.lk/view/extra-gazettes/2021/7/2237-12_E.pdf,doc-archive/2021/07/20/2237-12/2237-12_english.pdf
2237-13,https://documents.gov.lk/view/extra-gazettes/2021/7/2237-13_E.pdf,doc-archive/2021/07/20/2237-13/2237-13_english.pdf
2237-14,https://documents.gov.lk/view/extra-gazettes/2021/7/2237-14_E.pdf,doc-archive/2021/07/20/2237-14/2237-14_english.pdf
2237-11,https://documents.gov.lk/view/extra-gazettes/2021/7/2237-11_E.pdf,doc-archive/2021/07/20/2237-11/2237-11_english.pdf
2237-16,https://documents.gov.lk/view/extra-gazettes/2021/7/2237-16_E.pdf,doc-archive/2021/07/20/2237-16/2237-16_english.pdf
2237-15,https://documents.gov.lk/view/extra-gazettes/2021/7/2237-15_E.pdf,doc-archive/2021/07/20/2237-15/2237-15_english.pdf
2237-18,https://documents.gov.lk/view/extra-gazettes/2021/7/2237-18_E.pdf,doc-archive/2021/07/20/2237-18/2237-18_english.pdf
2237-19,https://documents.gov.lk/view/extra-gazettes/2021/7/2237-19_E.pdf,doc-archive/2021/07/20/2237-19/2237-19_english.pdf
2237-20,https://documents.gov.lk/view/extra-gazettes/2021/7/2237-20_E.pdf,doc-archive/2021/07/20/2237-20/2237-20_english.pdf
2237-21,https://documents.gov.lk/view/extra-gazettes/2021/7/2237-21_E.pdf,doc-archive/2021/07/20/2237-21/2237-21_english.pdf
2237-22,https://documents.gov.lk/view/extra-gazettes/2021/7/2237-22_E.pdf,doc-archive/2021/07/20/2237-22/2237-22_english.pdf
2237-23,https://documents.gov.lk/view/extra-gazettes/2021/7/2237-23_E.pdf,doc-archive/2021/07/20/2237-23/2237-23_english.pdf
2237-01,https://documents.gov.lk/view/extra-gazettes/2021/7/2237-01_E.pdf,doc-archive/2021/07/19/2237-01/2237-01_english.pdf
2237-02,https://documents.gov.lk/view/extra-gazettes/2021/7/2237-02_E.pdf,doc-archive/2021/07/19/2237-02/2237-02_english.pdf
2237-03,https://documents.gov.lk/view/extra-gazettes/2021/7/2237-03_E.pdf,doc-archive/2021/07/19/2237-03/2237-03_english.pdf
2237-04,https://documents.gov.lk/view/extra-gazettes/2021/7/2237-04_E.pdf,doc-archive/2021/07/19/2237-04/2237-04_english.pdf
2237-05,https://documents.gov.lk/view/extra-gazettes/2021/7/2237-05_E.pdf,doc-archive/2021/07/19/2237-05/2237-05_english.pdf
2237-06,https://documents.gov.lk/view/extra-gazettes/2021/7/2237-06_E.pdf,doc-archive/2021/07/19/2237-06/2237-06_english.pdf
2237-07,https://documents.gov.lk/view/extra-gazettes/2021/7/2237-07_E.pdf,doc-archive/2021/07/19/2237-07/2237-07_english.pdf
2236-66,https://documents.gov.lk/view/extra-gazettes/2021/7/2236-66_E.pdf,doc-archive/2021/07/18/2236-66/2236-66_english.pdf
2236-65,https://documents.gov.lk/view/extra-gazettes/2021/7/2236-65_E.pdf,doc-archive/2021/07/17/2236-65/2236-65_english.pdf
2236-46,https://documents.gov.lk/view/extra-gazettes/2021/7/2236-46_E.pdf,doc-archive/2021/07/16/2236-46/2236-46_english.pdf
2237-17,https://documents.gov.lk/view/extra-gazettes/2021/7/2237-17_E.pdf,doc-archive/2021/07/20/2237-17/2237-17_english.pdf
2236-47,https://documents.gov.lk/view/extra-gazettes/2021/7/2236-47_E.pdf,doc-archive/2021/07/16/2236-47/2236-47_english.pdf
2236-48,https://documents.gov.lk/view/extra-gazettes/2021/7/2236-48_E.pdf,doc-archive/2021/07/16/2236-48/2236-48_english.pdf
2236-49,https://documents.gov.lk/view/extra-gazettes/2021/7/2236-49_E.pdf,doc-archive/2021/07/16/2236-49/2236-49_english.pdf
2236-51,https://documents.gov.lk/view/extra-gazettes/2021/7/2236-51_E.pdf,doc-archive/2021/07/16/2236-51/2236-51_english.pdf
2236-50,https://documents.gov.lk/view/extra-gazettes/2021/7/2236-50_E.pdf,doc-archive/2021/07/16/2236-50/2236-50_english.pdf
2236-53,https://documents.gov.lk/view/extra-gazettes/2021/7/2236-53_E.pdf,doc-archive/2021/07/16/2236-53/2236-53_english.pdf
2236-54,https://documents.gov.lk/view/extra-gazettes/2021/7/2236-54_E.pdf,doc-archive/2021/07/16/2236-54/2236-54_english.pdf
2236-52,https://documents.gov.lk/view/extra-gazettes/2021/7/2236-52_E.pdf,doc-archive/2021/07/16/2236-52/2236-52_english.pdf
2236-56,https://documents.gov.lk/view/extra-gazettes/2021/7/2236-56_E.pdf,doc-archive/2021/07/16/2236-56/2236-56_english.pdf
2236-57,https://documents.gov.lk/view/extra-gazettes/2021/7/2236-57_E.pdf,doc-archive/2021/07/16/2236-57/2236-57_english.pdf
2236-55,https://documents.gov.lk/view/extra-gazettes/2021/7/2236-55_E.pdf,doc-archive/2021/07/16/2236-55/2236-55_english.pdf
2236-58,https://documents.gov.lk/view/extra-gazettes/2021/7/2236-58_E.pdf,doc-archive/2021/07/16/2236-58/2236-58_english.pdf
2236-59,https://documents.gov.lk/view/extra-gazettes/2021/7/2236-59_E.pdf,doc-archive/2021/07/16/2236-59/2236-59_english.pdf
2236-60,https://documents.gov.lk/view/extra-gazettes/2021/7/2236-60_E.pdf,doc-archive/2021/07/16/2236-60/2236-60_english.pdf
2236-61,https://documents.gov.lk/view/extra-gazettes/2021/7/2236-61_E.pdf,doc-archive/2021/07/16/2236-61/2236-61_english.pdf
2236-62,https://documents.gov.lk/view/extra-gazettes/2021/7/2236-62_E.pdf,doc-archive/2021/07/16/2236-62/2236-62_english.pdf
2236-63,https://documents.gov.lk/view/extra-gazettes/2021/7/2236-63_E.pdf,doc-archive/2021/07/16/2236-63/2236-63_english.pdf
2236-40,https://documents.gov.lk/view/extra-gazettes/2021/7/2236-40_E.pdf,doc-archive/2021/07/15/2236-40/2236-40_english.pdf
2236-41,https://documents.gov.lk/view/extra-gazettes/2021/7/2236-41_E.pdf,doc-archive/2021/07/15/2236-41/2236-41_english.pdf
2236-64,https://documents.gov.lk/view/extra-gazettes/2021/7/2236-64_E.pdf,doc-archive/2021/07/16/2236-64/2236-64_english.pdf
2236-42,https://documents.gov.lk/view/extra-gazettes/2021/7/2236-42_E.pdf,doc-archive/2021/07/15/2236-42/2236-42_english.pdf
2236-43,https://documents.gov.lk/view/extra-gazettes/2021/7/2236-43_E.pdf,doc-archive/2021/07/15/2236-43/2236-43_english.pdf
2236-44,https://documents.gov.lk/view/extra-gazettes/2021/7/2236-44_E.pdf,doc-archive/2021/07/15/2236-44/2236-44_english.pdf
2236-45,https://documents.gov.lk/view/extra-gazettes/2021/7/2236-45_E.pdf,doc-archive/2021/07/15/2236-45/2236-45_english.pdf
2236-29,https://documents.gov.lk/view/extra-gazettes/2021/7/2236-29_E.pdf,doc-archive/2021/07/14/2236-29/2236-29_english.pdf
2236-28,https://documents.gov.lk/view/extra-gazettes/2021/7/2236-28_E.pdf,doc-archive/2021/07/14/2236-28/2236-28_english.pdf
2236-30,https://documents.gov.lk/view/extra-gazettes/2021/7/2236-30_E.pdf,doc-archive/2021/07/14/2236-30/2236-30_english.pdf
2236-31,https://documents.gov.lk/view/extra-gazettes/2021/7/2236-31_E.pdf,doc-archive/2021/07/14/2236-31/2236-31_english.pdf
2236-32,https://documents.gov.lk/view/extra-gazettes/2021/7/2236-32_E.pdf,doc-archive/2021/07/14/2236-32/2236-32_english.pdf
2236-33,https://documents.gov.lk/view/extra-gazettes/2021/7/2236-33_E.pdf,doc-archive/2021/07/14/2236-33/2236-33_english.pdf
2236-34,https://documents.gov.lk/view/extra-gazettes/2021/7/2236-34_E.pdf,doc-archive/2021/07/14/2236-34/2236-34_english.pdf
2236-35,https://documents.gov.lk/view/extra-gazettes/2021/7/2236-35_E.pdf,doc-archive/2021/07/14/2236-35/2236-35_english.pdf
2236-36,https://documents.gov.lk/view/extra-gazettes/2021/7/2236-36_E.pdf,doc-archive/2021/07/14/2236-36/2236-36_english.pdf
2236-37,https://documents.gov.lk/view/extra-gazettes/2021/7/2236-37_E.pdf,doc-archive/2021/07/14/2236-37/2236-37_english.pdf
2236-38,https://documents.gov.lk/view/extra-gazettes/2021/7/2236-38_E.pdf,doc-archive/2021/07/14/2236-38/2236-38_english.pdf
2236-39,https://documents.gov.lk/view/extra-gazettes/2021/7/2236-39_E.pdf,doc-archive/2021/07/14/2236-39/2236-39_english.pdf
2236-06,https://documents.gov.lk/view/extra-gazettes/2021/7/2236-06_E.pdf,doc-archive/2021/07/13/2236-06/2236-06_english.pdf
2236-07,https://documents.gov.lk/view/extra-gazettes/2021/7/2236-07_E.pdf,doc-archive/2021/07/13/2236-07/2236-07_english.pdf
2236-08,https://documents.gov.lk/view/extra-gazettes/2021/7/2236-08_E.pdf,doc-archive/2021/07/13/2236-08/2236-08_english.pdf
2236-09,https://documents.gov.lk/view/extra-gazettes/2021/7/2236-09_E.pdf,doc-archive/2021/07/13/2236-09/2236-09_english.pdf
2236-11,https://documents.gov.lk/view/extra-gazettes/2021/7/2236-11_E.pdf,doc-archive/2021/07/13/2236-11/2236-11_english.pdf
2236-10,https://documents.gov.lk/view/extra-gazettes/2021/7/2236-10_E.pdf,doc-archive/2021/07/13/2236-10/2236-10_english.pdf
2236-12,https://documents.gov.lk/view/extra-gazettes/2021/7/2236-12_E.pdf,doc-archive/2021/07/13/2236-12/2236-12_english.pdf
2236-13,https://documents.gov.lk/view/extra-gazettes/2021/7/2236-13_E.pdf,doc-archive/2021/07/13/2236-13/2236-13_english.pdf
2236-14,https://documents.gov.lk/view/extra-gazettes/2021/7/2236-14_E.pdf,doc-archive/2021/07/13/2236-14/2236-14_english.pdf
2236-15,https://documents.gov.lk/view/extra-gazettes/2021/7/2236-15_E.pdf,doc-archive/2021/07/13/2236-15/2236-15_english.pdf
2236-16,https://documents.gov.lk/view/extra-gazettes/2021/7/2236-16_E.pdf,doc-archive/2021/07/13/2236-16/2236-16_english.pdf
2236-17,https://documents.gov.lk/view/extra-gazettes/2021/7/2236-17_E.pdf,doc-archive/2021/07/13/2236-17/2236-17_english.pdf
2236-18,https://documents.gov.lk/view/extra-gazettes/2021/7/2236-18_E.pdf,doc-archive/2021/07/13/2236-18/2236-18_english.pdf
2236-19,https://documents.gov.lk/view/extra-gazettes/2021/7/2236-19_E.pdf,doc-archive/2021/07/13/2236-19/2236-19_english.pdf
2236-20,https://documents.gov.lk/view/extra-gazettes/2021/7/2236-20_E.pdf,doc-archive/2021/07/13/2236-20/2236-20_english.pdf
2236-22,https://documents.gov.lk/view/extra-gazettes/2021/7/2236-22_E.pdf,doc-archive/2021/07/13/2236-22/2236-22_english.pdf
2236-21,https://documents.gov.lk/view/extra-gazettes/2021/7/2236-21_E.pdf,doc-archive/2021/07/13/2236-21/2236-21_english.pdf
2236-23,https://documents.gov.lk/view/extra-gazettes/2021/7/2236-23_E.pdf,doc-archive/2021/07/13/2236-23/2236-23_english.pdf
2236-24,https://documents.gov.lk/view/extra-gazettes/2021/7/2236-24_E.pdf,doc-archive/2021/07/13/2236-24/2236-24_english.pdf
2236-25,https://documents.gov.lk/view/extra-gazettes/2021/7/2236-25_E.pdf,doc-archive/2021/07/13/2236-25/2236-25_english.pdf
2236-26,https://documents.gov.lk/view/extra-gazettes/2021/7/2236-26_E.pdf,doc-archive/2021/07/13/2236-26/2236-26_english.pdf
2236-27,https://documents.gov.lk/view/extra-gazettes/2021/7/2236-27_E.pdf,doc-archive/2021/07/13/2236-27/2236-27_english.pdf
2236-01,https://documents.gov.lk/view/extra-gazettes/2021/7/2236-01_E.pdf,doc-archive/2021/07/12/2236-01/2236-01_english.pdf
2236-02,https://documents.gov.lk/view/extra-gazettes/2021/7/2236-02_E.pdf,doc-archive/2021/07/12/2236-02/2236-02_english.pdf
2236-03,https://documents.gov.lk/view/extra-gazettes/2021/7/2236-03_E.pdf,doc-archive/2021/07/12/2236-03/2236-03_english.pdf
2236-04,https://documents.gov.lk/view/extra-gazettes/2021/7/2236-04_E.pdf,doc-archive/2021/07/12/2236-04/2236-04_english.pdf
2236-05,https://documents.gov.lk/view/extra-gazettes/2021/7/2236-05_E.pdf,doc-archive/2021/07/12/2236-05/2236-05_english.pdf
2235-61,https://documents.gov.lk/view/extra-gazettes/2021/7/2235-61_E.pdf,doc-archive/2021/07/09/2235-61/2235-61_english.pdf
2235-62,https://documents.gov.lk/view/extra-gazettes/2021/7/2235-62_E.pdf,doc-archive/2021/07/09/2235-62/2235-62_english.pdf
2235-63,https://documents.gov.lk/view/extra-gazettes/2021/7/2235-63_E.pdf,doc-archive/2021/07/09/2235-63/2235-63_english.pdf
2235-65,https://documents.gov.lk/view/extra-gazettes/2021/7/2235-65_E.pdf,doc-archive/2021/07/09/2235-65/2235-65_english.pdf
2235-64,https://documents.gov.lk/view/extra-gazettes/2021/7/2235-64_E.pdf,doc-archive/2021/07/09/2235-64/2235-64_english.pdf
2235-66,https://documents.gov.lk/view/extra-gazettes/2021/7/2235-66_E.pdf,doc-archive/2021/07/09/2235-66/2235-66_english.pdf
2235-67,https://documents.gov.lk/view/extra-gazettes/2021/7/2235-67_E.pdf,doc-archive/2021/07/09/2235-67/2235-67_english.pdf
2235-68,https://documents.gov.lk/view/extra-gazettes/2021/7/2235-68_E.pdf,doc-archive/2021/07/09/2235-68/2235-68_english.pdf
2235-70,https://documents.gov.lk/view/extra-gazettes/2021/7/2235-70_E.pdf,doc-archive/2021/07/09/2235-70/2235-70_english.pdf
2235-69,https://documents.gov.lk/view/extra-gazettes/2021/7/2235-69_E.pdf,doc-archive/2021/07/09/2235-69/2235-69_english.pdf
2235-46,https://documents.gov.lk/view/extra-gazettes/2021/7/2235-46_E.pdf,doc-archive/2021/07/08/2235-46/2235-46_english.pdf
2235-47,https://documents.gov.lk/view/extra-gazettes/2021/7/2235-47_E.pdf,doc-archive/2021/07/08/2235-47/2235-47_english.pdf
2235-48,https://documents.gov.lk/view/extra-gazettes/2021/7/2235-48_E.pdf,doc-archive/2021/07/08/2235-48/2235-48_english.pdf
2235-49,https://documents.gov.lk/view/extra-gazettes/2021/7/2235-49_E.pdf,doc-archive/2021/07/08/2235-49/2235-49_english.pdf
2235-51,https://documents.gov.lk/view/extra-gazettes/2021/7/2235-51_E.pdf,doc-archive/2021/07/08/2235-51/2235-51_english.pdf
2235-52,https://documents.gov.lk/view/extra-gazettes/2021/7/2235-52_E.pdf,doc-archive/2021/07/08/2235-52/2235-52_english.pdf
2235-53,https://documents.gov.lk/view/extra-gazettes/2021/7/2235-53_E.pdf,doc-archive/2021/07/08/2235-53/2235-53_english.pdf
2235-55,https://documents.gov.lk/view/extra-gazettes/2021/7/2235-55_E.pdf,doc-archive/2021/07/08/2235-55/2235-55_english.pdf
2235-56,https://documents.gov.lk/view/extra-gazettes/2021/7/2235-56_E.pdf,doc-archive/2021/07/08/2235-56/2235-56_english.pdf
2235-57,https://documents.gov.lk/view/extra-gazettes/2021/7/2235-57_E.pdf,doc-archive/2021/07/08/2235-57/2235-57_english.pdf
2235-58,https://documents.gov.lk/view/extra-gazettes/2021/7/2235-58_E.pdf,doc-archive/2021/07/08/2235-58/2235-58_english.pdf
2235-59,https://documents.gov.lk/view/extra-gazettes/2021/7/2235-59_E.pdf,doc-archive/2021/07/08/2235-59/2235-59_english.pdf
2235-60,https://documents.gov.lk/view/extra-gazettes/2021/7/2235-60_E.pdf,doc-archive/2021/07/08/2235-60/2235-60_english.pdf
2235-34,https://documents.gov.lk/view/extra-gazettes/2021/7/2235-34_E.pdf,doc-archive/2021/07/07/2235-34/2235-34_english.pdf
2235-35,https://documents.gov.lk/view/extra-gazettes/2021/7/2235-35_E.pdf,doc-archive/2021/07/07/2235-35/2235-35_english.pdf
2235-36,https://documents.gov.lk/view/extra-gazettes/2021/7/2235-36_E.pdf,doc-archive/2021/07/07/2235-36/2235-36_english.pdf
2235-37,https://documents.gov.lk/view/extra-gazettes/2021/7/2235-37_E.pdf,doc-archive/2021/07/07/2235-37/2235-37_english.pdf
2235-38,https://documents.gov.lk/view/extra-gazettes/2021/7/2235-38_E.pdf,doc-archive/2021/07/07/2235-38/2235-38_english.pdf
2235-39,https://documents.gov.lk/view/extra-gazettes/2021/7/2235-39_E.pdf,doc-archive/2021/07/07/2235-39/2235-39_english.pdf
2235-40,https://documents.gov.lk/view/extra-gazettes/2021/7/2235-40_E.pdf,doc-archive/2021/07/07/2235-40/2235-40_english.pdf
2235-41,https://documents.gov.lk/view/extra-gazettes/2021/7/2235-41_E.pdf,doc-archive/2021/07/07/2235-41/2235-41_english.pdf
2235-42,https://documents.gov.lk/view/extra-gazettes/2021/7/2235-42_E.pdf,doc-archive/2021/07/07/2235-42/2235-42_english.pdf
2235-54,https://documents.gov.lk/view/extra-gazettes/2021/7/2235-54_E.pdf,doc-archive/2021/07/08/2235-54/2235-54_english.pdf
2235-43,https://documents.gov.lk/view/extra-gazettes/2021/7/2235-43_E.pdf,doc-archive/2021/07/07/2235-43/2235-43_english.pdf
2235-44,https://documents.gov.lk/view/extra-gazettes/2021/7/2235-44_E.pdf,doc-archive/2021/07/07/2235-44/2235-44_english.pdf
2235-45,https://documents.gov.lk/view/extra-gazettes/2021/7/2235-45_E.pdf,doc-archive/2021/07/07/2235-45/2235-45_english.pdf
2235-15,https://documents.gov.lk/view/extra-gazettes/2021/7/2235-15_E.pdf,doc-archive/2021/07/06/2235-15/2235-15_english.pdf
2235-16,https://documents.gov.lk/view/extra-gazettes/2021/7/2235-16_E.pdf,doc-archive/2021/07/06/2235-16/2235-16_english.pdf
2235-17,https://documents.gov.lk/view/extra-gazettes/2021/7/2235-17_E.pdf,doc-archive/2021/07/06/2235-17/2235-17_english.pdf
2235-18,https://documents.gov.lk/view/extra-gazettes/2021/7/2235-18_E.pdf,doc-archive/2021/07/06/2235-18/2235-18_english.pdf
2235-20,https://documents.gov.lk/view/extra-gazettes/2021/7/2235-20_E.pdf,doc-archive/2021/07/06/2235-20/2235-20_english.pdf
2235-19,https://documents.gov.lk/view/extra-gazettes/2021/7/2235-19_E.pdf,doc-archive/2021/07/06/2235-19/2235-19_english.pdf
2235-21,https://documents.gov.lk/view/extra-gazettes/2021/7/2235-21_E.pdf,doc-archive/2021/07/06/2235-21/2235-21_english.pdf
2235-22,https://documents.gov.lk/view/extra-gazettes/2021/7/2235-22_E.pdf,doc-archive/2021/07/06/2235-22/2235-22_english.pdf
2235-23,https://documents.gov.lk/view/extra-gazettes/2021/7/2235-23_E.pdf,doc-archive/2021/07/06/2235-23/2235-23_english.pdf
2235-24,https://documents.gov.lk/view/extra-gazettes/2021/7/2235-24_E.pdf,doc-archive/2021/07/06/2235-24/2235-24_english.pdf
2235-25,https://documents.gov.lk/view/extra-gazettes/2021/7/2235-25_E.pdf,doc-archive/2021/07/06/2235-25/2235-25_english.pdf
2235-26,https://documents.gov.lk/view/extra-gazettes/2021/7/2235-26_E.pdf,doc-archive/2021/07/06/2235-26/2235-26_english.pdf
2235-27,https://documents.gov.lk/view/extra-gazettes/2021/7/2235-27_E.pdf,doc-archive/2021/07/06/2235-27/2235-27_english.pdf
2235-29,https://documents.gov.lk/view/extra-gazettes/2021/7/2235-29_E.pdf,doc-archive/2021/07/06/2235-29/2235-29_english.pdf
2235-28,https://documents.gov.lk/view/extra-gazettes/2021/7/2235-28_E.pdf,doc-archive/2021/07/06/2235-28/2235-28_english.pdf
2235-30,https://documents.gov.lk/view/extra-gazettes/2021/7/2235-30_E.pdf,doc-archive/2021/07/06/2235-30/2235-30_english.pdf
2235-32,https://documents.gov.lk/view/extra-gazettes/2021/7/2235-32_E.pdf,doc-archive/2021/07/06/2235-32/2235-32_english.pdf
2235-33,https://documents.gov.lk/view/extra-gazettes/2021/7/2235-33_E.pdf,doc-archive/2021/07/06/2235-33/2235-33_english.pdf
2235-01,https://documents.gov.lk/view/extra-gazettes/2021/7/2235-01_E.pdf,doc-archive/2021/07/05/2235-01/2235-01_english.pdf
2235-03,https://documents.gov.lk/view/extra-gazettes/2021/7/2235-03_E.pdf,doc-archive/2021/07/05/2235-03/2235-03_english.pdf
2235-02,https://documents.gov.lk/view/extra-gazettes/2021/7/2235-02_E.pdf,doc-archive/2021/07/05/2235-02/2235-02_english.pdf
2235-04,https://documents.gov.lk/view/extra-gazettes/2021/7/2235-04_E.pdf,doc-archive/2021/07/05/2235-04/2235-04_english.pdf
2235-06,https://documents.gov.lk/view/extra-gazettes/2021/7/2235-06_E.pdf,doc-archive/2021/07/05/2235-06/2235-06_english.pdf
2235-07,https://documents.gov.lk/view/extra-gazettes/2021/7/2235-07_E.pdf,doc-archive/2021/07/05/2235-07/2235-07_english.pdf
2235-10,https://documents.gov.lk/view/extra-gazettes/2021/7/2235-10_E.pdf,doc-archive/2021/07/05/2235-10/2235-10_english.pdf
2235-11,https://documents.gov.lk/view/extra-gazettes/2021/7/2235-11_E.pdf,doc-archive/2021/07/05/2235-11/2235-11_english.pdf
2235-05,https://documents.gov.lk/view/extra-gazettes/2021/7/2235-05_E.pdf,doc-archive/2021/07/05/2235-05/2235-05_english.pdf
2235-12,https://documents.gov.lk/view/extra-gazettes/2021/7/2235-12_E.pdf,doc-archive/2021/07/05/2235-12/2235-12_english.pdf
2235-13,https://documents.gov.lk/view/extra-gazettes/2021/7/2235-13_E.pdf,doc-archive/2021/07/05/2235-13/2235-13_english.pdf
2234-38,https://documents.gov.lk/view/extra-gazettes/2021/7/2234-38_E.pdf,doc-archive/2021/07/03/2234-38/2234-38_english.pdf
2234-75,https://documents.gov.lk/view/extra-gazettes/2021/7/2234-75_E.pdf,doc-archive/2021/07/03/2234-75/2234-75_english.pdf
2234-76,https://documents.gov.lk/view/extra-gazettes/2021/7/2234-76_E.pdf,doc-archive/2021/07/03/2234-76/2234-76_english.pdf
2234-77,https://documents.gov.lk/view/extra-gazettes/2021/7/2234-77_E.pdf,doc-archive/2021/07/03/2234-77/2234-77_english.pdf
2234-49,https://documents.gov.lk/view/extra-gazettes/2021/7/2234-49_E.pdf,doc-archive/2021/07/02/2234-49/2234-49_english.pdf
2234-74,https://documents.gov.lk/view/extra-gazettes/2021/7/2234-74_E.pdf,doc-archive/2021/07/03/2234-74/2234-74_english.pdf
2234-50,https://documents.gov.lk/view/extra-gazettes/2021/7/2234-50_E.pdf,doc-archive/2021/07/02/2234-50/2234-50_english.pdf
2234-52,https://documents.gov.lk/view/extra-gazettes/2021/7/2234-52_E.pdf,doc-archive/2021/07/02/2234-52/2234-52_english.pdf
2234-53,https://documents.gov.lk/view/extra-gazettes/2021/7/2234-53_E.pdf,doc-archive/2021/07/02/2234-53/2234-53_english.pdf
2234-51,https://documents.gov.lk/view/extra-gazettes/2021/7/2234-51_E.pdf,doc-archive/2021/07/02/2234-51/2234-51_english.pdf
2234-54,https://documents.gov.lk/view/extra-gazettes/2021/7/2234-54_E.pdf,doc-archive/2021/07/02/2234-54/2234-54_english.pdf
2234-55,https://documents.gov.lk/view/extra-gazettes/2021/7/2234-55_E.pdf,doc-archive/2021/07/02/2234-55/2234-55_english.pdf
2234-57,https://documents.gov.lk/view/extra-gazettes/2021/7/2234-57_E.pdf,doc-archive/2021/07/02/2234-57/2234-57_english.pdf
2234-58,https://documents.gov.lk/view/extra-gazettes/2021/7/2234-58_E.pdf,doc-archive/2021/07/02/2234-58/2234-58_english.pdf
2234-56,https://documents.gov.lk/view/extra-gazettes/2021/7/2234-56_E.pdf,doc-archive/2021/07/02/2234-56/2234-56_english.pdf
2234-59,https://documents.gov.lk/view/extra-gazettes/2021/7/2234-59_E.pdf,doc-archive/2021/07/02/2234-59/2234-59_english.pdf
2234-61,https://documents.gov.lk/view/extra-gazettes/2021/7/2234-61_E.pdf,doc-archive/2021/07/02/2234-61/2234-61_english.pdf
2234-60,https://documents.gov.lk/view/extra-gazettes/2021/7/2234-60_E.pdf,doc-archive/2021/07/02/2234-60/2234-60_english.pdf
2234-62,https://documents.gov.lk/view/extra-gazettes/2021/7/2234-62_E.pdf,doc-archive/2021/07/02/2234-62/2234-62_english.pdf
2234-63,https://documents.gov.lk/view/extra-gazettes/2021/7/2234-63_E.pdf,doc-archive/2021/07/02/2234-63/2234-63_english.pdf
2234-64,https://documents.gov.lk/view/extra-gazettes/2021/7/2234-64_E.pdf,doc-archive/2021/07/02/2234-64/2234-64_english.pdf
2234-65,https://documents.gov.lk/view/extra-gazettes/2021/7/2234-65_E.pdf,doc-archive/2021/07/02/2234-65/2234-65_english.pdf
2234-66,https://documents.gov.lk/view/extra-gazettes/2021/7/2234-66_E.pdf,doc-archive/2021/07/02/2234-66/2234-66_english.pdf
2234-67,https://documents.gov.lk/view/extra-gazettes/2021/7/2234-67_E.pdf,doc-archive/2021/07/02/2234-67/2234-67_english.pdf
2234-68,https://documents.gov.lk/view/extra-gazettes/2021/7/2234-68_E.pdf,doc-archive/2021/07/02/2234-68/2234-68_english.pdf
2234-69,https://documents.gov.lk/view/extra-gazettes/2021/7/2234-69_E.pdf,doc-archive/2021/07/02/2234-69/2234-69_english.pdf
2234-70,https://documents.gov.lk/view/extra-gazettes/2021/7/2234-70_E.pdf,doc-archive/2021/07/02/2234-70/2234-70_english.pdf
2234-71,https://documents.gov.lk/view/extra-gazettes/2021/7/2234-71_E.pdf,doc-archive/2021/07/02/2234-71/2234-71_english.pdf
2234-72,https://documents.gov.lk/view/extra-gazettes/2021/7/2234-72_E.pdf,doc-archive/2021/07/02/2234-72/2234-72_english.pdf
2234-73,https://documents.gov.lk/view/extra-gazettes/2021/7/2234-73_E.pdf,doc-archive/2021/07/02/2234-73/2234-73_english.pdf
2234-33,https://documents.gov.lk/view/extra-gazettes/2021/7/2234-33_E.pdf,doc-archive/2021/07/01/2234-33/2234-33_english.pdf
2234-34,https://documents.gov.lk/view/extra-gazettes/2021/7/2234-34_E.pdf,doc-archive/2021/07/01/2234-34/2234-34_english.pdf
2234-35,https://documents.gov.lk/view/extra-gazettes/2021/7/2234-35_E.pdf,doc-archive/2021/07/01/2234-35/2234-35_english.pdf
2234-36,https://documents.gov.lk/view/extra-gazettes/2021/7/2234-36_E.pdf,doc-archive/2021/07/01/2234-36/2234-36_english.pdf
2234-37,https://documents.gov.lk/view/extra-gazettes/2021/7/2234-37_E.pdf,doc-archive/2021/07/01/2234-37/2234-37_english.pdf
2234-39,https://documents.gov.lk/view/extra-gazettes/2021/7/2234-39_E.pdf,doc-archive/2021/07/01/2234-39/2234-39_english.pdf
2234-40,https://documents.gov.lk/view/extra-gazettes/2021/7/2234-40_E.pdf,doc-archive/2021/07/01/2234-40/2234-40_english.pdf
2234-41,https://documents.gov.lk/view/extra-gazettes/2021/7/2234-41_E.pdf,doc-archive/2021/07/01/2234-41/2234-41_english.pdf
2234-42,https://documents.gov.lk/view/extra-gazettes/2021/7/2234-42_E.pdf,doc-archive/2021/07/01/2234-42/2234-42_english.pdf
2234-43,https://documents.gov.lk/view/extra-gazettes/2021/7/2234-43_E.pdf,doc-archive/2021/07/01/2234-43/2234-43_english.pdf
2234-44,https://documents.gov.lk/view/extra-gazettes/2021/7/2234-44_E.pdf,doc-archive/2021/07/01/2234-44/2234-44_english.pdf
2234-45,https://documents.gov.lk/view/extra-gazettes/2021/7/2234-45_E.pdf,doc-archive/2021/07/01/2234-45/2234-45_english.pdf
2234-46,https://documents.gov.lk/view/extra-gazettes/2021/7/2234-46_E.pdf,doc-archive/2021/07/01/2234-46/2234-46_english.pdf
2234-47,https://documents.gov.lk/view/extra-gazettes/2021/7/2234-47_E.pdf,doc-archive/2021/07/01/2234-47/2234-47_english.pdf
2234-48,https://documents.gov.lk/view/extra-gazettes/2021/7/2234-48_E.pdf,doc-archive/2021/07/01/2234-48/2234-48_english.pdf
2243-09,https://documents.gov.lk/view/extra-gazettes/2021/8/2243-09_E.pdf,doc-archive/2021/08/31/2243-09/2243-09_english.pdf
2243-10,https://documents.gov.lk/view/extra-gazettes/2021/8/2243-10_E.pdf,doc-archive/2021/08/31/2243-10/2243-10_english.pdf
2243-01,https://documents.gov.lk/view/extra-gazettes/2021/8/2243-01_E.pdf,doc-archive/2021/08/30/2243-01/2243-01_english.pdf
2243-02,https://documents.gov.lk/view/extra-gazettes/2021/8/2243-02_E.pdf,doc-archive/2021/08/30/2243-02/2243-02_english.pdf
2243-03,https://documents.gov.lk/view/extra-gazettes/2021/8/2243-03_E.pdf,doc-archive/2021/08/30/2243-03/2243-03_english.pdf
2243-04,https://documents.gov.lk/view/extra-gazettes/2021/8/2243-04_E.pdf,doc-archive/2021/08/30/2243-04/2243-04_english.pdf
2243-05,https://documents.gov.lk/view/extra-gazettes/2021/8/2243-05_E.pdf,doc-archive/2021/08/30/2243-05/2243-05_english.pdf
2243-06,https://documents.gov.lk/view/extra-gazettes/2021/8/2243-06_E.pdf,doc-archive/2021/08/30/2243-06/2243-06_english.pdf
2243-07,https://documents.gov.lk/view/extra-gazettes/2021/8/2243-07_E.pdf,doc-archive/2021/08/30/2243-07/2243-07_english.pdf
2243-08,https://documents.gov.lk/view/extra-gazettes/2021/8/2243-08_E.pdf,doc-archive/2021/08/30/2243-08/2243-08_english.pdf
2242-04,https://documents.gov.lk/view/extra-gazettes/2021/8/2242-04_E.pdf,doc-archive/2021/08/26/2242-04/2242-04_english.pdf
2242-02,https://documents.gov.lk/view/extra-gazettes/2021/8/2242-02_E.pdf,doc-archive/2021/08/24/2242-02/2242-02_english.pdf
2242-03,https://documents.gov.lk/view/extra-gazettes/2021/8/2242-03_E.pdf,doc-archive/2021/08/24/2242-03/2242-03_english.pdf
2242-01,https://documents.gov.lk/view/extra-gazettes/2021/8/2242-01_E.pdf,doc-archive/2021/08/23/2242-01/2242-01_english.pdf
2241-44,https://documents.gov.lk/view/extra-gazettes/2021/8/2241-44_E.pdf,doc-archive/2021/08/20/2241-44/2241-44_english.pdf
2241-45,https://documents.gov.lk/view/extra-gazettes/2021/8/2241-45_E.pdf,doc-archive/2021/08/20/2241-45/2241-45_english.pdf
2241-46,https://documents.gov.lk/view/extra-gazettes/2021/8/2241-46_E.pdf,doc-archive/2021/08/20/2241-46/2241-46_english.pdf
2241-47,https://documents.gov.lk/view/extra-gazettes/2021/8/2241-47_E.pdf,doc-archive/2021/08/20/2241-47/2241-47_english.pdf
2241-48,https://documents.gov.lk/view/extra-gazettes/2021/8/2241-48_E.pdf,doc-archive/2021/08/20/2241-48/2241-48_english.pdf
2241-49,https://documents.gov.lk/view/extra-gazettes/2021/8/2241-49_E.pdf,doc-archive/2021/08/20/2241-49/2241-49_english.pdf
2241-50,https://documents.gov.lk/view/extra-gazettes/2021/8/2241-50_E.pdf,doc-archive/2021/08/20/2241-50/2241-50_english.pdf
2241-51,https://documents.gov.lk/view/extra-gazettes/2021/8/2241-51_E.pdf,doc-archive/2021/08/20/2241-51/2241-51_english.pdf
2241-38,https://documents.gov.lk/view/extra-gazettes/2021/8/2241-38_E.pdf,doc-archive/2021/08/19/2241-38/2241-38_english.pdf
2241-39,https://documents.gov.lk/view/extra-gazettes/2021/8/2241-39_E.pdf,doc-archive/2021/08/19/2241-39/2241-39_english.pdf
2241-40,https://documents.gov.lk/view/extra-gazettes/2021/8/2241-40_E.pdf,doc-archive/2021/08/19/2241-40/2241-40_english.pdf
2241-42,https://documents.gov.lk/view/extra-gazettes/2021/8/2241-42_E.pdf,doc-archive/2021/08/19/2241-42/2241-42_english.pdf
2241-43,https://documents.gov.lk/view/extra-gazettes/2021/8/2241-43_E.pdf,doc-archive/2021/08/19/2241-43/2241-43_english.pdf
2241-41,https://documents.gov.lk/view/extra-gazettes/2021/8/2241-41_E.pdf,doc-archive/2021/08/19/2241-41/2241-41_english.pdf
2241-26,https://documents.gov.lk/view/extra-gazettes/2021/8/2241-26_E.pdf,doc-archive/2021/08/18/2241-26/2241-26_english.pdf
2241-28,https://documents.gov.lk/view/extra-gazettes/2021/8/2241-28_E.pdf,doc-archive/2021/08/18/2241-28/2241-28_english.pdf
2241-29,https://documents.gov.lk/view/extra-gazettes/2021/8/2241-29_E.pdf,doc-archive/2021/08/18/2241-29/2241-29_english.pdf
2241-27,https://documents.gov.lk/view/extra-gazettes/2021/8/2241-27_E.pdf,doc-archive/2021/08/18/2241-27/2241-27_english.pdf
2241-30,https://documents.gov.lk/view/extra-gazettes/2021/8/2241-30_E.pdf,doc-archive/2021/08/18/2241-30/2241-30_english.pdf
2241-31,https://documents.gov.lk/view/extra-gazettes/2021/8/2241-31_E.pdf,doc-archive/2021/08/18/2241-31/2241-31_english.pdf
2241-32,https://documents.gov.lk/view/extra-gazettes/2021/8/2241-32_E.pdf,doc-archive/2021/08/18/2241-32/2241-32_english.pdf
2241-33,https://documents.gov.lk/view/extra-gazettes/2021/8/2241-33_E.pdf,doc-archive/2021/08/18/2241-33/2241-33_english.pdf
2241-34,https://documents.gov.lk/view/extra-gazettes/2021/8/2241-34_E.pdf,doc-archive/2021/08/18/2241-34/2241-34_english.pdf
2241-36,https://documents.gov.lk/view/extra-gazettes/2021/8/2241-36_E.pdf,doc-archive/2021/08/18/2241-36/2241-36_english.pdf
2241-35,https://documents.gov.lk/view/extra-gazettes/2021/8/2241-35_E.pdf,doc-archive/2021/08/18/2241-35/2241-35_english.pdf
2241-37,https://documents.gov.lk/view/extra-gazettes/2021/8/2241-37_E.pdf,doc-archive/2021/08/18/2241-37/2241-37_english.pdf
2241-08,https://documents.gov.lk/view/extra-gazettes/2021/8/2241-08_E.pdf,doc-archive/2021/08/17/2241-08/2241-08_english.pdf
2241-09,https://documents.gov.lk/view/extra-gazettes/2021/8/2241-09_E.pdf,doc-archive/2021/08/17/2241-09/2241-09_english.pdf
2241-10,https://documents.gov.lk/view/extra-gazettes/2021/8/2241-10_E.pdf,doc-archive/2021/08/17/2241-10/2241-10_english.pdf
2241-11,https://documents.gov.lk/view/extra-gazettes/2021/8/2241-11_E.pdf,doc-archive/2021/08/17/2241-11/2241-11_english.pdf
2241-12,https://documents.gov.lk/view/extra-gazettes/2021/8/2241-12_E.pdf,doc-archive/2021/08/17/2241-12/2241-12_english.pdf
2241-13,https://documents.gov.lk/view/extra-gazettes/2021/8/2241-13_E.pdf,doc-archive/2021/08/17/2241-13/2241-13_english.pdf
2241-14,https://documents.gov.lk/view/extra-gazettes/2021/8/2241-14_E.pdf,doc-archive/2021/08/17/2241-14/2241-14_english.pdf
2241-16,https://documents.gov.lk/view/extra-gazettes/2021/8/2241-16_E.pdf,doc-archive/2021/08/17/2241-16/2241-16_english.pdf
2241-15,https://documents.gov.lk/view/extra-gazettes/2021/8/2241-15_E.pdf,doc-archive/2021/08/17/2241-15/2241-15_english.pdf
2241-17,https://documents.gov.lk/view/extra-gazettes/2021/8/2241-17_E.pdf,doc-archive/2021/08/17/2241-17/2241-17_english.pdf
2241-19,https://documents.gov.lk/view/extra-gazettes/2021/8/2241-19_E.pdf,doc-archive/2021/08/17/2241-19/2241-19_english.pdf
2241-20,https://documents.gov.lk/view/extra-gazettes/2021/8/2241-20_E.pdf,doc-archive/2021/08/17/2241-20/2241-20_english.pdf
2241-18,https://documents.gov.lk/view/extra-gazettes/2021/8/2241-18_E.pdf,doc-archive/2021/08/17/2241-18/2241-18_english.pdf
2241-21,https://documents.gov.lk/view/extra-gazettes/2021/8/2241-21_E.pdf,doc-archive/2021/08/17/2241-21/2241-21_english.pdf
2241-23,https://documents.gov.lk/view/extra-gazettes/2021/8/2241-23_E.pdf,doc-archive/2021/08/17/2241-23/2241-23_english.pdf
2241-24,https://documents.gov.lk/view/extra-gazettes/2021/8/2241-24_E.pdf,doc-archive/2021/08/17/2241-24/2241-24_english.pdf
2241-25,https://documents.gov.lk/view/extra-gazettes/2021/8/2241-25_E.pdf,doc-archive/2021/08/17/2241-25/2241-25_english.pdf
2241-01,https://documents.gov.lk/view/extra-gazettes/2021/8/2241-01_E.pdf,doc-archive/2021/08/16/2241-01/2241-01_english.pdf
2241-22,https://documents.gov.lk/view/extra-gazettes/2021/8/2241-22_E.pdf,doc-archive/2021/08/17/2241-22/2241-22_english.pdf
2241-02,https://documents.gov.lk/view/extra-gazettes/2021/8/2241-02_E.pdf,doc-archive/2021/08/16/2241-02/2241-02_english.pdf
2241-04,https://documents.gov.lk/view/extra-gazettes/2021/8/2241-04_E.pdf,doc-archive/2021/08/16/2241-04/2241-04_english.pdf
2241-05,https://documents.gov.lk/view/extra-gazettes/2021/8/2241-05_E.pdf,doc-archive/2021/08/16/2241-05/2241-05_english.pdf
2241-06,https://documents.gov.lk/view/extra-gazettes/2021/8/2241-06_E.pdf,doc-archive/2021/08/16/2241-06/2241-06_english.pdf
2241-03,https://documents.gov.lk/view/extra-gazettes/2021/8/2241-03_E.pdf,doc-archive/2021/08/15/2241-03/2241-03_english.pdf
2241-07,https://documents.gov.lk/view/extra-gazettes/2021/8/2241-07_E.pdf,doc-archive/2021/08/16/2241-07/2241-07_english.pdf
2240-37,https://documents.gov.lk/view/extra-gazettes/2021/8/2240-37_E.pdf,doc-archive/2021/08/14/2240-37/2240-37_english.pdf
2240-38,https://documents.gov.lk/view/extra-gazettes/2021/8/2240-38_E.pdf,doc-archive/2021/08/14/2240-38/2240-38_english.pdf
2240-20,https://documents.gov.lk/view/extra-gazettes/2021/8/2240-20_E.pdf,doc-archive/2021/08/13/2240-20/2240-20_english.pdf
2240-25,https://documents.gov.lk/view/extra-gazettes/2021/8/2240-25_E.pdf,doc-archive/2021/08/13/2240-25/2240-25_english.pdf
2240-36,https://documents.gov.lk/view/extra-gazettes/2021/8/2240-36_E.pdf,doc-archive/2021/08/13/2240-36/2240-36_english.pdf
2240-26,https://documents.gov.lk/view/extra-gazettes/2021/8/2240-26_E.pdf,doc-archive/2021/08/12/2240-26/2240-26_english.pdf
2240-27,https://documents.gov.lk/view/extra-gazettes/2021/8/2240-27_E.pdf,doc-archive/2021/08/12/2240-27/2240-27_english.pdf
2240-28,https://documents.gov.lk/view/extra-gazettes/2021/8/2240-28_E.pdf,doc-archive/2021/08/12/2240-28/2240-28_english.pdf
2240-29,https://documents.gov.lk/view/extra-gazettes/2021/8/2240-29_E.pdf,doc-archive/2021/08/12/2240-29/2240-29_english.pdf
2240-30,https://documents.gov.lk/view/extra-gazettes/2021/8/2240-30_E.pdf,doc-archive/2021/08/12/2240-30/2240-30_english.pdf
2240-32,https://documents.gov.lk/view/extra-gazettes/2021/8/2240-32_E.pdf,doc-archive/2021/08/12/2240-32/2240-32_english.pdf
2240-31,https://documents.gov.lk/view/extra-gazettes/2021/8/2240-31_E.pdf,doc-archive/2021/08/12/2240-31/2240-31_english.pdf
2240-33,https://documents.gov.lk/view/extra-gazettes/2021/8/2240-33_E.pdf,doc-archive/2021/08/12/2240-33/2240-33_english.pdf
2240-34,https://documents.gov.lk/view/extra-gazettes/2021/8/2240-34_E.pdf,doc-archive/2021/08/12/2240-34/2240-34_english.pdf
2240-21,https://documents.gov.lk/view/extra-gazettes/2021/8/2240-21_E.pdf,doc-archive/2021/08/11/2240-21/2240-21_english.pdf
2240-22,https://documents.gov.lk/view/extra-gazettes/2021/8/2240-22_E.pdf,doc-archive/2021/08/11/2240-22/2240-22_english.pdf
2240-23,https://documents.gov.lk/view/extra-gazettes/2021/8/2240-23_E.pdf,doc-archive/2021/08/11/2240-23/2240-23_english.pdf
2240-35,https://documents.gov.lk/view/extra-gazettes/2021/8/2240-35_E.pdf,doc-archive/2021/08/12/2240-35/2240-35_english.pdf
2240-24,https://documents.gov.lk/view/extra-gazettes/2021/8/2240-24_E.pdf,doc-archive/2021/08/11/2240-24/2240-24_english.pdf
2240-14,https://documents.gov.lk/view/extra-gazettes/2021/8/2240-14_E.pdf,doc-archive/2021/08/10/2240-14/2240-14_english.pdf
2240-15,https://documents.gov.lk/view/extra-gazettes/2021/8/2240-15_E.pdf,doc-archive/2021/08/10/2240-15/2240-15_english.pdf
2240-16,https://documents.gov.lk/view/extra-gazettes/2021/8/2240-16_E.pdf,doc-archive/2021/08/10/2240-16/2240-16_english.pdf
2240-13,https://documents.gov.lk/view/extra-gazettes/2021/8/2240-13_E.pdf,doc-archive/2021/08/10/2240-13/2240-13_english.pdf
2240-19,https://documents.gov.lk/view/extra-gazettes/2021/8/2240-19_E.pdf,doc-archive/2021/08/10/2240-19/2240-19_english.pdf
2240-18,https://documents.gov.lk/view/extra-gazettes/2021/8/2240-18_E.pdf,doc-archive/2021/08/10/2240-18/2240-18_english.pdf
2240-01,https://documents.gov.lk/view/extra-gazettes/2021/8/2240-01_E.pdf,doc-archive/2021/08/09/2240-01/2240-01_english.pdf
2240-02,https://documents.gov.lk/view/extra-gazettes/2021/8/2240-02_E.pdf,doc-archive/2021/08/09/2240-02/2240-02_english.pdf
2240-03,https://documents.gov.lk/view/extra-gazettes/2021/8/2240-03_E.pdf,doc-archive/2021/08/09/2240-03/2240-03_english.pdf
2240-04,https://documents.gov.lk/view/extra-gazettes/2021/8/2240-04_E.pdf,doc-archive/2021/08/09/2240-04/2240-04_english.pdf
2240-05,https://documents.gov.lk/view/extra-gazettes/2021/8/2240-05_E.pdf,doc-archive/2021/08/09/2240-05/2240-05_english.pdf
2240-06,https://documents.gov.lk/view/extra-gazettes/2021/8/2240-06_E.pdf,doc-archive/2021/08/09/2240-06/2240-06_english.pdf
2240-07,https://documents.gov.lk/view/extra-gazettes/2021/8/2240-07_E.pdf,doc-archive/2021/08/09/2240-07/2240-07_english.pdf
2240-09,https://documents.gov.lk/view/extra-gazettes/2021/8/2240-09_E.pdf,doc-archive/2021/08/09/2240-09/2240-09_english.pdf
2240-08,https://documents.gov.lk/view/extra-gazettes/2021/8/2240-08_E.pdf,doc-archive/2021/08/09/2240-08/2240-08_english.pdf
2240-10,https://documents.gov.lk/view/extra-gazettes/2021/8/2240-10_E.pdf,doc-archive/2021/08/09/2240-10/2240-10_english.pdf
2240-11,https://documents.gov.lk/view/extra-gazettes/2021/8/2240-11_E.pdf,doc-archive/2021/08/09/2240-11/2240-11_english.pdf
2240-12,https://documents.gov.lk/view/extra-gazettes/2021/8/2240-12_E.pdf,doc-archive/2021/08/09/2240-12/2240-12_english.pdf
2239-58,https://documents.gov.lk/view/extra-gazettes/2021/8/2239-58_E.pdf,doc-archive/2021/08/07/2239-58/2239-58_english.pdf
2239-59,https://documents.gov.lk/view/extra-gazettes/2021/8/2239-59_E.pdf,doc-archive/2021/08/07/2239-59/2239-59_english.pdf
2239-61,https://documents.gov.lk/view/extra-gazettes/2021/8/2239-61_E.pdf,doc-archive/2021/08/07/2239-61/2239-61_english.pdf
2239-60,https://documents.gov.lk/view/extra-gazettes/2021/8/2239-60_E.pdf,doc-archive/2021/08/07/2239-60/2239-60_english.pdf
2239-63,https://documents.gov.lk/view/extra-gazettes/2021/8/2239-63_E.pdf,doc-archive/2021/08/07/2239-63/2239-63_english.pdf
2239-64,https://documents.gov.lk/view/extra-gazettes/2021/8/2239-64_E.pdf,doc-archive/2021/08/07/2239-64/2239-64_english.pdf
2239-65,https://documents.gov.lk/view/extra-gazettes/2021/8/2239-65_E.pdf,doc-archive/2021/08/07/2239-65/2239-65_english.pdf
2239-66,https://documents.gov.lk/view/extra-gazettes/2021/8/2239-66_E.pdf,doc-archive/2021/08/07/2239-66/2239-66_english.pdf
2239-67,https://documents.gov.lk/view/extra-gazettes/2021/8/2239-67_E.pdf,doc-archive/2021/08/07/2239-67/2239-67_english.pdf
2239-68,https://documents.gov.lk/view/extra-gazettes/2021/8/2239-68_E.pdf,doc-archive/2021/08/07/2239-68/2239-68_english.pdf
2239-69,https://documents.gov.lk/view/extra-gazettes/2021/8/2239-69_E.pdf,doc-archive/2021/08/07/2239-69/2239-69_english.pdf
2239-70,https://documents.gov.lk/view/extra-gazettes/2021/8/2239-70_E.pdf,doc-archive/2021/08/07/2239-70/2239-70_english.pdf
2239-45,https://documents.gov.lk/view/extra-gazettes/2021/8/2239-45_E.pdf,doc-archive/2021/08/06/2239-45/2239-45_english.pdf
2239-46,https://documents.gov.lk/view/extra-gazettes/2021/8/2239-46_E.pdf,doc-archive/2021/08/06/2239-46/2239-46_english.pdf
2239-47,https://documents.gov.lk/view/extra-gazettes/2021/8/2239-47_E.pdf,doc-archive/2021/08/06/2239-47/2239-47_english.pdf
2239-49,https://documents.gov.lk/view/extra-gazettes/2021/8/2239-49_E.pdf,doc-archive/2021/08/06/2239-49/2239-49_english.pdf
2239-50,https://documents.gov.lk/view/extra-gazettes/2021/8/2239-50_E.pdf,doc-archive/2021/08/06/2239-50/2239-50_english.pdf
2239-48,https://documents.gov.lk/view/extra-gazettes/2021/8/2239-48_E.pdf,doc-archive/2021/08/06/2239-48/2239-48_english.pdf
2239-51,https://documents.gov.lk/view/extra-gazettes/2021/8/2239-51_E.pdf,doc-archive/2021/08/06/2239-51/2239-51_english.pdf
2239-52,https://documents.gov.lk/view/extra-gazettes/2021/8/2239-52_E.pdf,doc-archive/2021/08/06/2239-52/2239-52_english.pdf
2239-53,https://documents.gov.lk/view/extra-gazettes/2021/8/2239-53_E.pdf,doc-archive/2021/08/06/2239-53/2239-53_english.pdf
2239-54,https://documents.gov.lk/view/extra-gazettes/2021/8/2239-54_E.pdf,doc-archive/2021/08/06/2239-54/2239-54_english.pdf
2239-55,https://documents.gov.lk/view/extra-gazettes/2021/8/2239-55_E.pdf,doc-archive/2021/08/06/2239-55/2239-55_english.pdf
2239-56,https://documents.gov.lk/view/extra-gazettes/2021/8/2239-56_E.pdf,doc-archive/2021/08/06/2239-56/2239-56_english.pdf
2239-35,https://documents.gov.lk/view/extra-gazettes/2021/8/2239-35_E.pdf,doc-archive/2021/08/05/2239-35/2239-35_english.pdf
2239-36,https://documents.gov.lk/view/extra-gazettes/2021/8/2239-36_E.pdf,doc-archive/2021/08/05/2239-36/2239-36_english.pdf
2239-37,https://documents.gov.lk/view/extra-gazettes/2021/8/2239-37_E.pdf,doc-archive/2021/08/05/2239-37/2239-37_english.pdf
2239-38,https://documents.gov.lk/view/extra-gazettes/2021/8/2239-38_E.pdf,doc-archive/2021/08/05/2239-38/2239-38_english.pdf
2239-39,https://documents.gov.lk/view/extra-gazettes/2021/8/2239-39_E.pdf,doc-archive/2021/08/05/2239-39/2239-39_english.pdf
2239-41,https://documents.gov.lk/view/extra-gazettes/2021/8/2239-41_E.pdf,doc-archive/2021/08/05/2239-41/2239-41_english.pdf
2239-40,https://documents.gov.lk/view/extra-gazettes/2021/8/2239-40_E.pdf,doc-archive/2021/08/05/2239-40/2239-40_english.pdf
2239-42,https://documents.gov.lk/view/extra-gazettes/2021/8/2239-42_E.pdf,doc-archive/2021/08/05/2239-42/2239-42_english.pdf
2239-43,https://documents.gov.lk/view/extra-gazettes/2021/8/2239-43_E.pdf,doc-archive/2021/08/05/2239-43/2239-43_english.pdf
2239-44,https://documents.gov.lk/view/extra-gazettes/2021/8/2239-44_E.pdf,doc-archive/2021/08/05/2239-44/2239-44_english.pdf
2239-27,https://documents.gov.lk/view/extra-gazettes/2021/8/2239-27_E.pdf,doc-archive/2021/08/04/2239-27/2239-27_english.pdf
2239-28,https://documents.gov.lk/view/extra-gazettes/2021/8/2239-28_E.pdf,doc-archive/2021/08/04/2239-28/2239-28_english.pdf
2239-30,https://documents.gov.lk/view/extra-gazettes/2021/8/2239-30_E.pdf,doc-archive/2021/08/04/2239-30/2239-30_english.pdf
2239-29,https://documents.gov.lk/view/extra-gazettes/2021/8/2239-29_E.pdf,doc-archive/2021/08/04/2239-29/2239-29_english.pdf
2239-31,https://documents.gov.lk/view/extra-gazettes/2021/8/2239-31_E.pdf,doc-archive/2021/08/04/2239-31/2239-31_english.pdf
2239-33,https://documents.gov.lk/view/extra-gazettes/2021/8/2239-33_E.pdf,doc-archive/2021/08/04/2239-33/2239-33_english.pdf
2239-32,https://documents.gov.lk/view/extra-gazettes/2021/8/2239-32_E.pdf,doc-archive/2021/08/04/2239-32/2239-32_english.pdf
2239-13,https://documents.gov.lk/view/extra-gazettes/2021/8/2239-13_E.pdf,doc-archive/2021/08/03/2239-13/2239-13_english.pdf
2239-15,https://documents.gov.lk/view/extra-gazettes/2021/8/2239-15_E.pdf,doc-archive/2021/08/03/2239-15/2239-15_english.pdf
2239-16,https://documents.gov.lk/view/extra-gazettes/2021/8/2239-16_E.pdf,doc-archive/2021/08/03/2239-16/2239-16_english.pdf
2239-14,https://documents.gov.lk/view/extra-gazettes/2021/8/2239-14_E.pdf,doc-archive/2021/08/03/2239-14/2239-14_english.pdf
2239-17,https://documents.gov.lk/view/extra-gazettes/2021/8/2239-17_E.pdf,doc-archive/2021/08/03/2239-17/2239-17_english.pdf
2239-19,https://documents.gov.lk/view/extra-gazettes/2021/8/2239-19_E.pdf,doc-archive/2021/08/03/2239-19/2239-19_english.pdf
2239-20,https://documents.gov.lk/view/extra-gazettes/2021/8/2239-20_E.pdf,doc-archive/2021/08/03/2239-20/2239-20_english.pdf
2239-21,https://documents.gov.lk/view/extra-gazettes/2021/8/2239-21_E.pdf,doc-archive/2021/08/03/2239-21/2239-21_english.pdf
2239-22,https://documents.gov.lk/view/extra-gazettes/2021/8/2239-22_E.pdf,doc-archive/2021/08/03/2239-22/2239-22_english.pdf
2239-18,https://documents.gov.lk/view/extra-gazettes/2021/8/2239-18_E.pdf,doc-archive/2021/08/03/2239-18/2239-18_english.pdf
2239-23,https://documents.gov.lk/view/extra-gazettes/2021/8/2239-23_E.pdf,doc-archive/2021/08/03/2239-23/2239-23_english.pdf
2239-25,https://documents.gov.lk/view/extra-gazettes/2021/8/2239-25_E.pdf,doc-archive/2021/08/03/2239-25/2239-25_english.pdf
2239-24,https://documents.gov.lk/view/extra-gazettes/2021/8/2239-24_E.pdf,doc-archive/2021/08/03/2239-24/2239-24_english.pdf
2239-26,https://documents.gov.lk/view/extra-gazettes/2021/8/2239-26_E.pdf,doc-archive/2021/08/03/2239-26/2239-26_english.pdf
2239-02,https://documents.gov.lk/view/extra-gazettes/2021/8/2239-02_E.pdf,doc-archive/2021/08/02/2239-02/2239-02_english.pdf
2239-03,https://documents.gov.lk/view/extra-gazettes/2021/8/2239-03_E.pdf,doc-archive/2021/08/02/2239-03/2239-03_english.pdf
2239-04,https://documents.gov.lk/view/extra-gazettes/2021/8/2239-04_E.pdf,doc-archive/2021/08/02/2239-04/2239-04_english.pdf
2239-01,https://documents.gov.lk/view/extra-gazettes/2021/8/2239-01_E.pdf,doc-archive/2021/08/02/2239-01/2239-01_english.pdf
2239-05,https://documents.gov.lk/view/extra-gazettes/2021/8/2239-05_E.pdf,doc-archive/2021/08/02/2239-05/2239-05_english.pdf
2239-06,https://documents.gov.lk/view/extra-gazettes/2021/8/2239-06_E.pdf,doc-archive/2021/08/02/2239-06/2239-06_english.pdf
2239-07,https://documents.gov.lk/view/extra-gazettes/2021/8/2239-07_E.pdf,doc-archive/2021/08/02/2239-07/2239-07_english.pdf
2239-08,https://documents.gov.lk/view/extra-gazettes/2021/8/2239-08_E.pdf,doc-archive/2021/08/02/2239-08/2239-08_english.pdf
2239-09,https://documents.gov.lk/view/extra-gazettes/2021/8/2239-09_E.pdf,doc-archive/2021/08/02/2239-09/2239-09_english.pdf
2239-10,https://documents.gov.lk/view/extra-gazettes/2021/8/2239-10_E.pdf,doc-archive/2021/08/02/2239-10/2239-10_english.pdf
2239-11,https://documents.gov.lk/view/extra-gazettes/2021/8/2239-11_E.pdf,doc-archive/2021/08/02/2239-11/2239-11_english.pdf
2239-62,https://documents.gov.lk/view/extra-gazettes/2021/8/2239-62_E.pdf,doc-archive/2021/08/02/2239-62/2239-62_english.pdf
2239-12,https://documents.gov.lk/view/extra-gazettes/2021/8/2239-12_E.pdf,doc-archive/2021/08/02/2239-12/2239-12_english.pdf
2247-18,https://documents.gov.lk/view/extra-gazettes/2021/9/2247-18_E.pdf,doc-archive/2021/09/30/2247-18/2247-18_english.pdf
2247-19,https://documents.gov.lk/view/extra-gazettes/2021/9/2247-19_E.pdf,doc-archive/2021/09/30/2247-19/2247-19_english.pdf
2247-21,https://documents.gov.lk/view/extra-gazettes/2021/9/2247-21_E.pdf,doc-archive/2021/09/30/2247-21/2247-21_english.pdf
2247-20,https://documents.gov.lk/view/extra-gazettes/2021/9/2247-20_E.pdf,doc-archive/2021/09/30/2247-20/2247-20_english.pdf
2247-22,https://documents.gov.lk/view/extra-gazettes/2021/9/2247-22_E.pdf,doc-archive/2021/09/30/2247-22/2247-22_english.pdf
2247-11,https://documents.gov.lk/view/extra-gazettes/2021/9/2247-11_E.pdf,doc-archive/2021/09/29/2247-11/2247-11_english.pdf
2247-12,https://documents.gov.lk/view/extra-gazettes/2021/9/2247-12_E.pdf,doc-archive/2021/09/29/2247-12/2247-12_english.pdf
2247-13,https://documents.gov.lk/view/extra-gazettes/2021/9/2247-13_E.pdf,doc-archive/2021/09/29/2247-13/2247-13_english.pdf
2247-14,https://documents.gov.lk/view/extra-gazettes/2021/9/2247-14_E.pdf,doc-archive/2021/09/29/2247-14/2247-14_english.pdf
2247-16,https://documents.gov.lk/view/extra-gazettes/2021/9/2247-16_E.pdf,doc-archive/2021/09/29/2247-16/2247-16_english.pdf
2247-17,https://documents.gov.lk/view/extra-gazettes/2021/9/2247-17_E.pdf,doc-archive/2021/09/29/2247-17/2247-17_english.pdf
2247-15,https://documents.gov.lk/view/extra-gazettes/2021/9/2247-15_E.pdf,doc-archive/2021/09/29/2247-15/2247-15_english.pdf
2247-08,https://documents.gov.lk/view/extra-gazettes/2021/9/2247-08_E.pdf,doc-archive/2021/09/28/2247-08/2247-08_english.pdf
2247-09,https://documents.gov.lk/view/extra-gazettes/2021/9/2247-09_E.pdf,doc-archive/2021/09/28/2247-09/2247-09_english.pdf
2247-10,https://documents.gov.lk/view/extra-gazettes/2021/9/2247-10_E.pdf,doc-archive/2021/09/28/2247-10/2247-10_english.pdf
2247-01,https://documents.gov.lk/view/extra-gazettes/2021/9/2247-01_E.pdf,doc-archive/2021/09/27/2247-01/2247-01_english.pdf
2247-02,https://documents.gov.lk/view/extra-gazettes/2021/9/2247-02_E.pdf,doc-archive/2021/09/27/2247-02/2247-02_english.pdf
2247-04,https://documents.gov.lk/view/extra-gazettes/2021/9/2247-04_E.pdf,doc-archive/2021/09/27/2247-04/2247-04_english.pdf
2247-03,https://documents.gov.lk/view/extra-gazettes/2021/9/2247-03_E.pdf,doc-archive/2021/09/27/2247-03/2247-03_english.pdf
2247-05,https://documents.gov.lk/view/extra-gazettes/2021/9/2247-05_E.pdf,doc-archive/2021/09/27/2247-05/2247-05_english.pdf
2247-07,https://documents.gov.lk/view/extra-gazettes/2021/9/2247-07_E.pdf,doc-archive/2021/09/27/2247-07/2247-07_english.pdf
2246-27,https://documents.gov.lk/view/extra-gazettes/2021/9/2246-27_E.pdf,doc-archive/2021/09/25/2246-27/2246-27_english.pdf
2246-28,https://documents.gov.lk/view/extra-gazettes/2021/9/2246-28_E.pdf,doc-archive/2021/09/25/2246-28/2246-28_english.pdf
2246-13,https://documents.gov.lk/view/extra-gazettes/2021/9/2246-13_E.pdf,doc-archive/2021/09/24/2246-13/2246-13_english.pdf
2246-15,https://documents.gov.lk/view/extra-gazettes/2021/9/2246-15_E.pdf,doc-archive/2021/09/24/2246-15/2246-15_english.pdf
2246-16,https://documents.gov.lk/view/extra-gazettes/2021/9/2246-16_E.pdf,doc-archive/2021/09/24/2246-16/2246-16_english.pdf
2246-17,https://documents.gov.lk/view/extra-gazettes/2021/9/2246-17_E.pdf,doc-archive/2021/09/24/2246-17/2246-17_english.pdf
2246-14,https://documents.gov.lk/view/extra-gazettes/2021/9/2246-14_E.pdf,doc-archive/2021/09/24/2246-14/2246-14_english.pdf
2246-18,https://documents.gov.lk/view/extra-gazettes/2021/9/2246-18_E.pdf,doc-archive/2021/09/24/2246-18/2246-18_english.pdf
2246-19,https://documents.gov.lk/view/extra-gazettes/2021/9/2246-19_E.pdf,doc-archive/2021/09/24/2246-19/2246-19_english.pdf
2246-21,https://documents.gov.lk/view/extra-gazettes/2021/9/2246-21_E.pdf,doc-archive/2021/09/24/2246-21/2246-21_english.pdf
2246-20,https://documents.gov.lk/view/extra-gazettes/2021/9/2246-20_E.pdf,doc-archive/2021/09/24/2246-20/2246-20_english.pdf
2246-22,https://documents.gov.lk/view/extra-gazettes/2021/9/2246-22_E.pdf,doc-archive/2021/09/24/2246-22/2246-22_english.pdf
2246-23,https://documents.gov.lk/view/extra-gazettes/2021/9/2246-23_E.pdf,doc-archive/2021/09/24/2246-23/2246-23_english.pdf
2246-24,https://documents.gov.lk/view/extra-gazettes/2021/9/2246-24_E.pdf,doc-archive/2021/09/24/2246-24/2246-24_english.pdf
2246-25,https://documents.gov.lk/view/extra-gazettes/2021/9/2246-25_E.pdf,doc-archive/2021/09/24/2246-25/2246-25_english.pdf
2246-26,https://documents.gov.lk/view/extra-gazettes/2021/9/2246-26_E.pdf,doc-archive/2021/09/24/2246-26/2246-26_english.pdf
2246-10,https://documents.gov.lk/view/extra-gazettes/2021/9/2246-10_E.pdf,doc-archive/2021/09/23/2246-10/2246-10_english.pdf
2246-11,https://documents.gov.lk/view/extra-gazettes/2021/9/2246-11_E.pdf,doc-archive/2021/09/23/2246-11/2246-11_english.pdf
2246-12,https://documents.gov.lk/view/extra-gazettes/2021/9/2246-12_E.pdf,doc-archive/2021/09/23/2246-12/2246-12_english.pdf
2246-06,https://documents.gov.lk/view/extra-gazettes/2021/9/2246-06_E.pdf,doc-archive/2021/09/22/2246-06/2246-06_english.pdf
2246-07,https://documents.gov.lk/view/extra-gazettes/2021/9/2246-07_E.pdf,doc-archive/2021/09/22/2246-07/2246-07_english.pdf
2246-08,https://documents.gov.lk/view/extra-gazettes/2021/9/2246-08_E.pdf,doc-archive/2021/09/22/2246-08/2246-08_english.pdf
2246-09,https://documents.gov.lk/view/extra-gazettes/2021/9/2246-09_E.pdf,doc-archive/2021/09/22/2246-09/2246-09_english.pdf
2246-02,https://documents.gov.lk/view/extra-gazettes/2021/9/2246-02_E.pdf,doc-archive/2021/09/21/2246-02/2246-02_english.pdf
2246-03,https://documents.gov.lk/view/extra-gazettes/2021/9/2246-03_E.pdf,doc-archive/2021/09/21/2246-03/2246-03_english.pdf
2246-04,https://documents.gov.lk/view/extra-gazettes/2021/9/2246-04_E.pdf,doc-archive/2021/09/21/2246-04/2246-04_english.pdf
2246-05,https://documents.gov.lk/view/extra-gazettes/2021/9/2246-05_E.pdf,doc-archive/2021/09/21/2246-05/2246-05_english.pdf
2246-01,https://documents.gov.lk/view/extra-gazettes/2021/9/2246-01_E.pdf,doc-archive/2021/09/20/2246-01/2246-01_english.pdf
2245-22,https://documents.gov.lk/view/extra-gazettes/2021/9/2245-22_E.pdf,doc-archive/2021/09/17/2245-22/2245-22_english.pdf
2245-23,https://documents.gov.lk/view/extra-gazettes/2021/9/2245-23_E.pdf,doc-archive/2021/09/17/2245-23/2245-23_english.pdf
2245-24,https://documents.gov.lk/view/extra-gazettes/2021/9/2245-24_E.pdf,doc-archive/2021/09/17/2245-24/2245-24_english.pdf
2245-26,https://documents.gov.lk/view/extra-gazettes/2021/9/2245-26_E.pdf,doc-archive/2021/09/17/2245-26/2245-26_english.pdf
2245-25,https://documents.gov.lk/view/extra-gazettes/2021/9/2245-25_E.pdf,doc-archive/2021/09/17/2245-25/2245-25_english.pdf
2245-27,https://documents.gov.lk/view/extra-gazettes/2021/9/2245-27_E.pdf,doc-archive/2021/09/17/2245-27/2245-27_english.pdf
2245-28,https://documents.gov.lk/view/extra-gazettes/2021/9/2245-28_E.pdf,doc-archive/2021/09/17/2245-28/2245-28_english.pdf
2245-29,https://documents.gov.lk/view/extra-gazettes/2021/9/2245-29_E.pdf,doc-archive/2021/09/17/2245-29/2245-29_english.pdf
2245-30,https://documents.gov.lk/view/extra-gazettes/2021/9/2245-30_E.pdf,doc-archive/2021/09/17/2245-30/2245-30_english.pdf
2245-31,https://documents.gov.lk/view/extra-gazettes/2021/9/2245-31_E.pdf,doc-archive/2021/09/17/2245-31/2245-31_english.pdf
2245-32,https://documents.gov.lk/view/extra-gazettes/2021/9/2245-32_E.pdf,doc-archive/2021/09/17/2245-32/2245-32_english.pdf
2245-33,https://documents.gov.lk/view/extra-gazettes/2021/9/2245-33_E.pdf,doc-archive/2021/09/17/2245-33/2245-33_english.pdf
2245-34,https://documents.gov.lk/view/extra-gazettes/2021/9/2245-34_E.pdf,doc-archive/2021/09/17/2245-34/2245-34_english.pdf
2245-15,https://documents.gov.lk/view/extra-gazettes/2021/9/2245-15_E.pdf,doc-archive/2021/09/16/2245-15/2245-15_english.pdf
2245-16,https://documents.gov.lk/view/extra-gazettes/2021/9/2245-16_E.pdf,doc-archive/2021/09/16/2245-16/2245-16_english.pdf
2245-17,https://documents.gov.lk/view/extra-gazettes/2021/9/2245-17_E.pdf,doc-archive/2021/09/16/2245-17/2245-17_english.pdf
2245-18,https://documents.gov.lk/view/extra-gazettes/2021/9/2245-18_E.pdf,doc-archive/2021/09/16/2245-18/2245-18_english.pdf
2245-19,https://documents.gov.lk/view/extra-gazettes/2021/9/2245-19_E.pdf,doc-archive/2021/09/16/2245-19/2245-19_english.pdf
2245-20,https://documents.gov.lk/view/extra-gazettes/2021/9/2245-20_E.pdf,doc-archive/2021/09/16/2245-20/2245-20_english.pdf
2245-21,https://documents.gov.lk/view/extra-gazettes/2021/9/2245-21_E.pdf,doc-archive/2021/09/16/2245-21/2245-21_english.pdf
2245-11,https://documents.gov.lk/view/extra-gazettes/2021/9/2245-11_E.pdf,doc-archive/2021/09/15/2245-11/2245-11_english.pdf
2245-10,https://documents.gov.lk/view/extra-gazettes/2021/9/2245-10_E.pdf,doc-archive/2021/09/15/2245-10/2245-10_english.pdf
2245-12,https://documents.gov.lk/view/extra-gazettes/2021/9/2245-12_E.pdf,doc-archive/2021/09/15/2245-12/2245-12_english.pdf
2245-13,https://documents.gov.lk/view/extra-gazettes/2021/9/2245-13_E.pdf,doc-archive/2021/09/15/2245-13/2245-13_english.pdf
2245-14,https://documents.gov.lk/view/extra-gazettes/2021/9/2245-14_E.pdf,doc-archive/2021/09/15/2245-14/2245-14_english.pdf
2245-09,https://documents.gov.lk/view/extra-gazettes/2021/9/2245-09_E.pdf,doc-archive/2021/09/14/2245-09/2245-09_english.pdf
2245-03,https://documents.gov.lk/view/extra-gazettes/2021/9/2245-03_E.pdf,doc-archive/2021/09/13/2245-03/2245-03_english.pdf
2245-01,https://documents.gov.lk/view/extra-gazettes/2021/9/2245-01_E.pdf,doc-archive/2021/09/13/2245-01/2245-01_english.pdf
2245-04,https://documents.gov.lk/view/extra-gazettes/2021/9/2245-04_E.pdf,doc-archive/2021/09/13/2245-04/2245-04_english.pdf
2245-05,https://documents.gov.lk/view/extra-gazettes/2021/9/2245-05_E.pdf,doc-archive/2021/09/13/2245-05/2245-05_english.pdf
2245-07,https://documents.gov.lk/view/extra-gazettes/2021/9/2245-07_E.pdf,doc-archive/2021/09/13/2245-07/2245-07_english.pdf
2245-06,https://documents.gov.lk/view/extra-gazettes/2021/9/2245-06_E.pdf,doc-archive/2021/09/13/2245-06/2245-06_english.pdf
2245-08,https://documents.gov.lk/view/extra-gazettes/2021/9/2245-08_E.pdf,doc-archive/2021/09/13/2245-08/2245-08_english.pdf
2244-36,https://documents.gov.lk/view/extra-gazettes/2021/9/2244-36_E.pdf,doc-archive/2021/09/11/2244-36/2244-36_english.pdf
2244-37,https://documents.gov.lk/view/extra-gazettes/2021/9/2244-37_E.pdf,doc-archive/2021/09/11/2244-37/2244-37_english.pdf
2244-39,https://documents.gov.lk/view/extra-gazettes/2021/9/2244-39_E.pdf,doc-archive/2021/09/11/2244-39/2244-39_english.pdf
2244-38,https://documents.gov.lk/view/extra-gazettes/2021/9/2244-38_E.pdf,doc-archive/2021/09/11/2244-38/2244-38_english.pdf
2244-40,https://documents.gov.lk/view/extra-gazettes/2021/9/2244-40_E.pdf,doc-archive/2021/09/11/2244-40/2244-40_english.pdf
2244-42,https://documents.gov.lk/view/extra-gazettes/2021/9/2244-42_E.pdf,doc-archive/2021/09/11/2244-42/2244-42_english.pdf
2244-41,https://documents.gov.lk/view/extra-gazettes/2021/9/2244-41_E.pdf,doc-archive/2021/09/11/2244-41/2244-41_english.pdf
2244-43,https://documents.gov.lk/view/extra-gazettes/2021/9/2244-43_E.pdf,doc-archive/2021/09/11/2244-43/2244-43_english.pdf
2244-23,https://documents.gov.lk/view/extra-gazettes/2021/9/2244-23_E.pdf,doc-archive/2021/09/10/2244-23/2244-23_english.pdf
2244-24,https://documents.gov.lk/view/extra-gazettes/2021/9/2244-24_E.pdf,doc-archive/2021/09/10/2244-24/2244-24_english.pdf
2244-44,https://documents.gov.lk/view/extra-gazettes/2021/9/2244-44_E.pdf,doc-archive/2021/09/11/2244-44/2244-44_english.pdf
2244-25,https://documents.gov.lk/view/extra-gazettes/2021/9/2244-25_E.pdf,doc-archive/2021/09/10/2244-25/2244-25_english.pdf
2244-27,https://documents.gov.lk/view/extra-gazettes/2021/9/2244-27_E.pdf,doc-archive/2021/09/10/2244-27/2244-27_english.pdf
2244-28,https://documents.gov.lk/view/extra-gazettes/2021/9/2244-28_E.pdf,doc-archive/2021/09/10/2244-28/2244-28_english.pdf
2244-26,https://documents.gov.lk/view/extra-gazettes/2021/9/2244-26_E.pdf,doc-archive/2021/09/10/2244-26/2244-26_english.pdf
2244-29,https://documents.gov.lk/view/extra-gazettes/2021/9/2244-29_E.pdf,doc-archive/2021/09/10/2244-29/2244-29_english.pdf
2244-31,https://documents.gov.lk/view/extra-gazettes/2021/9/2244-31_E.pdf,doc-archive/2021/09/10/2244-31/2244-31_english.pdf
2244-32,https://documents.gov.lk/view/extra-gazettes/2021/9/2244-32_E.pdf,doc-archive/2021/09/10/2244-32/2244-32_english.pdf
2244-33,https://documents.gov.lk/view/extra-gazettes/2021/9/2244-33_E.pdf,doc-archive/2021/09/10/2244-33/2244-33_english.pdf
2244-34,https://documents.gov.lk/view/extra-gazettes/2021/9/2244-34_E.pdf,doc-archive/2021/09/10/2244-34/2244-34_english.pdf
2244-15,https://documents.gov.lk/view/extra-gazettes/2021/9/2244-15_E.pdf,doc-archive/2021/09/09/2244-15/2244-15_english.pdf
2244-16,https://documents.gov.lk/view/extra-gazettes/2021/9/2244-16_E.pdf,doc-archive/2021/09/09/2244-16/2244-16_english.pdf
2244-17,https://documents.gov.lk/view/extra-gazettes/2021/9/2244-17_E.pdf,doc-archive/2021/09/09/2244-17/2244-17_english.pdf
2244-18,https://documents.gov.lk/view/extra-gazettes/2021/9/2244-18_E.pdf,doc-archive/2021/09/09/2244-18/2244-18_english.pdf
2244-30,https://documents.gov.lk/view/extra-gazettes/2021/9/2244-30_E.pdf,doc-archive/2021/09/10/2244-30/2244-30_english.pdf
2244-21,https://documents.gov.lk/view/extra-gazettes/2021/9/2244-21_E.pdf,doc-archive/2021/09/09/2244-21/2244-21_english.pdf
2244-19,https://documents.gov.lk/view/extra-gazettes/2021/9/2244-19_E.pdf,doc-archive/2021/09/09/2244-19/2244-19_english.pdf
2244-22,https://documents.gov.lk/view/extra-gazettes/2021/9/2244-22_E.pdf,doc-archive/2021/09/09/2244-22/2244-22_english.pdf
2244-11,https://documents.gov.lk/view/extra-gazettes/2021/9/2244-11_E.pdf,doc-archive/2021/09/08/2244-11/2244-11_english.pdf
2244-12,https://documents.gov.lk/view/extra-gazettes/2021/9/2244-12_E.pdf,doc-archive/2021/09/08/2244-12/2244-12_english.pdf
2244-13,https://documents.gov.lk/view/extra-gazettes/2021/9/2244-13_E.pdf,doc-archive/2021/09/08/2244-13/2244-13_english.pdf
2244-14,https://documents.gov.lk/view/extra-gazettes/2021/9/2244-14_E.pdf,doc-archive/2021/09/08/2244-14/2244-14_english.pdf
2244-08,https://documents.gov.lk/view/extra-gazettes/2021/9/2244-08_E.pdf,doc-archive/2021/09/07/2244-08/2244-08_english.pdf
2244-09,https://documents.gov.lk/view/extra-gazettes/2021/9/2244-09_E.pdf,doc-archive/2021/09/07/2244-09/2244-09_english.pdf
2244-10,https://documents.gov.lk/view/extra-gazettes/2021/9/2244-10_E.pdf,doc-archive/2021/09/07/2244-10/2244-10_english.pdf
2244-01,https://documents.gov.lk/view/extra-gazettes/2021/9/2244-01_E.pdf,doc-archive/2021/09/06/2244-01/2244-01_english.pdf
2244-02,https://documents.gov.lk/view/extra-gazettes/2021/9/2244-02_E.pdf,doc-archive/2021/09/06/2244-02/2244-02_english.pdf
2244-03,https://documents.gov.lk/view/extra-gazettes/2021/9/2244-03_E.pdf,doc-archive/2021/09/06/2244-03/2244-03_english.pdf
2244-04,https://documents.gov.lk/view/extra-gazettes/2021/9/2244-04_E.pdf,doc-archive/2021/09/06/2244-04/2244-04_english.pdf
2244-05,https://documents.gov.lk/view/extra-gazettes/2021/9/2244-05_E.pdf,doc-archive/2021/09/06/2244-05/2244-05_english.pdf
2244-06,https://documents.gov.lk/view/extra-gazettes/2021/9/2244-06_E.pdf,doc-archive/2021/09/06/2244-06/2244-06_english.pdf
2243-20,https://documents.gov.lk/view/extra-gazettes/2021/9/2243-20_E.pdf,doc-archive/2021/09/04/2243-20/2243-20_english.pdf
2244-07,https://documents.gov.lk/view/extra-gazettes/2021/9/2244-07_E.pdf,doc-archive/2021/09/06/2244-07/2244-07_english.pdf
2243-16,https://documents.gov.lk/view/extra-gazettes/2021/9/2243-16_E.pdf,doc-archive/2021/09/03/2243-16/2243-16_english.pdf
2243-17,https://documents.gov.lk/view/extra-gazettes/2021/9/2243-17_E.pdf,doc-archive/2021/09/03/2243-17/2243-17_english.pdf
2243-18,https://documents.gov.lk/view/extra-gazettes/2021/9/2243-18_E.pdf,doc-archive/2021/09/03/2243-18/2243-18_english.pdf
2243-19,https://documents.gov.lk/view/extra-gazettes/2021/9/2243-19_E.pdf,doc-archive/2021/09/03/2243-19/2243-19_english.pdf
2243-12,https://documents.gov.lk/view/extra-gazettes/2021/9/2243-12_E.pdf,doc-archive/2021/09/02/2243-12/2243-12_english.pdf
2243-13,https://documents.gov.lk/view/extra-gazettes/2021/9/2243-13_E.pdf,doc-archive/2021/09/02/2243-13/2243-13_english.pdf
2243-11,https://documents.gov.lk/view/extra-gazettes/2021/9/2243-11_E.pdf,doc-archive/2021/09/02/2243-11/2243-11_english.pdf
2243-14,https://documents.gov.lk/view/extra-gazettes/2021/9/2243-14_E.pdf,doc-archive/2021/09/02/2243-14/2243-14_english.pdf
2243-15,https://documents.gov.lk/view/extra-gazettes/2021/9/2243-15_E.pdf,doc-archive/2021/09/02/2243-15/2243-15_english.pdf
2251-87,https://documents.gov.lk/view/extra-gazettes/2021/10/2251-87_E.pdf,doc-archive/2021/10/31/2251-87/2251-87_english.pdf
2251-65,https://documents.gov.lk/view/extra-gazettes/2021/10/2251-65_E.pdf,doc-archive/2021/10/30/2251-65/2251-65_english.pdf
2251-86,https://documents.gov.lk/view/extra-gazettes/2021/10/2251-86_E.pdf,doc-archive/2021/10/31/2251-86/2251-86_english.pdf
2251-66,https://documents.gov.lk/view/extra-gazettes/2021/10/2251-66_E.pdf,doc-archive/2021/10/30/2251-66/2251-66_english.pdf
2251-67,https://documents.gov.lk/view/extra-gazettes/2021/10/2251-67_E.pdf,doc-archive/2021/10/30/2251-67/2251-67_english.pdf
2251-68,https://documents.gov.lk/view/extra-gazettes/2021/10/2251-68_E.pdf,doc-archive/2021/10/30/2251-68/2251-68_english.pdf
2251-69,https://documents.gov.lk/view/extra-gazettes/2021/10/2251-69_E.pdf,doc-archive/2021/10/30/2251-69/2251-69_english.pdf
2251-71,https://documents.gov.lk/view/extra-gazettes/2021/10/2251-71_E.pdf,doc-archive/2021/10/30/2251-71/2251-71_english.pdf
2251-70,https://documents.gov.lk/view/extra-gazettes/2021/10/2251-70_E.pdf,doc-archive/2021/10/30/2251-70/2251-70_english.pdf
2251-72,https://documents.gov.lk/view/extra-gazettes/2021/10/2251-72_E.pdf,doc-archive/2021/10/30/2251-72/2251-72_english.pdf
2251-73,https://documents.gov.lk/view/extra-gazettes/2021/10/2251-73_E.pdf,doc-archive/2021/10/30/2251-73/2251-73_english.pdf
2251-74,https://documents.gov.lk/view/extra-gazettes/2021/10/2251-74_E.pdf,doc-archive/2021/10/30/2251-74/2251-74_english.pdf
2251-75,https://documents.gov.lk/view/extra-gazettes/2021/10/2251-75_E.pdf,doc-archive/2021/10/30/2251-75/2251-75_english.pdf
2251-76,https://documents.gov.lk/view/extra-gazettes/2021/10/2251-76_E.pdf,doc-archive/2021/10/30/2251-76/2251-76_english.pdf
2251-78,https://documents.gov.lk/view/extra-gazettes/2021/10/2251-78_E.pdf,doc-archive/2021/10/30/2251-78/2251-78_english.pdf
2251-77,https://documents.gov.lk/view/extra-gazettes/2021/10/2251-77_E.pdf,doc-archive/2021/10/30/2251-77/2251-77_english.pdf
2251-79,https://documents.gov.lk/view/extra-gazettes/2021/10/2251-79_E.pdf,doc-archive/2021/10/30/2251-79/2251-79_english.pdf
2251-80,https://documents.gov.lk/view/extra-gazettes/2021/10/2251-80_E.pdf,doc-archive/2021/10/30/2251-80/2251-80_english.pdf
2251-81,https://documents.gov.lk/view/extra-gazettes/2021/10/2251-81_E.pdf,doc-archive/2021/10/30/2251-81/2251-81_english.pdf
2251-82,https://documents.gov.lk/view/extra-gazettes/2021/10/2251-82_E.pdf,doc-archive/2021/10/30/2251-82/2251-82_english.pdf
2251-84,https://documents.gov.lk/view/extra-gazettes/2021/10/2251-84_E.pdf,doc-archive/2021/10/30/2251-84/2251-84_english.pdf
2251-83,https://documents.gov.lk/view/extra-gazettes/2021/10/2251-83_E.pdf,doc-archive/2021/10/30/2251-83/2251-83_english.pdf
2251-85,https://documents.gov.lk/view/extra-gazettes/2021/10/2251-85_E.pdf,doc-archive/2021/10/30/2251-85/2251-85_english.pdf
2251-49,https://documents.gov.lk/view/extra-gazettes/2021/10/2251-49_E.pdf,doc-archive/2021/10/29/2251-49/2251-49_english.pdf
2251-50,https://documents.gov.lk/view/extra-gazettes/2021/10/2251-50_E.pdf,doc-archive/2021/10/29/2251-50/2251-50_english.pdf
2251-51,https://documents.gov.lk/view/extra-gazettes/2021/10/2251-51_E.pdf,doc-archive/2021/10/29/2251-51/2251-51_english.pdf
2251-52,https://documents.gov.lk/view/extra-gazettes/2021/10/2251-52_E.pdf,doc-archive/2021/10/29/2251-52/2251-52_english.pdf
2251-54,https://documents.gov.lk/view/extra-gazettes/2021/10/2251-54_E.pdf,doc-archive/2021/10/29/2251-54/2251-54_english.pdf
2251-53,https://documents.gov.lk/view/extra-gazettes/2021/10/2251-53_E.pdf,doc-archive/2021/10/29/2251-53/2251-53_english.pdf
2251-56,https://documents.gov.lk/view/extra-gazettes/2021/10/2251-56_E.pdf,doc-archive/2021/10/29/2251-56/2251-56_english.pdf
2251-55,https://documents.gov.lk/view/extra-gazettes/2021/10/2251-55_E.pdf,doc-archive/2021/10/29/2251-55/2251-55_english.pdf
2251-57,https://documents.gov.lk/view/extra-gazettes/2021/10/2251-57_E.pdf,doc-archive/2021/10/29/2251-57/2251-57_english.pdf
2251-58,https://documents.gov.lk/view/extra-gazettes/2021/10/2251-58_E.pdf,doc-archive/2021/10/29/2251-58/2251-58_english.pdf
2251-60,https://documents.gov.lk/view/extra-gazettes/2021/10/2251-60_E.pdf,doc-archive/2021/10/29/2251-60/2251-60_english.pdf
2251-61,https://documents.gov.lk/view/extra-gazettes/2021/10/2251-61_E.pdf,doc-archive/2021/10/29/2251-61/2251-61_english.pdf
2251-62,https://documents.gov.lk/view/extra-gazettes/2021/10/2251-62_E.pdf,doc-archive/2021/10/29/2251-62/2251-62_english.pdf
2251-63,https://documents.gov.lk/view/extra-gazettes/2021/10/2251-63_E.pdf,doc-archive/2021/10/29/2251-63/2251-63_english.pdf
2251-64,https://documents.gov.lk/view/extra-gazettes/2021/10/2251-64_E.pdf,doc-archive/2021/10/29/2251-64/2251-64_english.pdf
2251-37,https://documents.gov.lk/view/extra-gazettes/2021/10/2251-37_E.pdf,doc-archive/2021/10/28/2251-37/2251-37_english.pdf
2251-38,https://documents.gov.lk/view/extra-gazettes/2021/10/2251-38_E.pdf,doc-archive/2021/10/28/2251-38/2251-38_english.pdf
2251-40,https://documents.gov.lk/view/extra-gazettes/2021/10/2251-40_E.pdf,doc-archive/2021/10/28/2251-40/2251-40_english.pdf
2251-39,https://documents.gov.lk/view/extra-gazettes/2021/10/2251-39_E.pdf,doc-archive/2021/10/28/2251-39/2251-39_english.pdf
2251-41,https://documents.gov.lk/view/extra-gazettes/2021/10/2251-41_E.pdf,doc-archive/2021/10/28/2251-41/2251-41_english.pdf
2251-42,https://documents.gov.lk/view/extra-gazettes/2021/10/2251-42_E.pdf,doc-archive/2021/10/28/2251-42/2251-42_english.pdf
2251-43,https://documents.gov.lk/view/extra-gazettes/2021/10/2251-43_E.pdf,doc-archive/2021/10/28/2251-43/2251-43_english.pdf
2251-44,https://documents.gov.lk/view/extra-gazettes/2021/10/2251-44_E.pdf,doc-archive/2021/10/28/2251-44/2251-44_english.pdf
2251-45,https://documents.gov.lk/view/extra-gazettes/2021/10/2251-45_E.pdf,doc-archive/2021/10/28/2251-45/2251-45_english.pdf
2251-46,https://documents.gov.lk/view/extra-gazettes/2021/10/2251-46_E.pdf,doc-archive/2021/10/28/2251-46/2251-46_english.pdf
2251-48,https://documents.gov.lk/view/extra-gazettes/2021/10/2251-48_E.pdf,doc-archive/2021/10/28/2251-48/2251-48_english.pdf
2251-47,https://documents.gov.lk/view/extra-gazettes/2021/10/2251-47_E.pdf,doc-archive/2021/10/28/2251-47/2251-47_english.pdf
2251-31,https://documents.gov.lk/view/extra-gazettes/2021/10/2251-31_E.pdf,doc-archive/2021/10/27/2251-31/2251-31_english.pdf
2251-33,https://documents.gov.lk/view/extra-gazettes/2021/10/2251-33_E.pdf,doc-archive/2021/10/27/2251-33/2251-33_english.pdf
2251-34,https://documents.gov.lk/view/extra-gazettes/2021/10/2251-34_E.pdf,doc-archive/2021/10/27/2251-34/2251-34_english.pdf
2251-35,https://documents.gov.lk/view/extra-gazettes/2021/10/2251-35_E.pdf,doc-archive/2021/10/27/2251-35/2251-35_english.pdf
2251-32,https://documents.gov.lk/view/extra-gazettes/2021/10/2251-32_E.pdf,doc-archive/2021/10/27/2251-32/2251-32_english.pdf
2251-36,https://documents.gov.lk/view/extra-gazettes/2021/10/2251-36_E.pdf,doc-archive/2021/10/27/2251-36/2251-36_english.pdf
2251-20,https://documents.gov.lk/view/extra-gazettes/2021/10/2251-20_E.pdf,doc-archive/2021/10/26/2251-20/2251-20_english.pdf
2251-21,https://documents.gov.lk/view/extra-gazettes/2021/10/2251-21_E.pdf,doc-archive/2021/10/26/2251-21/2251-21_english.pdf
2251-22,https://documents.gov.lk/view/extra-gazettes/2021/10/2251-22_E.pdf,doc-archive/2021/10/26/2251-22/2251-22_english.pdf
2251-23,https://documents.gov.lk/view/extra-gazettes/2021/10/2251-23_E.pdf,doc-archive/2021/10/26/2251-23/2251-23_english.pdf
2251-25,https://documents.gov.lk/view/extra-gazettes/2021/10/2251-25_E.pdf,doc-archive/2021/10/26/2251-25/2251-25_english.pdf
2251-24,https://documents.gov.lk/view/extra-gazettes/2021/10/2251-24_E.pdf,doc-archive/2021/10/26/2251-24/2251-24_english.pdf
2251-26,https://documents.gov.lk/view/extra-gazettes/2021/10/2251-26_E.pdf,doc-archive/2021/10/26/2251-26/2251-26_english.pdf
2251-27,https://documents.gov.lk/view/extra-gazettes/2021/10/2251-27_E.pdf,doc-archive/2021/10/26/2251-27/2251-27_english.pdf
2251-28,https://documents.gov.lk/view/extra-gazettes/2021/10/2251-28_E.pdf,doc-archive/2021/10/26/2251-28/2251-28_english.pdf
2251-29,https://documents.gov.lk/view/extra-gazettes/2021/10/2251-29_E.pdf,doc-archive/2021/10/26/2251-29/2251-29_english.pdf
2251-30,https://documents.gov.lk/view/extra-gazettes/2021/10/2251-30_E.pdf,doc-archive/2021/10/26/2251-30/2251-30_english.pdf
2251-01,https://documents.gov.lk/view/extra-gazettes/2021/10/2251-01_E.pdf,doc-archive/2021/10/25/2251-01/2251-01_english.pdf
2251-02,https://documents.gov.lk/view/extra-gazettes/2021/10/2251-02_E.pdf,doc-archive/2021/10/25/2251-02/2251-02_english.pdf
2251-03,https://documents.gov.lk/view/extra-gazettes/2021/10/2251-03_E.pdf,doc-archive/2021/10/25/2251-03/2251-03_english.pdf
2251-04,https://documents.gov.lk/view/extra-gazettes/2021/10/2251-04_E.pdf,doc-archive/2021/10/25/2251-04/2251-04_english.pdf
2251-05,https://documents.gov.lk/view/extra-gazettes/2021/10/2251-05_E.pdf,doc-archive/2021/10/25/2251-05/2251-05_english.pdf
2251-06,https://documents.gov.lk/view/extra-gazettes/2021/10/2251-06_E.pdf,doc-archive/2021/10/25/2251-06/2251-06_english.pdf
2251-07,https://documents.gov.lk/view/extra-gazettes/2021/10/2251-07_E.pdf,doc-archive/2021/10/25/2251-07/2251-07_english.pdf
2251-08,https://documents.gov.lk/view/extra-gazettes/2021/10/2251-08_E.pdf,doc-archive/2021/10/25/2251-08/2251-08_english.pdf
2251-09,https://documents.gov.lk/view/extra-gazettes/2021/10/2251-09_E.pdf,doc-archive/2021/10/25/2251-09/2251-09_english.pdf
2251-10,https://documents.gov.lk/view/extra-gazettes/2021/10/2251-10_E.pdf,doc-archive/2021/10/25/2251-10/2251-10_english.pdf
2251-11,https://documents.gov.lk/view/extra-gazettes/2021/10/2251-11_E.pdf,doc-archive/2021/10/25/2251-11/2251-11_english.pdf
2251-13,https://documents.gov.lk/view/extra-gazettes/2021/10/2251-13_E.pdf,doc-archive/2021/10/25/2251-13/2251-13_english.pdf
2251-14,https://documents.gov.lk/view/extra-gazettes/2021/10/2251-14_E.pdf,doc-archive/2021/10/25/2251-14/2251-14_english.pdf
2251-12,https://documents.gov.lk/view/extra-gazettes/2021/10/2251-12_E.pdf,doc-archive/2021/10/25/2251-12/2251-12_english.pdf
2251-15,https://documents.gov.lk/view/extra-gazettes/2021/10/2251-15_E.pdf,doc-archive/2021/10/25/2251-15/2251-15_english.pdf
2251-16,https://documents.gov.lk/view/extra-gazettes/2021/10/2251-16_E.pdf,doc-archive/2021/10/25/2251-16/2251-16_english.pdf
2251-17,https://documents.gov.lk/view/extra-gazettes/2021/10/2251-17_E.pdf,doc-archive/2021/10/25/2251-17/2251-17_english.pdf
2251-18,https://documents.gov.lk/view/extra-gazettes/2021/10/2251-18_E.pdf,doc-archive/2021/10/25/2251-18/2251-18_english.pdf
2251-19,https://documents.gov.lk/view/extra-gazettes/2021/10/2251-19_E.pdf,doc-archive/2021/10/25/2251-19/2251-19_english.pdf
2250-33,https://documents.gov.lk/view/extra-gazettes/2021/10/2250-33_E.pdf,doc-archive/2021/10/22/2250-33/2250-33_english.pdf
2250-34,https://documents.gov.lk/view/extra-gazettes/2021/10/2250-34_E.pdf,doc-archive/2021/10/22/2250-34/2250-34_english.pdf
2250-35,https://documents.gov.lk/view/extra-gazettes/2021/10/2250-35_E.pdf,doc-archive/2021/10/22/2250-35/2250-35_english.pdf
2250-36,https://documents.gov.lk/view/extra-gazettes/2021/10/2250-36_E.pdf,doc-archive/2021/10/22/2250-36/2250-36_english.pdf
2250-37,https://documents.gov.lk/view/extra-gazettes/2021/10/2250-37_E.pdf,doc-archive/2021/10/22/2250-37/2250-37_english.pdf
2250-38,https://documents.gov.lk/view/extra-gazettes/2021/10/2250-38_E.pdf,doc-archive/2021/10/22/2250-38/2250-38_english.pdf
2250-39,https://documents.gov.lk/view/extra-gazettes/2021/10/2250-39_E.pdf,doc-archive/2021/10/22/2250-39/2250-39_english.pdf
2250-40,https://documents.gov.lk/view/extra-gazettes/2021/10/2250-40_E.pdf,doc-archive/2021/10/22/2250-40/2250-40_english.pdf
2250-41,https://documents.gov.lk/view/extra-gazettes/2021/10/2250-41_E.pdf,doc-archive/2021/10/22/2250-41/2250-41_english.pdf
2250-43,https://documents.gov.lk/view/extra-gazettes/2021/10/2250-43_E.pdf,doc-archive/2021/10/22/2250-43/2250-43_english.pdf
2250-44,https://documents.gov.lk/view/extra-gazettes/2021/10/2250-44_E.pdf,doc-archive/2021/10/22/2250-44/2250-44_english.pdf
2250-42,https://documents.gov.lk/view/extra-gazettes/2021/10/2250-42_E.pdf,doc-archive/2021/10/22/2250-42/2250-42_english.pdf
2250-24,https://documents.gov.lk/view/extra-gazettes/2021/10/2250-24_E.pdf,doc-archive/2021/10/21/2250-24/2250-24_english.pdf
2250-26,https://documents.gov.lk/view/extra-gazettes/2021/10/2250-26_E.pdf,doc-archive/2021/10/21/2250-26/2250-26_english.pdf
2250-25,https://documents.gov.lk/view/extra-gazettes/2021/10/2250-25_E.pdf,doc-archive/2021/10/21/2250-25/2250-25_english.pdf
2250-27,https://documents.gov.lk/view/extra-gazettes/2021/10/2250-27_E.pdf,doc-archive/2021/10/21/2250-27/2250-27_english.pdf
2250-28,https://documents.gov.lk/view/extra-gazettes/2021/10/2250-28_E.pdf,doc-archive/2021/10/21/2250-28/2250-28_english.pdf
2250-29,https://documents.gov.lk/view/extra-gazettes/2021/10/2250-29_E.pdf,doc-archive/2021/10/21/2250-29/2250-29_english.pdf
2250-16,https://documents.gov.lk/view/extra-gazettes/2021/10/2250-16_E.pdf,doc-archive/2021/10/19/2250-16/2250-16_english.pdf
2250-32,https://documents.gov.lk/view/extra-gazettes/2021/10/2250-32_E.pdf,doc-archive/2021/10/21/2250-32/2250-32_english.pdf
2250-17,https://documents.gov.lk/view/extra-gazettes/2021/10/2250-17_E.pdf,doc-archive/2021/10/19/2250-17/2250-17_english.pdf
2250-18,https://documents.gov.lk/view/extra-gazettes/2021/10/2250-18_E.pdf,doc-archive/2021/10/19/2250-18/2250-18_english.pdf
2250-19,https://documents.gov.lk/view/extra-gazettes/2021/10/2250-19_E.pdf,doc-archive/2021/10/19/2250-19/2250-19_english.pdf
2250-20,https://documents.gov.lk/view/extra-gazettes/2021/10/2250-20_E.pdf,doc-archive/2021/10/19/2250-20/2250-20_english.pdf
2250-21,https://documents.gov.lk/view/extra-gazettes/2021/10/2250-21_E.pdf,doc-archive/2021/10/19/2250-21/2250-21_english.pdf
2250-23,https://documents.gov.lk/view/extra-gazettes/2021/10/2250-23_E.pdf,doc-archive/2021/10/19/2250-23/2250-23_english.pdf
2250-22,https://documents.gov.lk/view/extra-gazettes/2021/10/2250-22_E.pdf,doc-archive/2021/10/19/2250-22/2250-22_english.pdf
2250-01,https://documents.gov.lk/view/extra-gazettes/2021/10/2250-01_E.pdf,doc-archive/2021/10/18/2250-01/2250-01_english.pdf
2250-02,https://documents.gov.lk/view/extra-gazettes/2021/10/2250-02_E.pdf,doc-archive/2021/10/18/2250-02/2250-02_english.pdf
2250-03,https://documents.gov.lk/view/extra-gazettes/2021/10/2250-03_E.pdf,doc-archive/2021/10/18/2250-03/2250-03_english.pdf
2250-05,https://documents.gov.lk/view/extra-gazettes/2021/10/2250-05_E.pdf,doc-archive/2021/10/18/2250-05/2250-05_english.pdf
2250-04,https://documents.gov.lk/view/extra-gazettes/2021/10/2250-04_E.pdf,doc-archive/2021/10/18/2250-04/2250-04_english.pdf
2250-06,https://documents.gov.lk/view/extra-gazettes/2021/10/2250-06_E.pdf,doc-archive/2021/10/18/2250-06/2250-06_english.pdf
2250-07,https://documents.gov.lk/view/extra-gazettes/2021/10/2250-07_E.pdf,doc-archive/2021/10/18/2250-07/2250-07_english.pdf
2250-08,https://documents.gov.lk/view/extra-gazettes/2021/10/2250-08_E.pdf,doc-archive/2021/10/18/2250-08/2250-08_english.pdf
2250-10,https://documents.gov.lk/view/extra-gazettes/2021/10/2250-10_E.pdf,doc-archive/2021/10/18/2250-10/2250-10_english.pdf
2250-09,https://documents.gov.lk/view/extra-gazettes/2021/10/2250-09_E.pdf,doc-archive/2021/10/18/2250-09/2250-09_english.pdf
2250-11,https://documents.gov.lk/view/extra-gazettes/2021/10/2250-11_E.pdf,doc-archive/2021/10/18/2250-11/2250-11_english.pdf
2250-12,https://documents.gov.lk/view/extra-gazettes/2021/10/2250-12_E.pdf,doc-archive/2021/10/18/2250-12/2250-12_english.pdf
2250-14,https://documents.gov.lk/view/extra-gazettes/2021/10/2250-14_E.pdf,doc-archive/2021/10/18/2250-14/2250-14_english.pdf
2250-13,https://documents.gov.lk/view/extra-gazettes/2021/10/2250-13_E.pdf,doc-archive/2021/10/18/2250-13/2250-13_english.pdf
2250-15,https://documents.gov.lk/view/extra-gazettes/2021/10/2250-15_E.pdf,doc-archive/2021/10/18/2250-15/2250-15_english.pdf
2249-50,https://documents.gov.lk/view/extra-gazettes/2021/10/2249-50_E.pdf,doc-archive/2021/10/16/2249-50/2249-50_english.pdf
2249-51,https://documents.gov.lk/view/extra-gazettes/2021/10/2249-51_E.pdf,doc-archive/2021/10/16/2249-51/2249-51_english.pdf
2249-52,https://documents.gov.lk/view/extra-gazettes/2021/10/2249-52_E.pdf,doc-archive/2021/10/16/2249-52/2249-52_english.pdf
2249-53,https://documents.gov.lk/view/extra-gazettes/2021/10/2249-53_E.pdf,doc-archive/2021/10/16/2249-53/2249-53_english.pdf
2249-54,https://documents.gov.lk/view/extra-gazettes/2021/10/2249-54_E.pdf,doc-archive/2021/10/16/2249-54/2249-54_english.pdf
2249-55,https://documents.gov.lk/view/extra-gazettes/2021/10/2249-55_E.pdf,doc-archive/2021/10/16/2249-55/2249-55_english.pdf
2249-31,https://documents.gov.lk/view/extra-gazettes/2021/10/2249-31_E.pdf,doc-archive/2021/10/15/2249-31/2249-31_english.pdf
2249-32,https://documents.gov.lk/view/extra-gazettes/2021/10/2249-32_E.pdf,doc-archive/2021/10/15/2249-32/2249-32_english.pdf
2249-33,https://documents.gov.lk/view/extra-gazettes/2021/10/2249-33_E.pdf,doc-archive/2021/10/15/2249-33/2249-33_english.pdf
2249-34,https://documents.gov.lk/view/extra-gazettes/2021/10/2249-34_E.pdf,doc-archive/2021/10/15/2249-34/2249-34_english.pdf
2249-36,https://documents.gov.lk/view/extra-gazettes/2021/10/2249-36_E.pdf,doc-archive/2021/10/15/2249-36/2249-36_english.pdf
2249-37,https://documents.gov.lk/view/extra-gazettes/2021/10/2249-37_E.pdf,doc-archive/2021/10/15/2249-37/2249-37_english.pdf
2249-35,https://documents.gov.lk/view/extra-gazettes/2021/10/2249-35_E.pdf,doc-archive/2021/10/15/2249-35/2249-35_english.pdf
2249-38,https://documents.gov.lk/view/extra-gazettes/2021/10/2249-38_E.pdf,doc-archive/2021/10/15/2249-38/2249-38_english.pdf
2249-39,https://documents.gov.lk/view/extra-gazettes/2021/10/2249-39_E.pdf,doc-archive/2021/10/15/2249-39/2249-39_english.pdf
2249-40,https://documents.gov.lk/view/extra-gazettes/2021/10/2249-40_E.pdf,doc-archive/2021/10/15/2249-40/2249-40_english.pdf
2249-41,https://documents.gov.lk/view/extra-gazettes/2021/10/2249-41_E.pdf,doc-archive/2021/10/15/2249-41/2249-41_english.pdf
2249-42,https://documents.gov.lk/view/extra-gazettes/2021/10/2249-42_E.pdf,doc-archive/2021/10/15/2249-42/2249-42_english.pdf
2249-43,https://documents.gov.lk/view/extra-gazettes/2021/10/2249-43_E.pdf,doc-archive/2021/10/15/2249-43/2249-43_english.pdf
2249-44,https://documents.gov.lk/view/extra-gazettes/2021/10/2249-44_E.pdf,doc-archive/2021/10/15/2249-44/2249-44_english.pdf
2249-45,https://documents.gov.lk/view/extra-gazettes/2021/10/2249-45_E.pdf,doc-archive/2021/10/15/2249-45/2249-45_english.pdf
2249-46,https://documents.gov.lk/view/extra-gazettes/2021/10/2249-46_E.pdf,doc-archive/2021/10/15/2249-46/2249-46_english.pdf
2249-47,https://documents.gov.lk/view/extra-gazettes/2021/10/2249-47_E.pdf,doc-archive/2021/10/15/2249-47/2249-47_english.pdf
2249-48,https://documents.gov.lk/view/extra-gazettes/2021/10/2249-48_E.pdf,doc-archive/2021/10/15/2249-48/2249-48_english.pdf
2249-49,https://documents.gov.lk/view/extra-gazettes/2021/10/2249-49_E.pdf,doc-archive/2021/10/15/2249-49/2249-49_english.pdf
2249-24,https://documents.gov.lk/view/extra-gazettes/2021/10/2249-24_E.pdf,doc-archive/2021/10/14/2249-24/2249-24_english.pdf
2249-25,https://documents.gov.lk/view/extra-gazettes/2021/10/2249-25_E.pdf,doc-archive/2021/10/14/2249-25/2249-25_english.pdf
2249-26,https://documents.gov.lk/view/extra-gazettes/2021/10/2249-26_E.pdf,doc-archive/2021/10/14/2249-26/2249-26_english.pdf
2249-27,https://documents.gov.lk/view/extra-gazettes/2021/10/2249-27_E.pdf,doc-archive/2021/10/14/2249-27/2249-27_english.pdf
2249-28,https://documents.gov.lk/view/extra-gazettes/2021/10/2249-28_E.pdf,doc-archive/2021/10/14/2249-28/2249-28_english.pdf
2249-29,https://documents.gov.lk/view/extra-gazettes/2021/10/2249-29_E.pdf,doc-archive/2021/10/14/2249-29/2249-29_english.pdf
2249-30,https://documents.gov.lk/view/extra-gazettes/2021/10/2249-30_E.pdf,doc-archive/2021/10/14/2249-30/2249-30_english.pdf
2249-14,https://documents.gov.lk/view/extra-gazettes/2021/10/2249-14_E.pdf,doc-archive/2021/10/13/2249-14/2249-14_english.pdf
2249-15,https://documents.gov.lk/view/extra-gazettes/2021/10/2249-15_E.pdf,doc-archive/2021/10/13/2249-15/2249-15_english.pdf
2249-16,https://documents.gov.lk/view/extra-gazettes/2021/10/2249-16_E.pdf,doc-archive/2021/10/13/2249-16/2249-16_english.pdf
2249-17,https://documents.gov.lk/view/extra-gazettes/2021/10/2249-17_E.pdf,doc-archive/2021/10/13/2249-17/2249-17_english.pdf
2249-18,https://documents.gov.lk/view/extra-gazettes/2021/10/2249-18_E.pdf,doc-archive/2021/10/13/2249-18/2249-18_english.pdf
2249-19,https://documents.gov.lk/view/extra-gazettes/2021/10/2249-19_E.pdf,doc-archive/2021/10/13/2249-19/2249-19_english.pdf
2249-20,https://documents.gov.lk/view/extra-gazettes/2021/10/2249-20_E.pdf,doc-archive/2021/10/13/2249-20/2249-20_english.pdf
2249-21,https://documents.gov.lk/view/extra-gazettes/2021/10/2249-21_E.pdf,doc-archive/2021/10/13/2249-21/2249-21_english.pdf
2249-22,https://documents.gov.lk/view/extra-gazettes/2021/10/2249-22_E.pdf,doc-archive/2021/10/13/2249-22/2249-22_english.pdf
2249-06,https://documents.gov.lk/view/extra-gazettes/2021/10/2249-06_E.pdf,doc-archive/2021/10/12/2249-06/2249-06_english.pdf
2249-07,https://documents.gov.lk/view/extra-gazettes/2021/10/2249-07_E.pdf,doc-archive/2021/10/12/2249-07/2249-07_english.pdf
2249-08,https://documents.gov.lk/view/extra-gazettes/2021/10/2249-08_E.pdf,doc-archive/2021/10/12/2249-08/2249-08_english.pdf
2249-09,https://documents.gov.lk/view/extra-gazettes/2021/10/2249-09_E.pdf,doc-archive/2021/10/12/2249-09/2249-09_english.pdf
2249-10,https://documents.gov.lk/view/extra-gazettes/2021/10/2249-10_E.pdf,doc-archive/2021/10/12/2249-10/2249-10_english.pdf
2249-11,https://documents.gov.lk/view/extra-gazettes/2021/10/2249-11_E.pdf,doc-archive/2021/10/12/2249-11/2249-11_english.pdf
2249-12,https://documents.gov.lk/view/extra-gazettes/2021/10/2249-12_E.pdf,doc-archive/2021/10/12/2249-12/2249-12_english.pdf
2249-01,https://documents.gov.lk/view/extra-gazettes/2021/10/2249-01_E.pdf,doc-archive/2021/10/11/2249-01/2249-01_english.pdf
2249-02,https://documents.gov.lk/view/extra-gazettes/2021/10/2249-02_E.pdf,doc-archive/2021/10/11/2249-02/2249-02_english.pdf
2249-03,https://documents.gov.lk/view/extra-gazettes/2021/10/2249-03_E.pdf,doc-archive/2021/10/11/2249-03/2249-03_english.pdf
2249-04,https://documents.gov.lk/view/extra-gazettes/2021/10/2249-04_E.pdf,doc-archive/2021/10/11/2249-04/2249-04_english.pdf
2249-05,https://documents.gov.lk/view/extra-gazettes/2021/10/2249-05_E.pdf,doc-archive/2021/10/11/2249-05/2249-05_english.pdf
2244-20,https://documents.gov.lk/view/extra-gazettes/2021/10/2244-20_E.pdf,doc-archive/2021/10/09/2244-20/2244-20_english.pdf
2248-66,https://documents.gov.lk/view/extra-gazettes/2021/10/2248-66_E.pdf,doc-archive/2021/10/09/2248-66/2248-66_english.pdf
2249-13,https://documents.gov.lk/view/extra-gazettes/2021/10/2249-13_E.pdf,doc-archive/2021/10/12/2249-13/2249-13_english.pdf
2248-67,https://documents.gov.lk/view/extra-gazettes/2021/10/2248-67_E.pdf,doc-archive/2021/10/09/2248-67/2248-67_english.pdf
2248-68,https://documents.gov.lk/view/extra-gazettes/2021/10/2248-68_E.pdf,doc-archive/2021/10/09/2248-68/2248-68_english.pdf
2248-69,https://documents.gov.lk/view/extra-gazettes/2021/10/2248-69_E.pdf,doc-archive/2021/10/09/2248-69/2248-69_english.pdf
2248-70,https://documents.gov.lk/view/extra-gazettes/2021/10/2248-70_E.pdf,doc-archive/2021/10/09/2248-70/2248-70_english.pdf
2248-58,https://documents.gov.lk/view/extra-gazettes/2021/10/2248-58_E.pdf,doc-archive/2021/10/08/2248-58/2248-58_english.pdf
2248-57,https://documents.gov.lk/view/extra-gazettes/2021/10/2248-57_E.pdf,doc-archive/2021/10/08/2248-57/2248-57_english.pdf
2248-59,https://documents.gov.lk/view/extra-gazettes/2021/10/2248-59_E.pdf,doc-archive/2021/10/08/2248-59/2248-59_english.pdf
2248-61,https://documents.gov.lk/view/extra-gazettes/2021/10/2248-61_E.pdf,doc-archive/2021/10/08/2248-61/2248-61_english.pdf
2248-63,https://documents.gov.lk/view/extra-gazettes/2021/10/2248-63_E.pdf,doc-archive/2021/10/08/2248-63/2248-63_english.pdf
2248-62,https://documents.gov.lk/view/extra-gazettes/2021/10/2248-62_E.pdf,doc-archive/2021/10/08/2248-62/2248-62_english.pdf
2248-64,https://documents.gov.lk/view/extra-gazettes/2021/10/2248-64_E.pdf,doc-archive/2021/10/08/2248-64/2248-64_english.pdf
2248-65,https://documents.gov.lk/view/extra-gazettes/2021/10/2248-65_E.pdf,doc-archive/2021/10/08/2248-65/2248-65_english.pdf
2248-39,https://documents.gov.lk/view/extra-gazettes/2021/10/2248-39_E.pdf,doc-archive/2021/10/07/2248-39/2248-39_english.pdf
2248-41,https://documents.gov.lk/view/extra-gazettes/2021/10/2248-41_E.pdf,doc-archive/2021/10/07/2248-41/2248-41_english.pdf
2248-40,https://documents.gov.lk/view/extra-gazettes/2021/10/2248-40_E.pdf,doc-archive/2021/10/07/2248-40/2248-40_english.pdf
2248-42,https://documents.gov.lk/view/extra-gazettes/2021/10/2248-42_E.pdf,doc-archive/2021/10/07/2248-42/2248-42_english.pdf
2248-44,https://documents.gov.lk/view/extra-gazettes/2021/10/2248-44_E.pdf,doc-archive/2021/10/07/2248-44/2248-44_english.pdf
2248-45,https://documents.gov.lk/view/extra-gazettes/2021/10/2248-45_E.pdf,doc-archive/2021/10/07/2248-45/2248-45_english.pdf
2248-46,https://documents.gov.lk/view/extra-gazettes/2021/10/2248-46_E.pdf,doc-archive/2021/10/07/2248-46/2248-46_english.pdf
2248-47,https://documents.gov.lk/view/extra-gazettes/2021/10/2248-47_E.pdf,doc-archive/2021/10/07/2248-47/2248-47_english.pdf
2248-48,https://documents.gov.lk/view/extra-gazettes/2021/10/2248-48_E.pdf,doc-archive/2021/10/07/2248-48/2248-48_english.pdf
2248-49,https://documents.gov.lk/view/extra-gazettes/2021/10/2248-49_E.pdf,doc-archive/2021/10/07/2248-49/2248-49_english.pdf
2248-50,https://documents.gov.lk/view/extra-gazettes/2021/10/2248-50_E.pdf,doc-archive/2021/10/07/2248-50/2248-50_english.pdf
2248-52,https://documents.gov.lk/view/extra-gazettes/2021/10/2248-52_E.pdf,doc-archive/2021/10/07/2248-52/2248-52_english.pdf
2248-51,https://documents.gov.lk/view/extra-gazettes/2021/10/2248-51_E.pdf,doc-archive/2021/10/07/2248-51/2248-51_english.pdf
2248-53,https://documents.gov.lk/view/extra-gazettes/2021/10/2248-53_E.pdf,doc-archive/2021/10/07/2248-53/2248-53_english.pdf
2248-55,https://documents.gov.lk/view/extra-gazettes/2021/10/2248-55_E.pdf,doc-archive/2021/10/07/2248-55/2248-55_english.pdf
2248-56,https://documents.gov.lk/view/extra-gazettes/2021/10/2248-56_E.pdf,doc-archive/2021/10/07/2248-56/2248-56_english.pdf
2248-24,https://documents.gov.lk/view/extra-gazettes/2021/10/2248-24_E.pdf,doc-archive/2021/10/06/2248-24/2248-24_english.pdf
2248-54,https://documents.gov.lk/view/extra-gazettes/2021/10/2248-54_E.pdf,doc-archive/2021/10/07/2248-54/2248-54_english.pdf
2248-25,https://documents.gov.lk/view/extra-gazettes/2021/10/2248-25_E.pdf,doc-archive/2021/10/06/2248-25/2248-25_english.pdf
2248-26,https://documents.gov.lk/view/extra-gazettes/2021/10/2248-26_E.pdf,doc-archive/2021/10/06/2248-26/2248-26_english.pdf
2248-27,https://documents.gov.lk/view/extra-gazettes/2021/10/2248-27_E.pdf,doc-archive/2021/10/06/2248-27/2248-27_english.pdf
2248-28,https://documents.gov.lk/view/extra-gazettes/2021/10/2248-28_E.pdf,doc-archive/2021/10/06/2248-28/2248-28_english.pdf
2248-29,https://documents.gov.lk/view/extra-gazettes/2021/10/2248-29_E.pdf,doc-archive/2021/10/06/2248-29/2248-29_english.pdf
2248-30,https://documents.gov.lk/view/extra-gazettes/2021/10/2248-30_E.pdf,doc-archive/2021/10/06/2248-30/2248-30_english.pdf
2248-31,https://documents.gov.lk/view/extra-gazettes/2021/10/2248-31_E.pdf,doc-archive/2021/10/06/2248-31/2248-31_english.pdf
2248-33,https://documents.gov.lk/view/extra-gazettes/2021/10/2248-33_E.pdf,doc-archive/2021/10/06/2248-33/2248-33_english.pdf
2248-32,https://documents.gov.lk/view/extra-gazettes/2021/10/2248-32_E.pdf,doc-archive/2021/10/06/2248-32/2248-32_english.pdf
2248-34,https://documents.gov.lk/view/extra-gazettes/2021/10/2248-34_E.pdf,doc-archive/2021/10/06/2248-34/2248-34_english.pdf
2248-35,https://documents.gov.lk/view/extra-gazettes/2021/10/2248-35_E.pdf,doc-archive/2021/10/06/2248-35/2248-35_english.pdf
2248-36,https://documents.gov.lk/view/extra-gazettes/2021/10/2248-36_E.pdf,doc-archive/2021/10/06/2248-36/2248-36_english.pdf
2248-37,https://documents.gov.lk/view/extra-gazettes/2021/10/2248-37_E.pdf,doc-archive/2021/10/06/2248-37/2248-37_english.pdf
2248-38,https://documents.gov.lk/view/extra-gazettes/2021/10/2248-38_E.pdf,doc-archive/2021/10/06/2248-38/2248-38_english.pdf
2248-16,https://documents.gov.lk/view/extra-gazettes/2021/10/2248-16_E.pdf,doc-archive/2021/10/05/2248-16/2248-16_english.pdf
2248-17,https://documents.gov.lk/view/extra-gazettes/2021/10/2248-17_E.pdf,doc-archive/2021/10/05/2248-17/2248-17_english.pdf
2248-18,https://documents.gov.lk/view/extra-gazettes/2021/10/2248-18_E.pdf,doc-archive/2021/10/05/2248-18/2248-18_english.pdf
2248-19,https://documents.gov.lk/view/extra-gazettes/2021/10/2248-19_E.pdf,doc-archive/2021/10/05/2248-19/2248-19_english.pdf
2248-20,https://documents.gov.lk/view/extra-gazettes/2021/10/2248-20_E.pdf,doc-archive/2021/10/05/2248-20/2248-20_english.pdf
2248-21,https://documents.gov.lk/view/extra-gazettes/2021/10/2248-21_E.pdf,doc-archive/2021/10/05/2248-21/2248-21_english.pdf
2248-22,https://documents.gov.lk/view/extra-gazettes/2021/10/2248-22_E.pdf,doc-archive/2021/10/05/2248-22/2248-22_english.pdf
2248-23,https://documents.gov.lk/view/extra-gazettes/2021/10/2248-23_E.pdf,doc-archive/2021/10/05/2248-23/2248-23_english.pdf
2248-01,https://documents.gov.lk/view/extra-gazettes/2021/10/2248-01_E.pdf,doc-archive/2021/10/04/2248-01/2248-01_english.pdf
2248-02,https://documents.gov.lk/view/extra-gazettes/2021/10/2248-02_E.pdf,doc-archive/2021/10/04/2248-02/2248-02_english.pdf
2248-04,https://documents.gov.lk/view/extra-gazettes/2021/10/2248-04_E.pdf,doc-archive/2021/10/04/2248-04/2248-04_english.pdf
2248-03,https://documents.gov.lk/view/extra-gazettes/2021/10/2248-03_E.pdf,doc-archive/2021/10/04/2248-03/2248-03_english.pdf
2248-05,https://documents.gov.lk/view/extra-gazettes/2021/10/2248-05_E.pdf,doc-archive/2021/10/04/2248-05/2248-05_english.pdf
2248-06,https://documents.gov.lk/view/extra-gazettes/2021/10/2248-06_E.pdf,doc-archive/2021/10/04/2248-06/2248-06_english.pdf
2248-07,https://documents.gov.lk/view/extra-gazettes/2021/10/2248-07_E.pdf,doc-archive/2021/10/04/2248-07/2248-07_english.pdf
2248-08,https://documents.gov.lk/view/extra-gazettes/2021/10/2248-08_E.pdf,doc-archive/2021/10/04/2248-08/2248-08_english.pdf
2248-09,https://documents.gov.lk/view/extra-gazettes/2021/10/2248-09_E.pdf,doc-archive/2021/10/04/2248-09/2248-09_english.pdf
2248-10,https://documents.gov.lk/view/extra-gazettes/2021/10/2248-10_E.pdf,doc-archive/2021/10/04/2248-10/2248-10_english.pdf
2248-11,https://documents.gov.lk/view/extra-gazettes/2021/10/2248-11_E.pdf,doc-archive/2021/10/04/2248-11/2248-11_english.pdf
2248-12,https://documents.gov.lk/view/extra-gazettes/2021/10/2248-12_E.pdf,doc-archive/2021/10/04/2248-12/2248-12_english.pdf
2248-13,https://documents.gov.lk/view/extra-gazettes/2021/10/2248-13_E.pdf,doc-archive/2021/10/04/2248-13/2248-13_english.pdf
2248-14,https://documents.gov.lk/view/extra-gazettes/2021/10/2248-14_E.pdf,doc-archive/2021/10/04/2248-14/2248-14_english.pdf
2248-43,https://documents.gov.lk/view/extra-gazettes/2021/10/2248-43_E.pdf,doc-archive/2021/10/03/2248-43/2248-43_english.pdf
2247-33,https://documents.gov.lk/view/extra-gazettes/2021/10/2247-33_E.pdf,doc-archive/2021/10/02/2247-33/2247-33_english.pdf
2247-34,https://documents.gov.lk/view/extra-gazettes/2021/10/2247-34_E.pdf,doc-archive/2021/10/02/2247-34/2247-34_english.pdf
2247-35,https://documents.gov.lk/view/extra-gazettes/2021/10/2247-35_E.pdf,doc-archive/2021/10/02/2247-35/2247-35_english.pdf
2247-36,https://documents.gov.lk/view/extra-gazettes/2021/10/2247-36_E.pdf,doc-archive/2021/10/02/2247-36/2247-36_english.pdf
2247-37,https://documents.gov.lk/view/extra-gazettes/2021/10/2247-37_E.pdf,doc-archive/2021/10/02/2247-37/2247-37_english.pdf
2247-23,https://documents.gov.lk/view/extra-gazettes/2021/10/2247-23_E.pdf,doc-archive/2021/10/01/2247-23/2247-23_english.pdf
2247-24,https://documents.gov.lk/view/extra-gazettes/2021/10/2247-24_E.pdf,doc-archive/2021/10/01/2247-24/2247-24_english.pdf
2247-25,https://documents.gov.lk/view/extra-gazettes/2021/10/2247-25_E.pdf,doc-archive/2021/10/01/2247-25/2247-25_english.pdf
2247-38,https://documents.gov.lk/view/extra-gazettes/2021/10/2247-38_E.pdf,doc-archive/2021/10/02/2247-38/2247-38_english.pdf
2247-26,https://documents.gov.lk/view/extra-gazettes/2021/10/2247-26_E.pdf,doc-archive/2021/10/01/2247-26/2247-26_english.pdf
2247-27,https://documents.gov.lk/view/extra-gazettes/2021/10/2247-27_E.pdf,doc-archive/2021/10/01/2247-27/2247-27_english.pdf
2247-29,https://documents.gov.lk/view/extra-gazettes/2021/10/2247-29_E.pdf,doc-archive/2021/10/01/2247-29/2247-29_english.pdf
2247-30,https://documents.gov.lk/view/extra-gazettes/2021/10/2247-30_E.pdf,doc-archive/2021/10/01/2247-30/2247-30_english.pdf
2247-31,https://documents.gov.lk/view/extra-gazettes/2021/10/2247-31_E.pdf,doc-archive/2021/10/01/2247-31/2247-31_english.pdf
2247-32,https://documents.gov.lk/view/extra-gazettes/2021/10/2247-32_E.pdf,doc-archive/2021/10/01/2247-32/2247-32_english.pdf
2247-28,https://documents.gov.lk/view/extra-gazettes/2021/10/2247-28_E.pdf,doc-archive/2021/10/01/2247-28/2247-28_english.pdf
2256-11,https://documents.gov.lk/view/extra-gazettes/2021/11/2256-11_E.pdf,doc-archive/2021/11/30/2256-11/2256-11_english.pdf
2256-12,https://documents.gov.lk/view/extra-gazettes/2021/11/2256-12_E.pdf,doc-archive/2021/11/30/2256-12/2256-12_english.pdf
2256-13,https://documents.gov.lk/view/extra-gazettes/2021/11/2256-13_E.pdf,doc-archive/2021/11/30/2256-13/2256-13_english.pdf
2256-14,https://documents.gov.lk/view/extra-gazettes/2021/11/2256-14_E.pdf,doc-archive/2021/11/30/2256-14/2256-14_english.pdf
2256-15,https://documents.gov.lk/view/extra-gazettes/2021/11/2256-15_E.pdf,doc-archive/2021/11/30/2256-15/2256-15_english.pdf
2256-16,https://documents.gov.lk/view/extra-gazettes/2021/11/2256-16_E.pdf,doc-archive/2021/11/30/2256-16/2256-16_english.pdf
2256-17,https://documents.gov.lk/view/extra-gazettes/2021/11/2256-17_E.pdf,doc-archive/2021/11/30/2256-17/2256-17_english.pdf
2256-18,https://documents.gov.lk/view/extra-gazettes/2021/11/2256-18_E.pdf,doc-archive/2021/11/30/2256-18/2256-18_english.pdf
2256-19,https://documents.gov.lk/view/extra-gazettes/2021/11/2256-19_E.pdf,doc-archive/2021/11/30/2256-19/2256-19_english.pdf
2256-20,https://documents.gov.lk/view/extra-gazettes/2021/11/2256-20_E.pdf,doc-archive/2021/11/30/2256-20/2256-20_english.pdf
2256-21,https://documents.gov.lk/view/extra-gazettes/2021/11/2256-21_E.pdf,doc-archive/2021/11/30/2256-21/2256-21_english.pdf
2256-22,https://documents.gov.lk/view/extra-gazettes/2021/11/2256-22_E.pdf,doc-archive/2021/11/30/2256-22/2256-22_english.pdf
2256-23,https://documents.gov.lk/view/extra-gazettes/2021/11/2256-23_E.pdf,doc-archive/2021/11/30/2256-23/2256-23_english.pdf
2256-24,https://documents.gov.lk/view/extra-gazettes/2021/11/2256-24_E.pdf,doc-archive/2021/11/30/2256-24/2256-24_english.pdf
2256-25,https://documents.gov.lk/view/extra-gazettes/2021/11/2256-25_E.pdf,doc-archive/2021/11/30/2256-25/2256-25_english.pdf
2256-26,https://documents.gov.lk/view/extra-gazettes/2021/11/2256-26_E.pdf,doc-archive/2021/11/30/2256-26/2256-26_english.pdf
2256-27,https://documents.gov.lk/view/extra-gazettes/2021/11/2256-27_E.pdf,doc-archive/2021/11/30/2256-27/2256-27_english.pdf
2256-28,https://documents.gov.lk/view/extra-gazettes/2021/11/2256-28_E.pdf,doc-archive/2021/11/30/2256-28/2256-28_english.pdf
2256-29,https://documents.gov.lk/view/extra-gazettes/2021/11/2256-29_E.pdf,doc-archive/2021/11/30/2256-29/2256-29_english.pdf
2260-59,https://documents.gov.lk/view/extra-gazettes/2021/11/2260-59_E.pdf,doc-archive/2021/11/30/2260-59/2260-59_english.pdf
2256-02,https://documents.gov.lk/view/extra-gazettes/2021/11/2256-02_E.pdf,doc-archive/2021/11/29/2256-02/2256-02_english.pdf
2256-01,https://documents.gov.lk/view/extra-gazettes/2021/11/2256-01_E.pdf,doc-archive/2021/11/29/2256-01/2256-01_english.pdf
2256-03,https://documents.gov.lk/view/extra-gazettes/2021/11/2256-03_E.pdf,doc-archive/2021/11/29/2256-03/2256-03_english.pdf
2256-04,https://documents.gov.lk/view/extra-gazettes/2021/11/2256-04_E.pdf,doc-archive/2021/11/29/2256-04/2256-04_english.pdf
2256-05,https://documents.gov.lk/view/extra-gazettes/2021/11/2256-05_E.pdf,doc-archive/2021/11/29/2256-05/2256-05_english.pdf
2256-06,https://documents.gov.lk/view/extra-gazettes/2021/11/2256-06_E.pdf,doc-archive/2021/11/29/2256-06/2256-06_english.pdf
2256-07,https://documents.gov.lk/view/extra-gazettes/2021/11/2256-07_E.pdf,doc-archive/2021/11/29/2256-07/2256-07_english.pdf
2256-08,https://documents.gov.lk/view/extra-gazettes/2021/11/2256-08_E.pdf,doc-archive/2021/11/29/2256-08/2256-08_english.pdf
2256-09,https://documents.gov.lk/view/extra-gazettes/2021/11/2256-09_E.pdf,doc-archive/2021/11/29/2256-09/2256-09_english.pdf
2256-10,https://documents.gov.lk/view/extra-gazettes/2021/11/2256-10_E.pdf,doc-archive/2021/11/29/2256-10/2256-10_english.pdf
2255-57,https://documents.gov.lk/view/extra-gazettes/2021/11/2255-57_E.pdf,doc-archive/2021/11/27/2255-57/2255-57_english.pdf
2255-58,https://documents.gov.lk/view/extra-gazettes/2021/11/2255-58_E.pdf,doc-archive/2021/11/27/2255-58/2255-58_english.pdf
2255-48,https://documents.gov.lk/view/extra-gazettes/2021/11/2255-48_E.pdf,doc-archive/2021/11/26/2255-48/2255-48_english.pdf
2255-49,https://documents.gov.lk/view/extra-gazettes/2021/11/2255-49_E.pdf,doc-archive/2021/11/26/2255-49/2255-49_english.pdf
2255-50,https://documents.gov.lk/view/extra-gazettes/2021/11/2255-50_E.pdf,doc-archive/2021/11/26/2255-50/2255-50_english.pdf
2255-51,https://documents.gov.lk/view/extra-gazettes/2021/11/2255-51_E.pdf,doc-archive/2021/11/26/2255-51/2255-51_english.pdf
2255-52,https://documents.gov.lk/view/extra-gazettes/2021/11/2255-52_E.pdf,doc-archive/2021/11/26/2255-52/2255-52_english.pdf
2255-53,https://documents.gov.lk/view/extra-gazettes/2021/11/2255-53_E.pdf,doc-archive/2021/11/26/2255-53/2255-53_english.pdf
2255-54,https://documents.gov.lk/view/extra-gazettes/2021/11/2255-54_E.pdf,doc-archive/2021/11/26/2255-54/2255-54_english.pdf
2255-55,https://documents.gov.lk/view/extra-gazettes/2021/11/2255-55_E.pdf,doc-archive/2021/11/26/2255-55/2255-55_english.pdf
2255-56,https://documents.gov.lk/view/extra-gazettes/2021/11/2255-56_E.pdf,doc-archive/2021/11/26/2255-56/2255-56_english.pdf
2255-25,https://documents.gov.lk/view/extra-gazettes/2021/11/2255-25_E.pdf,doc-archive/2021/11/25/2255-25/2255-25_english.pdf
2255-26,https://documents.gov.lk/view/extra-gazettes/2021/11/2255-26_E.pdf,doc-archive/2021/11/25/2255-26/2255-26_english.pdf
2255-27,https://documents.gov.lk/view/extra-gazettes/2021/11/2255-27_E.pdf,doc-archive/2021/11/25/2255-27/2255-27_english.pdf
2255-29,https://documents.gov.lk/view/extra-gazettes/2021/11/2255-29_E.pdf,doc-archive/2021/11/25/2255-29/2255-29_english.pdf
2255-30,https://documents.gov.lk/view/extra-gazettes/2021/11/2255-30_E.pdf,doc-archive/2021/11/25/2255-30/2255-30_english.pdf
2255-31,https://documents.gov.lk/view/extra-gazettes/2021/11/2255-31_E.pdf,doc-archive/2021/11/25/2255-31/2255-31_english.pdf
2255-32,https://documents.gov.lk/view/extra-gazettes/2021/11/2255-32_E.pdf,doc-archive/2021/11/25/2255-32/2255-32_english.pdf
2255-33,https://documents.gov.lk/view/extra-gazettes/2021/11/2255-33_E.pdf,doc-archive/2021/11/25/2255-33/2255-33_english.pdf
2255-34,https://documents.gov.lk/view/extra-gazettes/2021/11/2255-34_E.pdf,doc-archive/2021/11/25/2255-34/2255-34_english.pdf
2255-35,https://documents.gov.lk/view/extra-gazettes/2021/11/2255-35_E.pdf,doc-archive/2021/11/25/2255-35/2255-35_english.pdf
2255-36,https://documents.gov.lk/view/extra-gazettes/2021/11/2255-36_E.pdf,doc-archive/2021/11/25/2255-36/2255-36_english.pdf
2255-37,https://documents.gov.lk/view/extra-gazettes/2021/11/2255-37_E.pdf,doc-archive/2021/11/25/2255-37/2255-37_english.pdf
2255-38,https://documents.gov.lk/view/extra-gazettes/2021/11/2255-38_E.pdf,doc-archive/2021/11/25/2255-38/2255-38_english.pdf
2255-39,https://documents.gov.lk/view/extra-gazettes/2021/11/2255-39_E.pdf,doc-archive/2021/11/25/2255-39/2255-39_english.pdf
2255-40,https://documents.gov.lk/view/extra-gazettes/2021/11/2255-40_E.pdf,doc-archive/2021/11/25/2255-40/2255-40_english.pdf
2255-41,https://documents.gov.lk/view/extra-gazettes/2021/11/2255-41_E.pdf,doc-archive/2021/11/25/2255-41/2255-41_english.pdf
2255-42,https://documents.gov.lk/view/extra-gazettes/2021/11/2255-42_E.pdf,doc-archive/2021/11/25/2255-42/2255-42_english.pdf
2255-44,https://documents.gov.lk/view/extra-gazettes/2021/11/2255-44_E.pdf,doc-archive/2021/11/25/2255-44/2255-44_english.pdf
2255-43,https://documents.gov.lk/view/extra-gazettes/2021/11/2255-43_E.pdf,doc-archive/2021/11/25/2255-43/2255-43_english.pdf
2255-45,https://documents.gov.lk/view/extra-gazettes/2021/11/2255-45_E.pdf,doc-archive/2021/11/25/2255-45/2255-45_english.pdf
2255-47,https://documents.gov.lk/view/extra-gazettes/2021/11/2255-47_E.pdf,doc-archive/2021/11/25/2255-47/2255-47_english.pdf
2255-46,https://documents.gov.lk/view/extra-gazettes/2021/11/2255-46_E.pdf,doc-archive/2021/11/25/2255-46/2255-46_english.pdf
2255-13,https://documents.gov.lk/view/extra-gazettes/2021/11/2255-13_E.pdf,doc-archive/2021/11/24/2255-13/2255-13_english.pdf
2255-14,https://documents.gov.lk/view/extra-gazettes/2021/11/2255-14_E.pdf,doc-archive/2021/11/24/2255-14/2255-14_english.pdf
2255-15,https://documents.gov.lk/view/extra-gazettes/2021/11/2255-15_E.pdf,doc-archive/2021/11/24/2255-15/2255-15_english.pdf
2255-16,https://documents.gov.lk/view/extra-gazettes/2021/11/2255-16_E.pdf,doc-archive/2021/11/24/2255-16/2255-16_english.pdf
2255-17,https://documents.gov.lk/view/extra-gazettes/2021/11/2255-17_E.pdf,doc-archive/2021/11/24/2255-17/2255-17_english.pdf
2255-18,https://documents.gov.lk/view/extra-gazettes/2021/11/2255-18_E.pdf,doc-archive/2021/11/24/2255-18/2255-18_english.pdf
2255-19,https://documents.gov.lk/view/extra-gazettes/2021/11/2255-19_E.pdf,doc-archive/2021/11/24/2255-19/2255-19_english.pdf
2255-20,https://documents.gov.lk/view/extra-gazettes/2021/11/2255-20_E.pdf,doc-archive/2021/11/24/2255-20/2255-20_english.pdf
2255-21,https://documents.gov.lk/view/extra-gazettes/2021/11/2255-21_E.pdf,doc-archive/2021/11/24/2255-21/2255-21_english.pdf
2255-22,https://documents.gov.lk/view/extra-gazettes/2021/11/2255-22_E.pdf,doc-archive/2021/11/24/2255-22/2255-22_english.pdf
2255-23,https://documents.gov.lk/view/extra-gazettes/2021/11/2255-23_E.pdf,doc-archive/2021/11/24/2255-23/2255-23_english.pdf
2255-24,https://documents.gov.lk/view/extra-gazettes/2021/11/2255-24_E.pdf,doc-archive/2021/11/24/2255-24/2255-24_english.pdf
2255-06,https://documents.gov.lk/view/extra-gazettes/2021/11/2255-06_E.pdf,doc-archive/2021/11/23/2255-06/2255-06_english.pdf
2255-07,https://documents.gov.lk/view/extra-gazettes/2021/11/2255-07_E.pdf,doc-archive/2021/11/23/2255-07/2255-07_english.pdf
2255-08,https://documents.gov.lk/view/extra-gazettes/2021/11/2255-08_E.pdf,doc-archive/2021/11/23/2255-08/2255-08_english.pdf
2255-09,https://documents.gov.lk/view/extra-gazettes/2021/11/2255-09_E.pdf,doc-archive/2021/11/23/2255-09/2255-09_english.pdf
2255-11,https://documents.gov.lk/view/extra-gazettes/2021/11/2255-11_E.pdf,doc-archive/2021/11/23/2255-11/2255-11_english.pdf
2255-12,https://documents.gov.lk/view/extra-gazettes/2021/11/2255-12_E.pdf,doc-archive/2021/11/23/2255-12/2255-12_english.pdf
2255-01,https://documents.gov.lk/view/extra-gazettes/2021/11/2255-01_E.pdf,doc-archive/2021/11/22/2255-01/2255-01_english.pdf
2255-02,https://documents.gov.lk/view/extra-gazettes/2021/11/2255-02_E.pdf,doc-archive/2021/11/22/2255-02/2255-02_english.pdf
2255-04,https://documents.gov.lk/view/extra-gazettes/2021/11/2255-04_E.pdf,doc-archive/2021/11/22/2255-04/2255-04_english.pdf
2255-05,https://documents.gov.lk/view/extra-gazettes/2021/11/2255-05_E.pdf,doc-archive/2021/11/22/2255-05/2255-05_english.pdf
2254-49,https://documents.gov.lk/view/extra-gazettes/2021/11/2254-49_E.pdf,doc-archive/2021/11/20/2254-49/2254-49_english.pdf
2254-39,https://documents.gov.lk/view/extra-gazettes/2021/11/2254-39_E.pdf,doc-archive/2021/11/19/2254-39/2254-39_english.pdf
2254-40,https://documents.gov.lk/view/extra-gazettes/2021/11/2254-40_E.pdf,doc-archive/2021/11/19/2254-40/2254-40_english.pdf
2254-41,https://documents.gov.lk/view/extra-gazettes/2021/11/2254-41_E.pdf,doc-archive/2021/11/19/2254-41/2254-41_english.pdf
2254-42,https://documents.gov.lk/view/extra-gazettes/2021/11/2254-42_E.pdf,doc-archive/2021/11/19/2254-42/2254-42_english.pdf
2254-43,https://documents.gov.lk/view/extra-gazettes/2021/11/2254-43_E.pdf,doc-archive/2021/11/19/2254-43/2254-43_english.pdf
2254-44,https://documents.gov.lk/view/extra-gazettes/2021/11/2254-44_E.pdf,doc-archive/2021/11/19/2254-44/2254-44_english.pdf
2254-45,https://documents.gov.lk/view/extra-gazettes/2021/11/2254-45_E.pdf,doc-archive/2021/11/19/2254-45/2254-45_english.pdf
2254-46,https://documents.gov.lk/view/extra-gazettes/2021/11/2254-46_E.pdf,doc-archive/2021/11/19/2254-46/2254-46_english.pdf
2254-47,https://documents.gov.lk/view/extra-gazettes/2021/11/2254-47_E.pdf,doc-archive/2021/11/19/2254-47/2254-47_english.pdf
2254-48,https://documents.gov.lk/view/extra-gazettes/2021/11/2254-48_E.pdf,doc-archive/2021/11/19/2254-48/2254-48_english.pdf
2254-35,https://documents.gov.lk/view/extra-gazettes/2021/11/2254-35_E.pdf,doc-archive/2021/11/18/2254-35/2254-35_english.pdf
2254-36,https://documents.gov.lk/view/extra-gazettes/2021/11/2254-36_E.pdf,doc-archive/2021/11/18/2254-36/2254-36_english.pdf
2254-37,https://documents.gov.lk/view/extra-gazettes/2021/11/2254-37_E.pdf,doc-archive/2021/11/18/2254-37/2254-37_english.pdf
2254-38,https://documents.gov.lk/view/extra-gazettes/2021/11/2254-38_E.pdf,doc-archive/2021/11/18/2254-38/2254-38_english.pdf
2253-47,https://documents.gov.lk/view/extra-gazettes/2021/11/2253-47_E.pdf,doc-archive/2021/11/17/2253-47/2253-47_english.pdf
2254-21,https://documents.gov.lk/view/extra-gazettes/2021/11/2254-21_E.pdf,doc-archive/2021/11/17/2254-21/2254-21_english.pdf
2254-22,https://documents.gov.lk/view/extra-gazettes/2021/11/2254-22_E.pdf,doc-archive/2021/11/17/2254-22/2254-22_english.pdf
2254-23,https://documents.gov.lk/view/extra-gazettes/2021/11/2254-23_E.pdf,doc-archive/2021/11/17/2254-23/2254-23_english.pdf
2254-24,https://documents.gov.lk/view/extra-gazettes/2021/11/2254-24_E.pdf,doc-archive/2021/11/17/2254-24/2254-24_english.pdf
2254-25,https://documents.gov.lk/view/extra-gazettes/2021/11/2254-25_E.pdf,doc-archive/2021/11/17/2254-25/2254-25_english.pdf
2254-26,https://documents.gov.lk/view/extra-gazettes/2021/11/2254-26_E.pdf,doc-archive/2021/11/17/2254-26/2254-26_english.pdf
2254-27,https://documents.gov.lk/view/extra-gazettes/2021/11/2254-27_E.pdf,doc-archive/2021/11/17/2254-27/2254-27_english.pdf
2254-28,https://documents.gov.lk/view/extra-gazettes/2021/11/2254-28_E.pdf,doc-archive/2021/11/17/2254-28/2254-28_english.pdf
2254-29,https://documents.gov.lk/view/extra-gazettes/2021/11/2254-29_E.pdf,doc-archive/2021/11/17/2254-29/2254-29_english.pdf
2254-30,https://documents.gov.lk/view/extra-gazettes/2021/11/2254-30_E.pdf,doc-archive/2021/11/17/2254-30/2254-30_english.pdf
2254-31,https://documents.gov.lk/view/extra-gazettes/2021/11/2254-31_E.pdf,doc-archive/2021/11/17/2254-31/2254-31_english.pdf
2254-32,https://documents.gov.lk/view/extra-gazettes/2021/11/2254-32_E.pdf,doc-archive/2021/11/17/2254-32/2254-32_english.pdf
2254-33,https://documents.gov.lk/view/extra-gazettes/2021/11/2254-33_E.pdf,doc-archive/2021/11/17/2254-33/2254-33_english.pdf
2254-34,https://documents.gov.lk/view/extra-gazettes/2021/11/2254-34_E.pdf,doc-archive/2021/11/17/2254-34/2254-34_english.pdf
2254-11,https://documents.gov.lk/view/extra-gazettes/2021/11/2254-11_E.pdf,doc-archive/2021/11/16/2254-11/2254-11_english.pdf
2254-12,https://documents.gov.lk/view/extra-gazettes/2021/11/2254-12_E.pdf,doc-archive/2021/11/16/2254-12/2254-12_english.pdf
2254-13,https://documents.gov.lk/view/extra-gazettes/2021/11/2254-13_E.pdf,doc-archive/2021/11/16/2254-13/2254-13_english.pdf
2254-14,https://documents.gov.lk/view/extra-gazettes/2021/11/2254-14_E.pdf,doc-archive/2021/11/16/2254-14/2254-14_english.pdf
2254-15,https://documents.gov.lk/view/extra-gazettes/2021/11/2254-15_E.pdf,doc-archive/2021/11/16/2254-15/2254-15_english.pdf
2254-16,https://documents.gov.lk/view/extra-gazettes/2021/11/2254-16_E.pdf,doc-archive/2021/11/16/2254-16/2254-16_english.pdf
2254-17,https://documents.gov.lk/view/extra-gazettes/2021/11/2254-17_E.pdf,doc-archive/2021/11/16/2254-17/2254-17_english.pdf
2254-18,https://documents.gov.lk/view/extra-gazettes/2021/11/2254-18_E.pdf,doc-archive/2021/11/16/2254-18/2254-18_english.pdf
2254-19,https://documents.gov.lk/view/extra-gazettes/2021/11/2254-19_E.pdf,doc-archive/2021/11/16/2254-19/2254-19_english.pdf
2254-20,https://documents.gov.lk/view/extra-gazettes/2021/11/2254-20_E.pdf,doc-archive/2021/11/16/2254-20/2254-20_english.pdf
2254-01,https://documents.gov.lk/view/extra-gazettes/2021/11/2254-01_E.pdf,doc-archive/2021/11/15/2254-01/2254-01_english.pdf
2254-02,https://documents.gov.lk/view/extra-gazettes/2021/11/2254-02_E.pdf,doc-archive/2021/11/15/2254-02/2254-02_english.pdf
2254-03,https://documents.gov.lk/view/extra-gazettes/2021/11/2254-03_E.pdf,doc-archive/2021/11/15/2254-03/2254-03_english.pdf
2254-04,https://documents.gov.lk/view/extra-gazettes/2021/11/2254-04_E.pdf,doc-archive/2021/11/15/2254-04/2254-04_english.pdf
2254-05,https://documents.gov.lk/view/extra-gazettes/2021/11/2254-05_E.pdf,doc-archive/2021/11/15/2254-05/2254-05_english.pdf
2254-06,https://documents.gov.lk/view/extra-gazettes/2021/11/2254-06_E.pdf,doc-archive/2021/11/15/2254-06/2254-06_english.pdf
2254-08,https://documents.gov.lk/view/extra-gazettes/2021/11/2254-08_E.pdf,doc-archive/2021/11/15/2254-08/2254-08_english.pdf
2254-07,https://documents.gov.lk/view/extra-gazettes/2021/11/2254-07_E.pdf,doc-archive/2021/11/15/2254-07/2254-07_english.pdf
2254-09,https://documents.gov.lk/view/extra-gazettes/2021/11/2254-09_E.pdf,doc-archive/2021/11/15/2254-09/2254-09_english.pdf
2254-10,https://documents.gov.lk/view/extra-gazettes/2021/11/2254-10_E.pdf,doc-archive/2021/11/15/2254-10/2254-10_english.pdf
2253-64,https://documents.gov.lk/view/extra-gazettes/2021/11/2253-64_E.pdf,doc-archive/2021/11/14/2253-64/2253-64_english.pdf
2253-65,https://documents.gov.lk/view/extra-gazettes/2021/11/2253-65_E.pdf,doc-archive/2021/11/14/2253-65/2253-65_english.pdf
2253-59,https://documents.gov.lk/view/extra-gazettes/2021/11/2253-59_E.pdf,doc-archive/2021/11/13/2253-59/2253-59_english.pdf
2253-61,https://documents.gov.lk/view/extra-gazettes/2021/11/2253-61_E.pdf,doc-archive/2021/11/13/2253-61/2253-61_english.pdf
2253-63,https://documents.gov.lk/view/extra-gazettes/2021/11/2253-63_E.pdf,doc-archive/2021/11/13/2253-63/2253-63_english.pdf
2253-40,https://documents.gov.lk/view/extra-gazettes/2021/11/2253-40_E.pdf,doc-archive/2021/11/12/2253-40/2253-40_english.pdf
2253-41,https://documents.gov.lk/view/extra-gazettes/2021/11/2253-41_E.pdf,doc-archive/2021/11/12/2253-41/2253-41_english.pdf
2253-42,https://documents.gov.lk/view/extra-gazettes/2021/11/2253-42_E.pdf,doc-archive/2021/11/12/2253-42/2253-42_english.pdf
2253-43,https://documents.gov.lk/view/extra-gazettes/2021/11/2253-43_E.pdf,doc-archive/2021/11/12/2253-43/2253-43_english.pdf
2253-44,https://documents.gov.lk/view/extra-gazettes/2021/11/2253-44_E.pdf,doc-archive/2021/11/12/2253-44/2253-44_english.pdf
2253-45,https://documents.gov.lk/view/extra-gazettes/2021/11/2253-45_E.pdf,doc-archive/2021/11/12/2253-45/2253-45_english.pdf
2253-46,https://documents.gov.lk/view/extra-gazettes/2021/11/2253-46_E.pdf,doc-archive/2021/11/12/2253-46/2253-46_english.pdf
2253-48,https://documents.gov.lk/view/extra-gazettes/2021/11/2253-48_E.pdf,doc-archive/2021/11/12/2253-48/2253-48_english.pdf
2253-49,https://documents.gov.lk/view/extra-gazettes/2021/11/2253-49_E.pdf,doc-archive/2021/11/12/2253-49/2253-49_english.pdf
2253-50,https://documents.gov.lk/view/extra-gazettes/2021/11/2253-50_E.pdf,doc-archive/2021/11/12/2253-50/2253-50_english.pdf
2253-51,https://documents.gov.lk/view/extra-gazettes/2021/11/2253-51_E.pdf,doc-archive/2021/11/12/2253-51/2253-51_english.pdf
2253-52,https://documents.gov.lk/view/extra-gazettes/2021/11/2253-52_E.pdf,doc-archive/2021/11/12/2253-52/2253-52_english.pdf
2253-53,https://documents.gov.lk/view/extra-gazettes/2021/11/2253-53_E.pdf,doc-archive/2021/11/12/2253-53/2253-53_english.pdf
2253-54,https://documents.gov.lk/view/extra-gazettes/2021/11/2253-54_E.pdf,doc-archive/2021/11/12/2253-54/2253-54_english.pdf
2253-55,https://documents.gov.lk/view/extra-gazettes/2021/11/2253-55_E.pdf,doc-archive/2021/11/12/2253-55/2253-55_english.pdf
2253-56,https://documents.gov.lk/view/extra-gazettes/2021/11/2253-56_E.pdf,doc-archive/2021/11/12/2253-56/2253-56_english.pdf
2253-57,https://documents.gov.lk/view/extra-gazettes/2021/11/2253-57_E.pdf,doc-archive/2021/11/12/2253-57/2253-57_english.pdf
2253-58,https://documents.gov.lk/view/extra-gazettes/2021/11/2253-58_E.pdf,doc-archive/2021/11/12/2253-58/2253-58_english.pdf
2253-26,https://documents.gov.lk/view/extra-gazettes/2021/11/2253-26_E.pdf,doc-archive/2021/11/11/2253-26/2253-26_english.pdf
2253-30,https://documents.gov.lk/view/extra-gazettes/2021/11/2253-30_E.pdf,doc-archive/2021/11/11/2253-30/2253-30_english.pdf
2253-31,https://documents.gov.lk/view/extra-gazettes/2021/11/2253-31_E.pdf,doc-archive/2021/11/11/2253-31/2253-31_english.pdf
2253-32,https://documents.gov.lk/view/extra-gazettes/2021/11/2253-32_E.pdf,doc-archive/2021/11/11/2253-32/2253-32_english.pdf
2253-33,https://documents.gov.lk/view/extra-gazettes/2021/11/2253-33_E.pdf,doc-archive/2021/11/11/2253-33/2253-33_english.pdf
2253-34,https://documents.gov.lk/view/extra-gazettes/2021/11/2253-34_E.pdf,doc-archive/2021/11/11/2253-34/2253-34_english.pdf
2253-35,https://documents.gov.lk/view/extra-gazettes/2021/11/2253-35_E.pdf,doc-archive/2021/11/11/2253-35/2253-35_english.pdf
2253-36,https://documents.gov.lk/view/extra-gazettes/2021/11/2253-36_E.pdf,doc-archive/2021/11/11/2253-36/2253-36_english.pdf
2253-37,https://documents.gov.lk/view/extra-gazettes/2021/11/2253-37_E.pdf,doc-archive/2021/11/11/2253-37/2253-37_english.pdf
2253-38,https://documents.gov.lk/view/extra-gazettes/2021/11/2253-38_E.pdf,doc-archive/2021/11/11/2253-38/2253-38_english.pdf
2253-18,https://documents.gov.lk/view/extra-gazettes/2021/11/2253-18_E.pdf,doc-archive/2021/11/10/2253-18/2253-18_english.pdf
2253-39,https://documents.gov.lk/view/extra-gazettes/2021/11/2253-39_E.pdf,doc-archive/2021/11/11/2253-39/2253-39_english.pdf
2253-19,https://documents.gov.lk/view/extra-gazettes/2021/11/2253-19_E.pdf,doc-archive/2021/11/10/2253-19/2253-19_english.pdf
2253-20,https://documents.gov.lk/view/extra-gazettes/2021/11/2253-20_E.pdf,doc-archive/2021/11/10/2253-20/2253-20_english.pdf
2253-21,https://documents.gov.lk/view/extra-gazettes/2021/11/2253-21_E.pdf,doc-archive/2021/11/10/2253-21/2253-21_english.pdf
2253-22,https://documents.gov.lk/view/extra-gazettes/2021/11/2253-22_E.pdf,doc-archive/2021/11/10/2253-22/2253-22_english.pdf
2253-23,https://documents.gov.lk/view/extra-gazettes/2021/11/2253-23_E.pdf,doc-archive/2021/11/10/2253-23/2253-23_english.pdf
2253-25,https://documents.gov.lk/view/extra-gazettes/2021/11/2253-25_E.pdf,doc-archive/2021/11/10/2253-25/2253-25_english.pdf
2253-24,https://documents.gov.lk/view/extra-gazettes/2021/11/2253-24_E.pdf,doc-archive/2021/11/10/2253-24/2253-24_english.pdf
2253-10,https://documents.gov.lk/view/extra-gazettes/2021/11/2253-10_E.pdf,doc-archive/2021/11/09/2253-10/2253-10_english.pdf
2253-11,https://documents.gov.lk/view/extra-gazettes/2021/11/2253-11_E.pdf,doc-archive/2021/11/09/2253-11/2253-11_english.pdf
2253-13,https://documents.gov.lk/view/extra-gazettes/2021/11/2253-13_E.pdf,doc-archive/2021/11/09/2253-13/2253-13_english.pdf
2253-14,https://documents.gov.lk/view/extra-gazettes/2021/11/2253-14_E.pdf,doc-archive/2021/11/09/2253-14/2253-14_english.pdf
2253-12,https://documents.gov.lk/view/extra-gazettes/2021/11/2253-12_E.pdf,doc-archive/2021/11/09/2253-12/2253-12_english.pdf
2253-15,https://documents.gov.lk/view/extra-gazettes/2021/11/2253-15_E.pdf,doc-archive/2021/11/09/2253-15/2253-15_english.pdf
2253-16,https://documents.gov.lk/view/extra-gazettes/2021/11/2253-16_E.pdf,doc-archive/2021/11/09/2253-16/2253-16_english.pdf
2253-17,https://documents.gov.lk/view/extra-gazettes/2021/11/2253-17_E.pdf,doc-archive/2021/11/09/2253-17/2253-17_english.pdf
2253-01,https://documents.gov.lk/view/extra-gazettes/2021/11/2253-01_E.pdf,doc-archive/2021/11/08/2253-01/2253-01_english.pdf
2253-02,https://documents.gov.lk/view/extra-gazettes/2021/11/2253-02_E.pdf,doc-archive/2021/11/08/2253-02/2253-02_english.pdf
2253-03,https://documents.gov.lk/view/extra-gazettes/2021/11/2253-03_E.pdf,doc-archive/2021/11/08/2253-03/2253-03_english.pdf
2253-04,https://documents.gov.lk/view/extra-gazettes/2021/11/2253-04_E.pdf,doc-archive/2021/11/08/2253-04/2253-04_english.pdf
2253-05,https://documents.gov.lk/view/extra-gazettes/2021/11/2253-05_E.pdf,doc-archive/2021/11/08/2253-05/2253-05_english.pdf
2253-06,https://documents.gov.lk/view/extra-gazettes/2021/11/2253-06_E.pdf,doc-archive/2021/11/08/2253-06/2253-06_english.pdf
2253-07,https://documents.gov.lk/view/extra-gazettes/2021/11/2253-07_E.pdf,doc-archive/2021/11/08/2253-07/2253-07_english.pdf
2253-08,https://documents.gov.lk/view/extra-gazettes/2021/11/2253-08_E.pdf,doc-archive/2021/11/08/2253-08/2253-08_english.pdf
2253-09,https://documents.gov.lk/view/extra-gazettes/2021/11/2253-09_E.pdf,doc-archive/2021/11/08/2253-09/2253-09_english.pdf
2252-52,https://documents.gov.lk/view/extra-gazettes/2021/11/2252-52_E.pdf,doc-archive/2021/11/06/2252-52/2252-52_english.pdf
2252-53,https://documents.gov.lk/view/extra-gazettes/2021/11/2252-53_E.pdf,doc-archive/2021/11/06/2252-53/2252-53_english.pdf
2252-54,https://documents.gov.lk/view/extra-gazettes/2021/11/2252-54_E.pdf,doc-archive/2021/11/06/2252-54/2252-54_english.pdf
2252-55,https://documents.gov.lk/view/extra-gazettes/2021/11/2252-55_E.pdf,doc-archive/2021/11/06/2252-55/2252-55_english.pdf
2252-56,https://documents.gov.lk/view/extra-gazettes/2021/11/2252-56_E.pdf,doc-archive/2021/11/06/2252-56/2252-56_english.pdf
2252-42,https://documents.gov.lk/view/extra-gazettes/2021/11/2252-42_E.pdf,doc-archive/2021/11/05/2252-42/2252-42_english.pdf
2252-44,https://documents.gov.lk/view/extra-gazettes/2021/11/2252-44_E.pdf,doc-archive/2021/11/05/2252-44/2252-44_english.pdf
2252-45,https://documents.gov.lk/view/extra-gazettes/2021/11/2252-45_E.pdf,doc-archive/2021/11/05/2252-45/2252-45_english.pdf
2252-46,https://documents.gov.lk/view/extra-gazettes/2021/11/2252-46_E.pdf,doc-archive/2021/11/05/2252-46/2252-46_english.pdf
2252-48,https://documents.gov.lk/view/extra-gazettes/2021/11/2252-48_E.pdf,doc-archive/2021/11/05/2252-48/2252-48_english.pdf
2252-49,https://documents.gov.lk/view/extra-gazettes/2021/11/2252-49_E.pdf,doc-archive/2021/11/05/2252-49/2252-49_english.pdf
2252-50,https://documents.gov.lk/view/extra-gazettes/2021/11/2252-50_E.pdf,doc-archive/2021/11/05/2252-50/2252-50_english.pdf
2252-51,https://documents.gov.lk/view/extra-gazettes/2021/11/2252-51_E.pdf,doc-archive/2021/11/05/2252-51/2252-51_english.pdf
2252-41,https://documents.gov.lk/view/extra-gazettes/2021/11/2252-41_E.pdf,doc-archive/2021/11/04/2252-41/2252-41_english.pdf
2252-26,https://documents.gov.lk/view/extra-gazettes/2021/11/2252-26_E.pdf,doc-archive/2021/11/03/2252-26/2252-26_english.pdf
2252-27,https://documents.gov.lk/view/extra-gazettes/2021/11/2252-27_E.pdf,doc-archive/2021/11/03/2252-27/2252-27_english.pdf
2252-28,https://documents.gov.lk/view/extra-gazettes/2021/11/2252-28_E.pdf,doc-archive/2021/11/03/2252-28/2252-28_english.pdf
2252-29,https://documents.gov.lk/view/extra-gazettes/2021/11/2252-29_E.pdf,doc-archive/2021/11/03/2252-29/2252-29_english.pdf
2252-30,https://documents.gov.lk/view/extra-gazettes/2021/11/2252-30_E.pdf,doc-archive/2021/11/03/2252-30/2252-30_english.pdf
2252-31,https://documents.gov.lk/view/extra-gazettes/2021/11/2252-31_E.pdf,doc-archive/2021/11/03/2252-31/2252-31_english.pdf
2252-32,https://documents.gov.lk/view/extra-gazettes/2021/11/2252-32_E.pdf,doc-archive/2021/11/03/2252-32/2252-32_english.pdf
2252-33,https://documents.gov.lk/view/extra-gazettes/2021/11/2252-33_E.pdf,doc-archive/2021/11/03/2252-33/2252-33_english.pdf
2252-34,https://documents.gov.lk/view/extra-gazettes/2021/11/2252-34_E.pdf,doc-archive/2021/11/03/2252-34/2252-34_english.pdf
2252-35,https://documents.gov.lk/view/extra-gazettes/2021/11/2252-35_E.pdf,doc-archive/2021/11/03/2252-35/2252-35_english.pdf
2252-36,https://documents.gov.lk/view/extra-gazettes/2021/11/2252-36_E.pdf,doc-archive/2021/11/03/2252-36/2252-36_english.pdf
2252-37,https://documents.gov.lk/view/extra-gazettes/2021/11/2252-37_E.pdf,doc-archive/2021/11/03/2252-37/2252-37_english.pdf
2252-38,https://documents.gov.lk/view/extra-gazettes/2021/11/2252-38_E.pdf,doc-archive/2021/11/03/2252-38/2252-38_english.pdf
2252-39,https://documents.gov.lk/view/extra-gazettes/2021/11/2252-39_E.pdf,doc-archive/2021/11/03/2252-39/2252-39_english.pdf
2252-40,https://documents.gov.lk/view/extra-gazettes/2021/11/2252-40_E.pdf,doc-archive/2021/11/03/2252-40/2252-40_english.pdf
2252-09,https://documents.gov.lk/view/extra-gazettes/2021/11/2252-09_E.pdf,doc-archive/2021/11/02/2252-09/2252-09_english.pdf
2252-10,https://documents.gov.lk/view/extra-gazettes/2021/11/2252-10_E.pdf,doc-archive/2021/11/02/2252-10/2252-10_english.pdf
2252-11,https://documents.gov.lk/view/extra-gazettes/2021/11/2252-11_E.pdf,doc-archive/2021/11/02/2252-11/2252-11_english.pdf
2252-12,https://documents.gov.lk/view/extra-gazettes/2021/11/2252-12_E.pdf,doc-archive/2021/11/02/2252-12/2252-12_english.pdf
2252-13,https://documents.gov.lk/view/extra-gazettes/2021/11/2252-13_E.pdf,doc-archive/2021/11/02/2252-13/2252-13_english.pdf
2252-14,https://documents.gov.lk/view/extra-gazettes/2021/11/2252-14_E.pdf,doc-archive/2021/11/02/2252-14/2252-14_english.pdf
2252-15,https://documents.gov.lk/view/extra-gazettes/2021/11/2252-15_E.pdf,doc-archive/2021/11/02/2252-15/2252-15_english.pdf
2252-16,https://documents.gov.lk/view/extra-gazettes/2021/11/2252-16_E.pdf,doc-archive/2021/11/02/2252-16/2252-16_english.pdf
2252-17,https://documents.gov.lk/view/extra-gazettes/2021/11/2252-17_E.pdf,doc-archive/2021/11/02/2252-17/2252-17_english.pdf
2252-18,https://documents.gov.lk/view/extra-gazettes/2021/11/2252-18_E.pdf,doc-archive/2021/11/02/2252-18/2252-18_english.pdf
2252-19,https://documents.gov.lk/view/extra-gazettes/2021/11/2252-19_E.pdf,doc-archive/2021/11/02/2252-19/2252-19_english.pdf
2252-20,https://documents.gov.lk/view/extra-gazettes/2021/11/2252-20_E.pdf,doc-archive/2021/11/02/2252-20/2252-20_english.pdf
2252-21,https://documents.gov.lk/view/extra-gazettes/2021/11/2252-21_E.pdf,doc-archive/2021/11/02/2252-21/2252-21_english.pdf
2252-22,https://documents.gov.lk/view/extra-gazettes/2021/11/2252-22_E.pdf,doc-archive/2021/11/02/2252-22/2252-22_english.pdf
2252-23,https://documents.gov.lk/view/extra-gazettes/2021/11/2252-23_E.pdf,doc-archive/2021/11/02/2252-23/2252-23_english.pdf
2252-24,https://documents.gov.lk/view/extra-gazettes/2021/11/2252-24_E.pdf,doc-archive/2021/11/02/2252-24/2252-24_english.pdf
2252-25,https://documents.gov.lk/view/extra-gazettes/2021/11/2252-25_E.pdf,doc-archive/2021/11/02/2252-25/2252-25_english.pdf
2252-01,https://documents.gov.lk/view/extra-gazettes/2021/11/2252-01_E.pdf,doc-archive/2021/11/01/2252-01/2252-01_english.pdf
2252-02,https://documents.gov.lk/view/extra-gazettes/2021/11/2252-02_E.pdf,doc-archive/2021/11/01/2252-02/2252-02_english.pdf
2252-03,https://documents.gov.lk/view/extra-gazettes/2021/11/2252-03_E.pdf,doc-archive/2021/11/01/2252-03/2252-03_english.pdf
2252-05,https://documents.gov.lk/view/extra-gazettes/2021/11/2252-05_E.pdf,doc-archive/2021/11/01/2252-05/2252-05_english.pdf
2252-04,https://documents.gov.lk/view/extra-gazettes/2021/11/2252-04_E.pdf,doc-archive/2021/11/01/2252-04/2252-04_english.pdf
2252-06,https://documents.gov.lk/view/extra-gazettes/2021/11/2252-06_E.pdf,doc-archive/2021/11/01/2252-06/2252-06_english.pdf
2252-07,https://documents.gov.lk/view/extra-gazettes/2021/11/2252-07_E.pdf,doc-archive/2021/11/01/2252-07/2252-07_english.pdf
2252-08,https://documents.gov.lk/view/extra-gazettes/2021/11/2252-08_E.pdf,doc-archive/2021/11/01/2252-08/2252-08_english.pdf
2260-70,https://documents.gov.lk/view/extra-gazettes/2021/12/2260-70_E.pdf,doc-archive/2021/12/31/2260-70/2260-70_english.pdf
2260-71,https://documents.gov.lk/view/extra-gazettes/2021/12/2260-71_E.pdf,doc-archive/2021/12/31/2260-71/2260-71_english.pdf
2260-72,https://documents.gov.lk/view/extra-gazettes/2021/12/2260-72_E.pdf,doc-archive/2021/12/31/2260-72/2260-72_english.pdf
2260-73,https://documents.gov.lk/view/extra-gazettes/2021/12/2260-73_E.pdf,doc-archive/2021/12/31/2260-73/2260-73_english.pdf
2260-74,https://documents.gov.lk/view/extra-gazettes/2021/12/2260-74_E.pdf,doc-archive/2021/12/31/2260-74/2260-74_english.pdf
2260-75,https://documents.gov.lk/view/extra-gazettes/2021/12/2260-75_E.pdf,doc-archive/2021/12/31/2260-75/2260-75_english.pdf
2260-60,https://documents.gov.lk/view/extra-gazettes/2021/12/2260-60_E.pdf,doc-archive/2021/12/30/2260-60/2260-60_english.pdf
2260-61,https://documents.gov.lk/view/extra-gazettes/2021/12/2260-61_E.pdf,doc-archive/2021/12/30/2260-61/2260-61_english.pdf
2260-63,https://documents.gov.lk/view/extra-gazettes/2021/12/2260-63_E.pdf,doc-archive/2021/12/30/2260-63/2260-63_english.pdf
2260-64,https://documents.gov.lk/view/extra-gazettes/2021/12/2260-64_E.pdf,doc-archive/2021/12/30/2260-64/2260-64_english.pdf
2260-65,https://documents.gov.lk/view/extra-gazettes/2021/12/2260-65_E.pdf,doc-archive/2021/12/30/2260-65/2260-65_english.pdf
2260-66,https://documents.gov.lk/view/extra-gazettes/2021/12/2260-66_E.pdf,doc-archive/2021/12/30/2260-66/2260-66_english.pdf
2260-67,https://documents.gov.lk/view/extra-gazettes/2021/12/2260-67_E.pdf,doc-archive/2021/12/30/2260-67/2260-67_english.pdf
2260-68,https://documents.gov.lk/view/extra-gazettes/2021/12/2260-68_E.pdf,doc-archive/2021/12/30/2260-68/2260-68_english.pdf
2260-69,https://documents.gov.lk/view/extra-gazettes/2021/12/2260-69_E.pdf,doc-archive/2021/12/30/2260-69/2260-69_english.pdf
2260-47,https://documents.gov.lk/view/extra-gazettes/2021/12/2260-47_E.pdf,doc-archive/2021/12/29/2260-47/2260-47_english.pdf
2260-48,https://documents.gov.lk/view/extra-gazettes/2021/12/2260-48_E.pdf,doc-archive/2021/12/29/2260-48/2260-48_english.pdf
2260-49,https://documents.gov.lk/view/extra-gazettes/2021/12/2260-49_E.pdf,doc-archive/2021/12/29/2260-49/2260-49_english.pdf
2260-51,https://documents.gov.lk/view/extra-gazettes/2021/12/2260-51_E.pdf,doc-archive/2021/12/29/2260-51/2260-51_english.pdf
2260-52,https://documents.gov.lk/view/extra-gazettes/2021/12/2260-52_E.pdf,doc-archive/2021/12/29/2260-52/2260-52_english.pdf
2260-54,https://documents.gov.lk/view/extra-gazettes/2021/12/2260-54_E.pdf,doc-archive/2021/12/29/2260-54/2260-54_english.pdf
2260-53,https://documents.gov.lk/view/extra-gazettes/2021/12/2260-53_E.pdf,doc-archive/2021/12/29/2260-53/2260-53_english.pdf
2260-55,https://documents.gov.lk/view/extra-gazettes/2021/12/2260-55_E.pdf,doc-archive/2021/12/29/2260-55/2260-55_english.pdf
2260-57,https://documents.gov.lk/view/extra-gazettes/2021/12/2260-57_E.pdf,doc-archive/2021/12/29/2260-57/2260-57_english.pdf
2260-58,https://documents.gov.lk/view/extra-gazettes/2021/12/2260-58_E.pdf,doc-archive/2021/12/29/2260-58/2260-58_english.pdf
2260-16,https://documents.gov.lk/view/extra-gazettes/2021/12/2260-16_E.pdf,doc-archive/2021/12/28/2260-16/2260-16_english.pdf
2260-15,https://documents.gov.lk/view/extra-gazettes/2021/12/2260-15_E.pdf,doc-archive/2021/12/28/2260-15/2260-15_english.pdf
2260-17,https://documents.gov.lk/view/extra-gazettes/2021/12/2260-17_E.pdf,doc-archive/2021/12/28/2260-17/2260-17_english.pdf
2260-18,https://documents.gov.lk/view/extra-gazettes/2021/12/2260-18_E.pdf,doc-archive/2021/12/28/2260-18/2260-18_english.pdf
2260-20,https://documents.gov.lk/view/extra-gazettes/2021/12/2260-20_E.pdf,doc-archive/2021/12/28/2260-20/2260-20_english.pdf
2260-21,https://documents.gov.lk/view/extra-gazettes/2021/12/2260-21_E.pdf,doc-archive/2021/12/28/2260-21/2260-21_english.pdf
2260-22,https://documents.gov.lk/view/extra-gazettes/2021/12/2260-22_E.pdf,doc-archive/2021/12/28/2260-22/2260-22_english.pdf
2260-23,https://documents.gov.lk/view/extra-gazettes/2021/12/2260-23_E.pdf,doc-archive/2021/12/28/2260-23/2260-23_english.pdf
2260-24,https://documents.gov.lk/view/extra-gazettes/2021/12/2260-24_E.pdf,doc-archive/2021/12/28/2260-24/2260-24_english.pdf
2260-25,https://documents.gov.lk/view/extra-gazettes/2021/12/2260-25_E.pdf,doc-archive/2021/12/28/2260-25/2260-25_english.pdf
2260-26,https://documents.gov.lk/view/extra-gazettes/2021/12/2260-26_E.pdf,doc-archive/2021/12/28/2260-26/2260-26_english.pdf
2260-27,https://documents.gov.lk/view/extra-gazettes/2021/12/2260-27_E.pdf,doc-archive/2021/12/28/2260-27/2260-27_english.pdf
2260-29,https://documents.gov.lk/view/extra-gazettes/2021/12/2260-29_E.pdf,doc-archive/2021/12/28/2260-29/2260-29_english.pdf
2260-30,https://documents.gov.lk/view/extra-gazettes/2021/12/2260-30_E.pdf,doc-archive/2021/12/28/2260-30/2260-30_english.pdf
2260-31,https://documents.gov.lk/view/extra-gazettes/2021/12/2260-31_E.pdf,doc-archive/2021/12/28/2260-31/2260-31_english.pdf
2260-32,https://documents.gov.lk/view/extra-gazettes/2021/12/2260-32_E.pdf,doc-archive/2021/12/28/2260-32/2260-32_english.pdf
2260-34,https://documents.gov.lk/view/extra-gazettes/2021/12/2260-34_E.pdf,doc-archive/2021/12/28/2260-34/2260-34_english.pdf
2260-35,https://documents.gov.lk/view/extra-gazettes/2021/12/2260-35_E.pdf,doc-archive/2021/12/28/2260-35/2260-35_english.pdf
2260-36,https://documents.gov.lk/view/extra-gazettes/2021/12/2260-36_E.pdf,doc-archive/2021/12/28/2260-36/2260-36_english.pdf
2260-37,https://documents.gov.lk/view/extra-gazettes/2021/12/2260-37_E.pdf,doc-archive/2021/12/28/2260-37/2260-37_english.pdf
2260-38,https://documents.gov.lk/view/extra-gazettes/2021/12/2260-38_E.pdf,doc-archive/2021/12/28/2260-38/2260-38_english.pdf
2260-39,https://documents.gov.lk/view/extra-gazettes/2021/12/2260-39_E.pdf,doc-archive/2021/12/28/2260-39/2260-39_english.pdf
2260-40,https://documents.gov.lk/view/extra-gazettes/2021/12/2260-40_E.pdf,doc-archive/2021/12/28/2260-40/2260-40_english.pdf
2260-41,https://documents.gov.lk/view/extra-gazettes/2021/12/2260-41_E.pdf,doc-archive/2021/12/28/2260-41/2260-41_english.pdf
2260-42,https://documents.gov.lk/view/extra-gazettes/2021/12/2260-42_E.pdf,doc-archive/2021/12/28/2260-42/2260-42_english.pdf
2260-43,https://documents.gov.lk/view/extra-gazettes/2021/12/2260-43_E.pdf,doc-archive/2021/12/28/2260-43/2260-43_english.pdf
2260-44,https://documents.gov.lk/view/extra-gazettes/2021/12/2260-44_E.pdf,doc-archive/2021/12/28/2260-44/2260-44_english.pdf
2260-45,https://documents.gov.lk/view/extra-gazettes/2021/12/2260-45_E.pdf,doc-archive/2021/12/28/2260-45/2260-45_english.pdf
2260-01,https://documents.gov.lk/view/extra-gazettes/2021/12/2260-01_E.pdf,doc-archive/2021/12/27/2260-01/2260-01_english.pdf
2260-46,https://documents.gov.lk/view/extra-gazettes/2021/12/2260-46_E.pdf,doc-archive/2021/12/28/2260-46/2260-46_english.pdf
2260-02,https://documents.gov.lk/view/extra-gazettes/2021/12/2260-02_E.pdf,doc-archive/2021/12/27/2260-02/2260-02_english.pdf
2260-03,https://documents.gov.lk/view/extra-gazettes/2021/12/2260-03_E.pdf,doc-archive/2021/12/27/2260-03/2260-03_english.pdf
2260-04,https://documents.gov.lk/view/extra-gazettes/2021/12/2260-04_E.pdf,doc-archive/2021/12/27/2260-04/2260-04_english.pdf
2260-06,https://documents.gov.lk/view/extra-gazettes/2021/12/2260-06_E.pdf,doc-archive/2021/12/27/2260-06/2260-06_english.pdf
2260-07,https://documents.gov.lk/view/extra-gazettes/2021/12/2260-07_E.pdf,doc-archive/2021/12/27/2260-07/2260-07_english.pdf
2260-08,https://documents.gov.lk/view/extra-gazettes/2021/12/2260-08_E.pdf,doc-archive/2021/12/27/2260-08/2260-08_english.pdf
2260-09,https://documents.gov.lk/view/extra-gazettes/2021/12/2260-09_E.pdf,doc-archive/2021/12/27/2260-09/2260-09_english.pdf
2260-10,https://documents.gov.lk/view/extra-gazettes/2021/12/2260-10_E.pdf,doc-archive/2021/12/27/2260-10/2260-10_english.pdf
2260-05,https://documents.gov.lk/view/extra-gazettes/2021/12/2260-05_E.pdf,doc-archive/2021/12/27/2260-05/2260-05_english.pdf
2260-11,https://documents.gov.lk/view/extra-gazettes/2021/12/2260-11_E.pdf,doc-archive/2021/12/27/2260-11/2260-11_english.pdf
2260-12,https://documents.gov.lk/view/extra-gazettes/2021/12/2260-12_E.pdf,doc-archive/2021/12/27/2260-12/2260-12_english.pdf
2260-13,https://documents.gov.lk/view/extra-gazettes/2021/12/2260-13_E.pdf,doc-archive/2021/12/27/2260-13/2260-13_english.pdf
2259-36,https://documents.gov.lk/view/extra-gazettes/2021/12/2259-36_E.pdf,doc-archive/2021/12/24/2259-36/2259-36_english.pdf
2260-14,https://documents.gov.lk/view/extra-gazettes/2021/12/2260-14_E.pdf,doc-archive/2021/12/27/2260-14/2260-14_english.pdf
2259-37,https://documents.gov.lk/view/extra-gazettes/2021/12/2259-37_E.pdf,doc-archive/2021/12/24/2259-37/2259-37_english.pdf
2259-39,https://documents.gov.lk/view/extra-gazettes/2021/12/2259-39_E.pdf,doc-archive/2021/12/24/2259-39/2259-39_english.pdf
2259-38,https://documents.gov.lk/view/extra-gazettes/2021/12/2259-38_E.pdf,doc-archive/2021/12/24/2259-38/2259-38_english.pdf
2259-40,https://documents.gov.lk/view/extra-gazettes/2021/12/2259-40_E.pdf,doc-archive/2021/12/24/2259-40/2259-40_english.pdf
2259-42,https://documents.gov.lk/view/extra-gazettes/2021/12/2259-42_E.pdf,doc-archive/2021/12/24/2259-42/2259-42_english.pdf
2259-41,https://documents.gov.lk/view/extra-gazettes/2021/12/2259-41_E.pdf,doc-archive/2021/12/24/2259-41/2259-41_english.pdf
2259-43,https://documents.gov.lk/view/extra-gazettes/2021/12/2259-43_E.pdf,doc-archive/2021/12/24/2259-43/2259-43_english.pdf
2259-46,https://documents.gov.lk/view/extra-gazettes/2021/12/2259-46_E.pdf,doc-archive/2021/12/24/2259-46/2259-46_english.pdf
2259-47,https://documents.gov.lk/view/extra-gazettes/2021/12/2259-47_E.pdf,doc-archive/2021/12/24/2259-47/2259-47_english.pdf
2259-44,https://documents.gov.lk/view/extra-gazettes/2021/12/2259-44_E.pdf,doc-archive/2021/12/24/2259-44/2259-44_english.pdf
2259-48,https://documents.gov.lk/view/extra-gazettes/2021/12/2259-48_E.pdf,doc-archive/2021/12/24/2259-48/2259-48_english.pdf
2259-50,https://documents.gov.lk/view/extra-gazettes/2021/12/2259-50_E.pdf,doc-archive/2021/12/24/2259-50/2259-50_english.pdf
2259-49,https://documents.gov.lk/view/extra-gazettes/2021/12/2259-49_E.pdf,doc-archive/2021/12/24/2259-49/2259-49_english.pdf
2259-51,https://documents.gov.lk/view/extra-gazettes/2021/12/2259-51_E.pdf,doc-archive/2021/12/24/2259-51/2259-51_english.pdf
2259-52,https://documents.gov.lk/view/extra-gazettes/2021/12/2259-52_E.pdf,doc-archive/2021/12/24/2259-52/2259-52_english.pdf
2259-53,https://documents.gov.lk/view/extra-gazettes/2021/12/2259-53_E.pdf,doc-archive/2021/12/24/2259-53/2259-53_english.pdf
2259-54,https://documents.gov.lk/view/extra-gazettes/2021/12/2259-54_E.pdf,doc-archive/2021/12/24/2259-54/2259-54_english.pdf
2259-24,https://documents.gov.lk/view/extra-gazettes/2021/12/2259-24_E.pdf,doc-archive/2021/12/23/2259-24/2259-24_english.pdf
2259-23,https://documents.gov.lk/view/extra-gazettes/2021/12/2259-23_E.pdf,doc-archive/2021/12/23/2259-23/2259-23_english.pdf
2259-25,https://documents.gov.lk/view/extra-gazettes/2021/12/2259-25_E.pdf,doc-archive/2021/12/23/2259-25/2259-25_english.pdf
2259-26,https://documents.gov.lk/view/extra-gazettes/2021/12/2259-26_E.pdf,doc-archive/2021/12/23/2259-26/2259-26_english.pdf
2259-27,https://documents.gov.lk/view/extra-gazettes/2021/12/2259-27_E.pdf,doc-archive/2021/12/23/2259-27/2259-27_english.pdf
2259-28,https://documents.gov.lk/view/extra-gazettes/2021/12/2259-28_E.pdf,doc-archive/2021/12/23/2259-28/2259-28_english.pdf
2259-29,https://documents.gov.lk/view/extra-gazettes/2021/12/2259-29_E.pdf,doc-archive/2021/12/23/2259-29/2259-29_english.pdf
2259-30,https://documents.gov.lk/view/extra-gazettes/2021/12/2259-30_E.pdf,doc-archive/2021/12/23/2259-30/2259-30_english.pdf
2259-31,https://documents.gov.lk/view/extra-gazettes/2021/12/2259-31_E.pdf,doc-archive/2021/12/23/2259-31/2259-31_english.pdf
2259-32,https://documents.gov.lk/view/extra-gazettes/2021/12/2259-32_E.pdf,doc-archive/2021/12/23/2259-32/2259-32_english.pdf
2259-33,https://documents.gov.lk/view/extra-gazettes/2021/12/2259-33_E.pdf,doc-archive/2021/12/23/2259-33/2259-33_english.pdf
2259-34,https://documents.gov.lk/view/extra-gazettes/2021/12/2259-34_E.pdf,doc-archive/2021/12/23/2259-34/2259-34_english.pdf
2259-35,https://documents.gov.lk/view/extra-gazettes/2021/12/2259-35_E.pdf,doc-archive/2021/12/23/2259-35/2259-35_english.pdf
2259-13,https://documents.gov.lk/view/extra-gazettes/2021/12/2259-13_E.pdf,doc-archive/2021/12/22/2259-13/2259-13_english.pdf
2259-14,https://documents.gov.lk/view/extra-gazettes/2021/12/2259-14_E.pdf,doc-archive/2021/12/22/2259-14/2259-14_english.pdf
2259-15,https://documents.gov.lk/view/extra-gazettes/2021/12/2259-15_E.pdf,doc-archive/2021/12/22/2259-15/2259-15_english.pdf
2259-16,https://documents.gov.lk/view/extra-gazettes/2021/12/2259-16_E.pdf,doc-archive/2021/12/22/2259-16/2259-16_english.pdf
2259-17,https://documents.gov.lk/view/extra-gazettes/2021/12/2259-17_E.pdf,doc-archive/2021/12/22/2259-17/2259-17_english.pdf
2259-18,https://documents.gov.lk/view/extra-gazettes/2021/12/2259-18_E.pdf,doc-archive/2021/12/22/2259-18/2259-18_english.pdf
2259-19,https://documents.gov.lk/view/extra-gazettes/2021/12/2259-19_E.pdf,doc-archive/2021/12/22/2259-19/2259-19_english.pdf
2259-20,https://documents.gov.lk/view/extra-gazettes/2021/12/2259-20_E.pdf,doc-archive/2021/12/22/2259-20/2259-20_english.pdf
2259-21,https://documents.gov.lk/view/extra-gazettes/2021/12/2259-21_E.pdf,doc-archive/2021/12/22/2259-21/2259-21_english.pdf
2259-22,https://documents.gov.lk/view/extra-gazettes/2021/12/2259-22_E.pdf,doc-archive/2021/12/22/2259-22/2259-22_english.pdf
2259-09,https://documents.gov.lk/view/extra-gazettes/2021/12/2259-09_E.pdf,doc-archive/2021/12/21/2259-09/2259-09_english.pdf
2259-10,https://documents.gov.lk/view/extra-gazettes/2021/12/2259-10_E.pdf,doc-archive/2021/12/21/2259-10/2259-10_english.pdf
2259-11,https://documents.gov.lk/view/extra-gazettes/2021/12/2259-11_E.pdf,doc-archive/2021/12/21/2259-11/2259-11_english.pdf
2259-12,https://documents.gov.lk/view/extra-gazettes/2021/12/2259-12_E.pdf,doc-archive/2021/12/21/2259-12/2259-12_english.pdf
2259-01,https://documents.gov.lk/view/extra-gazettes/2021/12/2259-01_E.pdf,doc-archive/2021/12/20/2259-01/2259-01_english.pdf
2259-02,https://documents.gov.lk/view/extra-gazettes/2021/12/2259-02_E.pdf,doc-archive/2021/12/20/2259-02/2259-02_english.pdf
2259-03,https://documents.gov.lk/view/extra-gazettes/2021/12/2259-03_E.pdf,doc-archive/2021/12/20/2259-03/2259-03_english.pdf
2259-04,https://documents.gov.lk/view/extra-gazettes/2021/12/2259-04_E.pdf,doc-archive/2021/12/20/2259-04/2259-04_english.pdf
2259-05,https://documents.gov.lk/view/extra-gazettes/2021/12/2259-05_E.pdf,doc-archive/2021/12/20/2259-05/2259-05_english.pdf
2259-06,https://documents.gov.lk/view/extra-gazettes/2021/12/2259-06_E.pdf,doc-archive/2021/12/20/2259-06/2259-06_english.pdf
2259-07,https://documents.gov.lk/view/extra-gazettes/2021/12/2259-07_E.pdf,doc-archive/2021/12/20/2259-07/2259-07_english.pdf
2259-08,https://documents.gov.lk/view/extra-gazettes/2021/12/2259-08_E.pdf,doc-archive/2021/12/20/2259-08/2259-08_english.pdf
2258-56,https://documents.gov.lk/view/extra-gazettes/2021/12/2258-56_E.pdf,doc-archive/2021/12/18/2258-56/2258-56_english.pdf
2258-57,https://documents.gov.lk/view/extra-gazettes/2021/12/2258-57_E.pdf,doc-archive/2021/12/18/2258-57/2258-57_english.pdf
2258-58,https://documents.gov.lk/view/extra-gazettes/2021/12/2258-58_E.pdf,doc-archive/2021/12/18/2258-58/2258-58_english.pdf
2258-59,https://documents.gov.lk/view/extra-gazettes/2021/12/2258-59_E.pdf,doc-archive/2021/12/18/2258-59/2258-59_english.pdf
2258-60,https://documents.gov.lk/view/extra-gazettes/2021/12/2258-60_E.pdf,doc-archive/2021/12/18/2258-60/2258-60_english.pdf
2258-61,https://documents.gov.lk/view/extra-gazettes/2021/12/2258-61_E.pdf,doc-archive/2021/12/18/2258-61/2258-61_english.pdf
2258-63,https://documents.gov.lk/view/extra-gazettes/2021/12/2258-63_E.pdf,doc-archive/2021/12/18/2258-63/2258-63_english.pdf
2258-62,https://documents.gov.lk/view/extra-gazettes/2021/12/2258-62_E.pdf,doc-archive/2021/12/18/2258-62/2258-62_english.pdf
2258-64,https://documents.gov.lk/view/extra-gazettes/2021/12/2258-64_E.pdf,doc-archive/2021/12/18/2258-64/2258-64_english.pdf
2258-66,https://documents.gov.lk/view/extra-gazettes/2021/12/2258-66_E.pdf,doc-archive/2021/12/18/2258-66/2258-66_english.pdf
2258-68,https://documents.gov.lk/view/extra-gazettes/2021/12/2258-68_E.pdf,doc-archive/2021/12/18/2258-68/2258-68_english.pdf
2258-69,https://documents.gov.lk/view/extra-gazettes/2021/12/2258-69_E.pdf,doc-archive/2021/12/18/2258-69/2258-69_english.pdf
2258-70,https://documents.gov.lk/view/extra-gazettes/2021/12/2258-70_E.pdf,doc-archive/2021/12/18/2258-70/2258-70_english.pdf
2258-71,https://documents.gov.lk/view/extra-gazettes/2021/12/2258-71_E.pdf,doc-archive/2021/12/18/2258-71/2258-71_english.pdf
2260-19,https://documents.gov.lk/view/extra-gazettes/2021/12/2260-19_E.pdf,doc-archive/2021/12/18/2260-19/2260-19_english.pdf
2258-46,https://documents.gov.lk/view/extra-gazettes/2021/12/2258-46_E.pdf,doc-archive/2021/12/17/2258-46/2258-46_english.pdf
2258-47,https://documents.gov.lk/view/extra-gazettes/2021/12/2258-47_E.pdf,doc-archive/2021/12/17/2258-47/2258-47_english.pdf
2258-65,https://documents.gov.lk/view/extra-gazettes/2021/12/2258-65_E.pdf,doc-archive/2021/12/18/2258-65/2258-65_english.pdf
2258-48,https://documents.gov.lk/view/extra-gazettes/2021/12/2258-48_E.pdf,doc-archive/2021/12/17/2258-48/2258-48_english.pdf
2258-49,https://documents.gov.lk/view/extra-gazettes/2021/12/2258-49_E.pdf,doc-archive/2021/12/17/2258-49/2258-49_english.pdf
2258-50,https://documents.gov.lk/view/extra-gazettes/2021/12/2258-50_E.pdf,doc-archive/2021/12/17/2258-50/2258-50_english.pdf
2258-52,https://documents.gov.lk/view/extra-gazettes/2021/12/2258-52_E.pdf,doc-archive/2021/12/17/2258-52/2258-52_english.pdf
2258-53,https://documents.gov.lk/view/extra-gazettes/2021/12/2258-53_E.pdf,doc-archive/2021/12/17/2258-53/2258-53_english.pdf
2258-54,https://documents.gov.lk/view/extra-gazettes/2021/12/2258-54_E.pdf,doc-archive/2021/12/17/2258-54/2258-54_english.pdf
2258-55,https://documents.gov.lk/view/extra-gazettes/2021/12/2258-55_E.pdf,doc-archive/2021/12/17/2258-55/2258-55_english.pdf
2258-28,https://documents.gov.lk/view/extra-gazettes/2021/12/2258-28_E.pdf,doc-archive/2021/12/16/2258-28/2258-28_english.pdf
2258-29,https://documents.gov.lk/view/extra-gazettes/2021/12/2258-29_E.pdf,doc-archive/2021/12/16/2258-29/2258-29_english.pdf
2258-30,https://documents.gov.lk/view/extra-gazettes/2021/12/2258-30_E.pdf,doc-archive/2021/12/16/2258-30/2258-30_english.pdf
2258-31,https://documents.gov.lk/view/extra-gazettes/2021/12/2258-31_E.pdf,doc-archive/2021/12/16/2258-31/2258-31_english.pdf
2258-32,https://documents.gov.lk/view/extra-gazettes/2021/12/2258-32_E.pdf,doc-archive/2021/12/16/2258-32/2258-32_english.pdf
2258-33,https://documents.gov.lk/view/extra-gazettes/2021/12/2258-33_E.pdf,doc-archive/2021/12/16/2258-33/2258-33_english.pdf
2258-34,https://documents.gov.lk/view/extra-gazettes/2021/12/2258-34_E.pdf,doc-archive/2021/12/16/2258-34/2258-34_english.pdf
2258-35,https://documents.gov.lk/view/extra-gazettes/2021/12/2258-35_E.pdf,doc-archive/2021/12/16/2258-35/2258-35_english.pdf
2258-36,https://documents.gov.lk/view/extra-gazettes/2021/12/2258-36_E.pdf,doc-archive/2021/12/16/2258-36/2258-36_english.pdf
2258-37,https://documents.gov.lk/view/extra-gazettes/2021/12/2258-37_E.pdf,doc-archive/2021/12/16/2258-37/2258-37_english.pdf
2258-38,https://documents.gov.lk/view/extra-gazettes/2021/12/2258-38_E.pdf,doc-archive/2021/12/16/2258-38/2258-38_english.pdf
2258-39,https://documents.gov.lk/view/extra-gazettes/2021/12/2258-39_E.pdf,doc-archive/2021/12/16/2258-39/2258-39_english.pdf
2258-40,https://documents.gov.lk/view/extra-gazettes/2021/12/2258-40_E.pdf,doc-archive/2021/12/16/2258-40/2258-40_english.pdf
2258-41,https://documents.gov.lk/view/extra-gazettes/2021/12/2258-41_E.pdf,doc-archive/2021/12/16/2258-41/2258-41_english.pdf
2258-43,https://documents.gov.lk/view/extra-gazettes/2021/12/2258-43_E.pdf,doc-archive/2021/12/16/2258-43/2258-43_english.pdf
2258-44,https://documents.gov.lk/view/extra-gazettes/2021/12/2258-44_E.pdf,doc-archive/2021/12/16/2258-44/2258-44_english.pdf
2258-45,https://documents.gov.lk/view/extra-gazettes/2021/12/2258-45_E.pdf,doc-archive/2021/12/16/2258-45/2258-45_english.pdf
2258-22,https://documents.gov.lk/view/extra-gazettes/2021/12/2258-22_E.pdf,doc-archive/2021/12/15/2258-22/2258-22_english.pdf
2258-23,https://documents.gov.lk/view/extra-gazettes/2021/12/2258-23_E.pdf,doc-archive/2021/12/15/2258-23/2258-23_english.pdf
2258-24,https://documents.gov.lk/view/extra-gazettes/2021/12/2258-24_E.pdf,doc-archive/2021/12/15/2258-24/2258-24_english.pdf
2258-25,https://documents.gov.lk/view/extra-gazettes/2021/12/2258-25_E.pdf,doc-archive/2021/12/15/2258-25/2258-25_english.pdf
2258-27,https://documents.gov.lk/view/extra-gazettes/2021/12/2258-27_E.pdf,doc-archive/2021/12/15/2258-27/2258-27_english.pdf
2258-11,https://documents.gov.lk/view/extra-gazettes/2021/12/2258-11_E.pdf,doc-archive/2021/12/14/2258-11/2258-11_english.pdf
2258-12,https://documents.gov.lk/view/extra-gazettes/2021/12/2258-12_E.pdf,doc-archive/2021/12/14/2258-12/2258-12_english.pdf
2258-13,https://documents.gov.lk/view/extra-gazettes/2021/12/2258-13_E.pdf,doc-archive/2021/12/14/2258-13/2258-13_english.pdf
2258-14,https://documents.gov.lk/view/extra-gazettes/2021/12/2258-14_E.pdf,doc-archive/2021/12/14/2258-14/2258-14_english.pdf
2258-15,https://documents.gov.lk/view/extra-gazettes/2021/12/2258-15_E.pdf,doc-archive/2021/12/14/2258-15/2258-15_english.pdf
2258-16,https://documents.gov.lk/view/extra-gazettes/2021/12/2258-16_E.pdf,doc-archive/2021/12/14/2258-16/2258-16_english.pdf
2258-17,https://documents.gov.lk/view/extra-gazettes/2021/12/2258-17_E.pdf,doc-archive/2021/12/14/2258-17/2258-17_english.pdf
2258-18,https://documents.gov.lk/view/extra-gazettes/2021/12/2258-18_E.pdf,doc-archive/2021/12/14/2258-18/2258-18_english.pdf
2258-19,https://documents.gov.lk/view/extra-gazettes/2021/12/2258-19_E.pdf,doc-archive/2021/12/14/2258-19/2258-19_english.pdf
2258-20,https://documents.gov.lk/view/extra-gazettes/2021/12/2258-20_E.pdf,doc-archive/2021/12/14/2258-20/2258-20_english.pdf
2258-21,https://documents.gov.lk/view/extra-gazettes/2021/12/2258-21_E.pdf,doc-archive/2021/12/14/2258-21/2258-21_english.pdf
2258-01,https://documents.gov.lk/view/extra-gazettes/2021/12/2258-01_E.pdf,doc-archive/2021/12/13/2258-01/2258-01_english.pdf
2258-02,https://documents.gov.lk/view/extra-gazettes/2021/12/2258-02_E.pdf,doc-archive/2021/12/13/2258-02/2258-02_english.pdf
2258-03,https://documents.gov.lk/view/extra-gazettes/2021/12/2258-03_E.pdf,doc-archive/2021/12/13/2258-03/2258-03_english.pdf
2258-04,https://documents.gov.lk/view/extra-gazettes/2021/12/2258-04_E.pdf,doc-archive/2021/12/13/2258-04/2258-04_english.pdf
2258-05,https://documents.gov.lk/view/extra-gazettes/2021/12/2258-05_E.pdf,doc-archive/2021/12/13/2258-05/2258-05_english.pdf
2258-06,https://documents.gov.lk/view/extra-gazettes/2021/12/2258-06_E.pdf,doc-archive/2021/12/13/2258-06/2258-06_english.pdf
2258-07,https://documents.gov.lk/view/extra-gazettes/2021/12/2258-07_E.pdf,doc-archive/2021/12/13/2258-07/2258-07_english.pdf
2258-08,https://documents.gov.lk/view/extra-gazettes/2021/12/2258-08_E.pdf,doc-archive/2021/12/13/2258-08/2258-08_english.pdf
2258-09,https://documents.gov.lk/view/extra-gazettes/2021/12/2258-09_E.pdf,doc-archive/2021/12/13/2258-09/2258-09_english.pdf
2258-10,https://documents.gov.lk/view/extra-gazettes/2021/12/2258-10_E.pdf,doc-archive/2021/12/13/2258-10/2258-10_english.pdf
2257-71,https://documents.gov.lk/view/extra-gazettes/2021/12/2257-71_E.pdf,doc-archive/2021/12/12/2257-71/2257-71_english.pdf
2257-70,https://documents.gov.lk/view/extra-gazettes/2021/12/2257-70_E.pdf,doc-archive/2021/12/11/2257-70/2257-70_english.pdf
2257-55,https://documents.gov.lk/view/extra-gazettes/2021/12/2257-55_E.pdf,doc-archive/2021/12/10/2257-55/2257-55_english.pdf
2257-56,https://documents.gov.lk/view/extra-gazettes/2021/12/2257-56_E.pdf,doc-archive/2021/12/10/2257-56/2257-56_english.pdf
2257-57,https://documents.gov.lk/view/extra-gazettes/2021/12/2257-57_E.pdf,doc-archive/2021/12/10/2257-57/2257-57_english.pdf
2257-58,https://documents.gov.lk/view/extra-gazettes/2021/12/2257-58_E.pdf,doc-archive/2021/12/10/2257-58/2257-58_english.pdf
2257-59,https://documents.gov.lk/view/extra-gazettes/2021/12/2257-59_E.pdf,doc-archive/2021/12/10/2257-59/2257-59_english.pdf
2257-60,https://documents.gov.lk/view/extra-gazettes/2021/12/2257-60_E.pdf,doc-archive/2021/12/10/2257-60/2257-60_english.pdf
2257-61,https://documents.gov.lk/view/extra-gazettes/2021/12/2257-61_E.pdf,doc-archive/2021/12/10/2257-61/2257-61_english.pdf
2257-62,https://documents.gov.lk/view/extra-gazettes/2021/12/2257-62_E.pdf,doc-archive/2021/12/10/2257-62/2257-62_english.pdf
2257-63,https://documents.gov.lk/view/extra-gazettes/2021/12/2257-63_E.pdf,doc-archive/2021/12/10/2257-63/2257-63_english.pdf
2257-64,https://documents.gov.lk/view/extra-gazettes/2021/12/2257-64_E.pdf,doc-archive/2021/12/10/2257-64/2257-64_english.pdf
2257-65,https://documents.gov.lk/view/extra-gazettes/2021/12/2257-65_E.pdf,doc-archive/2021/12/10/2257-65/2257-65_english.pdf
2257-66,https://documents.gov.lk/view/extra-gazettes/2021/12/2257-66_E.pdf,doc-archive/2021/12/10/2257-66/2257-66_english.pdf
2257-67,https://documents.gov.lk/view/extra-gazettes/2021/12/2257-67_E.pdf,doc-archive/2021/12/10/2257-67/2257-67_english.pdf
2257-68,https://documents.gov.lk/view/extra-gazettes/2021/12/2257-68_E.pdf,doc-archive/2021/12/10/2257-68/2257-68_english.pdf
2257-69,https://documents.gov.lk/view/extra-gazettes/2021/12/2257-69_E.pdf,doc-archive/2021/12/10/2257-69/2257-69_english.pdf
2257-54,https://documents.gov.lk/view/extra-gazettes/2021/12/2257-54_E.pdf,doc-archive/2021/12/09/2257-54/2257-54_english.pdf
2257-27,https://documents.gov.lk/view/extra-gazettes/2021/12/2257-27_E.pdf,doc-archive/2021/12/08/2257-27/2257-27_english.pdf
2257-28,https://documents.gov.lk/view/extra-gazettes/2021/12/2257-28_E.pdf,doc-archive/2021/12/08/2257-28/2257-28_english.pdf
2257-29,https://documents.gov.lk/view/extra-gazettes/2021/12/2257-29_E.pdf,doc-archive/2021/12/08/2257-29/2257-29_english.pdf
2257-30,https://documents.gov.lk/view/extra-gazettes/2021/12/2257-30_E.pdf,doc-archive/2021/12/08/2257-30/2257-30_english.pdf
2257-31,https://documents.gov.lk/view/extra-gazettes/2021/12/2257-31_E.pdf,doc-archive/2021/12/08/2257-31/2257-31_english.pdf
2257-32,https://documents.gov.lk/view/extra-gazettes/2021/12/2257-32_E.pdf,doc-archive/2021/12/08/2257-32/2257-32_english.pdf
2257-33,https://documents.gov.lk/view/extra-gazettes/2021/12/2257-33_E.pdf,doc-archive/2021/12/08/2257-33/2257-33_english.pdf
2257-34,https://documents.gov.lk/view/extra-gazettes/2021/12/2257-34_E.pdf,doc-archive/2021/12/08/2257-34/2257-34_english.pdf
2257-35,https://documents.gov.lk/view/extra-gazettes/2021/12/2257-35_E.pdf,doc-archive/2021/12/08/2257-35/2257-35_english.pdf
2257-36,https://documents.gov.lk/view/extra-gazettes/2021/12/2257-36_E.pdf,doc-archive/2021/12/08/2257-36/2257-36_english.pdf
2257-37,https://documents.gov.lk/view/extra-gazettes/2021/12/2257-37_E.pdf,doc-archive/2021/12/08/2257-37/2257-37_english.pdf
2257-38,https://documents.gov.lk/view/extra-gazettes/2021/12/2257-38_E.pdf,doc-archive/2021/12/08/2257-38/2257-38_english.pdf
2257-39,https://documents.gov.lk/view/extra-gazettes/2021/12/2257-39_E.pdf,doc-archive/2021/12/08/2257-39/2257-39_english.pdf
2257-40,https://documents.gov.lk/view/extra-gazettes/2021/12/2257-40_E.pdf,doc-archive/2021/12/08/2257-40/2257-40_english.pdf
2257-41,https://documents.gov.lk/view/extra-gazettes/2021/12/2257-41_E.pdf,doc-archive/2021/12/08/2257-41/2257-41_english.pdf
2257-42,https://documents.gov.lk/view/extra-gazettes/2021/12/2257-42_E.pdf,doc-archive/2021/12/08/2257-42/2257-42_english.pdf
2257-43,https://documents.gov.lk/view/extra-gazettes/2021/12/2257-43_E.pdf,doc-archive/2021/12/08/2257-43/2257-43_english.pdf
2257-44,https://documents.gov.lk/view/extra-gazettes/2021/12/2257-44_E.pdf,doc-archive/2021/12/08/2257-44/2257-44_english.pdf
2257-45,https://documents.gov.lk/view/extra-gazettes/2021/12/2257-45_E.pdf,doc-archive/2021/12/08/2257-45/2257-45_english.pdf
2257-46,https://documents.gov.lk/view/extra-gazettes/2021/12/2257-46_E.pdf,doc-archive/2021/12/08/2257-46/2257-46_english.pdf
2257-47,https://documents.gov.lk/view/extra-gazettes/2021/12/2257-47_E.pdf,doc-archive/2021/12/08/2257-47/2257-47_english.pdf
2257-48,https://documents.gov.lk/view/extra-gazettes/2021/12/2257-48_E.pdf,doc-archive/2021/12/08/2257-48/2257-48_english.pdf
2257-49,https://documents.gov.lk/view/extra-gazettes/2021/12/2257-49_E.pdf,doc-archive/2021/12/08/2257-49/2257-49_english.pdf
2257-51,https://documents.gov.lk/view/extra-gazettes/2021/12/2257-51_E.pdf,doc-archive/2021/12/08/2257-51/2257-51_english.pdf
2257-50,https://documents.gov.lk/view/extra-gazettes/2021/12/2257-50_E.pdf,doc-archive/2021/12/08/2257-50/2257-50_english.pdf
2257-52,https://documents.gov.lk/view/extra-gazettes/2021/12/2257-52_E.pdf,doc-archive/2021/12/08/2257-52/2257-52_english.pdf
2257-53,https://documents.gov.lk/view/extra-gazettes/2021/12/2257-53_E.pdf,doc-archive/2021/12/08/2257-53/2257-53_english.pdf
2257-26,https://documents.gov.lk/view/extra-gazettes/2021/12/2257-26_E.pdf,doc-archive/2021/12/07/2257-26/2257-26_english.pdf
2257-01,https://documents.gov.lk/view/extra-gazettes/2021/12/2257-01_E.pdf,doc-archive/2021/12/06/2257-01/2257-01_english.pdf
2257-02,https://documents.gov.lk/view/extra-gazettes/2021/12/2257-02_E.pdf,doc-archive/2021/12/06/2257-02/2257-02_english.pdf
2257-03,https://documents.gov.lk/view/extra-gazettes/2021/12/2257-03_E.pdf,doc-archive/2021/12/06/2257-03/2257-03_english.pdf
2257-04,https://documents.gov.lk/view/extra-gazettes/2021/12/2257-04_E.pdf,doc-archive/2021/12/06/2257-04/2257-04_english.pdf
2257-05,https://documents.gov.lk/view/extra-gazettes/2021/12/2257-05_E.pdf,doc-archive/2021/12/06/2257-05/2257-05_english.pdf
2257-06,https://documents.gov.lk/view/extra-gazettes/2021/12/2257-06_E.pdf,doc-archive/2021/12/06/2257-06/2257-06_english.pdf
2257-07,https://documents.gov.lk/view/extra-gazettes/2021/12/2257-07_E.pdf,doc-archive/2021/12/06/2257-07/2257-07_english.pdf
2257-08,https://documents.gov.lk/view/extra-gazettes/2021/12/2257-08_E.pdf,doc-archive/2021/12/06/2257-08/2257-08_english.pdf
2257-09,https://documents.gov.lk/view/extra-gazettes/2021/12/2257-09_E.pdf,doc-archive/2021/12/06/2257-09/2257-09_english.pdf
2257-10,https://documents.gov.lk/view/extra-gazettes/2021/12/2257-10_E.pdf,doc-archive/2021/12/06/2257-10/2257-10_english.pdf
2257-11,https://documents.gov.lk/view/extra-gazettes/2021/12/2257-11_E.pdf,doc-archive/2021/12/06/2257-11/2257-11_english.pdf
2257-12,https://documents.gov.lk/view/extra-gazettes/2021/12/2257-12_E.pdf,doc-archive/2021/12/06/2257-12/2257-12_english.pdf
2257-13,https://documents.gov.lk/view/extra-gazettes/2021/12/2257-13_E.pdf,doc-archive/2021/12/06/2257-13/2257-13_english.pdf
2257-14,https://documents.gov.lk/view/extra-gazettes/2021/12/2257-14_E.pdf,doc-archive/2021/12/06/2257-14/2257-14_english.pdf
2257-16,https://documents.gov.lk/view/extra-gazettes/2021/12/2257-16_E.pdf,doc-archive/2021/12/06/2257-16/2257-16_english.pdf
2257-15,https://documents.gov.lk/view/extra-gazettes/2021/12/2257-15_E.pdf,doc-archive/2021/12/06/2257-15/2257-15_english.pdf
2257-17,https://documents.gov.lk/view/extra-gazettes/2021/12/2257-17_E.pdf,doc-archive/2021/12/06/2257-17/2257-17_english.pdf
2257-19,https://documents.gov.lk/view/extra-gazettes/2021/12/2257-19_E.pdf,doc-archive/2021/12/06/2257-19/2257-19_english.pdf
2257-20,https://documents.gov.lk/view/extra-gazettes/2021/12/2257-20_E.pdf,doc-archive/2021/12/06/2257-20/2257-20_english.pdf
2257-21,https://documents.gov.lk/view/extra-gazettes/2021/12/2257-21_E.pdf,doc-archive/2021/12/06/2257-21/2257-21_english.pdf
2257-18,https://documents.gov.lk/view/extra-gazettes/2021/12/2257-18_E.pdf,doc-archive/2021/12/06/2257-18/2257-18_english.pdf
2257-22,https://documents.gov.lk/view/extra-gazettes/2021/12/2257-22_E.pdf,doc-archive/2021/12/06/2257-22/2257-22_english.pdf
2257-23,https://documents.gov.lk/view/extra-gazettes/2021/12/2257-23_E.pdf,doc-archive/2021/12/06/2257-23/2257-23_english.pdf
2257-24,https://documents.gov.lk/view/extra-gazettes/2021/12/2257-24_E.pdf,doc-archive/2021/12/06/2257-24/2257-24_english.pdf
2257-25,https://documents.gov.lk/view/extra-gazettes/2021/12/2257-25_E.pdf,doc-archive/2021/12/06/2257-25/2257-25_english.pdf
2256-48,https://documents.gov.lk/view/extra-gazettes/2021/12/2256-48_E.pdf,doc-archive/2021/12/03/2256-48/2256-48_english.pdf
2256-49,https://documents.gov.lk/view/extra-gazettes/2021/12/2256-49_E.pdf,doc-archive/2021/12/03/2256-49/2256-49_english.pdf
2256-50,https://documents.gov.lk/view/extra-gazettes/2021/12/2256-50_E.pdf,doc-archive/2021/12/03/2256-50/2256-50_english.pdf
2256-51,https://documents.gov.lk/view/extra-gazettes/2021/12/2256-51_E.pdf,doc-archive/2021/12/03/2256-51/2256-51_english.pdf
2256-52,https://documents.gov.lk/view/extra-gazettes/2021/12/2256-52_E.pdf,doc-archive/2021/12/03/2256-52/2256-52_english.pdf
2256-53,https://documents.gov.lk/view/extra-gazettes/2021/12/2256-53_E.pdf,doc-archive/2021/12/03/2256-53/2256-53_english.pdf
2256-56,https://documents.gov.lk/view/extra-gazettes/2021/12/2256-56_E.pdf,doc-archive/2021/12/03/2256-56/2256-56_english.pdf
2256-57,https://documents.gov.lk/view/extra-gazettes/2021/12/2256-57_E.pdf,doc-archive/2021/12/03/2256-57/2256-57_english.pdf
2256-55,https://documents.gov.lk/view/extra-gazettes/2021/12/2256-55_E.pdf,doc-archive/2021/12/03/2256-55/2256-55_english.pdf
2256-58,https://documents.gov.lk/view/extra-gazettes/2021/12/2256-58_E.pdf,doc-archive/2021/12/03/2256-58/2256-58_english.pdf
2256-38,https://documents.gov.lk/view/extra-gazettes/2021/12/2256-38_E.pdf,doc-archive/2021/12/02/2256-38/2256-38_english.pdf
2256-39,https://documents.gov.lk/view/extra-gazettes/2021/12/2256-39_E.pdf,doc-archive/2021/12/02/2256-39/2256-39_english.pdf
2256-40,https://documents.gov.lk/view/extra-gazettes/2021/12/2256-40_E.pdf,doc-archive/2021/12/02/2256-40/2256-40_english.pdf
2256-41,https://documents.gov.lk/view/extra-gazettes/2021/12/2256-41_E.pdf,doc-archive/2021/12/02/2256-41/2256-41_english.pdf
2256-42,https://documents.gov.lk/view/extra-gazettes/2021/12/2256-42_E.pdf,doc-archive/2021/12/02/2256-42/2256-42_english.pdf
2256-43,https://documents.gov.lk/view/extra-gazettes/2021/12/2256-43_E.pdf,doc-archive/2021/12/02/2256-43/2256-43_english.pdf
2256-44,https://documents.gov.lk/view/extra-gazettes/2021/12/2256-44_E.pdf,doc-archive/2021/12/02/2256-44/2256-44_english.pdf
2256-45,https://documents.gov.lk/view/extra-gazettes/2021/12/2256-45_E.pdf,doc-archive/2021/12/02/2256-45/2256-45_english.pdf
2256-46,https://documents.gov.lk/view/extra-gazettes/2021/12/2256-46_E.pdf,doc-archive/2021/12/02/2256-46/2256-46_english.pdf
2256-47,https://documents.gov.lk/view/extra-gazettes/2021/12/2256-47_E.pdf,doc-archive/2021/12/02/2256-47/2256-47_english.pdf
2256-30,https://documents.gov.lk/view/extra-gazettes/2021/12/2256-30_E.pdf,doc-archive/2021/12/01/2256-30/2256-30_english.pdf
2256-31,https://documents.gov.lk/view/extra-gazettes/2021/12/2256-31_E.pdf,doc-archive/2021/12/01/2256-31/2256-31_english.pdf
2256-32,https://documents.gov.lk/view/extra-gazettes/2021/12/2256-32_E.pdf,doc-archive/2021/12/01/2256-32/2256-32_english.pdf
2256-33,https://documents.gov.lk/view/extra-gazettes/2021/12/2256-33_E.pdf,doc-archive/2021/12/01/2256-33/2256-33_english.pdf
2256-34,https://documents.gov.lk/view/extra-gazettes/2021/12/2256-34_E.pdf,doc-archive/2021/12/01/2256-34/2256-34_english.pdf
2256-37,https://documents.gov.lk/view/extra-gazettes/2021/12/2256-37_E.pdf,doc-archive/2021/12/02/2256-37/2256-37_english.pdf
2256-35,https://documents.gov.lk/view/extra-gazettes/2021/12/2256-35_E.pdf,doc-archive/2021/12/01/2256-35/2256-35_english.pdf
2256-36,https://documents.gov.lk/view/extra-gazettes/2021/12/2256-36_E.pdf,doc-archive/2021/12/01/2256-36/2256-36_english.pdf
