doc_id,download_url,file_path
2317-41,https://documents.gov.lk/view/extra-gazettes/2023/1/2317-41_E.pdf,doc-archive/2023/01/31/2317-41/2317-41_english.pdf
2317-52,https://documents.gov.lk/view/extra-gazettes/2023/1/2317-52_E.pdf,doc-archive/2023/01/31/2317-52/2317-52_english.pdf
2317-01,https://documents.gov.lk/view/extra-gazettes/2023/1/2317-01_E.pdf,doc-archive/2023/01/30/2317-01/2317-01_english.pdf
2317-02,https://documents.gov.lk/view/extra-gazettes/2023/1/2317-02_E.pdf,doc-archive/2023/01/30/2317-02/2317-02_english.pdf
2317-03,https://documents.gov.lk/view/extra-gazettes/2023/1/2317-03_E.pdf,doc-archive/2023/01/30/2317-03/2317-03_english.pdf
2317-04,https://documents.gov.lk/view/extra-gazettes/2023/1/2317-04_E.pdf,doc-archive/2023/01/30/2317-04/2317-04_english.pdf
2317-05,https://documents.gov.lk/view/extra-gazettes/2023/1/2317-05_E.pdf,doc-archive/2023/01/30/2317-05/2317-05_english.pdf
2317-06,https://documents.gov.lk/view/extra-gazettes/2023/1/2317-06_E.pdf,doc-archive/2023/01/30/2317-06/2317-06_english.pdf
2317-07,https://documents.gov.lk/view/extra-gazettes/2023/1/2317-07_E.pdf,doc-archive/2023/01/30/2317-07/2317-07_english.pdf
2317-08,https://documents.gov.lk/view/extra-gazettes/2023/1/2317-08_E.pdf,doc-archive/2023/01/30/2317-08/2317-08_english.pdf
2317-09,https://documents.gov.lk/view/extra-gazettes/2023/1/2317-09_E.pdf,doc-archive/2023/01/30/2317-09/2317-09_english.pdf
2317-10,https://documents.gov.lk/view/extra-gazettes/2023/1/2317-10_E.pdf,doc-archive/2023/01/30/2317-10/2317-10_english.pdf
2317-11,https://documents.gov.lk/view/extra-gazettes/2023/1/2317-11_E.pdf,doc-archive/2023/01/30/2317-11/2317-11_english.pdf
2317-12,https://documents.gov.lk/view/extra-gazettes/2023/1/2317-12_E.pdf,doc-archive/2023/01/30/2317-12/2317-12_english.pdf
2317-13,https://documents.gov.lk/view/extra-gazettes/2023/1/2317-13_E.pdf,doc-archive/2023/01/30/2317-13/2317-13_english.pdf
2317-15,https://documents.gov.lk/view/extra-gazettes/2023/1/2317-15_E.pdf,doc-archive/2023/01/30/2317-15/2317-15_english.pdf
2317-14,https://documents.gov.lk/view/extra-gazettes/2023/1/2317-14_E.pdf,doc-archive/2023/01/30/2317-14/2317-14_english.pdf
2317-16,https://documents.gov.lk/view/extra-gazettes/2023/1/2317-16_E.pdf,doc-archive/2023/01/30/2317-16/2317-16_english.pdf
2317-17,https://documents.gov.lk/view/extra-gazettes/2023/1/2317-17_E.pdf,doc-archive/2023/01/30/2317-17/2317-17_english.pdf
2317-18,https://documents.gov.lk/view/extra-gazettes/2023/1/2317-18_E.pdf,doc-archive/2023/01/30/2317-18/2317-18_english.pdf
2317-19,https://documents.gov.lk/view/extra-gazettes/2023/1/2317-19_E.pdf,doc-archive/2023/01/30/2317-19/2317-19_english.pdf
2317-20,https://documents.gov.lk/view/extra-gazettes/2023/1/2317-20_E.pdf,doc-archive/2023/01/30/2317-20/2317-20_english.pdf
2317-21,https://documents.gov.lk/view/extra-gazettes/2023/1/2317-21_E.pdf,doc-archive/2023/01/30/2317-21/2317-21_english.pdf
2317-22,https://documents.gov.lk/view/extra-gazettes/2023/1/2317-22_E.pdf,doc-archive/2023/01/30/2317-22/2317-22_english.pdf
2317-23,https://documents.gov.lk/view/extra-gazettes/2023/1/2317-23_E.pdf,doc-archive/2023/01/30/2317-23/2317-23_english.pdf
2317-24,https://documents.gov.lk/view/extra-gazettes/2023/1/2317-24_E.pdf,doc-archive/2023/01/30/2317-24/2317-24_english.pdf
2317-25,https://documents.gov.lk/view/extra-gazettes/2023/1/2317-25_E.pdf,doc-archive/2023/01/30/2317-25/2317-25_english.pdf
2317-26,https://documents.gov.lk/view/extra-gazettes/2023/1/2317-26_E.pdf,doc-archive/2023/01/30/2317-26/2317-26_english.pdf
2317-27,https://documents.gov.lk/view/extra-gazettes/2023/1/2317-27_E.pdf,doc-archive/2023/01/30/2317-27/2317-27_english.pdf
2317-28,https://documents.gov.lk/view/extra-gazettes/2023/1/2317-28_E.pdf,doc-archive/2023/01/30/2317-28/2317-28_english.pdf
2317-29,https://documents.gov.lk/view/extra-gazettes/2023/1/2317-29_E.pdf,doc-archive/2023/01/30/2317-29/2317-29_english.pdf
2317-34,https://documents.gov.lk/view/extra-gazettes/2023/1/2317-34_E.pdf,doc-archive/2023/01/30/2317-34/2317-34_english.pdf
2317-31,https://documents.gov.lk/view/extra-gazettes/2023/1/2317-31_E.pdf,doc-archive/2023/01/30/2317-31/2317-31_english.pdf
2317-35,https://documents.gov.lk/view/extra-gazettes/2023/1/2317-35_E.pdf,doc-archive/2023/01/30/2317-35/2317-35_english.pdf
2317-36,https://documents.gov.lk/view/extra-gazettes/2023/1/2317-36_E.pdf,doc-archive/2023/01/30/2317-36/2317-36_english.pdf
2317-37,https://documents.gov.lk/view/extra-gazettes/2023/1/2317-37_E.pdf,doc-archive/2023/01/30/2317-37/2317-37_english.pdf
2317-38,https://documents.gov.lk/view/extra-gazettes/2023/1/2317-38_E.pdf,doc-archive/2023/01/30/2317-38/2317-38_english.pdf
2317-39,https://documents.gov.lk/view/extra-gazettes/2023/1/2317-39_E.pdf,doc-archive/2023/01/30/2317-39/2317-39_english.pdf
2317-40,https://documents.gov.lk/view/extra-gazettes/2023/1/2317-40_E.pdf,doc-archive/2023/01/30/2317-40/2317-40_english.pdf
2317-42,https://documents.gov.lk/view/extra-gazettes/2023/1/2317-42_E.pdf,doc-archive/2023/01/30/2317-42/2317-42_english.pdf
2317-43,https://documents.gov.lk/view/extra-gazettes/2023/1/2317-43_E.pdf,doc-archive/2023/01/30/2317-43/2317-43_english.pdf
2317-44,https://documents.gov.lk/view/extra-gazettes/2023/1/2317-44_E.pdf,doc-archive/2023/01/30/2317-44/2317-44_english.pdf
2317-45,https://documents.gov.lk/view/extra-gazettes/2023/1/2317-45_E.pdf,doc-archive/2023/01/30/2317-45/2317-45_english.pdf
2317-46,https://documents.gov.lk/view/extra-gazettes/2023/1/2317-46_E.pdf,doc-archive/2023/01/30/2317-46/2317-46_english.pdf
2317-47,https://documents.gov.lk/view/extra-gazettes/2023/1/2317-47_E.pdf,doc-archive/2023/01/30/2317-47/2317-47_english.pdf
2317-48,https://documents.gov.lk/view/extra-gazettes/2023/1/2317-48_E.pdf,doc-archive/2023/01/30/2317-48/2317-48_english.pdf
2316-72,https://documents.gov.lk/view/extra-gazettes/2023/1/2316-72_E.pdf,doc-archive/2023/01/28/2316-72/2316-72_english.pdf
2316-73,https://documents.gov.lk/view/extra-gazettes/2023/1/2316-73_E.pdf,doc-archive/2023/01/28/2316-73/2316-73_english.pdf
2316-74,https://documents.gov.lk/view/extra-gazettes/2023/1/2316-74_E.pdf,doc-archive/2023/01/28/2316-74/2316-74_english.pdf
2316-75,https://documents.gov.lk/view/extra-gazettes/2023/1/2316-75_E.pdf,doc-archive/2023/01/28/2316-75/2316-75_english.pdf
2316-76,https://documents.gov.lk/view/extra-gazettes/2023/1/2316-76_E.pdf,doc-archive/2023/01/28/2316-76/2316-76_english.pdf
2316-77,https://documents.gov.lk/view/extra-gazettes/2023/1/2316-77_E.pdf,doc-archive/2023/01/28/2316-77/2316-77_english.pdf
2316-78,https://documents.gov.lk/view/extra-gazettes/2023/1/2316-78_E.pdf,doc-archive/2023/01/28/2316-78/2316-78_english.pdf
2316-80,https://documents.gov.lk/view/extra-gazettes/2023/1/2316-80_E.pdf,doc-archive/2023/01/28/2316-80/2316-80_english.pdf
2316-79,https://documents.gov.lk/view/extra-gazettes/2023/1/2316-79_E.pdf,doc-archive/2023/01/28/2316-79/2316-79_english.pdf
2316-81,https://documents.gov.lk/view/extra-gazettes/2023/1/2316-81_E.pdf,doc-archive/2023/01/28/2316-81/2316-81_english.pdf
2316-85,https://documents.gov.lk/view/extra-gazettes/2023/1/2316-85_E.pdf,doc-archive/2023/01/28/2316-85/2316-85_english.pdf
2316-86,https://documents.gov.lk/view/extra-gazettes/2023/1/2316-86_E.pdf,doc-archive/2023/01/28/2316-86/2316-86_english.pdf
2316-87,https://documents.gov.lk/view/extra-gazettes/2023/1/2316-87_E.pdf,doc-archive/2023/01/28/2316-87/2316-87_english.pdf
2316-88,https://documents.gov.lk/view/extra-gazettes/2023/1/2316-88_E.pdf,doc-archive/2023/01/28/2316-88/2316-88_english.pdf
2316-89,https://documents.gov.lk/view/extra-gazettes/2023/1/2316-89_E.pdf,doc-archive/2023/01/28/2316-89/2316-89_english.pdf
2316-90,https://documents.gov.lk/view/extra-gazettes/2023/1/2316-90_E.pdf,doc-archive/2023/01/28/2316-90/2316-90_english.pdf
2316-93,https://documents.gov.lk/view/extra-gazettes/2023/1/2316-93_E.pdf,doc-archive/2023/01/28/2316-93/2316-93_english.pdf
2316-92,https://documents.gov.lk/view/extra-gazettes/2023/1/2316-92_E.pdf,doc-archive/2023/01/28/2316-92/2316-92_english.pdf
2316-94,https://documents.gov.lk/view/extra-gazettes/2023/1/2316-94_E.pdf,doc-archive/2023/01/28/2316-94/2316-94_english.pdf
2316-95,https://documents.gov.lk/view/extra-gazettes/2023/1/2316-95_E.pdf,doc-archive/2023/01/28/2316-95/2316-95_english.pdf
2316-48,https://documents.gov.lk/view/extra-gazettes/2023/1/2316-48_E.pdf,doc-archive/2023/01/27/2316-48/2316-48_english.pdf
2316-49,https://documents.gov.lk/view/extra-gazettes/2023/1/2316-49_E.pdf,doc-archive/2023/01/27/2316-49/2316-49_english.pdf
2316-50,https://documents.gov.lk/view/extra-gazettes/2023/1/2316-50_E.pdf,doc-archive/2023/01/27/2316-50/2316-50_english.pdf
2316-51,https://documents.gov.lk/view/extra-gazettes/2023/1/2316-51_E.pdf,doc-archive/2023/01/27/2316-51/2316-51_english.pdf
2316-52,https://documents.gov.lk/view/extra-gazettes/2023/1/2316-52_E.pdf,doc-archive/2023/01/27/2316-52/2316-52_english.pdf
2316-53,https://documents.gov.lk/view/extra-gazettes/2023/1/2316-53_E.pdf,doc-archive/2023/01/27/2316-53/2316-53_english.pdf
2316-54,https://documents.gov.lk/view/extra-gazettes/2023/1/2316-54_E.pdf,doc-archive/2023/01/27/2316-54/2316-54_english.pdf
2316-55,https://documents.gov.lk/view/extra-gazettes/2023/1/2316-55_E.pdf,doc-archive/2023/01/27/2316-55/2316-55_english.pdf
2316-56,https://documents.gov.lk/view/extra-gazettes/2023/1/2316-56_E.pdf,doc-archive/2023/01/27/2316-56/2316-56_english.pdf
2316-57,https://documents.gov.lk/view/extra-gazettes/2023/1/2316-57_E.pdf,doc-archive/2023/01/27/2316-57/2316-57_english.pdf
2316-58,https://documents.gov.lk/view/extra-gazettes/2023/1/2316-58_E.pdf,doc-archive/2023/01/27/2316-58/2316-58_english.pdf
2316-59,https://documents.gov.lk/view/extra-gazettes/2023/1/2316-59_E.pdf,doc-archive/2023/01/27/2316-59/2316-59_english.pdf
2316-60,https://documents.gov.lk/view/extra-gazettes/2023/1/2316-60_E.pdf,doc-archive/2023/01/27/2316-60/2316-60_english.pdf
2316-61,https://documents.gov.lk/view/extra-gazettes/2023/1/2316-61_E.pdf,doc-archive/2023/01/27/2316-61/2316-61_english.pdf
2316-62,https://documents.gov.lk/view/extra-gazettes/2023/1/2316-62_E.pdf,doc-archive/2023/01/27/2316-62/2316-62_english.pdf
2316-63,https://documents.gov.lk/view/extra-gazettes/2023/1/2316-63_E.pdf,doc-archive/2023/01/27/2316-63/2316-63_english.pdf
2316-64,https://documents.gov.lk/view/extra-gazettes/2023/1/2316-64_E.pdf,doc-archive/2023/01/27/2316-64/2316-64_english.pdf
2316-65,https://documents.gov.lk/view/extra-gazettes/2023/1/2316-65_E.pdf,doc-archive/2023/01/27/2316-65/2316-65_english.pdf
2316-66,https://documents.gov.lk/view/extra-gazettes/2023/1/2316-66_E.pdf,doc-archive/2023/01/27/2316-66/2316-66_english.pdf
2316-70,https://documents.gov.lk/view/extra-gazettes/2023/1/2316-70_E.pdf,doc-archive/2023/01/27/2316-70/2316-70_english.pdf
2316-71,https://documents.gov.lk/view/extra-gazettes/2023/1/2316-71_E.pdf,doc-archive/2023/01/27/2316-71/2316-71_english.pdf
2316-32,https://documents.gov.lk/view/extra-gazettes/2023/1/2316-32_E.pdf,doc-archive/2023/01/26/2316-32/2316-32_english.pdf
2316-33,https://documents.gov.lk/view/extra-gazettes/2023/1/2316-33_E.pdf,doc-archive/2023/01/26/2316-33/2316-33_english.pdf
2316-34,https://documents.gov.lk/view/extra-gazettes/2023/1/2316-34_E.pdf,doc-archive/2023/01/26/2316-34/2316-34_english.pdf
2316-35,https://documents.gov.lk/view/extra-gazettes/2023/1/2316-35_E.pdf,doc-archive/2023/01/26/2316-35/2316-35_english.pdf
2316-36,https://documents.gov.lk/view/extra-gazettes/2023/1/2316-36_E.pdf,doc-archive/2023/01/26/2316-36/2316-36_english.pdf
2316-37,https://documents.gov.lk/view/extra-gazettes/2023/1/2316-37_E.pdf,doc-archive/2023/01/26/2316-37/2316-37_english.pdf
2316-38,https://documents.gov.lk/view/extra-gazettes/2023/1/2316-38_E.pdf,doc-archive/2023/01/26/2316-38/2316-38_english.pdf
2316-39,https://documents.gov.lk/view/extra-gazettes/2023/1/2316-39_E.pdf,doc-archive/2023/01/26/2316-39/2316-39_english.pdf
2316-40,https://documents.gov.lk/view/extra-gazettes/2023/1/2316-40_E.pdf,doc-archive/2023/01/26/2316-40/2316-40_english.pdf
2316-41,https://documents.gov.lk/view/extra-gazettes/2023/1/2316-41_E.pdf,doc-archive/2023/01/26/2316-41/2316-41_english.pdf
2316-42,https://documents.gov.lk/view/extra-gazettes/2023/1/2316-42_E.pdf,doc-archive/2023/01/26/2316-42/2316-42_english.pdf
2316-44,https://documents.gov.lk/view/extra-gazettes/2023/1/2316-44_E.pdf,doc-archive/2023/01/26/2316-44/2316-44_english.pdf
2316-45,https://documents.gov.lk/view/extra-gazettes/2023/1/2316-45_E.pdf,doc-archive/2023/01/26/2316-45/2316-45_english.pdf
2316-23,https://documents.gov.lk/view/extra-gazettes/2023/1/2316-23_E.pdf,doc-archive/2023/01/25/2316-23/2316-23_english.pdf
2316-24,https://documents.gov.lk/view/extra-gazettes/2023/1/2316-24_E.pdf,doc-archive/2023/01/25/2316-24/2316-24_english.pdf
2316-25,https://documents.gov.lk/view/extra-gazettes/2023/1/2316-25_E.pdf,doc-archive/2023/01/25/2316-25/2316-25_english.pdf
2316-26,https://documents.gov.lk/view/extra-gazettes/2023/1/2316-26_E.pdf,doc-archive/2023/01/25/2316-26/2316-26_english.pdf
2316-27,https://documents.gov.lk/view/extra-gazettes/2023/1/2316-27_E.pdf,doc-archive/2023/01/25/2316-27/2316-27_english.pdf
2316-11,https://documents.gov.lk/view/extra-gazettes/2023/1/2316-11_E.pdf,doc-archive/2023/01/24/2316-11/2316-11_english.pdf
2316-28,https://documents.gov.lk/view/extra-gazettes/2023/1/2316-28_E.pdf,doc-archive/2023/01/25/2316-28/2316-28_english.pdf
2316-12,https://documents.gov.lk/view/extra-gazettes/2023/1/2316-12_E.pdf,doc-archive/2023/01/24/2316-12/2316-12_english.pdf
2316-13,https://documents.gov.lk/view/extra-gazettes/2023/1/2316-13_E.pdf,doc-archive/2023/01/24/2316-13/2316-13_english.pdf
2316-14,https://documents.gov.lk/view/extra-gazettes/2023/1/2316-14_E.pdf,doc-archive/2023/01/24/2316-14/2316-14_english.pdf
2316-15,https://documents.gov.lk/view/extra-gazettes/2023/1/2316-15_E.pdf,doc-archive/2023/01/24/2316-15/2316-15_english.pdf
2316-16,https://documents.gov.lk/view/extra-gazettes/2023/1/2316-16_E.pdf,doc-archive/2023/01/24/2316-16/2316-16_english.pdf
2316-17,https://documents.gov.lk/view/extra-gazettes/2023/1/2316-17_E.pdf,doc-archive/2023/01/24/2316-17/2316-17_english.pdf
2316-18,https://documents.gov.lk/view/extra-gazettes/2023/1/2316-18_E.pdf,doc-archive/2023/01/24/2316-18/2316-18_english.pdf
2316-19,https://documents.gov.lk/view/extra-gazettes/2023/1/2316-19_E.pdf,doc-archive/2023/01/24/2316-19/2316-19_english.pdf
2316-20,https://documents.gov.lk/view/extra-gazettes/2023/1/2316-20_E.pdf,doc-archive/2023/01/24/2316-20/2316-20_english.pdf
2316-01,https://documents.gov.lk/view/extra-gazettes/2023/1/2316-01_E.pdf,doc-archive/2023/01/23/2316-01/2316-01_english.pdf
2316-02,https://documents.gov.lk/view/extra-gazettes/2023/1/2316-02_E.pdf,doc-archive/2023/01/23/2316-02/2316-02_english.pdf
2316-03,https://documents.gov.lk/view/extra-gazettes/2023/1/2316-03_E.pdf,doc-archive/2023/01/23/2316-03/2316-03_english.pdf
2316-04,https://documents.gov.lk/view/extra-gazettes/2023/1/2316-04_E.pdf,doc-archive/2023/01/23/2316-04/2316-04_english.pdf
2316-05,https://documents.gov.lk/view/extra-gazettes/2023/1/2316-05_E.pdf,doc-archive/2023/01/23/2316-05/2316-05_english.pdf
2316-06,https://documents.gov.lk/view/extra-gazettes/2023/1/2316-06_E.pdf,doc-archive/2023/01/23/2316-06/2316-06_english.pdf
2316-07,https://documents.gov.lk/view/extra-gazettes/2023/1/2316-07_E.pdf,doc-archive/2023/01/23/2316-07/2316-07_english.pdf
2315-66,https://documents.gov.lk/view/extra-gazettes/2023/1/2315-66_E.pdf,doc-archive/2023/01/21/2315-66/2315-66_english.pdf
2315-69,https://documents.gov.lk/view/extra-gazettes/2023/1/2315-69_E.pdf,doc-archive/2023/01/21/2315-69/2315-69_english.pdf
2315-70,https://documents.gov.lk/view/extra-gazettes/2023/1/2315-70_E.pdf,doc-archive/2023/01/21/2315-70/2315-70_english.pdf
2315-74,https://documents.gov.lk/view/extra-gazettes/2023/1/2315-74_E.pdf,doc-archive/2023/01/21/2315-74/2315-74_english.pdf
2315-57,https://documents.gov.lk/view/extra-gazettes/2023/1/2315-57_E.pdf,doc-archive/2023/01/20/2315-57/2315-57_english.pdf
2315-58,https://documents.gov.lk/view/extra-gazettes/2023/1/2315-58_E.pdf,doc-archive/2023/01/20/2315-58/2315-58_english.pdf
2315-59,https://documents.gov.lk/view/extra-gazettes/2023/1/2315-59_E.pdf,doc-archive/2023/01/20/2315-59/2315-59_english.pdf
2315-60,https://documents.gov.lk/view/extra-gazettes/2023/1/2315-60_E.pdf,doc-archive/2023/01/20/2315-60/2315-60_english.pdf
2315-62,https://documents.gov.lk/view/extra-gazettes/2023/1/2315-62_E.pdf,doc-archive/2023/01/20/2315-62/2315-62_english.pdf
2315-34,https://documents.gov.lk/view/extra-gazettes/2023/1/2315-34_E.pdf,doc-archive/2023/01/19/2315-34/2315-34_english.pdf
2315-61,https://documents.gov.lk/view/extra-gazettes/2023/1/2315-61_E.pdf,doc-archive/2023/01/20/2315-61/2315-61_english.pdf
2315-35,https://documents.gov.lk/view/extra-gazettes/2023/1/2315-35_E.pdf,doc-archive/2023/01/19/2315-35/2315-35_english.pdf
2315-36,https://documents.gov.lk/view/extra-gazettes/2023/1/2315-36_E.pdf,doc-archive/2023/01/19/2315-36/2315-36_english.pdf
2315-37,https://documents.gov.lk/view/extra-gazettes/2023/1/2315-37_E.pdf,doc-archive/2023/01/19/2315-37/2315-37_english.pdf
2315-38,https://documents.gov.lk/view/extra-gazettes/2023/1/2315-38_E.pdf,doc-archive/2023/01/19/2315-38/2315-38_english.pdf
2315-39,https://documents.gov.lk/view/extra-gazettes/2023/1/2315-39_E.pdf,doc-archive/2023/01/19/2315-39/2315-39_english.pdf
2315-40,https://documents.gov.lk/view/extra-gazettes/2023/1/2315-40_E.pdf,doc-archive/2023/01/19/2315-40/2315-40_english.pdf
2315-41,https://documents.gov.lk/view/extra-gazettes/2023/1/2315-41_E.pdf,doc-archive/2023/01/19/2315-41/2315-41_english.pdf
2315-42,https://documents.gov.lk/view/extra-gazettes/2023/1/2315-42_E.pdf,doc-archive/2023/01/19/2315-42/2315-42_english.pdf
2315-43,https://documents.gov.lk/view/extra-gazettes/2023/1/2315-43_E.pdf,doc-archive/2023/01/19/2315-43/2315-43_english.pdf
2315-44,https://documents.gov.lk/view/extra-gazettes/2023/1/2315-44_E.pdf,doc-archive/2023/01/19/2315-44/2315-44_english.pdf
2315-46,https://documents.gov.lk/view/extra-gazettes/2023/1/2315-46_E.pdf,doc-archive/2023/01/19/2315-46/2315-46_english.pdf
2315-45,https://documents.gov.lk/view/extra-gazettes/2023/1/2315-45_E.pdf,doc-archive/2023/01/19/2315-45/2315-45_english.pdf
2315-47,https://documents.gov.lk/view/extra-gazettes/2023/1/2315-47_E.pdf,doc-archive/2023/01/19/2315-47/2315-47_english.pdf
2315-48,https://documents.gov.lk/view/extra-gazettes/2023/1/2315-48_E.pdf,doc-archive/2023/01/19/2315-48/2315-48_english.pdf
2315-52,https://documents.gov.lk/view/extra-gazettes/2023/1/2315-52_E.pdf,doc-archive/2023/01/19/2315-52/2315-52_english.pdf
2315-53,https://documents.gov.lk/view/extra-gazettes/2023/1/2315-53_E.pdf,doc-archive/2023/01/19/2315-53/2315-53_english.pdf
2315-54,https://documents.gov.lk/view/extra-gazettes/2023/1/2315-54_E.pdf,doc-archive/2023/01/19/2315-54/2315-54_english.pdf
2315-56,https://documents.gov.lk/view/extra-gazettes/2023/1/2315-56_E.pdf,doc-archive/2023/01/19/2315-56/2315-56_english.pdf
2315-15,https://documents.gov.lk/view/extra-gazettes/2023/1/2315-15_E.pdf,doc-archive/2023/01/18/2315-15/2315-15_english.pdf
2315-16,https://documents.gov.lk/view/extra-gazettes/2023/1/2315-16_E.pdf,doc-archive/2023/01/18/2315-16/2315-16_english.pdf
2315-55,https://documents.gov.lk/view/extra-gazettes/2023/1/2315-55_E.pdf,doc-archive/2023/01/19/2315-55/2315-55_english.pdf
2315-17,https://documents.gov.lk/view/extra-gazettes/2023/1/2315-17_E.pdf,doc-archive/2023/01/18/2315-17/2315-17_english.pdf
2315-18,https://documents.gov.lk/view/extra-gazettes/2023/1/2315-18_E.pdf,doc-archive/2023/01/18/2315-18/2315-18_english.pdf
2315-20,https://documents.gov.lk/view/extra-gazettes/2023/1/2315-20_E.pdf,doc-archive/2023/01/18/2315-20/2315-20_english.pdf
2315-19,https://documents.gov.lk/view/extra-gazettes/2023/1/2315-19_E.pdf,doc-archive/2023/01/18/2315-19/2315-19_english.pdf
2315-21,https://documents.gov.lk/view/extra-gazettes/2023/1/2315-21_E.pdf,doc-archive/2023/01/18/2315-21/2315-21_english.pdf
2315-22,https://documents.gov.lk/view/extra-gazettes/2023/1/2315-22_E.pdf,doc-archive/2023/01/18/2315-22/2315-22_english.pdf
2315-23,https://documents.gov.lk/view/extra-gazettes/2023/1/2315-23_E.pdf,doc-archive/2023/01/18/2315-23/2315-23_english.pdf
2315-25,https://documents.gov.lk/view/extra-gazettes/2023/1/2315-25_E.pdf,doc-archive/2023/01/18/2315-25/2315-25_english.pdf
2315-24,https://documents.gov.lk/view/extra-gazettes/2023/1/2315-24_E.pdf,doc-archive/2023/01/18/2315-24/2315-24_english.pdf
2315-26,https://documents.gov.lk/view/extra-gazettes/2023/1/2315-26_E.pdf,doc-archive/2023/01/18/2315-26/2315-26_english.pdf
2315-27,https://documents.gov.lk/view/extra-gazettes/2023/1/2315-27_E.pdf,doc-archive/2023/01/18/2315-27/2315-27_english.pdf
2315-28,https://documents.gov.lk/view/extra-gazettes/2023/1/2315-28_E.pdf,doc-archive/2023/01/18/2315-28/2315-28_english.pdf
2315-29,https://documents.gov.lk/view/extra-gazettes/2023/1/2315-29_E.pdf,doc-archive/2023/01/18/2315-29/2315-29_english.pdf
2315-33,https://documents.gov.lk/view/extra-gazettes/2023/1/2315-33_E.pdf,doc-archive/2023/01/18/2315-33/2315-33_english.pdf
2315-08,https://documents.gov.lk/view/extra-gazettes/2023/1/2315-08_E.pdf,doc-archive/2023/01/17/2315-08/2315-08_english.pdf
2315-07,https://documents.gov.lk/view/extra-gazettes/2023/1/2315-07_E.pdf,doc-archive/2023/01/17/2315-07/2315-07_english.pdf
2315-09,https://documents.gov.lk/view/extra-gazettes/2023/1/2315-09_E.pdf,doc-archive/2023/01/17/2315-09/2315-09_english.pdf
2315-10,https://documents.gov.lk/view/extra-gazettes/2023/1/2315-10_E.pdf,doc-archive/2023/01/17/2315-10/2315-10_english.pdf
2315-12,https://documents.gov.lk/view/extra-gazettes/2023/1/2315-12_E.pdf,doc-archive/2023/01/17/2315-12/2315-12_english.pdf
2315-11,https://documents.gov.lk/view/extra-gazettes/2023/1/2315-11_E.pdf,doc-archive/2023/01/17/2315-11/2315-11_english.pdf
2315-01,https://documents.gov.lk/view/extra-gazettes/2023/1/2315-01_E.pdf,doc-archive/2023/01/16/2315-01/2315-01_english.pdf
2315-03,https://documents.gov.lk/view/extra-gazettes/2023/1/2315-03_E.pdf,doc-archive/2023/01/16/2315-03/2315-03_english.pdf
2315-05,https://documents.gov.lk/view/extra-gazettes/2023/1/2315-05_E.pdf,doc-archive/2023/01/16/2315-05/2315-05_english.pdf
2314-80,https://documents.gov.lk/view/extra-gazettes/2023/1/2314-80_E.pdf,doc-archive/2023/01/14/2314-80/2314-80_english.pdf
2314-81,https://documents.gov.lk/view/extra-gazettes/2023/1/2314-81_E.pdf,doc-archive/2023/01/14/2314-81/2314-81_english.pdf
2315-06,https://documents.gov.lk/view/extra-gazettes/2023/1/2315-06_E.pdf,doc-archive/2023/01/16/2315-06/2315-06_english.pdf
2314-82,https://documents.gov.lk/view/extra-gazettes/2023/1/2314-82_E.pdf,doc-archive/2023/01/14/2314-82/2314-82_english.pdf
2314-83,https://documents.gov.lk/view/extra-gazettes/2023/1/2314-83_E.pdf,doc-archive/2023/01/14/2314-83/2314-83_english.pdf
2314-87,https://documents.gov.lk/view/extra-gazettes/2023/1/2314-87_E.pdf,doc-archive/2023/01/14/2314-87/2314-87_english.pdf
2314-88,https://documents.gov.lk/view/extra-gazettes/2023/1/2314-88_E.pdf,doc-archive/2023/01/14/2314-88/2314-88_english.pdf
2314-89,https://documents.gov.lk/view/extra-gazettes/2023/1/2314-89_E.pdf,doc-archive/2023/01/14/2314-89/2314-89_english.pdf
2314-90,https://documents.gov.lk/view/extra-gazettes/2023/1/2314-90_E.pdf,doc-archive/2023/01/14/2314-90/2314-90_english.pdf
2314-48,https://documents.gov.lk/view/extra-gazettes/2023/1/2314-48_E.pdf,doc-archive/2023/01/13/2314-48/2314-48_english.pdf
2314-49,https://documents.gov.lk/view/extra-gazettes/2023/1/2314-49_E.pdf,doc-archive/2023/01/13/2314-49/2314-49_english.pdf
2314-50,https://documents.gov.lk/view/extra-gazettes/2023/1/2314-50_E.pdf,doc-archive/2023/01/13/2314-50/2314-50_english.pdf
2314-51,https://documents.gov.lk/view/extra-gazettes/2023/1/2314-51_E.pdf,doc-archive/2023/01/13/2314-51/2314-51_english.pdf
2314-52,https://documents.gov.lk/view/extra-gazettes/2023/1/2314-52_E.pdf,doc-archive/2023/01/13/2314-52/2314-52_english.pdf
2314-53,https://documents.gov.lk/view/extra-gazettes/2023/1/2314-53_E.pdf,doc-archive/2023/01/13/2314-53/2314-53_english.pdf
2314-54,https://documents.gov.lk/view/extra-gazettes/2023/1/2314-54_E.pdf,doc-archive/2023/01/13/2314-54/2314-54_english.pdf
2314-55,https://documents.gov.lk/view/extra-gazettes/2023/1/2314-55_E.pdf,doc-archive/2023/01/13/2314-55/2314-55_english.pdf
2314-56,https://documents.gov.lk/view/extra-gazettes/2023/1/2314-56_E.pdf,doc-archive/2023/01/13/2314-56/2314-56_english.pdf
2314-57,https://documents.gov.lk/view/extra-gazettes/2023/1/2314-57_E.pdf,doc-archive/2023/01/13/2314-57/2314-57_english.pdf
2314-58,https://documents.gov.lk/view/extra-gazettes/2023/1/2314-58_E.pdf,doc-archive/2023/01/13/2314-58/2314-58_english.pdf
2314-59,https://documents.gov.lk/view/extra-gazettes/2023/1/2314-59_E.pdf,doc-archive/2023/01/13/2314-59/2314-59_english.pdf
2314-60,https://documents.gov.lk/view/extra-gazettes/2023/1/2314-60_E.pdf,doc-archive/2023/01/13/2314-60/2314-60_english.pdf
2314-61,https://documents.gov.lk/view/extra-gazettes/2023/1/2314-61_E.pdf,doc-archive/2023/01/13/2314-61/2314-61_english.pdf
2314-62,https://documents.gov.lk/view/extra-gazettes/2023/1/2314-62_E.pdf,doc-archive/2023/01/13/2314-62/2314-62_english.pdf
2314-63,https://documents.gov.lk/view/extra-gazettes/2023/1/2314-63_E.pdf,doc-archive/2023/01/13/2314-63/2314-63_english.pdf
2314-64,https://documents.gov.lk/view/extra-gazettes/2023/1/2314-64_E.pdf,doc-archive/2023/01/13/2314-64/2314-64_english.pdf
2314-65,https://documents.gov.lk/view/extra-gazettes/2023/1/2314-65_E.pdf,doc-archive/2023/01/13/2314-65/2314-65_english.pdf
2314-66,https://documents.gov.lk/view/extra-gazettes/2023/1/2314-66_E.pdf,doc-archive/2023/01/13/2314-66/2314-66_english.pdf
2314-67,https://documents.gov.lk/view/extra-gazettes/2023/1/2314-67_E.pdf,doc-archive/2023/01/13/2314-67/2314-67_english.pdf
2314-70,https://documents.gov.lk/view/extra-gazettes/2023/1/2314-70_E.pdf,doc-archive/2023/01/13/2314-70/2314-70_english.pdf
2314-71,https://documents.gov.lk/view/extra-gazettes/2023/1/2314-71_E.pdf,doc-archive/2023/01/13/2314-71/2314-71_english.pdf
2314-72,https://documents.gov.lk/view/extra-gazettes/2023/1/2314-72_E.pdf,doc-archive/2023/01/13/2314-72/2314-72_english.pdf
2314-73,https://documents.gov.lk/view/extra-gazettes/2023/1/2314-73_E.pdf,doc-archive/2023/01/13/2314-73/2314-73_english.pdf
2314-74,https://documents.gov.lk/view/extra-gazettes/2023/1/2314-74_E.pdf,doc-archive/2023/01/13/2314-74/2314-74_english.pdf
2314-75,https://documents.gov.lk/view/extra-gazettes/2023/1/2314-75_E.pdf,doc-archive/2023/01/13/2314-75/2314-75_english.pdf
2314-76,https://documents.gov.lk/view/extra-gazettes/2023/1/2314-76_E.pdf,doc-archive/2023/01/13/2314-76/2314-76_english.pdf
2314-77,https://documents.gov.lk/view/extra-gazettes/2023/1/2314-77_E.pdf,doc-archive/2023/01/13/2314-77/2314-77_english.pdf
2314-78,https://documents.gov.lk/view/extra-gazettes/2023/1/2314-78_E.pdf,doc-archive/2023/01/13/2314-78/2314-78_english.pdf
2314-79,https://documents.gov.lk/view/extra-gazettes/2023/1/2314-79_E.pdf,doc-archive/2023/01/13/2314-79/2314-79_english.pdf
2314-26,https://documents.gov.lk/view/extra-gazettes/2023/1/2314-26_E.pdf,doc-archive/2023/01/12/2314-26/2314-26_english.pdf
2314-27,https://documents.gov.lk/view/extra-gazettes/2023/1/2314-27_E.pdf,doc-archive/2023/01/12/2314-27/2314-27_english.pdf
2314-28,https://documents.gov.lk/view/extra-gazettes/2023/1/2314-28_E.pdf,doc-archive/2023/01/12/2314-28/2314-28_english.pdf
2314-29,https://documents.gov.lk/view/extra-gazettes/2023/1/2314-29_E.pdf,doc-archive/2023/01/12/2314-29/2314-29_english.pdf
2314-30,https://documents.gov.lk/view/extra-gazettes/2023/1/2314-30_E.pdf,doc-archive/2023/01/12/2314-30/2314-30_english.pdf
2314-31,https://documents.gov.lk/view/extra-gazettes/2023/1/2314-31_E.pdf,doc-archive/2023/01/12/2314-31/2314-31_english.pdf
2314-33,https://documents.gov.lk/view/extra-gazettes/2023/1/2314-33_E.pdf,doc-archive/2023/01/12/2314-33/2314-33_english.pdf
2314-32,https://documents.gov.lk/view/extra-gazettes/2023/1/2314-32_E.pdf,doc-archive/2023/01/12/2314-32/2314-32_english.pdf
2314-34,https://documents.gov.lk/view/extra-gazettes/2023/1/2314-34_E.pdf,doc-archive/2023/01/12/2314-34/2314-34_english.pdf
2314-35,https://documents.gov.lk/view/extra-gazettes/2023/1/2314-35_E.pdf,doc-archive/2023/01/12/2314-35/2314-35_english.pdf
2314-36,https://documents.gov.lk/view/extra-gazettes/2023/1/2314-36_E.pdf,doc-archive/2023/01/12/2314-36/2314-36_english.pdf
2314-38,https://documents.gov.lk/view/extra-gazettes/2023/1/2314-38_E.pdf,doc-archive/2023/01/12/2314-38/2314-38_english.pdf
2314-39,https://documents.gov.lk/view/extra-gazettes/2023/1/2314-39_E.pdf,doc-archive/2023/01/12/2314-39/2314-39_english.pdf
2314-40,https://documents.gov.lk/view/extra-gazettes/2023/1/2314-40_E.pdf,doc-archive/2023/01/12/2314-40/2314-40_english.pdf
2314-44,https://documents.gov.lk/view/extra-gazettes/2023/1/2314-44_E.pdf,doc-archive/2023/01/12/2314-44/2314-44_english.pdf
2314-45,https://documents.gov.lk/view/extra-gazettes/2023/1/2314-45_E.pdf,doc-archive/2023/01/12/2314-45/2314-45_english.pdf
2314-46,https://documents.gov.lk/view/extra-gazettes/2023/1/2314-46_E.pdf,doc-archive/2023/01/12/2314-46/2314-46_english.pdf
2314-47,https://documents.gov.lk/view/extra-gazettes/2023/1/2314-47_E.pdf,doc-archive/2023/01/12/2314-47/2314-47_english.pdf
2314-16,https://documents.gov.lk/view/extra-gazettes/2023/1/2314-16_E.pdf,doc-archive/2023/01/11/2314-16/2314-16_english.pdf
2314-17,https://documents.gov.lk/view/extra-gazettes/2023/1/2314-17_E.pdf,doc-archive/2023/01/11/2314-17/2314-17_english.pdf
2314-21,https://documents.gov.lk/view/extra-gazettes/2023/1/2314-21_E.pdf,doc-archive/2023/01/11/2314-21/2314-21_english.pdf
2314-22,https://documents.gov.lk/view/extra-gazettes/2023/1/2314-22_E.pdf,doc-archive/2023/01/11/2314-22/2314-22_english.pdf
2314-23,https://documents.gov.lk/view/extra-gazettes/2023/1/2314-23_E.pdf,doc-archive/2023/01/11/2314-23/2314-23_english.pdf
2314-24,https://documents.gov.lk/view/extra-gazettes/2023/1/2314-24_E.pdf,doc-archive/2023/01/11/2314-24/2314-24_english.pdf
2314-25,https://documents.gov.lk/view/extra-gazettes/2023/1/2314-25_E.pdf,doc-archive/2023/01/11/2314-25/2314-25_english.pdf
2314-09,https://documents.gov.lk/view/extra-gazettes/2023/1/2314-09_E.pdf,doc-archive/2023/01/10/2314-09/2314-09_english.pdf
2314-13,https://documents.gov.lk/view/extra-gazettes/2023/1/2314-13_E.pdf,doc-archive/2023/01/10/2314-13/2314-13_english.pdf
2314-14,https://documents.gov.lk/view/extra-gazettes/2023/1/2314-14_E.pdf,doc-archive/2023/01/10/2314-14/2314-14_english.pdf
2314-15,https://documents.gov.lk/view/extra-gazettes/2023/1/2314-15_E.pdf,doc-archive/2023/01/10/2314-15/2314-15_english.pdf
2314-01,https://documents.gov.lk/view/extra-gazettes/2023/1/2314-01_E.pdf,doc-archive/2023/01/09/2314-01/2314-01_english.pdf
2314-02,https://documents.gov.lk/view/extra-gazettes/2023/1/2314-02_E.pdf,doc-archive/2023/01/09/2314-02/2314-02_english.pdf
2314-03,https://documents.gov.lk/view/extra-gazettes/2023/1/2314-03_E.pdf,doc-archive/2023/01/09/2314-03/2314-03_english.pdf
2314-04,https://documents.gov.lk/view/extra-gazettes/2023/1/2314-04_E.pdf,doc-archive/2023/01/09/2314-04/2314-04_english.pdf
2314-06,https://documents.gov.lk/view/extra-gazettes/2023/1/2314-06_E.pdf,doc-archive/2023/01/09/2314-06/2314-06_english.pdf
2313-67,https://documents.gov.lk/view/extra-gazettes/2023/1/2313-67_E.pdf,doc-archive/2023/01/07/2313-67/2313-67_english.pdf
2313-68,https://documents.gov.lk/view/extra-gazettes/2023/1/2313-68_E.pdf,doc-archive/2023/01/07/2313-68/2313-68_english.pdf
2313-69,https://documents.gov.lk/view/extra-gazettes/2023/1/2313-69_E.pdf,doc-archive/2023/01/07/2313-69/2313-69_english.pdf
2313-58,https://documents.gov.lk/view/extra-gazettes/2023/1/2313-58_E.pdf,doc-archive/2023/01/06/2313-58/2313-58_english.pdf
2313-61,https://documents.gov.lk/view/extra-gazettes/2023/1/2313-61_E.pdf,doc-archive/2023/01/06/2313-61/2313-61_english.pdf
2313-62,https://documents.gov.lk/view/extra-gazettes/2023/1/2313-62_E.pdf,doc-archive/2023/01/06/2313-62/2313-62_english.pdf
2313-63,https://documents.gov.lk/view/extra-gazettes/2023/1/2313-63_E.pdf,doc-archive/2023/01/06/2313-63/2313-63_english.pdf
2313-47,https://documents.gov.lk/view/extra-gazettes/2023/1/2313-47_E.pdf,doc-archive/2023/01/05/2313-47/2313-47_english.pdf
2313-48,https://documents.gov.lk/view/extra-gazettes/2023/1/2313-48_E.pdf,doc-archive/2023/01/05/2313-48/2313-48_english.pdf
2313-49,https://documents.gov.lk/view/extra-gazettes/2023/1/2313-49_E.pdf,doc-archive/2023/01/05/2313-49/2313-49_english.pdf
2313-50,https://documents.gov.lk/view/extra-gazettes/2023/1/2313-50_E.pdf,doc-archive/2023/01/05/2313-50/2313-50_english.pdf
2313-51,https://documents.gov.lk/view/extra-gazettes/2023/1/2313-51_E.pdf,doc-archive/2023/01/05/2313-51/2313-51_english.pdf
2313-52,https://documents.gov.lk/view/extra-gazettes/2023/1/2313-52_E.pdf,doc-archive/2023/01/05/2313-52/2313-52_english.pdf
2313-56,https://documents.gov.lk/view/extra-gazettes/2023/1/2313-56_E.pdf,doc-archive/2023/01/05/2313-56/2313-56_english.pdf
2313-57,https://documents.gov.lk/view/extra-gazettes/2023/1/2313-57_E.pdf,doc-archive/2023/01/05/2313-57/2313-57_english.pdf
2313-31,https://documents.gov.lk/view/extra-gazettes/2023/1/2313-31_E.pdf,doc-archive/2023/01/04/2313-31/2313-31_english.pdf
2313-32,https://documents.gov.lk/view/extra-gazettes/2023/1/2313-32_E.pdf,doc-archive/2023/01/04/2313-32/2313-32_english.pdf
2313-33,https://documents.gov.lk/view/extra-gazettes/2023/1/2313-33_E.pdf,doc-archive/2023/01/04/2313-33/2313-33_english.pdf
2313-34,https://documents.gov.lk/view/extra-gazettes/2023/1/2313-34_E.pdf,doc-archive/2023/01/04/2313-34/2313-34_english.pdf
2313-35,https://documents.gov.lk/view/extra-gazettes/2023/1/2313-35_E.pdf,doc-archive/2023/01/04/2313-35/2313-35_english.pdf
2313-37,https://documents.gov.lk/view/extra-gazettes/2023/1/2313-37_E.pdf,doc-archive/2023/01/04/2313-37/2313-37_english.pdf
2313-38,https://documents.gov.lk/view/extra-gazettes/2023/1/2313-38_E.pdf,doc-archive/2023/01/04/2313-38/2313-38_english.pdf
2313-39,https://documents.gov.lk/view/extra-gazettes/2023/1/2313-39_E.pdf,doc-archive/2023/01/04/2313-39/2313-39_english.pdf
2313-40,https://documents.gov.lk/view/extra-gazettes/2023/1/2313-40_E.pdf,doc-archive/2023/01/04/2313-40/2313-40_english.pdf
2313-41,https://documents.gov.lk/view/extra-gazettes/2023/1/2313-41_E.pdf,doc-archive/2023/01/04/2313-41/2313-41_english.pdf
2313-42,https://documents.gov.lk/view/extra-gazettes/2023/1/2313-42_E.pdf,doc-archive/2023/01/04/2313-42/2313-42_english.pdf
2313-43,https://documents.gov.lk/view/extra-gazettes/2023/1/2313-43_E.pdf,doc-archive/2023/01/04/2313-43/2313-43_english.pdf
2313-25,https://documents.gov.lk/view/extra-gazettes/2023/1/2313-25_E.pdf,doc-archive/2023/01/03/2313-25/2313-25_english.pdf
2313-26,https://documents.gov.lk/view/extra-gazettes/2023/1/2313-26_E.pdf,doc-archive/2023/01/03/2313-26/2313-26_english.pdf
2313-27,https://documents.gov.lk/view/extra-gazettes/2023/1/2313-27_E.pdf,doc-archive/2023/01/03/2313-27/2313-27_english.pdf
2313-28,https://documents.gov.lk/view/extra-gazettes/2023/1/2313-28_E.pdf,doc-archive/2023/01/03/2313-28/2313-28_english.pdf
2313-29,https://documents.gov.lk/view/extra-gazettes/2023/1/2313-29_E.pdf,doc-archive/2023/01/03/2313-29/2313-29_english.pdf
2313-01,https://documents.gov.lk/view/extra-gazettes/2023/1/2313-01_E.pdf,doc-archive/2023/01/02/2313-01/2313-01_english.pdf
2313-02,https://documents.gov.lk/view/extra-gazettes/2023/1/2313-02_E.pdf,doc-archive/2023/01/02/2313-02/2313-02_english.pdf
2313-03,https://documents.gov.lk/view/extra-gazettes/2023/1/2313-03_E.pdf,doc-archive/2023/01/02/2313-03/2313-03_english.pdf
2313-04,https://documents.gov.lk/view/extra-gazettes/2023/1/2313-04_E.pdf,doc-archive/2023/01/02/2313-04/2313-04_english.pdf
2313-05,https://documents.gov.lk/view/extra-gazettes/2023/1/2313-05_E.pdf,doc-archive/2023/01/02/2313-05/2313-05_english.pdf
2313-06,https://documents.gov.lk/view/extra-gazettes/2023/1/2313-06_E.pdf,doc-archive/2023/01/02/2313-06/2313-06_english.pdf
2313-07,https://documents.gov.lk/view/extra-gazettes/2023/1/2313-07_E.pdf,doc-archive/2023/01/02/2313-07/2313-07_english.pdf
2313-08,https://documents.gov.lk/view/extra-gazettes/2023/1/2313-08_E.pdf,doc-archive/2023/01/02/2313-08/2313-08_english.pdf
2313-09,https://documents.gov.lk/view/extra-gazettes/2023/1/2313-09_E.pdf,doc-archive/2023/01/02/2313-09/2313-09_english.pdf
2313-10,https://documents.gov.lk/view/extra-gazettes/2023/1/2313-10_E.pdf,doc-archive/2023/01/02/2313-10/2313-10_english.pdf
2313-11,https://documents.gov.lk/view/extra-gazettes/2023/1/2313-11_E.pdf,doc-archive/2023/01/02/2313-11/2313-11_english.pdf
2313-12,https://documents.gov.lk/view/extra-gazettes/2023/1/2313-12_E.pdf,doc-archive/2023/01/02/2313-12/2313-12_english.pdf
2313-13,https://documents.gov.lk/view/extra-gazettes/2023/1/2313-13_E.pdf,doc-archive/2023/01/02/2313-13/2313-13_english.pdf
2313-14,https://documents.gov.lk/view/extra-gazettes/2023/1/2313-14_E.pdf,doc-archive/2023/01/02/2313-14/2313-14_english.pdf
2313-15,https://documents.gov.lk/view/extra-gazettes/2023/1/2313-15_E.pdf,doc-archive/2023/01/02/2313-15/2313-15_english.pdf
2313-16,https://documents.gov.lk/view/extra-gazettes/2023/1/2313-16_E.pdf,doc-archive/2023/01/02/2313-16/2313-16_english.pdf
2313-17,https://documents.gov.lk/view/extra-gazettes/2023/1/2313-17_E.pdf,doc-archive/2023/01/02/2313-17/2313-17_english.pdf
2313-18,https://documents.gov.lk/view/extra-gazettes/2023/1/2313-18_E.pdf,doc-archive/2023/01/02/2313-18/2313-18_english.pdf
2313-19,https://documents.gov.lk/view/extra-gazettes/2023/1/2313-19_E.pdf,doc-archive/2023/01/02/2313-19/2313-19_english.pdf
2313-20,https://documents.gov.lk/view/extra-gazettes/2023/1/2313-20_E.pdf,doc-archive/2023/01/02/2313-20/2313-20_english.pdf
2313-21,https://documents.gov.lk/view/extra-gazettes/2023/1/2313-21_E.pdf,doc-archive/2023/01/02/2313-21/2313-21_english.pdf
2313-22,https://documents.gov.lk/view/extra-gazettes/2023/1/2313-22_E.pdf,doc-archive/2023/01/02/2313-22/2313-22_english.pdf
2312-76,https://documents.gov.lk/view/extra-gazettes/2023/1/2312-76_E.pdf,doc-archive/2023/01/01/2312-76/2312-76_english.pdf
2312-75,https://documents.gov.lk/view/extra-gazettes/2023/1/2312-75_E.pdf,doc-archive/2023/01/01/2312-75/2312-75_english.pdf
2312-77,https://documents.gov.lk/view/extra-gazettes/2023/1/2312-77_E.pdf,doc-archive/2023/01/01/2312-77/2312-77_english.pdf
2312-80,https://documents.gov.lk/view/extra-gazettes/2023/1/2312-80_E.pdf,doc-archive/2023/01/01/2312-80/2312-80_english.pdf
2312-78,https://documents.gov.lk/view/extra-gazettes/2023/1/2312-78_E.pdf,doc-archive/2023/01/01/2312-78/2312-78_english.pdf
2321-21,https://documents.gov.lk/view/extra-gazettes/2023/2/2321-21_E.pdf,doc-archive/2023/02/28/2321-21/2321-21_english.pdf
2321-23,https://documents.gov.lk/view/extra-gazettes/2023/2/2321-23_E.pdf,doc-archive/2023/02/28/2321-23/2321-23_english.pdf
2321-22,https://documents.gov.lk/view/extra-gazettes/2023/2/2321-22_E.pdf,doc-archive/2023/02/28/2321-22/2321-22_english.pdf
2321-24,https://documents.gov.lk/view/extra-gazettes/2023/2/2321-24_E.pdf,doc-archive/2023/02/28/2321-24/2321-24_english.pdf
2321-25,https://documents.gov.lk/view/extra-gazettes/2023/2/2321-25_E.pdf,doc-archive/2023/02/28/2321-25/2321-25_english.pdf
2321-26,https://documents.gov.lk/view/extra-gazettes/2023/2/2321-26_E.pdf,doc-archive/2023/02/28/2321-26/2321-26_english.pdf
2321-27,https://documents.gov.lk/view/extra-gazettes/2023/2/2321-27_E.pdf,doc-archive/2023/02/28/2321-27/2321-27_english.pdf
2321-28,https://documents.gov.lk/view/extra-gazettes/2023/2/2321-28_E.pdf,doc-archive/2023/02/28/2321-28/2321-28_english.pdf
2321-29,https://documents.gov.lk/view/extra-gazettes/2023/2/2321-29_E.pdf,doc-archive/2023/02/28/2321-29/2321-29_english.pdf
2321-30,https://documents.gov.lk/view/extra-gazettes/2023/2/2321-30_E.pdf,doc-archive/2023/02/28/2321-30/2321-30_english.pdf
2321-31,https://documents.gov.lk/view/extra-gazettes/2023/2/2321-31_E.pdf,doc-archive/2023/02/28/2321-31/2321-31_english.pdf
2321-32,https://documents.gov.lk/view/extra-gazettes/2023/2/2321-32_E.pdf,doc-archive/2023/02/28/2321-32/2321-32_english.pdf
2321-33,https://documents.gov.lk/view/extra-gazettes/2023/2/2321-33_E.pdf,doc-archive/2023/02/28/2321-33/2321-33_english.pdf
2321-34,https://documents.gov.lk/view/extra-gazettes/2023/2/2321-34_E.pdf,doc-archive/2023/02/28/2321-34/2321-34_english.pdf
2321-35,https://documents.gov.lk/view/extra-gazettes/2023/2/2321-35_E.pdf,doc-archive/2023/02/28/2321-35/2321-35_english.pdf
2321-36,https://documents.gov.lk/view/extra-gazettes/2023/2/2321-36_E.pdf,doc-archive/2023/02/28/2321-36/2321-36_english.pdf
2321-37,https://documents.gov.lk/view/extra-gazettes/2023/2/2321-37_E.pdf,doc-archive/2023/02/28/2321-37/2321-37_english.pdf
2321-38,https://documents.gov.lk/view/extra-gazettes/2023/2/2321-38_E.pdf,doc-archive/2023/02/28/2321-38/2321-38_english.pdf
2321-39,https://documents.gov.lk/view/extra-gazettes/2023/2/2321-39_E.pdf,doc-archive/2023/02/28/2321-39/2321-39_english.pdf
2321-40,https://documents.gov.lk/view/extra-gazettes/2023/2/2321-40_E.pdf,doc-archive/2023/02/28/2321-40/2321-40_english.pdf
2321-41,https://documents.gov.lk/view/extra-gazettes/2023/2/2321-41_E.pdf,doc-archive/2023/02/28/2321-41/2321-41_english.pdf
2321-42,https://documents.gov.lk/view/extra-gazettes/2023/2/2321-42_E.pdf,doc-archive/2023/02/28/2321-42/2321-42_english.pdf
2321-43,https://documents.gov.lk/view/extra-gazettes/2023/2/2321-43_E.pdf,doc-archive/2023/02/28/2321-43/2321-43_english.pdf
2321-01,https://documents.gov.lk/view/extra-gazettes/2023/2/2321-01_E.pdf,doc-archive/2023/02/27/2321-01/2321-01_english.pdf
2321-02,https://documents.gov.lk/view/extra-gazettes/2023/2/2321-02_E.pdf,doc-archive/2023/02/27/2321-02/2321-02_english.pdf
2321-03,https://documents.gov.lk/view/extra-gazettes/2023/2/2321-03_E.pdf,doc-archive/2023/02/27/2321-03/2321-03_english.pdf
2321-04,https://documents.gov.lk/view/extra-gazettes/2023/2/2321-04_E.pdf,doc-archive/2023/02/27/2321-04/2321-04_english.pdf
2321-05,https://documents.gov.lk/view/extra-gazettes/2023/2/2321-05_E.pdf,doc-archive/2023/02/27/2321-05/2321-05_english.pdf
2321-06,https://documents.gov.lk/view/extra-gazettes/2023/2/2321-06_E.pdf,doc-archive/2023/02/27/2321-06/2321-06_english.pdf
2321-07,https://documents.gov.lk/view/extra-gazettes/2023/2/2321-07_E.pdf,doc-archive/2023/02/27/2321-07/2321-07_english.pdf
2321-12,https://documents.gov.lk/view/extra-gazettes/2023/2/2321-12_E.pdf,doc-archive/2023/02/27/2321-12/2321-12_english.pdf
2321-13,https://documents.gov.lk/view/extra-gazettes/2023/2/2321-13_E.pdf,doc-archive/2023/02/27/2321-13/2321-13_english.pdf
2321-14,https://documents.gov.lk/view/extra-gazettes/2023/2/2321-14_E.pdf,doc-archive/2023/02/27/2321-14/2321-14_english.pdf
2321-15,https://documents.gov.lk/view/extra-gazettes/2023/2/2321-15_E.pdf,doc-archive/2023/02/27/2321-15/2321-15_english.pdf
2321-16,https://documents.gov.lk/view/extra-gazettes/2023/2/2321-16_E.pdf,doc-archive/2023/02/27/2321-16/2321-16_english.pdf
2321-17,https://documents.gov.lk/view/extra-gazettes/2023/2/2321-17_E.pdf,doc-archive/2023/02/27/2321-17/2321-17_english.pdf
2321-18,https://documents.gov.lk/view/extra-gazettes/2023/2/2321-18_E.pdf,doc-archive/2023/02/27/2321-18/2321-18_english.pdf
2321-19,https://documents.gov.lk/view/extra-gazettes/2023/2/2321-19_E.pdf,doc-archive/2023/02/27/2321-19/2321-19_english.pdf
2321-20,https://documents.gov.lk/view/extra-gazettes/2023/2/2321-20_E.pdf,doc-archive/2023/02/27/2321-20/2321-20_english.pdf
2320-73,https://documents.gov.lk/view/extra-gazettes/2023/2/2320-73_E.pdf,doc-archive/2023/02/25/2320-73/2320-73_english.pdf
2320-74,https://documents.gov.lk/view/extra-gazettes/2023/2/2320-74_E.pdf,doc-archive/2023/02/25/2320-74/2320-74_english.pdf
2320-75,https://documents.gov.lk/view/extra-gazettes/2023/2/2320-75_E.pdf,doc-archive/2023/02/25/2320-75/2320-75_english.pdf
2320-76,https://documents.gov.lk/view/extra-gazettes/2023/2/2320-76_E.pdf,doc-archive/2023/02/25/2320-76/2320-76_english.pdf
2320-78,https://documents.gov.lk/view/extra-gazettes/2023/2/2320-78_E.pdf,doc-archive/2023/02/25/2320-78/2320-78_english.pdf
2320-79,https://documents.gov.lk/view/extra-gazettes/2023/2/2320-79_E.pdf,doc-archive/2023/02/25/2320-79/2320-79_english.pdf
2320-80,https://documents.gov.lk/view/extra-gazettes/2023/2/2320-80_E.pdf,doc-archive/2023/02/25/2320-80/2320-80_english.pdf
2320-81,https://documents.gov.lk/view/extra-gazettes/2023/2/2320-81_E.pdf,doc-archive/2023/02/25/2320-81/2320-81_english.pdf
2320-82,https://documents.gov.lk/view/extra-gazettes/2023/2/2320-82_E.pdf,doc-archive/2023/02/25/2320-82/2320-82_english.pdf
2320-83,https://documents.gov.lk/view/extra-gazettes/2023/2/2320-83_E.pdf,doc-archive/2023/02/25/2320-83/2320-83_english.pdf
2320-84,https://documents.gov.lk/view/extra-gazettes/2023/2/2320-84_E.pdf,doc-archive/2023/02/25/2320-84/2320-84_english.pdf
2320-85,https://documents.gov.lk/view/extra-gazettes/2023/2/2320-85_E.pdf,doc-archive/2023/02/25/2320-85/2320-85_english.pdf
2320-86,https://documents.gov.lk/view/extra-gazettes/2023/2/2320-86_E.pdf,doc-archive/2023/02/25/2320-86/2320-86_english.pdf
2320-87,https://documents.gov.lk/view/extra-gazettes/2023/2/2320-87_E.pdf,doc-archive/2023/02/25/2320-87/2320-87_english.pdf
2320-88,https://documents.gov.lk/view/extra-gazettes/2023/2/2320-88_E.pdf,doc-archive/2023/02/25/2320-88/2320-88_english.pdf
2320-66,https://documents.gov.lk/view/extra-gazettes/2023/2/2320-66_E.pdf,doc-archive/2023/02/24/2320-66/2320-66_english.pdf
2320-67,https://documents.gov.lk/view/extra-gazettes/2023/2/2320-67_E.pdf,doc-archive/2023/02/24/2320-67/2320-67_english.pdf
2320-68,https://documents.gov.lk/view/extra-gazettes/2023/2/2320-68_E.pdf,doc-archive/2023/02/24/2320-68/2320-68_english.pdf
2320-69,https://documents.gov.lk/view/extra-gazettes/2023/2/2320-69_E.pdf,doc-archive/2023/02/24/2320-69/2320-69_english.pdf
2320-63,https://documents.gov.lk/view/extra-gazettes/2023/2/2320-63_E.pdf,doc-archive/2023/02/23/2320-63/2320-63_english.pdf
2320-64,https://documents.gov.lk/view/extra-gazettes/2023/2/2320-64_E.pdf,doc-archive/2023/02/23/2320-64/2320-64_english.pdf
2320-65,https://documents.gov.lk/view/extra-gazettes/2023/2/2320-65_E.pdf,doc-archive/2023/02/23/2320-65/2320-65_english.pdf
2320-42,https://documents.gov.lk/view/extra-gazettes/2023/2/2320-42_E.pdf,doc-archive/2023/02/22/2320-42/2320-42_english.pdf
2320-43,https://documents.gov.lk/view/extra-gazettes/2023/2/2320-43_E.pdf,doc-archive/2023/02/22/2320-43/2320-43_english.pdf
2320-44,https://documents.gov.lk/view/extra-gazettes/2023/2/2320-44_E.pdf,doc-archive/2023/02/22/2320-44/2320-44_english.pdf
2320-45,https://documents.gov.lk/view/extra-gazettes/2023/2/2320-45_E.pdf,doc-archive/2023/02/22/2320-45/2320-45_english.pdf
2320-46,https://documents.gov.lk/view/extra-gazettes/2023/2/2320-46_E.pdf,doc-archive/2023/02/22/2320-46/2320-46_english.pdf
2320-47,https://documents.gov.lk/view/extra-gazettes/2023/2/2320-47_E.pdf,doc-archive/2023/02/22/2320-47/2320-47_english.pdf
2320-48,https://documents.gov.lk/view/extra-gazettes/2023/2/2320-48_E.pdf,doc-archive/2023/02/22/2320-48/2320-48_english.pdf
2320-49,https://documents.gov.lk/view/extra-gazettes/2023/2/2320-49_E.pdf,doc-archive/2023/02/22/2320-49/2320-49_english.pdf
2320-50,https://documents.gov.lk/view/extra-gazettes/2023/2/2320-50_E.pdf,doc-archive/2023/02/22/2320-50/2320-50_english.pdf
2320-51,https://documents.gov.lk/view/extra-gazettes/2023/2/2320-51_E.pdf,doc-archive/2023/02/22/2320-51/2320-51_english.pdf
2320-52,https://documents.gov.lk/view/extra-gazettes/2023/2/2320-52_E.pdf,doc-archive/2023/02/22/2320-52/2320-52_english.pdf
2320-53,https://documents.gov.lk/view/extra-gazettes/2023/2/2320-53_E.pdf,doc-archive/2023/02/22/2320-53/2320-53_english.pdf
2320-54,https://documents.gov.lk/view/extra-gazettes/2023/2/2320-54_E.pdf,doc-archive/2023/02/22/2320-54/2320-54_english.pdf
2320-56,https://documents.gov.lk/view/extra-gazettes/2023/2/2320-56_E.pdf,doc-archive/2023/02/22/2320-56/2320-56_english.pdf
2320-57,https://documents.gov.lk/view/extra-gazettes/2023/2/2320-57_E.pdf,doc-archive/2023/02/22/2320-57/2320-57_english.pdf
2320-58,https://documents.gov.lk/view/extra-gazettes/2023/2/2320-58_E.pdf,doc-archive/2023/02/22/2320-58/2320-58_english.pdf
2320-59,https://documents.gov.lk/view/extra-gazettes/2023/2/2320-59_E.pdf,doc-archive/2023/02/22/2320-59/2320-59_english.pdf
2320-35,https://documents.gov.lk/view/extra-gazettes/2023/2/2320-35_E.pdf,doc-archive/2023/02/21/2320-35/2320-35_english.pdf
2320-36,https://documents.gov.lk/view/extra-gazettes/2023/2/2320-36_E.pdf,doc-archive/2023/02/21/2320-36/2320-36_english.pdf
2320-37,https://documents.gov.lk/view/extra-gazettes/2023/2/2320-37_E.pdf,doc-archive/2023/02/21/2320-37/2320-37_english.pdf
2320-38,https://documents.gov.lk/view/extra-gazettes/2023/2/2320-38_E.pdf,doc-archive/2023/02/21/2320-38/2320-38_english.pdf
2320-01,https://documents.gov.lk/view/extra-gazettes/2023/2/2320-01_E.pdf,doc-archive/2023/02/20/2320-01/2320-01_english.pdf
2320-02,https://documents.gov.lk/view/extra-gazettes/2023/2/2320-02_E.pdf,doc-archive/2023/02/20/2320-02/2320-02_english.pdf
2320-03,https://documents.gov.lk/view/extra-gazettes/2023/2/2320-03_E.pdf,doc-archive/2023/02/20/2320-03/2320-03_english.pdf
2320-04,https://documents.gov.lk/view/extra-gazettes/2023/2/2320-04_E.pdf,doc-archive/2023/02/20/2320-04/2320-04_english.pdf
2320-05,https://documents.gov.lk/view/extra-gazettes/2023/2/2320-05_E.pdf,doc-archive/2023/02/20/2320-05/2320-05_english.pdf
2320-06,https://documents.gov.lk/view/extra-gazettes/2023/2/2320-06_E.pdf,doc-archive/2023/02/20/2320-06/2320-06_english.pdf
2320-07,https://documents.gov.lk/view/extra-gazettes/2023/2/2320-07_E.pdf,doc-archive/2023/02/20/2320-07/2320-07_english.pdf
2320-08,https://documents.gov.lk/view/extra-gazettes/2023/2/2320-08_E.pdf,doc-archive/2023/02/20/2320-08/2320-08_english.pdf
2320-09,https://documents.gov.lk/view/extra-gazettes/2023/2/2320-09_E.pdf,doc-archive/2023/02/20/2320-09/2320-09_english.pdf
2320-10,https://documents.gov.lk/view/extra-gazettes/2023/2/2320-10_E.pdf,doc-archive/2023/02/20/2320-10/2320-10_english.pdf
2320-11,https://documents.gov.lk/view/extra-gazettes/2023/2/2320-11_E.pdf,doc-archive/2023/02/20/2320-11/2320-11_english.pdf
2320-12,https://documents.gov.lk/view/extra-gazettes/2023/2/2320-12_E.pdf,doc-archive/2023/02/20/2320-12/2320-12_english.pdf
2320-13,https://documents.gov.lk/view/extra-gazettes/2023/2/2320-13_E.pdf,doc-archive/2023/02/20/2320-13/2320-13_english.pdf
2320-14,https://documents.gov.lk/view/extra-gazettes/2023/2/2320-14_E.pdf,doc-archive/2023/02/20/2320-14/2320-14_english.pdf
2320-16,https://documents.gov.lk/view/extra-gazettes/2023/2/2320-16_E.pdf,doc-archive/2023/02/20/2320-16/2320-16_english.pdf
2320-17,https://documents.gov.lk/view/extra-gazettes/2023/2/2320-17_E.pdf,doc-archive/2023/02/20/2320-17/2320-17_english.pdf
2320-18,https://documents.gov.lk/view/extra-gazettes/2023/2/2320-18_E.pdf,doc-archive/2023/02/20/2320-18/2320-18_english.pdf
2320-19,https://documents.gov.lk/view/extra-gazettes/2023/2/2320-19_E.pdf,doc-archive/2023/02/20/2320-19/2320-19_english.pdf
2320-20,https://documents.gov.lk/view/extra-gazettes/2023/2/2320-20_E.pdf,doc-archive/2023/02/20/2320-20/2320-20_english.pdf
2320-21,https://documents.gov.lk/view/extra-gazettes/2023/2/2320-21_E.pdf,doc-archive/2023/02/20/2320-21/2320-21_english.pdf
2320-22,https://documents.gov.lk/view/extra-gazettes/2023/2/2320-22_E.pdf,doc-archive/2023/02/20/2320-22/2320-22_english.pdf
2320-23,https://documents.gov.lk/view/extra-gazettes/2023/2/2320-23_E.pdf,doc-archive/2023/02/20/2320-23/2320-23_english.pdf
2320-24,https://documents.gov.lk/view/extra-gazettes/2023/2/2320-24_E.pdf,doc-archive/2023/02/20/2320-24/2320-24_english.pdf
2320-25,https://documents.gov.lk/view/extra-gazettes/2023/2/2320-25_E.pdf,doc-archive/2023/02/20/2320-25/2320-25_english.pdf
2320-26,https://documents.gov.lk/view/extra-gazettes/2023/2/2320-26_E.pdf,doc-archive/2023/02/20/2320-26/2320-26_english.pdf
2320-28,https://documents.gov.lk/view/extra-gazettes/2023/2/2320-28_E.pdf,doc-archive/2023/02/20/2320-28/2320-28_english.pdf
2320-29,https://documents.gov.lk/view/extra-gazettes/2023/2/2320-29_E.pdf,doc-archive/2023/02/20/2320-29/2320-29_english.pdf
2320-30,https://documents.gov.lk/view/extra-gazettes/2023/2/2320-30_E.pdf,doc-archive/2023/02/20/2320-30/2320-30_english.pdf
2320-31,https://documents.gov.lk/view/extra-gazettes/2023/2/2320-31_E.pdf,doc-archive/2023/02/20/2320-31/2320-31_english.pdf
2319-90,https://documents.gov.lk/view/extra-gazettes/2023/2/2319-90_E.pdf,doc-archive/2023/02/18/2319-90/2319-90_english.pdf
2319-91,https://documents.gov.lk/view/extra-gazettes/2023/2/2319-91_E.pdf,doc-archive/2023/02/18/2319-91/2319-91_english.pdf
2319-92,https://documents.gov.lk/view/extra-gazettes/2023/2/2319-92_E.pdf,doc-archive/2023/02/18/2319-92/2319-92_english.pdf
2319-93,https://documents.gov.lk/view/extra-gazettes/2023/2/2319-93_E.pdf,doc-archive/2023/02/18/2319-93/2319-93_english.pdf
2319-80,https://documents.gov.lk/view/extra-gazettes/2023/2/2319-80_E.pdf,doc-archive/2023/02/17/2319-80/2319-80_english.pdf
2319-81,https://documents.gov.lk/view/extra-gazettes/2023/2/2319-81_E.pdf,doc-archive/2023/02/17/2319-81/2319-81_english.pdf
2319-82,https://documents.gov.lk/view/extra-gazettes/2023/2/2319-82_E.pdf,doc-archive/2023/02/17/2319-82/2319-82_english.pdf
2319-84,https://documents.gov.lk/view/extra-gazettes/2023/2/2319-84_E.pdf,doc-archive/2023/02/17/2319-84/2319-84_english.pdf
2319-85,https://documents.gov.lk/view/extra-gazettes/2023/2/2319-85_E.pdf,doc-archive/2023/02/17/2319-85/2319-85_english.pdf
2319-60,https://documents.gov.lk/view/extra-gazettes/2023/2/2319-60_E.pdf,doc-archive/2023/02/16/2319-60/2319-60_english.pdf
2319-64,https://documents.gov.lk/view/extra-gazettes/2023/2/2319-64_E.pdf,doc-archive/2023/02/16/2319-64/2319-64_english.pdf
2319-65,https://documents.gov.lk/view/extra-gazettes/2023/2/2319-65_E.pdf,doc-archive/2023/02/16/2319-65/2319-65_english.pdf
2319-66,https://documents.gov.lk/view/extra-gazettes/2023/2/2319-66_E.pdf,doc-archive/2023/02/16/2319-66/2319-66_english.pdf
2319-67,https://documents.gov.lk/view/extra-gazettes/2023/2/2319-67_E.pdf,doc-archive/2023/02/16/2319-67/2319-67_english.pdf
2319-68,https://documents.gov.lk/view/extra-gazettes/2023/2/2319-68_E.pdf,doc-archive/2023/02/16/2319-68/2319-68_english.pdf
2319-69,https://documents.gov.lk/view/extra-gazettes/2023/2/2319-69_E.pdf,doc-archive/2023/02/16/2319-69/2319-69_english.pdf
2319-70,https://documents.gov.lk/view/extra-gazettes/2023/2/2319-70_E.pdf,doc-archive/2023/02/16/2319-70/2319-70_english.pdf
2319-71,https://documents.gov.lk/view/extra-gazettes/2023/2/2319-71_E.pdf,doc-archive/2023/02/16/2319-71/2319-71_english.pdf
2319-72,https://documents.gov.lk/view/extra-gazettes/2023/2/2319-72_E.pdf,doc-archive/2023/02/16/2319-72/2319-72_english.pdf
2319-73,https://documents.gov.lk/view/extra-gazettes/2023/2/2319-73_E.pdf,doc-archive/2023/02/16/2319-73/2319-73_english.pdf
2319-74,https://documents.gov.lk/view/extra-gazettes/2023/2/2319-74_E.pdf,doc-archive/2023/02/16/2319-74/2319-74_english.pdf
2319-75,https://documents.gov.lk/view/extra-gazettes/2023/2/2319-75_E.pdf,doc-archive/2023/02/16/2319-75/2319-75_english.pdf
2319-76,https://documents.gov.lk/view/extra-gazettes/2023/2/2319-76_E.pdf,doc-archive/2023/02/16/2319-76/2319-76_english.pdf
2319-77,https://documents.gov.lk/view/extra-gazettes/2023/2/2319-77_E.pdf,doc-archive/2023/02/16/2319-77/2319-77_english.pdf
2319-78,https://documents.gov.lk/view/extra-gazettes/2023/2/2319-78_E.pdf,doc-archive/2023/02/16/2319-78/2319-78_english.pdf
2319-79,https://documents.gov.lk/view/extra-gazettes/2023/2/2319-79_E.pdf,doc-archive/2023/02/16/2319-79/2319-79_english.pdf
2319-47,https://documents.gov.lk/view/extra-gazettes/2023/2/2319-47_E.pdf,doc-archive/2023/02/15/2319-47/2319-47_english.pdf
2319-48,https://documents.gov.lk/view/extra-gazettes/2023/2/2319-48_E.pdf,doc-archive/2023/02/15/2319-48/2319-48_english.pdf
2319-49,https://documents.gov.lk/view/extra-gazettes/2023/2/2319-49_E.pdf,doc-archive/2023/02/15/2319-49/2319-49_english.pdf
2319-50,https://documents.gov.lk/view/extra-gazettes/2023/2/2319-50_E.pdf,doc-archive/2023/02/15/2319-50/2319-50_english.pdf
2319-51,https://documents.gov.lk/view/extra-gazettes/2023/2/2319-51_E.pdf,doc-archive/2023/02/15/2319-51/2319-51_english.pdf
2319-52,https://documents.gov.lk/view/extra-gazettes/2023/2/2319-52_E.pdf,doc-archive/2023/02/15/2319-52/2319-52_english.pdf
2319-53,https://documents.gov.lk/view/extra-gazettes/2023/2/2319-53_E.pdf,doc-archive/2023/02/15/2319-53/2319-53_english.pdf
2319-54,https://documents.gov.lk/view/extra-gazettes/2023/2/2319-54_E.pdf,doc-archive/2023/02/15/2319-54/2319-54_english.pdf
2319-55,https://documents.gov.lk/view/extra-gazettes/2023/2/2319-55_E.pdf,doc-archive/2023/02/15/2319-55/2319-55_english.pdf
2319-56,https://documents.gov.lk/view/extra-gazettes/2023/2/2319-56_E.pdf,doc-archive/2023/02/15/2319-56/2319-56_english.pdf
2319-57,https://documents.gov.lk/view/extra-gazettes/2023/2/2319-57_E.pdf,doc-archive/2023/02/15/2319-57/2319-57_english.pdf
2319-58,https://documents.gov.lk/view/extra-gazettes/2023/2/2319-58_E.pdf,doc-archive/2023/02/15/2319-58/2319-58_english.pdf
2319-59,https://documents.gov.lk/view/extra-gazettes/2023/2/2319-59_E.pdf,doc-archive/2023/02/15/2319-59/2319-59_english.pdf
2319-27,https://documents.gov.lk/view/extra-gazettes/2023/2/2319-27_E.pdf,doc-archive/2023/02/14/2319-27/2319-27_english.pdf
2319-28,https://documents.gov.lk/view/extra-gazettes/2023/2/2319-28_E.pdf,doc-archive/2023/02/14/2319-28/2319-28_english.pdf
2319-29,https://documents.gov.lk/view/extra-gazettes/2023/2/2319-29_E.pdf,doc-archive/2023/02/14/2319-29/2319-29_english.pdf
2319-30,https://documents.gov.lk/view/extra-gazettes/2023/2/2319-30_E.pdf,doc-archive/2023/02/14/2319-30/2319-30_english.pdf
2319-31,https://documents.gov.lk/view/extra-gazettes/2023/2/2319-31_E.pdf,doc-archive/2023/02/14/2319-31/2319-31_english.pdf
2319-32,https://documents.gov.lk/view/extra-gazettes/2023/2/2319-32_E.pdf,doc-archive/2023/02/14/2319-32/2319-32_english.pdf
2319-33,https://documents.gov.lk/view/extra-gazettes/2023/2/2319-33_E.pdf,doc-archive/2023/02/14/2319-33/2319-33_english.pdf
2319-34,https://documents.gov.lk/view/extra-gazettes/2023/2/2319-34_E.pdf,doc-archive/2023/02/14/2319-34/2319-34_english.pdf
2319-35,https://documents.gov.lk/view/extra-gazettes/2023/2/2319-35_E.pdf,doc-archive/2023/02/14/2319-35/2319-35_english.pdf
2319-36,https://documents.gov.lk/view/extra-gazettes/2023/2/2319-36_E.pdf,doc-archive/2023/02/14/2319-36/2319-36_english.pdf
2319-37,https://documents.gov.lk/view/extra-gazettes/2023/2/2319-37_E.pdf,doc-archive/2023/02/14/2319-37/2319-37_english.pdf
2319-39,https://documents.gov.lk/view/extra-gazettes/2023/2/2319-39_E.pdf,doc-archive/2023/02/14/2319-39/2319-39_english.pdf
2319-40,https://documents.gov.lk/view/extra-gazettes/2023/2/2319-40_E.pdf,doc-archive/2023/02/14/2319-40/2319-40_english.pdf
2319-41,https://documents.gov.lk/view/extra-gazettes/2023/2/2319-41_E.pdf,doc-archive/2023/02/14/2319-41/2319-41_english.pdf
2319-42,https://documents.gov.lk/view/extra-gazettes/2023/2/2319-42_E.pdf,doc-archive/2023/02/14/2319-42/2319-42_english.pdf
2319-43,https://documents.gov.lk/view/extra-gazettes/2023/2/2319-43_E.pdf,doc-archive/2023/02/14/2319-43/2319-43_english.pdf
2319-01,https://documents.gov.lk/view/extra-gazettes/2023/2/2319-01_E.pdf,doc-archive/2023/02/13/2319-01/2319-01_english.pdf
2319-02,https://documents.gov.lk/view/extra-gazettes/2023/2/2319-02_E.pdf,doc-archive/2023/02/13/2319-02/2319-02_english.pdf
2319-03,https://documents.gov.lk/view/extra-gazettes/2023/2/2319-03_E.pdf,doc-archive/2023/02/13/2319-03/2319-03_english.pdf
2319-04,https://documents.gov.lk/view/extra-gazettes/2023/2/2319-04_E.pdf,doc-archive/2023/02/13/2319-04/2319-04_english.pdf
2319-05,https://documents.gov.lk/view/extra-gazettes/2023/2/2319-05_E.pdf,doc-archive/2023/02/13/2319-05/2319-05_english.pdf
2319-06,https://documents.gov.lk/view/extra-gazettes/2023/2/2319-06_E.pdf,doc-archive/2023/02/13/2319-06/2319-06_english.pdf
2319-07,https://documents.gov.lk/view/extra-gazettes/2023/2/2319-07_E.pdf,doc-archive/2023/02/13/2319-07/2319-07_english.pdf
2319-08,https://documents.gov.lk/view/extra-gazettes/2023/2/2319-08_E.pdf,doc-archive/2023/02/13/2319-08/2319-08_english.pdf
2319-09,https://documents.gov.lk/view/extra-gazettes/2023/2/2319-09_E.pdf,doc-archive/2023/02/13/2319-09/2319-09_english.pdf
2319-10,https://documents.gov.lk/view/extra-gazettes/2023/2/2319-10_E.pdf,doc-archive/2023/02/13/2319-10/2319-10_english.pdf
2319-11,https://documents.gov.lk/view/extra-gazettes/2023/2/2319-11_E.pdf,doc-archive/2023/02/13/2319-11/2319-11_english.pdf
2319-12,https://documents.gov.lk/view/extra-gazettes/2023/2/2319-12_E.pdf,doc-archive/2023/02/13/2319-12/2319-12_english.pdf
2319-13,https://documents.gov.lk/view/extra-gazettes/2023/2/2319-13_E.pdf,doc-archive/2023/02/13/2319-13/2319-13_english.pdf
2319-14,https://documents.gov.lk/view/extra-gazettes/2023/2/2319-14_E.pdf,doc-archive/2023/02/13/2319-14/2319-14_english.pdf
2319-15,https://documents.gov.lk/view/extra-gazettes/2023/2/2319-15_E.pdf,doc-archive/2023/02/13/2319-15/2319-15_english.pdf
2319-16,https://documents.gov.lk/view/extra-gazettes/2023/2/2319-16_E.pdf,doc-archive/2023/02/13/2319-16/2319-16_english.pdf
2319-18,https://documents.gov.lk/view/extra-gazettes/2023/2/2319-18_E.pdf,doc-archive/2023/02/13/2319-18/2319-18_english.pdf
2319-19,https://documents.gov.lk/view/extra-gazettes/2023/2/2319-19_E.pdf,doc-archive/2023/02/13/2319-19/2319-19_english.pdf
2319-21,https://documents.gov.lk/view/extra-gazettes/2023/2/2319-21_E.pdf,doc-archive/2023/02/13/2319-21/2319-21_english.pdf
2319-20,https://documents.gov.lk/view/extra-gazettes/2023/2/2319-20_E.pdf,doc-archive/2023/02/13/2319-20/2319-20_english.pdf
2319-22,https://documents.gov.lk/view/extra-gazettes/2023/2/2319-22_E.pdf,doc-archive/2023/02/13/2319-22/2319-22_english.pdf
2319-26,https://documents.gov.lk/view/extra-gazettes/2023/2/2319-26_E.pdf,doc-archive/2023/02/13/2319-26/2319-26_english.pdf
2318-77,https://documents.gov.lk/view/extra-gazettes/2023/2/2318-77_E.pdf,doc-archive/2023/02/11/2318-77/2318-77_english.pdf
2318-76,https://documents.gov.lk/view/extra-gazettes/2023/2/2318-76_E.pdf,doc-archive/2023/02/11/2318-76/2318-76_english.pdf
2318-78,https://documents.gov.lk/view/extra-gazettes/2023/2/2318-78_E.pdf,doc-archive/2023/02/11/2318-78/2318-78_english.pdf
2318-79,https://documents.gov.lk/view/extra-gazettes/2023/2/2318-79_E.pdf,doc-archive/2023/02/11/2318-79/2318-79_english.pdf
2318-80,https://documents.gov.lk/view/extra-gazettes/2023/2/2318-80_E.pdf,doc-archive/2023/02/11/2318-80/2318-80_english.pdf
2318-41,https://documents.gov.lk/view/extra-gazettes/2023/2/2318-41_E.pdf,doc-archive/2023/02/10/2318-41/2318-41_english.pdf
2318-42,https://documents.gov.lk/view/extra-gazettes/2023/2/2318-42_E.pdf,doc-archive/2023/02/10/2318-42/2318-42_english.pdf
2318-43,https://documents.gov.lk/view/extra-gazettes/2023/2/2318-43_E.pdf,doc-archive/2023/02/10/2318-43/2318-43_english.pdf
2318-44,https://documents.gov.lk/view/extra-gazettes/2023/2/2318-44_E.pdf,doc-archive/2023/02/10/2318-44/2318-44_english.pdf
2318-45,https://documents.gov.lk/view/extra-gazettes/2023/2/2318-45_E.pdf,doc-archive/2023/02/10/2318-45/2318-45_english.pdf
2318-46,https://documents.gov.lk/view/extra-gazettes/2023/2/2318-46_E.pdf,doc-archive/2023/02/10/2318-46/2318-46_english.pdf
2318-47,https://documents.gov.lk/view/extra-gazettes/2023/2/2318-47_E.pdf,doc-archive/2023/02/10/2318-47/2318-47_english.pdf
2318-48,https://documents.gov.lk/view/extra-gazettes/2023/2/2318-48_E.pdf,doc-archive/2023/02/10/2318-48/2318-48_english.pdf
2318-49,https://documents.gov.lk/view/extra-gazettes/2023/2/2318-49_E.pdf,doc-archive/2023/02/10/2318-49/2318-49_english.pdf
2318-51,https://documents.gov.lk/view/extra-gazettes/2023/2/2318-51_E.pdf,doc-archive/2023/02/10/2318-51/2318-51_english.pdf
2318-50,https://documents.gov.lk/view/extra-gazettes/2023/2/2318-50_E.pdf,doc-archive/2023/02/10/2318-50/2318-50_english.pdf
2318-52,https://documents.gov.lk/view/extra-gazettes/2023/2/2318-52_E.pdf,doc-archive/2023/02/10/2318-52/2318-52_english.pdf
2318-53,https://documents.gov.lk/view/extra-gazettes/2023/2/2318-53_E.pdf,doc-archive/2023/02/10/2318-53/2318-53_english.pdf
2318-54,https://documents.gov.lk/view/extra-gazettes/2023/2/2318-54_E.pdf,doc-archive/2023/02/10/2318-54/2318-54_english.pdf
2318-55,https://documents.gov.lk/view/extra-gazettes/2023/2/2318-55_E.pdf,doc-archive/2023/02/10/2318-55/2318-55_english.pdf
2318-56,https://documents.gov.lk/view/extra-gazettes/2023/2/2318-56_E.pdf,doc-archive/2023/02/10/2318-56/2318-56_english.pdf
2318-57,https://documents.gov.lk/view/extra-gazettes/2023/2/2318-57_E.pdf,doc-archive/2023/02/10/2318-57/2318-57_english.pdf
2318-58,https://documents.gov.lk/view/extra-gazettes/2023/2/2318-58_E.pdf,doc-archive/2023/02/10/2318-58/2318-58_english.pdf
2318-59,https://documents.gov.lk/view/extra-gazettes/2023/2/2318-59_E.pdf,doc-archive/2023/02/10/2318-59/2318-59_english.pdf
2318-60,https://documents.gov.lk/view/extra-gazettes/2023/2/2318-60_E.pdf,doc-archive/2023/02/10/2318-60/2318-60_english.pdf
2318-61,https://documents.gov.lk/view/extra-gazettes/2023/2/2318-61_E.pdf,doc-archive/2023/02/10/2318-61/2318-61_english.pdf
2318-62,https://documents.gov.lk/view/extra-gazettes/2023/2/2318-62_E.pdf,doc-archive/2023/02/10/2318-62/2318-62_english.pdf
2318-63,https://documents.gov.lk/view/extra-gazettes/2023/2/2318-63_E.pdf,doc-archive/2023/02/10/2318-63/2318-63_english.pdf
2318-65,https://documents.gov.lk/view/extra-gazettes/2023/2/2318-65_E.pdf,doc-archive/2023/02/10/2318-65/2318-65_english.pdf
2318-64,https://documents.gov.lk/view/extra-gazettes/2023/2/2318-64_E.pdf,doc-archive/2023/02/10/2318-64/2318-64_english.pdf
2318-66,https://documents.gov.lk/view/extra-gazettes/2023/2/2318-66_E.pdf,doc-archive/2023/02/10/2318-66/2318-66_english.pdf
2318-67,https://documents.gov.lk/view/extra-gazettes/2023/2/2318-67_E.pdf,doc-archive/2023/02/10/2318-67/2318-67_english.pdf
2318-68,https://documents.gov.lk/view/extra-gazettes/2023/2/2318-68_E.pdf,doc-archive/2023/02/10/2318-68/2318-68_english.pdf
2318-69,https://documents.gov.lk/view/extra-gazettes/2023/2/2318-69_E.pdf,doc-archive/2023/02/10/2318-69/2318-69_english.pdf
2318-71,https://documents.gov.lk/view/extra-gazettes/2023/2/2318-71_E.pdf,doc-archive/2023/02/10/2318-71/2318-71_english.pdf
2318-72,https://documents.gov.lk/view/extra-gazettes/2023/2/2318-72_E.pdf,doc-archive/2023/02/10/2318-72/2318-72_english.pdf
2318-24,https://documents.gov.lk/view/extra-gazettes/2023/2/2318-24_E.pdf,doc-archive/2023/02/09/2318-24/2318-24_english.pdf
2318-25,https://documents.gov.lk/view/extra-gazettes/2023/2/2318-25_E.pdf,doc-archive/2023/02/09/2318-25/2318-25_english.pdf
2318-26,https://documents.gov.lk/view/extra-gazettes/2023/2/2318-26_E.pdf,doc-archive/2023/02/09/2318-26/2318-26_english.pdf
2318-28,https://documents.gov.lk/view/extra-gazettes/2023/2/2318-28_E.pdf,doc-archive/2023/02/09/2318-28/2318-28_english.pdf
2318-29,https://documents.gov.lk/view/extra-gazettes/2023/2/2318-29_E.pdf,doc-archive/2023/02/09/2318-29/2318-29_english.pdf
2318-30,https://documents.gov.lk/view/extra-gazettes/2023/2/2318-30_E.pdf,doc-archive/2023/02/09/2318-30/2318-30_english.pdf
2318-31,https://documents.gov.lk/view/extra-gazettes/2023/2/2318-31_E.pdf,doc-archive/2023/02/09/2318-31/2318-31_english.pdf
2318-32,https://documents.gov.lk/view/extra-gazettes/2023/2/2318-32_E.pdf,doc-archive/2023/02/09/2318-32/2318-32_english.pdf
2318-33,https://documents.gov.lk/view/extra-gazettes/2023/2/2318-33_E.pdf,doc-archive/2023/02/09/2318-33/2318-33_english.pdf
2318-34,https://documents.gov.lk/view/extra-gazettes/2023/2/2318-34_E.pdf,doc-archive/2023/02/09/2318-34/2318-34_english.pdf
2318-37,https://documents.gov.lk/view/extra-gazettes/2023/2/2318-37_E.pdf,doc-archive/2023/02/09/2318-37/2318-37_english.pdf
2318-20,https://documents.gov.lk/view/extra-gazettes/2023/2/2318-20_E.pdf,doc-archive/2023/02/08/2318-20/2318-20_english.pdf
2318-14,https://documents.gov.lk/view/extra-gazettes/2023/2/2318-14_E.pdf,doc-archive/2023/02/07/2318-14/2318-14_english.pdf
2318-15,https://documents.gov.lk/view/extra-gazettes/2023/2/2318-15_E.pdf,doc-archive/2023/02/07/2318-15/2318-15_english.pdf
2318-16,https://documents.gov.lk/view/extra-gazettes/2023/2/2318-16_E.pdf,doc-archive/2023/02/07/2318-16/2318-16_english.pdf
2318-01,https://documents.gov.lk/view/extra-gazettes/2023/2/2318-01_E.pdf,doc-archive/2023/02/06/2318-01/2318-01_english.pdf
2318-02,https://documents.gov.lk/view/extra-gazettes/2023/2/2318-02_E.pdf,doc-archive/2023/02/06/2318-02/2318-02_english.pdf
2318-05,https://documents.gov.lk/view/extra-gazettes/2023/2/2318-05_E.pdf,doc-archive/2023/02/06/2318-05/2318-05_english.pdf
2318-06,https://documents.gov.lk/view/extra-gazettes/2023/2/2318-06_E.pdf,doc-archive/2023/02/06/2318-06/2318-06_english.pdf
2318-07,https://documents.gov.lk/view/extra-gazettes/2023/2/2318-07_E.pdf,doc-archive/2023/02/06/2318-07/2318-07_english.pdf
2318-08,https://documents.gov.lk/view/extra-gazettes/2023/2/2318-08_E.pdf,doc-archive/2023/02/06/2318-08/2318-08_english.pdf
2318-09,https://documents.gov.lk/view/extra-gazettes/2023/2/2318-09_E.pdf,doc-archive/2023/02/06/2318-09/2318-09_english.pdf
2318-10,https://documents.gov.lk/view/extra-gazettes/2023/2/2318-10_E.pdf,doc-archive/2023/02/06/2318-10/2318-10_english.pdf
2318-11,https://documents.gov.lk/view/extra-gazettes/2023/2/2318-11_E.pdf,doc-archive/2023/02/06/2318-11/2318-11_english.pdf
2318-12,https://documents.gov.lk/view/extra-gazettes/2023/2/2318-12_E.pdf,doc-archive/2023/02/06/2318-12/2318-12_english.pdf
2318-13,https://documents.gov.lk/view/extra-gazettes/2023/2/2318-13_E.pdf,doc-archive/2023/02/06/2318-13/2318-13_english.pdf
2317-79,https://documents.gov.lk/view/extra-gazettes/2023/2/2317-79_E.pdf,doc-archive/2023/02/03/2317-79/2317-79_english.pdf
2317-80,https://documents.gov.lk/view/extra-gazettes/2023/2/2317-80_E.pdf,doc-archive/2023/02/03/2317-80/2317-80_english.pdf
2317-81,https://documents.gov.lk/view/extra-gazettes/2023/2/2317-81_E.pdf,doc-archive/2023/02/03/2317-81/2317-81_english.pdf
2317-82,https://documents.gov.lk/view/extra-gazettes/2023/2/2317-82_E.pdf,doc-archive/2023/02/03/2317-82/2317-82_english.pdf
2317-83,https://documents.gov.lk/view/extra-gazettes/2023/2/2317-83_E.pdf,doc-archive/2023/02/03/2317-83/2317-83_english.pdf
2317-87,https://documents.gov.lk/view/extra-gazettes/2023/2/2317-87_E.pdf,doc-archive/2023/02/03/2317-87/2317-87_english.pdf
2317-88,https://documents.gov.lk/view/extra-gazettes/2023/2/2317-88_E.pdf,doc-archive/2023/02/03/2317-88/2317-88_english.pdf
2317-65,https://documents.gov.lk/view/extra-gazettes/2023/2/2317-65_E.pdf,doc-archive/2023/02/02/2317-65/2317-65_english.pdf
2317-66,https://documents.gov.lk/view/extra-gazettes/2023/2/2317-66_E.pdf,doc-archive/2023/02/02/2317-66/2317-66_english.pdf
2317-67,https://documents.gov.lk/view/extra-gazettes/2023/2/2317-67_E.pdf,doc-archive/2023/02/02/2317-67/2317-67_english.pdf
2317-68,https://documents.gov.lk/view/extra-gazettes/2023/2/2317-68_E.pdf,doc-archive/2023/02/02/2317-68/2317-68_english.pdf
2317-69,https://documents.gov.lk/view/extra-gazettes/2023/2/2317-69_E.pdf,doc-archive/2023/02/02/2317-69/2317-69_english.pdf
2317-70,https://documents.gov.lk/view/extra-gazettes/2023/2/2317-70_E.pdf,doc-archive/2023/02/02/2317-70/2317-70_english.pdf
2317-71,https://documents.gov.lk/view/extra-gazettes/2023/2/2317-71_E.pdf,doc-archive/2023/02/02/2317-71/2317-71_english.pdf
2317-72,https://documents.gov.lk/view/extra-gazettes/2023/2/2317-72_E.pdf,doc-archive/2023/02/02/2317-72/2317-72_english.pdf
2317-76,https://documents.gov.lk/view/extra-gazettes/2023/2/2317-76_E.pdf,doc-archive/2023/02/02/2317-76/2317-76_english.pdf
2317-77,https://documents.gov.lk/view/extra-gazettes/2023/2/2317-77_E.pdf,doc-archive/2023/02/02/2317-77/2317-77_english.pdf
2317-78,https://documents.gov.lk/view/extra-gazettes/2023/2/2317-78_E.pdf,doc-archive/2023/02/02/2317-78/2317-78_english.pdf
2317-55,https://documents.gov.lk/view/extra-gazettes/2023/2/2317-55_E.pdf,doc-archive/2023/02/01/2317-55/2317-55_english.pdf
2317-56,https://documents.gov.lk/view/extra-gazettes/2023/2/2317-56_E.pdf,doc-archive/2023/02/01/2317-56/2317-56_english.pdf
2317-57,https://documents.gov.lk/view/extra-gazettes/2023/2/2317-57_E.pdf,doc-archive/2023/02/01/2317-57/2317-57_english.pdf
2317-58,https://documents.gov.lk/view/extra-gazettes/2023/2/2317-58_E.pdf,doc-archive/2023/02/01/2317-58/2317-58_english.pdf
2317-59,https://documents.gov.lk/view/extra-gazettes/2023/2/2317-59_E.pdf,doc-archive/2023/02/01/2317-59/2317-59_english.pdf
2317-63,https://documents.gov.lk/view/extra-gazettes/2023/2/2317-63_E.pdf,doc-archive/2023/02/01/2317-63/2317-63_english.pdf
2317-64,https://documents.gov.lk/view/extra-gazettes/2023/2/2317-64_E.pdf,doc-archive/2023/02/01/2317-64/2317-64_english.pdf
2325-52,https://documents.gov.lk/view/extra-gazettes/2023/3/2325-52_E.pdf,doc-archive/2023/03/31/2325-52/2325-52_english.pdf
2325-53,https://documents.gov.lk/view/extra-gazettes/2023/3/2325-53_E.pdf,doc-archive/2023/03/31/2325-53/2325-53_english.pdf
2325-54,https://documents.gov.lk/view/extra-gazettes/2023/3/2325-54_E.pdf,doc-archive/2023/03/31/2325-54/2325-54_english.pdf
2325-55,https://documents.gov.lk/view/extra-gazettes/2023/3/2325-55_E.pdf,doc-archive/2023/03/31/2325-55/2325-55_english.pdf
2325-56,https://documents.gov.lk/view/extra-gazettes/2023/3/2325-56_E.pdf,doc-archive/2023/03/31/2325-56/2325-56_english.pdf
2325-57,https://documents.gov.lk/view/extra-gazettes/2023/3/2325-57_E.pdf,doc-archive/2023/03/31/2325-57/2325-57_english.pdf
2325-58,https://documents.gov.lk/view/extra-gazettes/2023/3/2325-58_E.pdf,doc-archive/2023/03/31/2325-58/2325-58_english.pdf
2325-59,https://documents.gov.lk/view/extra-gazettes/2023/3/2325-59_E.pdf,doc-archive/2023/03/31/2325-59/2325-59_english.pdf
2325-60,https://documents.gov.lk/view/extra-gazettes/2023/3/2325-60_E.pdf,doc-archive/2023/03/31/2325-60/2325-60_english.pdf
2325-61,https://documents.gov.lk/view/extra-gazettes/2023/3/2325-61_E.pdf,doc-archive/2023/03/31/2325-61/2325-61_english.pdf
2325-62,https://documents.gov.lk/view/extra-gazettes/2023/3/2325-62_E.pdf,doc-archive/2023/03/31/2325-62/2325-62_english.pdf
2325-63,https://documents.gov.lk/view/extra-gazettes/2023/3/2325-63_E.pdf,doc-archive/2023/03/31/2325-63/2325-63_english.pdf
2325-64,https://documents.gov.lk/view/extra-gazettes/2023/3/2325-64_E.pdf,doc-archive/2023/03/31/2325-64/2325-64_english.pdf
2325-65,https://documents.gov.lk/view/extra-gazettes/2023/3/2325-65_E.pdf,doc-archive/2023/03/31/2325-65/2325-65_english.pdf
2325-66,https://documents.gov.lk/view/extra-gazettes/2023/3/2325-66_E.pdf,doc-archive/2023/03/31/2325-66/2325-66_english.pdf
2325-67,https://documents.gov.lk/view/extra-gazettes/2023/3/2325-67_E.pdf,doc-archive/2023/03/31/2325-67/2325-67_english.pdf
2325-68,https://documents.gov.lk/view/extra-gazettes/2023/3/2325-68_E.pdf,doc-archive/2023/03/31/2325-68/2325-68_english.pdf
2325-69,https://documents.gov.lk/view/extra-gazettes/2023/3/2325-69_E.pdf,doc-archive/2023/03/31/2325-69/2325-69_english.pdf
2325-70,https://documents.gov.lk/view/extra-gazettes/2023/3/2325-70_E.pdf,doc-archive/2023/03/31/2325-70/2325-70_english.pdf
2325-71,https://documents.gov.lk/view/extra-gazettes/2023/3/2325-71_E.pdf,doc-archive/2023/03/31/2325-71/2325-71_english.pdf
2325-72,https://documents.gov.lk/view/extra-gazettes/2023/3/2325-72_E.pdf,doc-archive/2023/03/31/2325-72/2325-72_english.pdf
2325-41,https://documents.gov.lk/view/extra-gazettes/2023/3/2325-41_E.pdf,doc-archive/2023/03/30/2325-41/2325-41_english.pdf
2325-42,https://documents.gov.lk/view/extra-gazettes/2023/3/2325-42_E.pdf,doc-archive/2023/03/30/2325-42/2325-42_english.pdf
2325-43,https://documents.gov.lk/view/extra-gazettes/2023/3/2325-43_E.pdf,doc-archive/2023/03/30/2325-43/2325-43_english.pdf
2325-44,https://documents.gov.lk/view/extra-gazettes/2023/3/2325-44_E.pdf,doc-archive/2023/03/30/2325-44/2325-44_english.pdf
2325-45,https://documents.gov.lk/view/extra-gazettes/2023/3/2325-45_E.pdf,doc-archive/2023/03/30/2325-45/2325-45_english.pdf
2325-46,https://documents.gov.lk/view/extra-gazettes/2023/3/2325-46_E.pdf,doc-archive/2023/03/30/2325-46/2325-46_english.pdf
2325-47,https://documents.gov.lk/view/extra-gazettes/2023/3/2325-47_E.pdf,doc-archive/2023/03/30/2325-47/2325-47_english.pdf
2325-48,https://documents.gov.lk/view/extra-gazettes/2023/3/2325-48_E.pdf,doc-archive/2023/03/30/2325-48/2325-48_english.pdf
2325-50,https://documents.gov.lk/view/extra-gazettes/2023/3/2325-50_E.pdf,doc-archive/2023/03/30/2325-50/2325-50_english.pdf
2325-51,https://documents.gov.lk/view/extra-gazettes/2023/3/2325-51_E.pdf,doc-archive/2023/03/30/2325-51/2325-51_english.pdf
2325-25,https://documents.gov.lk/view/extra-gazettes/2023/3/2325-25_E.pdf,doc-archive/2023/03/29/2325-25/2325-25_english.pdf
2325-26,https://documents.gov.lk/view/extra-gazettes/2023/3/2325-26_E.pdf,doc-archive/2023/03/29/2325-26/2325-26_english.pdf
2325-27,https://documents.gov.lk/view/extra-gazettes/2023/3/2325-27_E.pdf,doc-archive/2023/03/29/2325-27/2325-27_english.pdf
2325-28,https://documents.gov.lk/view/extra-gazettes/2023/3/2325-28_E.pdf,doc-archive/2023/03/29/2325-28/2325-28_english.pdf
2325-30,https://documents.gov.lk/view/extra-gazettes/2023/3/2325-30_E.pdf,doc-archive/2023/03/29/2325-30/2325-30_english.pdf
2325-31,https://documents.gov.lk/view/extra-gazettes/2023/3/2325-31_E.pdf,doc-archive/2023/03/29/2325-31/2325-31_english.pdf
2325-33,https://documents.gov.lk/view/extra-gazettes/2023/3/2325-33_E.pdf,doc-archive/2023/03/29/2325-33/2325-33_english.pdf
2325-32,https://documents.gov.lk/view/extra-gazettes/2023/3/2325-32_E.pdf,doc-archive/2023/03/29/2325-32/2325-32_english.pdf
2325-35,https://documents.gov.lk/view/extra-gazettes/2023/3/2325-35_E.pdf,doc-archive/2023/03/29/2325-35/2325-35_english.pdf
2325-36,https://documents.gov.lk/view/extra-gazettes/2023/3/2325-36_E.pdf,doc-archive/2023/03/29/2325-36/2325-36_english.pdf
2325-37,https://documents.gov.lk/view/extra-gazettes/2023/3/2325-37_E.pdf,doc-archive/2023/03/29/2325-37/2325-37_english.pdf
2325-38,https://documents.gov.lk/view/extra-gazettes/2023/3/2325-38_E.pdf,doc-archive/2023/03/29/2325-38/2325-38_english.pdf
2325-39,https://documents.gov.lk/view/extra-gazettes/2023/3/2325-39_E.pdf,doc-archive/2023/03/29/2325-39/2325-39_english.pdf
2325-40,https://documents.gov.lk/view/extra-gazettes/2023/3/2325-40_E.pdf,doc-archive/2023/03/29/2325-40/2325-40_english.pdf
2325-06,https://documents.gov.lk/view/extra-gazettes/2023/3/2325-06_E.pdf,doc-archive/2023/03/28/2325-06/2325-06_english.pdf
2325-08,https://documents.gov.lk/view/extra-gazettes/2023/3/2325-08_E.pdf,doc-archive/2023/03/28/2325-08/2325-08_english.pdf
2325-10,https://documents.gov.lk/view/extra-gazettes/2023/3/2325-10_E.pdf,doc-archive/2023/03/28/2325-10/2325-10_english.pdf
2325-11,https://documents.gov.lk/view/extra-gazettes/2023/3/2325-11_E.pdf,doc-archive/2023/03/28/2325-11/2325-11_english.pdf
2325-12,https://documents.gov.lk/view/extra-gazettes/2023/3/2325-12_E.pdf,doc-archive/2023/03/28/2325-12/2325-12_english.pdf
2325-07,https://documents.gov.lk/view/extra-gazettes/2023/3/2325-07_E.pdf,doc-archive/2023/03/28/2325-07/2325-07_english.pdf
2325-13,https://documents.gov.lk/view/extra-gazettes/2023/3/2325-13_E.pdf,doc-archive/2023/03/28/2325-13/2325-13_english.pdf
2325-14,https://documents.gov.lk/view/extra-gazettes/2023/3/2325-14_E.pdf,doc-archive/2023/03/28/2325-14/2325-14_english.pdf
2325-15,https://documents.gov.lk/view/extra-gazettes/2023/3/2325-15_E.pdf,doc-archive/2023/03/28/2325-15/2325-15_english.pdf
2325-16,https://documents.gov.lk/view/extra-gazettes/2023/3/2325-16_E.pdf,doc-archive/2023/03/28/2325-16/2325-16_english.pdf
2325-17,https://documents.gov.lk/view/extra-gazettes/2023/3/2325-17_E.pdf,doc-archive/2023/03/28/2325-17/2325-17_english.pdf
2325-18,https://documents.gov.lk/view/extra-gazettes/2023/3/2325-18_E.pdf,doc-archive/2023/03/28/2325-18/2325-18_english.pdf
2325-19,https://documents.gov.lk/view/extra-gazettes/2023/3/2325-19_E.pdf,doc-archive/2023/03/28/2325-19/2325-19_english.pdf
2325-20,https://documents.gov.lk/view/extra-gazettes/2023/3/2325-20_E.pdf,doc-archive/2023/03/28/2325-20/2325-20_english.pdf
2325-21,https://documents.gov.lk/view/extra-gazettes/2023/3/2325-21_E.pdf,doc-archive/2023/03/28/2325-21/2325-21_english.pdf
2325-23,https://documents.gov.lk/view/extra-gazettes/2023/3/2325-23_E.pdf,doc-archive/2023/03/28/2325-23/2325-23_english.pdf
2325-22,https://documents.gov.lk/view/extra-gazettes/2023/3/2325-22_E.pdf,doc-archive/2023/03/28/2325-22/2325-22_english.pdf
2325-01,https://documents.gov.lk/view/extra-gazettes/2023/3/2325-01_E.pdf,doc-archive/2023/03/27/2325-01/2325-01_english.pdf
2325-02,https://documents.gov.lk/view/extra-gazettes/2023/3/2325-02_E.pdf,doc-archive/2023/03/27/2325-02/2325-02_english.pdf
2325-03,https://documents.gov.lk/view/extra-gazettes/2023/3/2325-03_E.pdf,doc-archive/2023/03/27/2325-03/2325-03_english.pdf
2325-04,https://documents.gov.lk/view/extra-gazettes/2023/3/2325-04_E.pdf,doc-archive/2023/03/27/2325-04/2325-04_english.pdf
2325-05,https://documents.gov.lk/view/extra-gazettes/2023/3/2325-05_E.pdf,doc-archive/2023/03/27/2325-05/2325-05_english.pdf
2324-45,https://documents.gov.lk/view/extra-gazettes/2023/3/2324-45_E.pdf,doc-archive/2023/03/24/2324-45/2324-45_english.pdf
2324-46,https://documents.gov.lk/view/extra-gazettes/2023/3/2324-46_E.pdf,doc-archive/2023/03/24/2324-46/2324-46_english.pdf
2324-47,https://documents.gov.lk/view/extra-gazettes/2023/3/2324-47_E.pdf,doc-archive/2023/03/24/2324-47/2324-47_english.pdf
2324-48,https://documents.gov.lk/view/extra-gazettes/2023/3/2324-48_E.pdf,doc-archive/2023/03/24/2324-48/2324-48_english.pdf
2324-50,https://documents.gov.lk/view/extra-gazettes/2023/3/2324-50_E.pdf,doc-archive/2023/03/24/2324-50/2324-50_english.pdf
2324-51,https://documents.gov.lk/view/extra-gazettes/2023/3/2324-51_E.pdf,doc-archive/2023/03/24/2324-51/2324-51_english.pdf
2324-52,https://documents.gov.lk/view/extra-gazettes/2023/3/2324-52_E.pdf,doc-archive/2023/03/24/2324-52/2324-52_english.pdf
2324-53,https://documents.gov.lk/view/extra-gazettes/2023/3/2324-53_E.pdf,doc-archive/2023/03/24/2324-53/2324-53_english.pdf
2324-54,https://documents.gov.lk/view/extra-gazettes/2023/3/2324-54_E.pdf,doc-archive/2023/03/24/2324-54/2324-54_english.pdf
2324-55,https://documents.gov.lk/view/extra-gazettes/2023/3/2324-55_E.pdf,doc-archive/2023/03/24/2324-55/2324-55_english.pdf
2325-24,https://documents.gov.lk/view/extra-gazettes/2023/3/2325-24_E.pdf,doc-archive/2023/03/24/2325-24/2325-24_english.pdf
2324-44,https://documents.gov.lk/view/extra-gazettes/2023/3/2324-44_E.pdf,doc-archive/2023/03/23/2324-44/2324-44_english.pdf
2324-20,https://documents.gov.lk/view/extra-gazettes/2023/3/2324-20_E.pdf,doc-archive/2023/03/22/2324-20/2324-20_english.pdf
2324-21,https://documents.gov.lk/view/extra-gazettes/2023/3/2324-21_E.pdf,doc-archive/2023/03/22/2324-21/2324-21_english.pdf
2324-22,https://documents.gov.lk/view/extra-gazettes/2023/3/2324-22_E.pdf,doc-archive/2023/03/22/2324-22/2324-22_english.pdf
2324-24,https://documents.gov.lk/view/extra-gazettes/2023/3/2324-24_E.pdf,doc-archive/2023/03/22/2324-24/2324-24_english.pdf
2324-25,https://documents.gov.lk/view/extra-gazettes/2023/3/2324-25_E.pdf,doc-archive/2023/03/22/2324-25/2324-25_english.pdf
2324-26,https://documents.gov.lk/view/extra-gazettes/2023/3/2324-26_E.pdf,doc-archive/2023/03/22/2324-26/2324-26_english.pdf
2324-28,https://documents.gov.lk/view/extra-gazettes/2023/3/2324-28_E.pdf,doc-archive/2023/03/22/2324-28/2324-28_english.pdf
2324-29,https://documents.gov.lk/view/extra-gazettes/2023/3/2324-29_E.pdf,doc-archive/2023/03/22/2324-29/2324-29_english.pdf
2324-30,https://documents.gov.lk/view/extra-gazettes/2023/3/2324-30_E.pdf,doc-archive/2023/03/22/2324-30/2324-30_english.pdf
2324-31,https://documents.gov.lk/view/extra-gazettes/2023/3/2324-31_E.pdf,doc-archive/2023/03/22/2324-31/2324-31_english.pdf
2324-32,https://documents.gov.lk/view/extra-gazettes/2023/3/2324-32_E.pdf,doc-archive/2023/03/22/2324-32/2324-32_english.pdf
2324-33,https://documents.gov.lk/view/extra-gazettes/2023/3/2324-33_E.pdf,doc-archive/2023/03/22/2324-33/2324-33_english.pdf
2324-34,https://documents.gov.lk/view/extra-gazettes/2023/3/2324-34_E.pdf,doc-archive/2023/03/22/2324-34/2324-34_english.pdf
2324-49,https://documents.gov.lk/view/extra-gazettes/2023/3/2324-49_E.pdf,doc-archive/2023/03/24/2324-49/2324-49_english.pdf
2324-35,https://documents.gov.lk/view/extra-gazettes/2023/3/2324-35_E.pdf,doc-archive/2023/03/22/2324-35/2324-35_english.pdf
2324-36,https://documents.gov.lk/view/extra-gazettes/2023/3/2324-36_E.pdf,doc-archive/2023/03/22/2324-36/2324-36_english.pdf
2324-37,https://documents.gov.lk/view/extra-gazettes/2023/3/2324-37_E.pdf,doc-archive/2023/03/22/2324-37/2324-37_english.pdf
2324-38,https://documents.gov.lk/view/extra-gazettes/2023/3/2324-38_E.pdf,doc-archive/2023/03/22/2324-38/2324-38_english.pdf
2324-39,https://documents.gov.lk/view/extra-gazettes/2023/3/2324-39_E.pdf,doc-archive/2023/03/22/2324-39/2324-39_english.pdf
2324-40,https://documents.gov.lk/view/extra-gazettes/2023/3/2324-40_E.pdf,doc-archive/2023/03/22/2324-40/2324-40_english.pdf
2324-41,https://documents.gov.lk/view/extra-gazettes/2023/3/2324-41_E.pdf,doc-archive/2023/03/22/2324-41/2324-41_english.pdf
2324-42,https://documents.gov.lk/view/extra-gazettes/2023/3/2324-42_E.pdf,doc-archive/2023/03/22/2324-42/2324-42_english.pdf
2324-15,https://documents.gov.lk/view/extra-gazettes/2023/3/2324-15_E.pdf,doc-archive/2023/03/21/2324-15/2324-15_english.pdf
2324-16,https://documents.gov.lk/view/extra-gazettes/2023/3/2324-16_E.pdf,doc-archive/2023/03/21/2324-16/2324-16_english.pdf
2324-17,https://documents.gov.lk/view/extra-gazettes/2023/3/2324-17_E.pdf,doc-archive/2023/03/21/2324-17/2324-17_english.pdf
2324-18,https://documents.gov.lk/view/extra-gazettes/2023/3/2324-18_E.pdf,doc-archive/2023/03/21/2324-18/2324-18_english.pdf
2324-19,https://documents.gov.lk/view/extra-gazettes/2023/3/2324-19_E.pdf,doc-archive/2023/03/21/2324-19/2324-19_english.pdf
2324-01,https://documents.gov.lk/view/extra-gazettes/2023/3/2324-01_E.pdf,doc-archive/2023/03/20/2324-01/2324-01_english.pdf
2324-02,https://documents.gov.lk/view/extra-gazettes/2023/3/2324-02_E.pdf,doc-archive/2023/03/20/2324-02/2324-02_english.pdf
2324-03,https://documents.gov.lk/view/extra-gazettes/2023/3/2324-03_E.pdf,doc-archive/2023/03/20/2324-03/2324-03_english.pdf
2324-04,https://documents.gov.lk/view/extra-gazettes/2023/3/2324-04_E.pdf,doc-archive/2023/03/20/2324-04/2324-04_english.pdf
2324-05,https://documents.gov.lk/view/extra-gazettes/2023/3/2324-05_E.pdf,doc-archive/2023/03/20/2324-05/2324-05_english.pdf
2324-06,https://documents.gov.lk/view/extra-gazettes/2023/3/2324-06_E.pdf,doc-archive/2023/03/20/2324-06/2324-06_english.pdf
2324-07,https://documents.gov.lk/view/extra-gazettes/2023/3/2324-07_E.pdf,doc-archive/2023/03/20/2324-07/2324-07_english.pdf
2324-08,https://documents.gov.lk/view/extra-gazettes/2023/3/2324-08_E.pdf,doc-archive/2023/03/20/2324-08/2324-08_english.pdf
2324-09,https://documents.gov.lk/view/extra-gazettes/2023/3/2324-09_E.pdf,doc-archive/2023/03/20/2324-09/2324-09_english.pdf
2324-10,https://documents.gov.lk/view/extra-gazettes/2023/3/2324-10_E.pdf,doc-archive/2023/03/20/2324-10/2324-10_english.pdf
2324-11,https://documents.gov.lk/view/extra-gazettes/2023/3/2324-11_E.pdf,doc-archive/2023/03/20/2324-11/2324-11_english.pdf
2324-12,https://documents.gov.lk/view/extra-gazettes/2023/3/2324-12_E.pdf,doc-archive/2023/03/20/2324-12/2324-12_english.pdf
2324-13,https://documents.gov.lk/view/extra-gazettes/2023/3/2324-13_E.pdf,doc-archive/2023/03/20/2324-13/2324-13_english.pdf
2324-14,https://documents.gov.lk/view/extra-gazettes/2023/3/2324-14_E.pdf,doc-archive/2023/03/20/2324-14/2324-14_english.pdf
2323-47,https://documents.gov.lk/view/extra-gazettes/2023/3/2323-47_E.pdf,doc-archive/2023/03/18/2323-47/2323-47_english.pdf
2323-48,https://documents.gov.lk/view/extra-gazettes/2023/3/2323-48_E.pdf,doc-archive/2023/03/18/2323-48/2323-48_english.pdf
2323-49,https://documents.gov.lk/view/extra-gazettes/2023/3/2323-49_E.pdf,doc-archive/2023/03/18/2323-49/2323-49_english.pdf
2323-50,https://documents.gov.lk/view/extra-gazettes/2023/3/2323-50_E.pdf,doc-archive/2023/03/18/2323-50/2323-50_english.pdf
2323-51,https://documents.gov.lk/view/extra-gazettes/2023/3/2323-51_E.pdf,doc-archive/2023/03/18/2323-51/2323-51_english.pdf
2323-52,https://documents.gov.lk/view/extra-gazettes/2023/3/2323-52_E.pdf,doc-archive/2023/03/18/2323-52/2323-52_english.pdf
2323-53,https://documents.gov.lk/view/extra-gazettes/2023/3/2323-53_E.pdf,doc-archive/2023/03/18/2323-53/2323-53_english.pdf
2323-54,https://documents.gov.lk/view/extra-gazettes/2023/3/2323-54_E.pdf,doc-archive/2023/03/18/2323-54/2323-54_english.pdf
2323-55,https://documents.gov.lk/view/extra-gazettes/2023/3/2323-55_E.pdf,doc-archive/2023/03/18/2323-55/2323-55_english.pdf
2323-56,https://documents.gov.lk/view/extra-gazettes/2023/3/2323-56_E.pdf,doc-archive/2023/03/18/2323-56/2323-56_english.pdf
2323-57,https://documents.gov.lk/view/extra-gazettes/2023/3/2323-57_E.pdf,doc-archive/2023/03/18/2323-57/2323-57_english.pdf
2323-58,https://documents.gov.lk/view/extra-gazettes/2023/3/2323-58_E.pdf,doc-archive/2023/03/18/2323-58/2323-58_english.pdf
2323-59,https://documents.gov.lk/view/extra-gazettes/2023/3/2323-59_E.pdf,doc-archive/2023/03/18/2323-59/2323-59_english.pdf
2323-60,https://documents.gov.lk/view/extra-gazettes/2023/3/2323-60_E.pdf,doc-archive/2023/03/18/2323-60/2323-60_english.pdf
2323-61,https://documents.gov.lk/view/extra-gazettes/2023/3/2323-61_E.pdf,doc-archive/2023/03/18/2323-61/2323-61_english.pdf
2323-62,https://documents.gov.lk/view/extra-gazettes/2023/3/2323-62_E.pdf,doc-archive/2023/03/18/2323-62/2323-62_english.pdf
2323-39,https://documents.gov.lk/view/extra-gazettes/2023/3/2323-39_E.pdf,doc-archive/2023/03/17/2323-39/2323-39_english.pdf
2323-40,https://documents.gov.lk/view/extra-gazettes/2023/3/2323-40_E.pdf,doc-archive/2023/03/17/2323-40/2323-40_english.pdf
2323-41,https://documents.gov.lk/view/extra-gazettes/2023/3/2323-41_E.pdf,doc-archive/2023/03/17/2323-41/2323-41_english.pdf
2323-42,https://documents.gov.lk/view/extra-gazettes/2023/3/2323-42_E.pdf,doc-archive/2023/03/17/2323-42/2323-42_english.pdf
2323-43,https://documents.gov.lk/view/extra-gazettes/2023/3/2323-43_E.pdf,doc-archive/2023/03/17/2323-43/2323-43_english.pdf
2323-44,https://documents.gov.lk/view/extra-gazettes/2023/3/2323-44_E.pdf,doc-archive/2023/03/17/2323-44/2323-44_english.pdf
2323-45,https://documents.gov.lk/view/extra-gazettes/2023/3/2323-45_E.pdf,doc-archive/2023/03/17/2323-45/2323-45_english.pdf
2323-22,https://documents.gov.lk/view/extra-gazettes/2023/3/2323-22_E.pdf,doc-archive/2023/03/16/2323-22/2323-22_english.pdf
2323-23,https://documents.gov.lk/view/extra-gazettes/2023/3/2323-23_E.pdf,doc-archive/2023/03/16/2323-23/2323-23_english.pdf
2323-24,https://documents.gov.lk/view/extra-gazettes/2023/3/2323-24_E.pdf,doc-archive/2023/03/16/2323-24/2323-24_english.pdf
2323-25,https://documents.gov.lk/view/extra-gazettes/2023/3/2323-25_E.pdf,doc-archive/2023/03/16/2323-25/2323-25_english.pdf
2323-26,https://documents.gov.lk/view/extra-gazettes/2023/3/2323-26_E.pdf,doc-archive/2023/03/16/2323-26/2323-26_english.pdf
2323-27,https://documents.gov.lk/view/extra-gazettes/2023/3/2323-27_E.pdf,doc-archive/2023/03/16/2323-27/2323-27_english.pdf
2323-28,https://documents.gov.lk/view/extra-gazettes/2023/3/2323-28_E.pdf,doc-archive/2023/03/16/2323-28/2323-28_english.pdf
2323-29,https://documents.gov.lk/view/extra-gazettes/2023/3/2323-29_E.pdf,doc-archive/2023/03/16/2323-29/2323-29_english.pdf
2323-30,https://documents.gov.lk/view/extra-gazettes/2023/3/2323-30_E.pdf,doc-archive/2023/03/16/2323-30/2323-30_english.pdf
2323-31,https://documents.gov.lk/view/extra-gazettes/2023/3/2323-31_E.pdf,doc-archive/2023/03/16/2323-31/2323-31_english.pdf
2323-32,https://documents.gov.lk/view/extra-gazettes/2023/3/2323-32_E.pdf,doc-archive/2023/03/16/2323-32/2323-32_english.pdf
2323-33,https://documents.gov.lk/view/extra-gazettes/2023/3/2323-33_E.pdf,doc-archive/2023/03/16/2323-33/2323-33_english.pdf
2323-34,https://documents.gov.lk/view/extra-gazettes/2023/3/2323-34_E.pdf,doc-archive/2023/03/16/2323-34/2323-34_english.pdf
2323-35,https://documents.gov.lk/view/extra-gazettes/2023/3/2323-35_E.pdf,doc-archive/2023/03/16/2323-35/2323-35_english.pdf
2323-36,https://documents.gov.lk/view/extra-gazettes/2023/3/2323-36_E.pdf,doc-archive/2023/03/16/2323-36/2323-36_english.pdf
2323-18,https://documents.gov.lk/view/extra-gazettes/2023/3/2323-18_E.pdf,doc-archive/2023/03/14/2323-18/2323-18_english.pdf
2323-19,https://documents.gov.lk/view/extra-gazettes/2023/3/2323-19_E.pdf,doc-archive/2023/03/14/2323-19/2323-19_english.pdf
2323-20,https://documents.gov.lk/view/extra-gazettes/2023/3/2323-20_E.pdf,doc-archive/2023/03/14/2323-20/2323-20_english.pdf
2323-21,https://documents.gov.lk/view/extra-gazettes/2023/3/2323-21_E.pdf,doc-archive/2023/03/14/2323-21/2323-21_english.pdf
2323-01,https://documents.gov.lk/view/extra-gazettes/2023/3/2323-01_E.pdf,doc-archive/2023/03/13/2323-01/2323-01_english.pdf
2323-02,https://documents.gov.lk/view/extra-gazettes/2023/3/2323-02_E.pdf,doc-archive/2023/03/13/2323-02/2323-02_english.pdf
2323-03,https://documents.gov.lk/view/extra-gazettes/2023/3/2323-03_E.pdf,doc-archive/2023/03/13/2323-03/2323-03_english.pdf
2323-05,https://documents.gov.lk/view/extra-gazettes/2023/3/2323-05_E.pdf,doc-archive/2023/03/13/2323-05/2323-05_english.pdf
2323-04,https://documents.gov.lk/view/extra-gazettes/2023/3/2323-04_E.pdf,doc-archive/2023/03/13/2323-04/2323-04_english.pdf
2323-06,https://documents.gov.lk/view/extra-gazettes/2023/3/2323-06_E.pdf,doc-archive/2023/03/13/2323-06/2323-06_english.pdf
2323-10,https://documents.gov.lk/view/extra-gazettes/2023/3/2323-10_E.pdf,doc-archive/2023/03/13/2323-10/2323-10_english.pdf
2323-11,https://documents.gov.lk/view/extra-gazettes/2023/3/2323-11_E.pdf,doc-archive/2023/03/13/2323-11/2323-11_english.pdf
2323-12,https://documents.gov.lk/view/extra-gazettes/2023/3/2323-12_E.pdf,doc-archive/2023/03/13/2323-12/2323-12_english.pdf
2323-13,https://documents.gov.lk/view/extra-gazettes/2023/3/2323-13_E.pdf,doc-archive/2023/03/13/2323-13/2323-13_english.pdf
2323-14,https://documents.gov.lk/view/extra-gazettes/2023/3/2323-14_E.pdf,doc-archive/2023/03/13/2323-14/2323-14_english.pdf
2323-15,https://documents.gov.lk/view/extra-gazettes/2023/3/2323-15_E.pdf,doc-archive/2023/03/13/2323-15/2323-15_english.pdf
2323-16,https://documents.gov.lk/view/extra-gazettes/2023/3/2323-16_E.pdf,doc-archive/2023/03/13/2323-16/2323-16_english.pdf
2323-17,https://documents.gov.lk/view/extra-gazettes/2023/3/2323-17_E.pdf,doc-archive/2023/03/13/2323-17/2323-17_english.pdf
2322-72,https://documents.gov.lk/view/extra-gazettes/2023/3/2322-72_E.pdf,doc-archive/2023/03/11/2322-72/2322-72_english.pdf
2322-59,https://documents.gov.lk/view/extra-gazettes/2023/3/2322-59_E.pdf,doc-archive/2023/03/10/2322-59/2322-59_english.pdf
2322-60,https://documents.gov.lk/view/extra-gazettes/2023/3/2322-60_E.pdf,doc-archive/2023/03/10/2322-60/2322-60_english.pdf
2322-61,https://documents.gov.lk/view/extra-gazettes/2023/3/2322-61_E.pdf,doc-archive/2023/03/10/2322-61/2322-61_english.pdf
2322-62,https://documents.gov.lk/view/extra-gazettes/2023/3/2322-62_E.pdf,doc-archive/2023/03/10/2322-62/2322-62_english.pdf
2322-63,https://documents.gov.lk/view/extra-gazettes/2023/3/2322-63_E.pdf,doc-archive/2023/03/10/2322-63/2322-63_english.pdf
2322-65,https://documents.gov.lk/view/extra-gazettes/2023/3/2322-65_E.pdf,doc-archive/2023/03/10/2322-65/2322-65_english.pdf
2322-64,https://documents.gov.lk/view/extra-gazettes/2023/3/2322-64_E.pdf,doc-archive/2023/03/10/2322-64/2322-64_english.pdf
2322-66,https://documents.gov.lk/view/extra-gazettes/2023/3/2322-66_E.pdf,doc-archive/2023/03/10/2322-66/2322-66_english.pdf
2322-67,https://documents.gov.lk/view/extra-gazettes/2023/3/2322-67_E.pdf,doc-archive/2023/03/10/2322-67/2322-67_english.pdf
2322-68,https://documents.gov.lk/view/extra-gazettes/2023/3/2322-68_E.pdf,doc-archive/2023/03/10/2322-68/2322-68_english.pdf
2322-69,https://documents.gov.lk/view/extra-gazettes/2023/3/2322-69_E.pdf,doc-archive/2023/03/10/2322-69/2322-69_english.pdf
2322-70,https://documents.gov.lk/view/extra-gazettes/2023/3/2322-70_E.pdf,doc-archive/2023/03/10/2322-70/2322-70_english.pdf
2322-71,https://documents.gov.lk/view/extra-gazettes/2023/3/2322-71_E.pdf,doc-archive/2023/03/10/2322-71/2322-71_english.pdf
2322-55,https://documents.gov.lk/view/extra-gazettes/2023/3/2322-55_E.pdf,doc-archive/2023/03/09/2322-55/2322-55_english.pdf
2322-56,https://documents.gov.lk/view/extra-gazettes/2023/3/2322-56_E.pdf,doc-archive/2023/03/09/2322-56/2322-56_english.pdf
2322-57,https://documents.gov.lk/view/extra-gazettes/2023/3/2322-57_E.pdf,doc-archive/2023/03/09/2322-57/2322-57_english.pdf
2322-58,https://documents.gov.lk/view/extra-gazettes/2023/3/2322-58_E.pdf,doc-archive/2023/03/09/2322-58/2322-58_english.pdf
2322-22,https://documents.gov.lk/view/extra-gazettes/2023/3/2322-22_E.pdf,doc-archive/2023/03/08/2322-22/2322-22_english.pdf
2322-23,https://documents.gov.lk/view/extra-gazettes/2023/3/2322-23_E.pdf,doc-archive/2023/03/08/2322-23/2322-23_english.pdf
2322-24,https://documents.gov.lk/view/extra-gazettes/2023/3/2322-24_E.pdf,doc-archive/2023/03/08/2322-24/2322-24_english.pdf
2322-25,https://documents.gov.lk/view/extra-gazettes/2023/3/2322-25_E.pdf,doc-archive/2023/03/08/2322-25/2322-25_english.pdf
2322-26,https://documents.gov.lk/view/extra-gazettes/2023/3/2322-26_E.pdf,doc-archive/2023/03/08/2322-26/2322-26_english.pdf
2322-27,https://documents.gov.lk/view/extra-gazettes/2023/3/2322-27_E.pdf,doc-archive/2023/03/08/2322-27/2322-27_english.pdf
2322-28,https://documents.gov.lk/view/extra-gazettes/2023/3/2322-28_E.pdf,doc-archive/2023/03/08/2322-28/2322-28_english.pdf
2322-29,https://documents.gov.lk/view/extra-gazettes/2023/3/2322-29_E.pdf,doc-archive/2023/03/08/2322-29/2322-29_english.pdf
2322-30,https://documents.gov.lk/view/extra-gazettes/2023/3/2322-30_E.pdf,doc-archive/2023/03/08/2322-30/2322-30_english.pdf
2322-31,https://documents.gov.lk/view/extra-gazettes/2023/3/2322-31_E.pdf,doc-archive/2023/03/08/2322-31/2322-31_english.pdf
2322-32,https://documents.gov.lk/view/extra-gazettes/2023/3/2322-32_E.pdf,doc-archive/2023/03/08/2322-32/2322-32_english.pdf
2322-33,https://documents.gov.lk/view/extra-gazettes/2023/3/2322-33_E.pdf,doc-archive/2023/03/08/2322-33/2322-33_english.pdf
2322-34,https://documents.gov.lk/view/extra-gazettes/2023/3/2322-34_E.pdf,doc-archive/2023/03/08/2322-34/2322-34_english.pdf
2322-35,https://documents.gov.lk/view/extra-gazettes/2023/3/2322-35_E.pdf,doc-archive/2023/03/08/2322-35/2322-35_english.pdf
2322-36,https://documents.gov.lk/view/extra-gazettes/2023/3/2322-36_E.pdf,doc-archive/2023/03/08/2322-36/2322-36_english.pdf
2322-37,https://documents.gov.lk/view/extra-gazettes/2023/3/2322-37_E.pdf,doc-archive/2023/03/08/2322-37/2322-37_english.pdf
2322-38,https://documents.gov.lk/view/extra-gazettes/2023/3/2322-38_E.pdf,doc-archive/2023/03/08/2322-38/2322-38_english.pdf
2322-39,https://documents.gov.lk/view/extra-gazettes/2023/3/2322-39_E.pdf,doc-archive/2023/03/08/2322-39/2322-39_english.pdf
2322-40,https://documents.gov.lk/view/extra-gazettes/2023/3/2322-40_E.pdf,doc-archive/2023/03/08/2322-40/2322-40_english.pdf
2322-41,https://documents.gov.lk/view/extra-gazettes/2023/3/2322-41_E.pdf,doc-archive/2023/03/08/2322-41/2322-41_english.pdf
2322-42,https://documents.gov.lk/view/extra-gazettes/2023/3/2322-42_E.pdf,doc-archive/2023/03/08/2322-42/2322-42_english.pdf
2322-43,https://documents.gov.lk/view/extra-gazettes/2023/3/2322-43_E.pdf,doc-archive/2023/03/08/2322-43/2322-43_english.pdf
2322-44,https://documents.gov.lk/view/extra-gazettes/2023/3/2322-44_E.pdf,doc-archive/2023/03/08/2322-44/2322-44_english.pdf
2322-45,https://documents.gov.lk/view/extra-gazettes/2023/3/2322-45_E.pdf,doc-archive/2023/03/08/2322-45/2322-45_english.pdf
2322-46,https://documents.gov.lk/view/extra-gazettes/2023/3/2322-46_E.pdf,doc-archive/2023/03/08/2322-46/2322-46_english.pdf
2322-47,https://documents.gov.lk/view/extra-gazettes/2023/3/2322-47_E.pdf,doc-archive/2023/03/08/2322-47/2322-47_english.pdf
2322-48,https://documents.gov.lk/view/extra-gazettes/2023/3/2322-48_E.pdf,doc-archive/2023/03/08/2322-48/2322-48_english.pdf
2322-49,https://documents.gov.lk/view/extra-gazettes/2023/3/2322-49_E.pdf,doc-archive/2023/03/08/2322-49/2322-49_english.pdf
2322-50,https://documents.gov.lk/view/extra-gazettes/2023/3/2322-50_E.pdf,doc-archive/2023/03/08/2322-50/2322-50_english.pdf
2322-51,https://documents.gov.lk/view/extra-gazettes/2023/3/2322-51_E.pdf,doc-archive/2023/03/08/2322-51/2322-51_english.pdf
2322-52,https://documents.gov.lk/view/extra-gazettes/2023/3/2322-52_E.pdf,doc-archive/2023/03/08/2322-52/2322-52_english.pdf
2322-53,https://documents.gov.lk/view/extra-gazettes/2023/3/2322-53_E.pdf,doc-archive/2023/03/08/2322-53/2322-53_english.pdf
2322-54,https://documents.gov.lk/view/extra-gazettes/2023/3/2322-54_E.pdf,doc-archive/2023/03/08/2322-54/2322-54_english.pdf
2322-07,https://documents.gov.lk/view/extra-gazettes/2023/3/2322-07_E.pdf,doc-archive/2023/03/07/2322-07/2322-07_english.pdf
2322-08,https://documents.gov.lk/view/extra-gazettes/2023/3/2322-08_E.pdf,doc-archive/2023/03/07/2322-08/2322-08_english.pdf
2322-09,https://documents.gov.lk/view/extra-gazettes/2023/3/2322-09_E.pdf,doc-archive/2023/03/07/2322-09/2322-09_english.pdf
2322-10,https://documents.gov.lk/view/extra-gazettes/2023/3/2322-10_E.pdf,doc-archive/2023/03/07/2322-10/2322-10_english.pdf
2322-11,https://documents.gov.lk/view/extra-gazettes/2023/3/2322-11_E.pdf,doc-archive/2023/03/07/2322-11/2322-11_english.pdf
2322-12,https://documents.gov.lk/view/extra-gazettes/2023/3/2322-12_E.pdf,doc-archive/2023/03/07/2322-12/2322-12_english.pdf
2322-13,https://documents.gov.lk/view/extra-gazettes/2023/3/2322-13_E.pdf,doc-archive/2023/03/07/2322-13/2322-13_english.pdf
2322-14,https://documents.gov.lk/view/extra-gazettes/2023/3/2322-14_E.pdf,doc-archive/2023/03/07/2322-14/2322-14_english.pdf
2322-15,https://documents.gov.lk/view/extra-gazettes/2023/3/2322-15_E.pdf,doc-archive/2023/03/07/2322-15/2322-15_english.pdf
2322-16,https://documents.gov.lk/view/extra-gazettes/2023/3/2322-16_E.pdf,doc-archive/2023/03/07/2322-16/2322-16_english.pdf
2322-17,https://documents.gov.lk/view/extra-gazettes/2023/3/2322-17_E.pdf,doc-archive/2023/03/07/2322-17/2322-17_english.pdf
2322-18,https://documents.gov.lk/view/extra-gazettes/2023/3/2322-18_E.pdf,doc-archive/2023/03/07/2322-18/2322-18_english.pdf
2322-19,https://documents.gov.lk/view/extra-gazettes/2023/3/2322-19_E.pdf,doc-archive/2023/03/07/2322-19/2322-19_english.pdf
2322-20,https://documents.gov.lk/view/extra-gazettes/2023/3/2322-20_E.pdf,doc-archive/2023/03/07/2322-20/2322-20_english.pdf
2322-21,https://documents.gov.lk/view/extra-gazettes/2023/3/2322-21_E.pdf,doc-archive/2023/03/07/2322-21/2322-21_english.pdf
2322-01,https://documents.gov.lk/view/extra-gazettes/2023/3/2322-01_E.pdf,doc-archive/2023/03/06/2322-01/2322-01_english.pdf
2322-02,https://documents.gov.lk/view/extra-gazettes/2023/3/2322-02_E.pdf,doc-archive/2023/03/06/2322-02/2322-02_english.pdf
2322-03,https://documents.gov.lk/view/extra-gazettes/2023/3/2322-03_E.pdf,doc-archive/2023/03/06/2322-03/2322-03_english.pdf
2322-04,https://documents.gov.lk/view/extra-gazettes/2023/3/2322-04_E.pdf,doc-archive/2023/03/06/2322-04/2322-04_english.pdf
2322-05,https://documents.gov.lk/view/extra-gazettes/2023/3/2322-05_E.pdf,doc-archive/2023/03/06/2322-05/2322-05_english.pdf
2322-06,https://documents.gov.lk/view/extra-gazettes/2023/3/2322-06_E.pdf,doc-archive/2023/03/06/2322-06/2322-06_english.pdf
2321-76,https://documents.gov.lk/view/extra-gazettes/2023/3/2321-76_E.pdf,doc-archive/2023/03/04/2321-76/2321-76_english.pdf
2321-77,https://documents.gov.lk/view/extra-gazettes/2023/3/2321-77_E.pdf,doc-archive/2023/03/04/2321-77/2321-77_english.pdf
2321-78,https://documents.gov.lk/view/extra-gazettes/2023/3/2321-78_E.pdf,doc-archive/2023/03/04/2321-78/2321-78_english.pdf
2321-79,https://documents.gov.lk/view/extra-gazettes/2023/3/2321-79_E.pdf,doc-archive/2023/03/04/2321-79/2321-79_english.pdf
2321-80,https://documents.gov.lk/view/extra-gazettes/2023/3/2321-80_E.pdf,doc-archive/2023/03/04/2321-80/2321-80_english.pdf
2321-81,https://documents.gov.lk/view/extra-gazettes/2023/3/2321-81_E.pdf,doc-archive/2023/03/04/2321-81/2321-81_english.pdf
2321-82,https://documents.gov.lk/view/extra-gazettes/2023/3/2321-82_E.pdf,doc-archive/2023/03/04/2321-82/2321-82_english.pdf
2321-83,https://documents.gov.lk/view/extra-gazettes/2023/3/2321-83_E.pdf,doc-archive/2023/03/04/2321-83/2321-83_english.pdf
2321-85,https://documents.gov.lk/view/extra-gazettes/2023/3/2321-85_E.pdf,doc-archive/2023/03/04/2321-85/2321-85_english.pdf
2321-70,https://documents.gov.lk/view/extra-gazettes/2023/3/2321-70_E.pdf,doc-archive/2023/03/03/2321-70/2321-70_english.pdf
2321-71,https://documents.gov.lk/view/extra-gazettes/2023/3/2321-71_E.pdf,doc-archive/2023/03/03/2321-71/2321-71_english.pdf
2321-72,https://documents.gov.lk/view/extra-gazettes/2023/3/2321-72_E.pdf,doc-archive/2023/03/03/2321-72/2321-72_english.pdf
2321-73,https://documents.gov.lk/view/extra-gazettes/2023/3/2321-73_E.pdf,doc-archive/2023/03/03/2321-73/2321-73_english.pdf
2321-74,https://documents.gov.lk/view/extra-gazettes/2023/3/2321-74_E.pdf,doc-archive/2023/03/03/2321-74/2321-74_english.pdf
2321-75,https://documents.gov.lk/view/extra-gazettes/2023/3/2321-75_E.pdf,doc-archive/2023/03/03/2321-75/2321-75_english.pdf
2323-38,https://documents.gov.lk/view/extra-gazettes/2023/3/2323-38_E.pdf,doc-archive/2023/03/03/2323-38/2323-38_english.pdf
2321-48,https://documents.gov.lk/view/extra-gazettes/2023/3/2321-48_E.pdf,doc-archive/2023/03/02/2321-48/2321-48_english.pdf
2321-49,https://documents.gov.lk/view/extra-gazettes/2023/3/2321-49_E.pdf,doc-archive/2023/03/02/2321-49/2321-49_english.pdf
2321-50,https://documents.gov.lk/view/extra-gazettes/2023/3/2321-50_E.pdf,doc-archive/2023/03/02/2321-50/2321-50_english.pdf
2321-51,https://documents.gov.lk/view/extra-gazettes/2023/3/2321-51_E.pdf,doc-archive/2023/03/02/2321-51/2321-51_english.pdf
2321-52,https://documents.gov.lk/view/extra-gazettes/2023/3/2321-52_E.pdf,doc-archive/2023/03/02/2321-52/2321-52_english.pdf
2321-53,https://documents.gov.lk/view/extra-gazettes/2023/3/2321-53_E.pdf,doc-archive/2023/03/02/2321-53/2321-53_english.pdf
2321-54,https://documents.gov.lk/view/extra-gazettes/2023/3/2321-54_E.pdf,doc-archive/2023/03/02/2321-54/2321-54_english.pdf
2321-56,https://documents.gov.lk/view/extra-gazettes/2023/3/2321-56_E.pdf,doc-archive/2023/03/02/2321-56/2321-56_english.pdf
2321-55,https://documents.gov.lk/view/extra-gazettes/2023/3/2321-55_E.pdf,doc-archive/2023/03/02/2321-55/2321-55_english.pdf
2321-57,https://documents.gov.lk/view/extra-gazettes/2023/3/2321-57_E.pdf,doc-archive/2023/03/02/2321-57/2321-57_english.pdf
2321-58,https://documents.gov.lk/view/extra-gazettes/2023/3/2321-58_E.pdf,doc-archive/2023/03/02/2321-58/2321-58_english.pdf
2321-60,https://documents.gov.lk/view/extra-gazettes/2023/3/2321-60_E.pdf,doc-archive/2023/03/02/2321-60/2321-60_english.pdf
2321-59,https://documents.gov.lk/view/extra-gazettes/2023/3/2321-59_E.pdf,doc-archive/2023/03/02/2321-59/2321-59_english.pdf
2321-61,https://documents.gov.lk/view/extra-gazettes/2023/3/2321-61_E.pdf,doc-archive/2023/03/02/2321-61/2321-61_english.pdf
2321-62,https://documents.gov.lk/view/extra-gazettes/2023/3/2321-62_E.pdf,doc-archive/2023/03/02/2321-62/2321-62_english.pdf
2321-63,https://documents.gov.lk/view/extra-gazettes/2023/3/2321-63_E.pdf,doc-archive/2023/03/02/2321-63/2321-63_english.pdf
2321-64,https://documents.gov.lk/view/extra-gazettes/2023/3/2321-64_E.pdf,doc-archive/2023/03/02/2321-64/2321-64_english.pdf
2321-65,https://documents.gov.lk/view/extra-gazettes/2023/3/2321-65_E.pdf,doc-archive/2023/03/02/2321-65/2321-65_english.pdf
2321-66,https://documents.gov.lk/view/extra-gazettes/2023/3/2321-66_E.pdf,doc-archive/2023/03/02/2321-66/2321-66_english.pdf
2321-67,https://documents.gov.lk/view/extra-gazettes/2023/3/2321-67_E.pdf,doc-archive/2023/03/02/2321-67/2321-67_english.pdf
2321-68,https://documents.gov.lk/view/extra-gazettes/2023/3/2321-68_E.pdf,doc-archive/2023/03/02/2321-68/2321-68_english.pdf
2321-69,https://documents.gov.lk/view/extra-gazettes/2023/3/2321-69_E.pdf,doc-archive/2023/03/02/2321-69/2321-69_english.pdf
2321-44,https://documents.gov.lk/view/extra-gazettes/2023/3/2321-44_E.pdf,doc-archive/2023/03/01/2321-44/2321-44_english.pdf
2321-45,https://documents.gov.lk/view/extra-gazettes/2023/3/2321-45_E.pdf,doc-archive/2023/03/01/2321-45/2321-45_english.pdf
2321-46,https://documents.gov.lk/view/extra-gazettes/2023/3/2321-46_E.pdf,doc-archive/2023/03/01/2321-46/2321-46_english.pdf
2321-47,https://documents.gov.lk/view/extra-gazettes/2023/3/2321-47_E.pdf,doc-archive/2023/03/01/2321-47/2321-47_english.pdf
2329-58,https://documents.gov.lk/view/extra-gazettes/2023/4/2329-58_E.pdf,doc-archive/2023/04/30/2329-58/2329-58_english.pdf
2329-46,https://documents.gov.lk/view/extra-gazettes/2023/4/2329-46_E.pdf,doc-archive/2023/04/28/2329-46/2329-46_english.pdf
2329-45,https://documents.gov.lk/view/extra-gazettes/2023/4/2329-45_E.pdf,doc-archive/2023/04/28/2329-45/2329-45_english.pdf
2329-47,https://documents.gov.lk/view/extra-gazettes/2023/4/2329-47_E.pdf,doc-archive/2023/04/28/2329-47/2329-47_english.pdf
2329-48,https://documents.gov.lk/view/extra-gazettes/2023/4/2329-48_E.pdf,doc-archive/2023/04/28/2329-48/2329-48_english.pdf
2329-49,https://documents.gov.lk/view/extra-gazettes/2023/4/2329-49_E.pdf,doc-archive/2023/04/28/2329-49/2329-49_english.pdf
2329-50,https://documents.gov.lk/view/extra-gazettes/2023/4/2329-50_E.pdf,doc-archive/2023/04/28/2329-50/2329-50_english.pdf
2329-51,https://documents.gov.lk/view/extra-gazettes/2023/4/2329-51_E.pdf,doc-archive/2023/04/28/2329-51/2329-51_english.pdf
2329-52,https://documents.gov.lk/view/extra-gazettes/2023/4/2329-52_E.pdf,doc-archive/2023/04/28/2329-52/2329-52_english.pdf
2329-53,https://documents.gov.lk/view/extra-gazettes/2023/4/2329-53_E.pdf,doc-archive/2023/04/28/2329-53/2329-53_english.pdf
2329-55,https://documents.gov.lk/view/extra-gazettes/2023/4/2329-55_E.pdf,doc-archive/2023/04/28/2329-55/2329-55_english.pdf
2329-56,https://documents.gov.lk/view/extra-gazettes/2023/4/2329-56_E.pdf,doc-archive/2023/04/28/2329-56/2329-56_english.pdf
2329-57,https://documents.gov.lk/view/extra-gazettes/2023/4/2329-57_E.pdf,doc-archive/2023/04/28/2329-57/2329-57_english.pdf
2329-43,https://documents.gov.lk/view/extra-gazettes/2023/4/2329-43_E.pdf,doc-archive/2023/04/27/2329-43/2329-43_english.pdf
2329-33,https://documents.gov.lk/view/extra-gazettes/2023/4/2329-33_E.pdf,doc-archive/2023/04/26/2329-33/2329-33_english.pdf
2329-44,https://documents.gov.lk/view/extra-gazettes/2023/4/2329-44_E.pdf,doc-archive/2023/04/27/2329-44/2329-44_english.pdf
2329-34,https://documents.gov.lk/view/extra-gazettes/2023/4/2329-34_E.pdf,doc-archive/2023/04/26/2329-34/2329-34_english.pdf
2329-35,https://documents.gov.lk/view/extra-gazettes/2023/4/2329-35_E.pdf,doc-archive/2023/04/26/2329-35/2329-35_english.pdf
2329-36,https://documents.gov.lk/view/extra-gazettes/2023/4/2329-36_E.pdf,doc-archive/2023/04/26/2329-36/2329-36_english.pdf
2329-37,https://documents.gov.lk/view/extra-gazettes/2023/4/2329-37_E.pdf,doc-archive/2023/04/26/2329-37/2329-37_english.pdf
2329-38,https://documents.gov.lk/view/extra-gazettes/2023/4/2329-38_E.pdf,doc-archive/2023/04/26/2329-38/2329-38_english.pdf
2329-39,https://documents.gov.lk/view/extra-gazettes/2023/4/2329-39_E.pdf,doc-archive/2023/04/26/2329-39/2329-39_english.pdf
2329-41,https://documents.gov.lk/view/extra-gazettes/2023/4/2329-41_E.pdf,doc-archive/2023/04/26/2329-41/2329-41_english.pdf
2329-19,https://documents.gov.lk/view/extra-gazettes/2023/4/2329-19_E.pdf,doc-archive/2023/04/25/2329-19/2329-19_english.pdf
2329-20,https://documents.gov.lk/view/extra-gazettes/2023/4/2329-20_E.pdf,doc-archive/2023/04/25/2329-20/2329-20_english.pdf
2329-22,https://documents.gov.lk/view/extra-gazettes/2023/4/2329-22_E.pdf,doc-archive/2023/04/25/2329-22/2329-22_english.pdf
2329-23,https://documents.gov.lk/view/extra-gazettes/2023/4/2329-23_E.pdf,doc-archive/2023/04/25/2329-23/2329-23_english.pdf
2329-24,https://documents.gov.lk/view/extra-gazettes/2023/4/2329-24_E.pdf,doc-archive/2023/04/25/2329-24/2329-24_english.pdf
2329-25,https://documents.gov.lk/view/extra-gazettes/2023/4/2329-25_E.pdf,doc-archive/2023/04/25/2329-25/2329-25_english.pdf
2329-26,https://documents.gov.lk/view/extra-gazettes/2023/4/2329-26_E.pdf,doc-archive/2023/04/25/2329-26/2329-26_english.pdf
2329-27,https://documents.gov.lk/view/extra-gazettes/2023/4/2329-27_E.pdf,doc-archive/2023/04/25/2329-27/2329-27_english.pdf
2329-29,https://documents.gov.lk/view/extra-gazettes/2023/4/2329-29_E.pdf,doc-archive/2023/04/25/2329-29/2329-29_english.pdf
2329-28,https://documents.gov.lk/view/extra-gazettes/2023/4/2329-28_E.pdf,doc-archive/2023/04/25/2329-28/2329-28_english.pdf
2329-31,https://documents.gov.lk/view/extra-gazettes/2023/4/2329-31_E.pdf,doc-archive/2023/04/25/2329-31/2329-31_english.pdf
2329-32,https://documents.gov.lk/view/extra-gazettes/2023/4/2329-32_E.pdf,doc-archive/2023/04/25/2329-32/2329-32_english.pdf
2329-01,https://documents.gov.lk/view/extra-gazettes/2023/4/2329-01_E.pdf,doc-archive/2023/04/24/2329-01/2329-01_english.pdf
2329-02,https://documents.gov.lk/view/extra-gazettes/2023/4/2329-02_E.pdf,doc-archive/2023/04/24/2329-02/2329-02_english.pdf
2329-03,https://documents.gov.lk/view/extra-gazettes/2023/4/2329-03_E.pdf,doc-archive/2023/04/24/2329-03/2329-03_english.pdf
2329-04,https://documents.gov.lk/view/extra-gazettes/2023/4/2329-04_E.pdf,doc-archive/2023/04/24/2329-04/2329-04_english.pdf
2329-05,https://documents.gov.lk/view/extra-gazettes/2023/4/2329-05_E.pdf,doc-archive/2023/04/24/2329-05/2329-05_english.pdf
2329-07,https://documents.gov.lk/view/extra-gazettes/2023/4/2329-07_E.pdf,doc-archive/2023/04/24/2329-07/2329-07_english.pdf
2329-08,https://documents.gov.lk/view/extra-gazettes/2023/4/2329-08_E.pdf,doc-archive/2023/04/24/2329-08/2329-08_english.pdf
2329-09,https://documents.gov.lk/view/extra-gazettes/2023/4/2329-09_E.pdf,doc-archive/2023/04/24/2329-09/2329-09_english.pdf
2329-10,https://documents.gov.lk/view/extra-gazettes/2023/4/2329-10_E.pdf,doc-archive/2023/04/24/2329-10/2329-10_english.pdf
2329-11,https://documents.gov.lk/view/extra-gazettes/2023/4/2329-11_E.pdf,doc-archive/2023/04/24/2329-11/2329-11_english.pdf
2329-12,https://documents.gov.lk/view/extra-gazettes/2023/4/2329-12_E.pdf,doc-archive/2023/04/24/2329-12/2329-12_english.pdf
2329-13,https://documents.gov.lk/view/extra-gazettes/2023/4/2329-13_E.pdf,doc-archive/2023/04/24/2329-13/2329-13_english.pdf
2329-14,https://documents.gov.lk/view/extra-gazettes/2023/4/2329-14_E.pdf,doc-archive/2023/04/24/2329-14/2329-14_english.pdf
2329-15,https://documents.gov.lk/view/extra-gazettes/2023/4/2329-15_E.pdf,doc-archive/2023/04/24/2329-15/2329-15_english.pdf
2329-18,https://documents.gov.lk/view/extra-gazettes/2023/4/2329-18_E.pdf,doc-archive/2023/04/24/2329-18/2329-18_english.pdf
2328-11,https://documents.gov.lk/view/extra-gazettes/2023/4/2328-11_E.pdf,doc-archive/2023/04/21/2328-11/2328-11_english.pdf
2328-12,https://documents.gov.lk/view/extra-gazettes/2023/4/2328-12_E.pdf,doc-archive/2023/04/21/2328-12/2328-12_english.pdf
2328-13,https://documents.gov.lk/view/extra-gazettes/2023/4/2328-13_E.pdf,doc-archive/2023/04/21/2328-13/2328-13_english.pdf
2328-14,https://documents.gov.lk/view/extra-gazettes/2023/4/2328-14_E.pdf,doc-archive/2023/04/21/2328-14/2328-14_english.pdf
2328-15,https://documents.gov.lk/view/extra-gazettes/2023/4/2328-15_E.pdf,doc-archive/2023/04/21/2328-15/2328-15_english.pdf
2329-17,https://documents.gov.lk/view/extra-gazettes/2023/4/2329-17_E.pdf,doc-archive/2023/04/24/2329-17/2329-17_english.pdf
2328-16,https://documents.gov.lk/view/extra-gazettes/2023/4/2328-16_E.pdf,doc-archive/2023/04/21/2328-16/2328-16_english.pdf
2328-17,https://documents.gov.lk/view/extra-gazettes/2023/4/2328-17_E.pdf,doc-archive/2023/04/21/2328-17/2328-17_english.pdf
2328-18,https://documents.gov.lk/view/extra-gazettes/2023/4/2328-18_E.pdf,doc-archive/2023/04/21/2328-18/2328-18_english.pdf
2328-19,https://documents.gov.lk/view/extra-gazettes/2023/4/2328-19_E.pdf,doc-archive/2023/04/21/2328-19/2328-19_english.pdf
2328-20,https://documents.gov.lk/view/extra-gazettes/2023/4/2328-20_E.pdf,doc-archive/2023/04/21/2328-20/2328-20_english.pdf
2328-07,https://documents.gov.lk/view/extra-gazettes/2023/4/2328-07_E.pdf,doc-archive/2023/04/20/2328-07/2328-07_english.pdf
2328-08,https://documents.gov.lk/view/extra-gazettes/2023/4/2328-08_E.pdf,doc-archive/2023/04/20/2328-08/2328-08_english.pdf
2328-09,https://documents.gov.lk/view/extra-gazettes/2023/4/2328-09_E.pdf,doc-archive/2023/04/20/2328-09/2328-09_english.pdf
2328-10,https://documents.gov.lk/view/extra-gazettes/2023/4/2328-10_E.pdf,doc-archive/2023/04/20/2328-10/2328-10_english.pdf
2328-05,https://documents.gov.lk/view/extra-gazettes/2023/4/2328-05_E.pdf,doc-archive/2023/04/19/2328-05/2328-05_english.pdf
2328-06,https://documents.gov.lk/view/extra-gazettes/2023/4/2328-06_E.pdf,doc-archive/2023/04/19/2328-06/2328-06_english.pdf
2328-01,https://documents.gov.lk/view/extra-gazettes/2023/4/2328-01_E.pdf,doc-archive/2023/04/17/2328-01/2328-01_english.pdf
2328-02,https://documents.gov.lk/view/extra-gazettes/2023/4/2328-02_E.pdf,doc-archive/2023/04/17/2328-02/2328-02_english.pdf
2327-36,https://documents.gov.lk/view/extra-gazettes/2023/4/2327-36_E.pdf,doc-archive/2023/04/12/2327-36/2327-36_english.pdf
2327-35,https://documents.gov.lk/view/extra-gazettes/2023/4/2327-35_E.pdf,doc-archive/2023/04/12/2327-35/2327-35_english.pdf
2327-37,https://documents.gov.lk/view/extra-gazettes/2023/4/2327-37_E.pdf,doc-archive/2023/04/12/2327-37/2327-37_english.pdf
2327-04,https://documents.gov.lk/view/extra-gazettes/2023/4/2327-04_E.pdf,doc-archive/2023/04/11/2327-04/2327-04_english.pdf
2327-05,https://documents.gov.lk/view/extra-gazettes/2023/4/2327-05_E.pdf,doc-archive/2023/04/11/2327-05/2327-05_english.pdf
2327-06,https://documents.gov.lk/view/extra-gazettes/2023/4/2327-06_E.pdf,doc-archive/2023/04/11/2327-06/2327-06_english.pdf
2327-07,https://documents.gov.lk/view/extra-gazettes/2023/4/2327-07_E.pdf,doc-archive/2023/04/11/2327-07/2327-07_english.pdf
2327-08,https://documents.gov.lk/view/extra-gazettes/2023/4/2327-08_E.pdf,doc-archive/2023/04/11/2327-08/2327-08_english.pdf
2327-09,https://documents.gov.lk/view/extra-gazettes/2023/4/2327-09_E.pdf,doc-archive/2023/04/11/2327-09/2327-09_english.pdf
2327-10,https://documents.gov.lk/view/extra-gazettes/2023/4/2327-10_E.pdf,doc-archive/2023/04/11/2327-10/2327-10_english.pdf
2327-11,https://documents.gov.lk/view/extra-gazettes/2023/4/2327-11_E.pdf,doc-archive/2023/04/11/2327-11/2327-11_english.pdf
2327-12,https://documents.gov.lk/view/extra-gazettes/2023/4/2327-12_E.pdf,doc-archive/2023/04/11/2327-12/2327-12_english.pdf
2327-13,https://documents.gov.lk/view/extra-gazettes/2023/4/2327-13_E.pdf,doc-archive/2023/04/11/2327-13/2327-13_english.pdf
2327-14,https://documents.gov.lk/view/extra-gazettes/2023/4/2327-14_E.pdf,doc-archive/2023/04/11/2327-14/2327-14_english.pdf
2327-15,https://documents.gov.lk/view/extra-gazettes/2023/4/2327-15_E.pdf,doc-archive/2023/04/11/2327-15/2327-15_english.pdf
2327-16,https://documents.gov.lk/view/extra-gazettes/2023/4/2327-16_E.pdf,doc-archive/2023/04/11/2327-16/2327-16_english.pdf
2327-17,https://documents.gov.lk/view/extra-gazettes/2023/4/2327-17_E.pdf,doc-archive/2023/04/11/2327-17/2327-17_english.pdf
2327-18,https://documents.gov.lk/view/extra-gazettes/2023/4/2327-18_E.pdf,doc-archive/2023/04/11/2327-18/2327-18_english.pdf
2327-19,https://documents.gov.lk/view/extra-gazettes/2023/4/2327-19_E.pdf,doc-archive/2023/04/11/2327-19/2327-19_english.pdf
2327-20,https://documents.gov.lk/view/extra-gazettes/2023/4/2327-20_E.pdf,doc-archive/2023/04/11/2327-20/2327-20_english.pdf
2327-21,https://documents.gov.lk/view/extra-gazettes/2023/4/2327-21_E.pdf,doc-archive/2023/04/11/2327-21/2327-21_english.pdf
2327-22,https://documents.gov.lk/view/extra-gazettes/2023/4/2327-22_E.pdf,doc-archive/2023/04/11/2327-22/2327-22_english.pdf
2327-23,https://documents.gov.lk/view/extra-gazettes/2023/4/2327-23_E.pdf,doc-archive/2023/04/11/2327-23/2327-23_english.pdf
2327-24,https://documents.gov.lk/view/extra-gazettes/2023/4/2327-24_E.pdf,doc-archive/2023/04/11/2327-24/2327-24_english.pdf
2327-25,https://documents.gov.lk/view/extra-gazettes/2023/4/2327-25_E.pdf,doc-archive/2023/04/11/2327-25/2327-25_english.pdf
2327-26,https://documents.gov.lk/view/extra-gazettes/2023/4/2327-26_E.pdf,doc-archive/2023/04/11/2327-26/2327-26_english.pdf
2327-27,https://documents.gov.lk/view/extra-gazettes/2023/4/2327-27_E.pdf,doc-archive/2023/04/11/2327-27/2327-27_english.pdf
2327-28,https://documents.gov.lk/view/extra-gazettes/2023/4/2327-28_E.pdf,doc-archive/2023/04/11/2327-28/2327-28_english.pdf
2327-29,https://documents.gov.lk/view/extra-gazettes/2023/4/2327-29_E.pdf,doc-archive/2023/04/11/2327-29/2327-29_english.pdf
2327-30,https://documents.gov.lk/view/extra-gazettes/2023/4/2327-30_E.pdf,doc-archive/2023/04/11/2327-30/2327-30_english.pdf
2327-31,https://documents.gov.lk/view/extra-gazettes/2023/4/2327-31_E.pdf,doc-archive/2023/04/11/2327-31/2327-31_english.pdf
2327-32,https://documents.gov.lk/view/extra-gazettes/2023/4/2327-32_E.pdf,doc-archive/2023/04/11/2327-32/2327-32_english.pdf
2327-33,https://documents.gov.lk/view/extra-gazettes/2023/4/2327-33_E.pdf,doc-archive/2023/04/11/2327-33/2327-33_english.pdf
2327-34,https://documents.gov.lk/view/extra-gazettes/2023/4/2327-34_E.pdf,doc-archive/2023/04/11/2327-34/2327-34_english.pdf
2327-01,https://documents.gov.lk/view/extra-gazettes/2023/4/2327-01_E.pdf,doc-archive/2023/04/10/2327-01/2327-01_english.pdf
2327-02,https://documents.gov.lk/view/extra-gazettes/2023/4/2327-02_E.pdf,doc-archive/2023/04/10/2327-02/2327-02_english.pdf
2327-03,https://documents.gov.lk/view/extra-gazettes/2023/4/2327-03_E.pdf,doc-archive/2023/04/10/2327-03/2327-03_english.pdf
2326-53,https://documents.gov.lk/view/extra-gazettes/2023/4/2326-53_E.pdf,doc-archive/2023/04/07/2326-53/2326-53_english.pdf
2326-54,https://documents.gov.lk/view/extra-gazettes/2023/4/2326-54_E.pdf,doc-archive/2023/04/07/2326-54/2326-54_english.pdf
2326-55,https://documents.gov.lk/view/extra-gazettes/2023/4/2326-55_E.pdf,doc-archive/2023/04/07/2326-55/2326-55_english.pdf
2326-56,https://documents.gov.lk/view/extra-gazettes/2023/4/2326-56_E.pdf,doc-archive/2023/04/07/2326-56/2326-56_english.pdf
2326-57,https://documents.gov.lk/view/extra-gazettes/2023/4/2326-57_E.pdf,doc-archive/2023/04/07/2326-57/2326-57_english.pdf
2326-58,https://documents.gov.lk/view/extra-gazettes/2023/4/2326-58_E.pdf,doc-archive/2023/04/07/2326-58/2326-58_english.pdf
2326-59,https://documents.gov.lk/view/extra-gazettes/2023/4/2326-59_E.pdf,doc-archive/2023/04/07/2326-59/2326-59_english.pdf
2326-60,https://documents.gov.lk/view/extra-gazettes/2023/4/2326-60_E.pdf,doc-archive/2023/04/07/2326-60/2326-60_english.pdf
2326-61,https://documents.gov.lk/view/extra-gazettes/2023/4/2326-61_E.pdf,doc-archive/2023/04/07/2326-61/2326-61_english.pdf
2326-39,https://documents.gov.lk/view/extra-gazettes/2023/4/2326-39_E.pdf,doc-archive/2023/04/06/2326-39/2326-39_english.pdf
2326-40,https://documents.gov.lk/view/extra-gazettes/2023/4/2326-40_E.pdf,doc-archive/2023/04/06/2326-40/2326-40_english.pdf
2326-41,https://documents.gov.lk/view/extra-gazettes/2023/4/2326-41_E.pdf,doc-archive/2023/04/06/2326-41/2326-41_english.pdf
2326-42,https://documents.gov.lk/view/extra-gazettes/2023/4/2326-42_E.pdf,doc-archive/2023/04/06/2326-42/2326-42_english.pdf
2326-43,https://documents.gov.lk/view/extra-gazettes/2023/4/2326-43_E.pdf,doc-archive/2023/04/06/2326-43/2326-43_english.pdf
2326-44,https://documents.gov.lk/view/extra-gazettes/2023/4/2326-44_E.pdf,doc-archive/2023/04/06/2326-44/2326-44_english.pdf
2326-45,https://documents.gov.lk/view/extra-gazettes/2023/4/2326-45_E.pdf,doc-archive/2023/04/06/2326-45/2326-45_english.pdf
2326-46,https://documents.gov.lk/view/extra-gazettes/2023/4/2326-46_E.pdf,doc-archive/2023/04/06/2326-46/2326-46_english.pdf
2326-47,https://documents.gov.lk/view/extra-gazettes/2023/4/2326-47_E.pdf,doc-archive/2023/04/06/2326-47/2326-47_english.pdf
2326-48,https://documents.gov.lk/view/extra-gazettes/2023/4/2326-48_E.pdf,doc-archive/2023/04/06/2326-48/2326-48_english.pdf
2326-49,https://documents.gov.lk/view/extra-gazettes/2023/4/2326-49_E.pdf,doc-archive/2023/04/06/2326-49/2326-49_english.pdf
2326-50,https://documents.gov.lk/view/extra-gazettes/2023/4/2326-50_E.pdf,doc-archive/2023/04/06/2326-50/2326-50_english.pdf
2326-51,https://documents.gov.lk/view/extra-gazettes/2023/4/2326-51_E.pdf,doc-archive/2023/04/06/2326-51/2326-51_english.pdf
2326-52,https://documents.gov.lk/view/extra-gazettes/2023/4/2326-52_E.pdf,doc-archive/2023/04/06/2326-52/2326-52_english.pdf
2326-32,https://documents.gov.lk/view/extra-gazettes/2023/4/2326-32_E.pdf,doc-archive/2023/04/05/2326-32/2326-32_english.pdf
2326-33,https://documents.gov.lk/view/extra-gazettes/2023/4/2326-33_E.pdf,doc-archive/2023/04/05/2326-33/2326-33_english.pdf
2326-34,https://documents.gov.lk/view/extra-gazettes/2023/4/2326-34_E.pdf,doc-archive/2023/04/05/2326-34/2326-34_english.pdf
2326-35,https://documents.gov.lk/view/extra-gazettes/2023/4/2326-35_E.pdf,doc-archive/2023/04/05/2326-35/2326-35_english.pdf
2326-36,https://documents.gov.lk/view/extra-gazettes/2023/4/2326-36_E.pdf,doc-archive/2023/04/05/2326-36/2326-36_english.pdf
2326-37,https://documents.gov.lk/view/extra-gazettes/2023/4/2326-37_E.pdf,doc-archive/2023/04/05/2326-37/2326-37_english.pdf
2326-38,https://documents.gov.lk/view/extra-gazettes/2023/4/2326-38_E.pdf,doc-archive/2023/04/05/2326-38/2326-38_english.pdf
2326-18,https://documents.gov.lk/view/extra-gazettes/2023/4/2326-18_E.pdf,doc-archive/2023/04/04/2326-18/2326-18_english.pdf
2326-19,https://documents.gov.lk/view/extra-gazettes/2023/4/2326-19_E.pdf,doc-archive/2023/04/04/2326-19/2326-19_english.pdf
2326-20,https://documents.gov.lk/view/extra-gazettes/2023/4/2326-20_E.pdf,doc-archive/2023/04/04/2326-20/2326-20_english.pdf
2326-21,https://documents.gov.lk/view/extra-gazettes/2023/4/2326-21_E.pdf,doc-archive/2023/04/04/2326-21/2326-21_english.pdf
2326-22,https://documents.gov.lk/view/extra-gazettes/2023/4/2326-22_E.pdf,doc-archive/2023/04/04/2326-22/2326-22_english.pdf
2326-23,https://documents.gov.lk/view/extra-gazettes/2023/4/2326-23_E.pdf,doc-archive/2023/04/04/2326-23/2326-23_english.pdf
2326-24,https://documents.gov.lk/view/extra-gazettes/2023/4/2326-24_E.pdf,doc-archive/2023/04/04/2326-24/2326-24_english.pdf
2326-25,https://documents.gov.lk/view/extra-gazettes/2023/4/2326-25_E.pdf,doc-archive/2023/04/04/2326-25/2326-25_english.pdf
2326-26,https://documents.gov.lk/view/extra-gazettes/2023/4/2326-26_E.pdf,doc-archive/2023/04/04/2326-26/2326-26_english.pdf
2326-27,https://documents.gov.lk/view/extra-gazettes/2023/4/2326-27_E.pdf,doc-archive/2023/04/04/2326-27/2326-27_english.pdf
2326-28,https://documents.gov.lk/view/extra-gazettes/2023/4/2326-28_E.pdf,doc-archive/2023/04/04/2326-28/2326-28_english.pdf
2326-29,https://documents.gov.lk/view/extra-gazettes/2023/4/2326-29_E.pdf,doc-archive/2023/04/04/2326-29/2326-29_english.pdf
2326-30,https://documents.gov.lk/view/extra-gazettes/2023/4/2326-30_E.pdf,doc-archive/2023/04/04/2326-30/2326-30_english.pdf
2326-31,https://documents.gov.lk/view/extra-gazettes/2023/4/2326-31_E.pdf,doc-archive/2023/04/04/2326-31/2326-31_english.pdf
2326-01,https://documents.gov.lk/view/extra-gazettes/2023/4/2326-01_E.pdf,doc-archive/2023/04/03/2326-01/2326-01_english.pdf
2326-02,https://documents.gov.lk/view/extra-gazettes/2023/4/2326-02_E.pdf,doc-archive/2023/04/03/2326-02/2326-02_english.pdf
2326-03,https://documents.gov.lk/view/extra-gazettes/2023/4/2326-03_E.pdf,doc-archive/2023/04/03/2326-03/2326-03_english.pdf
2326-04,https://documents.gov.lk/view/extra-gazettes/2023/4/2326-04_E.pdf,doc-archive/2023/04/03/2326-04/2326-04_english.pdf
2326-05,https://documents.gov.lk/view/extra-gazettes/2023/4/2326-05_E.pdf,doc-archive/2023/04/03/2326-05/2326-05_english.pdf
2326-06,https://documents.gov.lk/view/extra-gazettes/2023/4/2326-06_E.pdf,doc-archive/2023/04/03/2326-06/2326-06_english.pdf
2326-07,https://documents.gov.lk/view/extra-gazettes/2023/4/2326-07_E.pdf,doc-archive/2023/04/03/2326-07/2326-07_english.pdf
2326-08,https://documents.gov.lk/view/extra-gazettes/2023/4/2326-08_E.pdf,doc-archive/2023/04/03/2326-08/2326-08_english.pdf
2326-09,https://documents.gov.lk/view/extra-gazettes/2023/4/2326-09_E.pdf,doc-archive/2023/04/03/2326-09/2326-09_english.pdf
2326-10,https://documents.gov.lk/view/extra-gazettes/2023/4/2326-10_E.pdf,doc-archive/2023/04/03/2326-10/2326-10_english.pdf
2326-11,https://documents.gov.lk/view/extra-gazettes/2023/4/2326-11_E.pdf,doc-archive/2023/04/03/2326-11/2326-11_english.pdf
2326-12,https://documents.gov.lk/view/extra-gazettes/2023/4/2326-12_E.pdf,doc-archive/2023/04/03/2326-12/2326-12_english.pdf
2326-15,https://documents.gov.lk/view/extra-gazettes/2023/4/2326-15_E.pdf,doc-archive/2023/04/03/2326-15/2326-15_english.pdf
2326-16,https://documents.gov.lk/view/extra-gazettes/2023/4/2326-16_E.pdf,doc-archive/2023/04/03/2326-16/2326-16_english.pdf
2325-73,https://documents.gov.lk/view/extra-gazettes/2023/4/2325-73_E.pdf,doc-archive/2023/04/01/2325-73/2325-73_english.pdf
2325-74,https://documents.gov.lk/view/extra-gazettes/2023/4/2325-74_E.pdf,doc-archive/2023/04/01/2325-74/2325-74_english.pdf
2325-75,https://documents.gov.lk/view/extra-gazettes/2023/4/2325-75_E.pdf,doc-archive/2023/04/01/2325-75/2325-75_english.pdf
2325-76,https://documents.gov.lk/view/extra-gazettes/2023/4/2325-76_E.pdf,doc-archive/2023/04/01/2325-76/2325-76_english.pdf
2325-77,https://documents.gov.lk/view/extra-gazettes/2023/4/2325-77_E.pdf,doc-archive/2023/04/01/2325-77/2325-77_english.pdf
2325-78,https://documents.gov.lk/view/extra-gazettes/2023/4/2325-78_E.pdf,doc-archive/2023/04/01/2325-78/2325-78_english.pdf
2325-79,https://documents.gov.lk/view/extra-gazettes/2023/4/2325-79_E.pdf,doc-archive/2023/04/01/2325-79/2325-79_english.pdf
2325-80,https://documents.gov.lk/view/extra-gazettes/2023/4/2325-80_E.pdf,doc-archive/2023/04/01/2325-80/2325-80_english.pdf
2325-81,https://documents.gov.lk/view/extra-gazettes/2023/4/2325-81_E.pdf,doc-archive/2023/04/01/2325-81/2325-81_english.pdf
2325-82,https://documents.gov.lk/view/extra-gazettes/2023/4/2325-82_E.pdf,doc-archive/2023/04/01/2325-82/2325-82_english.pdf
2325-83,https://documents.gov.lk/view/extra-gazettes/2023/4/2325-83_E.pdf,doc-archive/2023/04/01/2325-83/2325-83_english.pdf
2325-84,https://documents.gov.lk/view/extra-gazettes/2023/4/2325-84_E.pdf,doc-archive/2023/04/01/2325-84/2325-84_english.pdf
2325-85,https://documents.gov.lk/view/extra-gazettes/2023/4/2325-85_E.pdf,doc-archive/2023/04/01/2325-85/2325-85_english.pdf
2334-21,https://documents.gov.lk/view/extra-gazettes/2023/5/2334-21_E.pdf,doc-archive/2023/05/31/2334-21/2334-21_english.pdf
2334-23,https://documents.gov.lk/view/extra-gazettes/2023/5/2334-23_E.pdf,doc-archive/2023/05/31/2334-23/2334-23_english.pdf
2334-22,https://documents.gov.lk/view/extra-gazettes/2023/5/2334-22_E.pdf,doc-archive/2023/05/31/2334-22/2334-22_english.pdf
2334-24,https://documents.gov.lk/view/extra-gazettes/2023/5/2334-24_E.pdf,doc-archive/2023/05/31/2334-24/2334-24_english.pdf
2334-25,https://documents.gov.lk/view/extra-gazettes/2023/5/2334-25_E.pdf,doc-archive/2023/05/31/2334-25/2334-25_english.pdf
2334-26,https://documents.gov.lk/view/extra-gazettes/2023/5/2334-26_E.pdf,doc-archive/2023/05/31/2334-26/2334-26_english.pdf
2334-27,https://documents.gov.lk/view/extra-gazettes/2023/5/2334-27_E.pdf,doc-archive/2023/05/31/2334-27/2334-27_english.pdf
2334-29,https://documents.gov.lk/view/extra-gazettes/2023/5/2334-29_E.pdf,doc-archive/2023/05/31/2334-29/2334-29_english.pdf
2334-28,https://documents.gov.lk/view/extra-gazettes/2023/5/2334-28_E.pdf,doc-archive/2023/05/31/2334-28/2334-28_english.pdf
2334-30,https://documents.gov.lk/view/extra-gazettes/2023/5/2334-30_E.pdf,doc-archive/2023/05/31/2334-30/2334-30_english.pdf
2334-31,https://documents.gov.lk/view/extra-gazettes/2023/5/2334-31_E.pdf,doc-archive/2023/05/31/2334-31/2334-31_english.pdf
2334-07,https://documents.gov.lk/view/extra-gazettes/2023/5/2334-07_E.pdf,doc-archive/2023/05/30/2334-07/2334-07_english.pdf
2334-08,https://documents.gov.lk/view/extra-gazettes/2023/5/2334-08_E.pdf,doc-archive/2023/05/30/2334-08/2334-08_english.pdf
2334-09,https://documents.gov.lk/view/extra-gazettes/2023/5/2334-09_E.pdf,doc-archive/2023/05/30/2334-09/2334-09_english.pdf
2334-10,https://documents.gov.lk/view/extra-gazettes/2023/5/2334-10_E.pdf,doc-archive/2023/05/30/2334-10/2334-10_english.pdf
2334-11,https://documents.gov.lk/view/extra-gazettes/2023/5/2334-11_E.pdf,doc-archive/2023/05/30/2334-11/2334-11_english.pdf
2334-12,https://documents.gov.lk/view/extra-gazettes/2023/5/2334-12_E.pdf,doc-archive/2023/05/30/2334-12/2334-12_english.pdf
2334-13,https://documents.gov.lk/view/extra-gazettes/2023/5/2334-13_E.pdf,doc-archive/2023/05/30/2334-13/2334-13_english.pdf
2334-14,https://documents.gov.lk/view/extra-gazettes/2023/5/2334-14_E.pdf,doc-archive/2023/05/30/2334-14/2334-14_english.pdf
2334-15,https://documents.gov.lk/view/extra-gazettes/2023/5/2334-15_E.pdf,doc-archive/2023/05/30/2334-15/2334-15_english.pdf
2334-16,https://documents.gov.lk/view/extra-gazettes/2023/5/2334-16_E.pdf,doc-archive/2023/05/30/2334-16/2334-16_english.pdf
2334-17,https://documents.gov.lk/view/extra-gazettes/2023/5/2334-17_E.pdf,doc-archive/2023/05/30/2334-17/2334-17_english.pdf
2334-18,https://documents.gov.lk/view/extra-gazettes/2023/5/2334-18_E.pdf,doc-archive/2023/05/30/2334-18/2334-18_english.pdf
2334-19,https://documents.gov.lk/view/extra-gazettes/2023/5/2334-19_E.pdf,doc-archive/2023/05/30/2334-19/2334-19_english.pdf
2334-20,https://documents.gov.lk/view/extra-gazettes/2023/5/2334-20_E.pdf,doc-archive/2023/05/30/2334-20/2334-20_english.pdf
2334-01,https://documents.gov.lk/view/extra-gazettes/2023/5/2334-01_E.pdf,doc-archive/2023/05/29/2334-01/2334-01_english.pdf
2334-02,https://documents.gov.lk/view/extra-gazettes/2023/5/2334-02_E.pdf,doc-archive/2023/05/29/2334-02/2334-02_english.pdf
2334-03,https://documents.gov.lk/view/extra-gazettes/2023/5/2334-03_E.pdf,doc-archive/2023/05/29/2334-03/2334-03_english.pdf
2334-04,https://documents.gov.lk/view/extra-gazettes/2023/5/2334-04_E.pdf,doc-archive/2023/05/29/2334-04/2334-04_english.pdf
2334-05,https://documents.gov.lk/view/extra-gazettes/2023/5/2334-05_E.pdf,doc-archive/2023/05/29/2334-05/2334-05_english.pdf
2334-06,https://documents.gov.lk/view/extra-gazettes/2023/5/2334-06_E.pdf,doc-archive/2023/05/29/2334-06/2334-06_english.pdf
2333-31,https://documents.gov.lk/view/extra-gazettes/2023/5/2333-31_E.pdf,doc-archive/2023/05/27/2333-31/2333-31_english.pdf
2333-32,https://documents.gov.lk/view/extra-gazettes/2023/5/2333-32_E.pdf,doc-archive/2023/05/27/2333-32/2333-32_english.pdf
2333-33,https://documents.gov.lk/view/extra-gazettes/2023/5/2333-33_E.pdf,doc-archive/2023/05/27/2333-33/2333-33_english.pdf
2333-34,https://documents.gov.lk/view/extra-gazettes/2023/5/2333-34_E.pdf,doc-archive/2023/05/27/2333-34/2333-34_english.pdf
2333-35,https://documents.gov.lk/view/extra-gazettes/2023/5/2333-35_E.pdf,doc-archive/2023/05/27/2333-35/2333-35_english.pdf
2333-36,https://documents.gov.lk/view/extra-gazettes/2023/5/2333-36_E.pdf,doc-archive/2023/05/27/2333-36/2333-36_english.pdf
2333-37,https://documents.gov.lk/view/extra-gazettes/2023/5/2333-37_E.pdf,doc-archive/2023/05/27/2333-37/2333-37_english.pdf
2333-38,https://documents.gov.lk/view/extra-gazettes/2023/5/2333-38_E.pdf,doc-archive/2023/05/27/2333-38/2333-38_english.pdf
2333-39,https://documents.gov.lk/view/extra-gazettes/2023/5/2333-39_E.pdf,doc-archive/2023/05/27/2333-39/2333-39_english.pdf
2333-40,https://documents.gov.lk/view/extra-gazettes/2023/5/2333-40_E.pdf,doc-archive/2023/05/27/2333-40/2333-40_english.pdf
2333-27,https://documents.gov.lk/view/extra-gazettes/2023/5/2333-27_E.pdf,doc-archive/2023/05/26/2333-27/2333-27_english.pdf
2333-28,https://documents.gov.lk/view/extra-gazettes/2023/5/2333-28_E.pdf,doc-archive/2023/05/26/2333-28/2333-28_english.pdf
2333-29,https://documents.gov.lk/view/extra-gazettes/2023/5/2333-29_E.pdf,doc-archive/2023/05/26/2333-29/2333-29_english.pdf
2333-30,https://documents.gov.lk/view/extra-gazettes/2023/5/2333-30_E.pdf,doc-archive/2023/05/26/2333-30/2333-30_english.pdf
2333-22,https://documents.gov.lk/view/extra-gazettes/2023/5/2333-22_E.pdf,doc-archive/2023/05/25/2333-22/2333-22_english.pdf
2333-23,https://documents.gov.lk/view/extra-gazettes/2023/5/2333-23_E.pdf,doc-archive/2023/05/25/2333-23/2333-23_english.pdf
2333-24,https://documents.gov.lk/view/extra-gazettes/2023/5/2333-24_E.pdf,doc-archive/2023/05/25/2333-24/2333-24_english.pdf
2333-25,https://documents.gov.lk/view/extra-gazettes/2023/5/2333-25_E.pdf,doc-archive/2023/05/25/2333-25/2333-25_english.pdf
2333-26,https://documents.gov.lk/view/extra-gazettes/2023/5/2333-26_E.pdf,doc-archive/2023/05/25/2333-26/2333-26_english.pdf
2333-18,https://documents.gov.lk/view/extra-gazettes/2023/5/2333-18_E.pdf,doc-archive/2023/05/24/2333-18/2333-18_english.pdf
2333-19,https://documents.gov.lk/view/extra-gazettes/2023/5/2333-19_E.pdf,doc-archive/2023/05/24/2333-19/2333-19_english.pdf
2333-20,https://documents.gov.lk/view/extra-gazettes/2023/5/2333-20_E.pdf,doc-archive/2023/05/24/2333-20/2333-20_english.pdf
2333-16,https://documents.gov.lk/view/extra-gazettes/2023/5/2333-16_E.pdf,doc-archive/2023/05/23/2333-16/2333-16_english.pdf
2333-17,https://documents.gov.lk/view/extra-gazettes/2023/5/2333-17_E.pdf,doc-archive/2023/05/23/2333-17/2333-17_english.pdf
2333-21,https://documents.gov.lk/view/extra-gazettes/2023/5/2333-21_E.pdf,doc-archive/2023/05/23/2333-21/2333-21_english.pdf
2333-01,https://documents.gov.lk/view/extra-gazettes/2023/5/2333-01_E.pdf,doc-archive/2023/05/22/2333-01/2333-01_english.pdf
2333-02,https://documents.gov.lk/view/extra-gazettes/2023/5/2333-02_E.pdf,doc-archive/2023/05/22/2333-02/2333-02_english.pdf
2333-03,https://documents.gov.lk/view/extra-gazettes/2023/5/2333-03_E.pdf,doc-archive/2023/05/22/2333-03/2333-03_english.pdf
2333-04,https://documents.gov.lk/view/extra-gazettes/2023/5/2333-04_E.pdf,doc-archive/2023/05/22/2333-04/2333-04_english.pdf
2333-05,https://documents.gov.lk/view/extra-gazettes/2023/5/2333-05_E.pdf,doc-archive/2023/05/22/2333-05/2333-05_english.pdf
2333-06,https://documents.gov.lk/view/extra-gazettes/2023/5/2333-06_E.pdf,doc-archive/2023/05/22/2333-06/2333-06_english.pdf
2333-07,https://documents.gov.lk/view/extra-gazettes/2023/5/2333-07_E.pdf,doc-archive/2023/05/22/2333-07/2333-07_english.pdf
2333-09,https://documents.gov.lk/view/extra-gazettes/2023/5/2333-09_E.pdf,doc-archive/2023/05/22/2333-09/2333-09_english.pdf
2333-10,https://documents.gov.lk/view/extra-gazettes/2023/5/2333-10_E.pdf,doc-archive/2023/05/22/2333-10/2333-10_english.pdf
2333-11,https://documents.gov.lk/view/extra-gazettes/2023/5/2333-11_E.pdf,doc-archive/2023/05/22/2333-11/2333-11_english.pdf
2333-12,https://documents.gov.lk/view/extra-gazettes/2023/5/2333-12_E.pdf,doc-archive/2023/05/22/2333-12/2333-12_english.pdf
2333-13,https://documents.gov.lk/view/extra-gazettes/2023/5/2333-13_E.pdf,doc-archive/2023/05/22/2333-13/2333-13_english.pdf
2333-14,https://documents.gov.lk/view/extra-gazettes/2023/5/2333-14_E.pdf,doc-archive/2023/05/22/2333-14/2333-14_english.pdf
2333-15,https://documents.gov.lk/view/extra-gazettes/2023/5/2333-15_E.pdf,doc-archive/2023/05/22/2333-15/2333-15_english.pdf
2332-53,https://documents.gov.lk/view/extra-gazettes/2023/5/2332-53_E.pdf,doc-archive/2023/05/20/2332-53/2332-53_english.pdf
2332-54,https://documents.gov.lk/view/extra-gazettes/2023/5/2332-54_E.pdf,doc-archive/2023/05/20/2332-54/2332-54_english.pdf
2332-55,https://documents.gov.lk/view/extra-gazettes/2023/5/2332-55_E.pdf,doc-archive/2023/05/20/2332-55/2332-55_english.pdf
2332-56,https://documents.gov.lk/view/extra-gazettes/2023/5/2332-56_E.pdf,doc-archive/2023/05/20/2332-56/2332-56_english.pdf
2332-58,https://documents.gov.lk/view/extra-gazettes/2023/5/2332-58_E.pdf,doc-archive/2023/05/20/2332-58/2332-58_english.pdf
2332-59,https://documents.gov.lk/view/extra-gazettes/2023/5/2332-59_E.pdf,doc-archive/2023/05/20/2332-59/2332-59_english.pdf
2332-60,https://documents.gov.lk/view/extra-gazettes/2023/5/2332-60_E.pdf,doc-archive/2023/05/20/2332-60/2332-60_english.pdf
2332-61,https://documents.gov.lk/view/extra-gazettes/2023/5/2332-61_E.pdf,doc-archive/2023/05/20/2332-61/2332-61_english.pdf
2332-62,https://documents.gov.lk/view/extra-gazettes/2023/5/2332-62_E.pdf,doc-archive/2023/05/20/2332-62/2332-62_english.pdf
2332-63,https://documents.gov.lk/view/extra-gazettes/2023/5/2332-63_E.pdf,doc-archive/2023/05/20/2332-63/2332-63_english.pdf
2332-64,https://documents.gov.lk/view/extra-gazettes/2023/5/2332-64_E.pdf,doc-archive/2023/05/20/2332-64/2332-64_english.pdf
2332-65,https://documents.gov.lk/view/extra-gazettes/2023/5/2332-65_E.pdf,doc-archive/2023/05/20/2332-65/2332-65_english.pdf
2332-66,https://documents.gov.lk/view/extra-gazettes/2023/5/2332-66_E.pdf,doc-archive/2023/05/20/2332-66/2332-66_english.pdf
2332-67,https://documents.gov.lk/view/extra-gazettes/2023/5/2332-67_E.pdf,doc-archive/2023/05/20/2332-67/2332-67_english.pdf
2332-68,https://documents.gov.lk/view/extra-gazettes/2023/5/2332-68_E.pdf,doc-archive/2023/05/20/2332-68/2332-68_english.pdf
2332-69,https://documents.gov.lk/view/extra-gazettes/2023/5/2332-69_E.pdf,doc-archive/2023/05/20/2332-69/2332-69_english.pdf
2332-70,https://documents.gov.lk/view/extra-gazettes/2023/5/2332-70_E.pdf,doc-archive/2023/05/20/2332-70/2332-70_english.pdf
2332-31,https://documents.gov.lk/view/extra-gazettes/2023/5/2332-31_E.pdf,doc-archive/2023/05/19/2332-31/2332-31_english.pdf
2332-32,https://documents.gov.lk/view/extra-gazettes/2023/5/2332-32_E.pdf,doc-archive/2023/05/19/2332-32/2332-32_english.pdf
2332-33,https://documents.gov.lk/view/extra-gazettes/2023/5/2332-33_E.pdf,doc-archive/2023/05/19/2332-33/2332-33_english.pdf
2332-34,https://documents.gov.lk/view/extra-gazettes/2023/5/2332-34_E.pdf,doc-archive/2023/05/19/2332-34/2332-34_english.pdf
2332-35,https://documents.gov.lk/view/extra-gazettes/2023/5/2332-35_E.pdf,doc-archive/2023/05/19/2332-35/2332-35_english.pdf
2332-36,https://documents.gov.lk/view/extra-gazettes/2023/5/2332-36_E.pdf,doc-archive/2023/05/19/2332-36/2332-36_english.pdf
2332-37,https://documents.gov.lk/view/extra-gazettes/2023/5/2332-37_E.pdf,doc-archive/2023/05/19/2332-37/2332-37_english.pdf
2332-38,https://documents.gov.lk/view/extra-gazettes/2023/5/2332-38_E.pdf,doc-archive/2023/05/19/2332-38/2332-38_english.pdf
2332-39,https://documents.gov.lk/view/extra-gazettes/2023/5/2332-39_E.pdf,doc-archive/2023/05/19/2332-39/2332-39_english.pdf
2332-40,https://documents.gov.lk/view/extra-gazettes/2023/5/2332-40_E.pdf,doc-archive/2023/05/19/2332-40/2332-40_english.pdf
2332-41,https://documents.gov.lk/view/extra-gazettes/2023/5/2332-41_E.pdf,doc-archive/2023/05/19/2332-41/2332-41_english.pdf
2332-42,https://documents.gov.lk/view/extra-gazettes/2023/5/2332-42_E.pdf,doc-archive/2023/05/19/2332-42/2332-42_english.pdf
2332-43,https://documents.gov.lk/view/extra-gazettes/2023/5/2332-43_E.pdf,doc-archive/2023/05/19/2332-43/2332-43_english.pdf
2332-44,https://documents.gov.lk/view/extra-gazettes/2023/5/2332-44_E.pdf,doc-archive/2023/05/19/2332-44/2332-44_english.pdf
2332-45,https://documents.gov.lk/view/extra-gazettes/2023/5/2332-45_E.pdf,doc-archive/2023/05/19/2332-45/2332-45_english.pdf
2332-46,https://documents.gov.lk/view/extra-gazettes/2023/5/2332-46_E.pdf,doc-archive/2023/05/19/2332-46/2332-46_english.pdf
2332-47,https://documents.gov.lk/view/extra-gazettes/2023/5/2332-47_E.pdf,doc-archive/2023/05/19/2332-47/2332-47_english.pdf
2332-48,https://documents.gov.lk/view/extra-gazettes/2023/5/2332-48_E.pdf,doc-archive/2023/05/19/2332-48/2332-48_english.pdf
2332-49,https://documents.gov.lk/view/extra-gazettes/2023/5/2332-49_E.pdf,doc-archive/2023/05/19/2332-49/2332-49_english.pdf
2332-50,https://documents.gov.lk/view/extra-gazettes/2023/5/2332-50_E.pdf,doc-archive/2023/05/19/2332-50/2332-50_english.pdf
2332-51,https://documents.gov.lk/view/extra-gazettes/2023/5/2332-51_E.pdf,doc-archive/2023/05/19/2332-51/2332-51_english.pdf
2332-52,https://documents.gov.lk/view/extra-gazettes/2023/5/2332-52_E.pdf,doc-archive/2023/05/19/2332-52/2332-52_english.pdf
2332-22,https://documents.gov.lk/view/extra-gazettes/2023/5/2332-22_E.pdf,doc-archive/2023/05/18/2332-22/2332-22_english.pdf
2332-23,https://documents.gov.lk/view/extra-gazettes/2023/5/2332-23_E.pdf,doc-archive/2023/05/18/2332-23/2332-23_english.pdf
2332-26,https://documents.gov.lk/view/extra-gazettes/2023/5/2332-26_E.pdf,doc-archive/2023/05/18/2332-26/2332-26_english.pdf
2332-27,https://documents.gov.lk/view/extra-gazettes/2023/5/2332-27_E.pdf,doc-archive/2023/05/18/2332-27/2332-27_english.pdf
2332-28,https://documents.gov.lk/view/extra-gazettes/2023/5/2332-28_E.pdf,doc-archive/2023/05/18/2332-28/2332-28_english.pdf
2332-29,https://documents.gov.lk/view/extra-gazettes/2023/5/2332-29_E.pdf,doc-archive/2023/05/18/2332-29/2332-29_english.pdf
2332-30,https://documents.gov.lk/view/extra-gazettes/2023/5/2332-30_E.pdf,doc-archive/2023/05/18/2332-30/2332-30_english.pdf
2332-12,https://documents.gov.lk/view/extra-gazettes/2023/5/2332-12_E.pdf,doc-archive/2023/05/17/2332-12/2332-12_english.pdf
2332-13,https://documents.gov.lk/view/extra-gazettes/2023/5/2332-13_E.pdf,doc-archive/2023/05/17/2332-13/2332-13_english.pdf
2332-14,https://documents.gov.lk/view/extra-gazettes/2023/5/2332-14_E.pdf,doc-archive/2023/05/17/2332-14/2332-14_english.pdf
2332-15,https://documents.gov.lk/view/extra-gazettes/2023/5/2332-15_E.pdf,doc-archive/2023/05/17/2332-15/2332-15_english.pdf
2332-16,https://documents.gov.lk/view/extra-gazettes/2023/5/2332-16_E.pdf,doc-archive/2023/05/17/2332-16/2332-16_english.pdf
2332-17,https://documents.gov.lk/view/extra-gazettes/2023/5/2332-17_E.pdf,doc-archive/2023/05/17/2332-17/2332-17_english.pdf
2332-18,https://documents.gov.lk/view/extra-gazettes/2023/5/2332-18_E.pdf,doc-archive/2023/05/17/2332-18/2332-18_english.pdf
2332-19,https://documents.gov.lk/view/extra-gazettes/2023/5/2332-19_E.pdf,doc-archive/2023/05/17/2332-19/2332-19_english.pdf
2332-20,https://documents.gov.lk/view/extra-gazettes/2023/5/2332-20_E.pdf,doc-archive/2023/05/17/2332-20/2332-20_english.pdf
2332-05,https://documents.gov.lk/view/extra-gazettes/2023/5/2332-05_E.pdf,doc-archive/2023/05/16/2332-05/2332-05_english.pdf
2332-06,https://documents.gov.lk/view/extra-gazettes/2023/5/2332-06_E.pdf,doc-archive/2023/05/16/2332-06/2332-06_english.pdf
2332-07,https://documents.gov.lk/view/extra-gazettes/2023/5/2332-07_E.pdf,doc-archive/2023/05/16/2332-07/2332-07_english.pdf
2332-08,https://documents.gov.lk/view/extra-gazettes/2023/5/2332-08_E.pdf,doc-archive/2023/05/16/2332-08/2332-08_english.pdf
2332-09,https://documents.gov.lk/view/extra-gazettes/2023/5/2332-09_E.pdf,doc-archive/2023/05/16/2332-09/2332-09_english.pdf
2332-10,https://documents.gov.lk/view/extra-gazettes/2023/5/2332-10_E.pdf,doc-archive/2023/05/16/2332-10/2332-10_english.pdf
2332-11,https://documents.gov.lk/view/extra-gazettes/2023/5/2332-11_E.pdf,doc-archive/2023/05/16/2332-11/2332-11_english.pdf
2332-01,https://documents.gov.lk/view/extra-gazettes/2023/5/2332-01_E.pdf,doc-archive/2023/05/15/2332-01/2332-01_english.pdf
2332-02,https://documents.gov.lk/view/extra-gazettes/2023/5/2332-02_E.pdf,doc-archive/2023/05/15/2332-02/2332-02_english.pdf
2332-03,https://documents.gov.lk/view/extra-gazettes/2023/5/2332-03_E.pdf,doc-archive/2023/05/15/2332-03/2332-03_english.pdf
2331-67,https://documents.gov.lk/view/extra-gazettes/2023/5/2331-67_E.pdf,doc-archive/2023/05/13/2331-67/2331-67_english.pdf
2332-04,https://documents.gov.lk/view/extra-gazettes/2023/5/2332-04_E.pdf,doc-archive/2023/05/15/2332-04/2332-04_english.pdf
2331-68,https://documents.gov.lk/view/extra-gazettes/2023/5/2331-68_E.pdf,doc-archive/2023/05/13/2331-68/2331-68_english.pdf
2331-69,https://documents.gov.lk/view/extra-gazettes/2023/5/2331-69_E.pdf,doc-archive/2023/05/13/2331-69/2331-69_english.pdf
2331-70,https://documents.gov.lk/view/extra-gazettes/2023/5/2331-70_E.pdf,doc-archive/2023/05/13/2331-70/2331-70_english.pdf
2331-71,https://documents.gov.lk/view/extra-gazettes/2023/5/2331-71_E.pdf,doc-archive/2023/05/13/2331-71/2331-71_english.pdf
2331-72,https://documents.gov.lk/view/extra-gazettes/2023/5/2331-72_E.pdf,doc-archive/2023/05/13/2331-72/2331-72_english.pdf
2331-73,https://documents.gov.lk/view/extra-gazettes/2023/5/2331-73_E.pdf,doc-archive/2023/05/13/2331-73/2331-73_english.pdf
2331-74,https://documents.gov.lk/view/extra-gazettes/2023/5/2331-74_E.pdf,doc-archive/2023/05/13/2331-74/2331-74_english.pdf
2331-76,https://documents.gov.lk/view/extra-gazettes/2023/5/2331-76_E.pdf,doc-archive/2023/05/13/2331-76/2331-76_english.pdf
2331-54,https://documents.gov.lk/view/extra-gazettes/2023/5/2331-54_E.pdf,doc-archive/2023/05/12/2331-54/2331-54_english.pdf
2331-50,https://documents.gov.lk/view/extra-gazettes/2023/5/2331-50_E.pdf,doc-archive/2023/05/12/2331-50/2331-50_english.pdf
2331-55,https://documents.gov.lk/view/extra-gazettes/2023/5/2331-55_E.pdf,doc-archive/2023/05/12/2331-55/2331-55_english.pdf
2331-56,https://documents.gov.lk/view/extra-gazettes/2023/5/2331-56_E.pdf,doc-archive/2023/05/12/2331-56/2331-56_english.pdf
2331-57,https://documents.gov.lk/view/extra-gazettes/2023/5/2331-57_E.pdf,doc-archive/2023/05/12/2331-57/2331-57_english.pdf
2331-58,https://documents.gov.lk/view/extra-gazettes/2023/5/2331-58_E.pdf,doc-archive/2023/05/12/2331-58/2331-58_english.pdf
2331-59,https://documents.gov.lk/view/extra-gazettes/2023/5/2331-59_E.pdf,doc-archive/2023/05/12/2331-59/2331-59_english.pdf
2331-60,https://documents.gov.lk/view/extra-gazettes/2023/5/2331-60_E.pdf,doc-archive/2023/05/12/2331-60/2331-60_english.pdf
2331-61,https://documents.gov.lk/view/extra-gazettes/2023/5/2331-61_E.pdf,doc-archive/2023/05/12/2331-61/2331-61_english.pdf
2331-62,https://documents.gov.lk/view/extra-gazettes/2023/5/2331-62_E.pdf,doc-archive/2023/05/12/2331-62/2331-62_english.pdf
2331-63,https://documents.gov.lk/view/extra-gazettes/2023/5/2331-63_E.pdf,doc-archive/2023/05/12/2331-63/2331-63_english.pdf
2331-64,https://documents.gov.lk/view/extra-gazettes/2023/5/2331-64_E.pdf,doc-archive/2023/05/12/2331-64/2331-64_english.pdf
2331-65,https://documents.gov.lk/view/extra-gazettes/2023/5/2331-65_E.pdf,doc-archive/2023/05/12/2331-65/2331-65_english.pdf
2331-66,https://documents.gov.lk/view/extra-gazettes/2023/5/2331-66_E.pdf,doc-archive/2023/05/12/2331-66/2331-66_english.pdf
2331-33,https://documents.gov.lk/view/extra-gazettes/2023/5/2331-33_E.pdf,doc-archive/2023/05/11/2331-33/2331-33_english.pdf
2331-34,https://documents.gov.lk/view/extra-gazettes/2023/5/2331-34_E.pdf,doc-archive/2023/05/11/2331-34/2331-34_english.pdf
2331-35,https://documents.gov.lk/view/extra-gazettes/2023/5/2331-35_E.pdf,doc-archive/2023/05/11/2331-35/2331-35_english.pdf
2331-36,https://documents.gov.lk/view/extra-gazettes/2023/5/2331-36_E.pdf,doc-archive/2023/05/11/2331-36/2331-36_english.pdf
2331-37,https://documents.gov.lk/view/extra-gazettes/2023/5/2331-37_E.pdf,doc-archive/2023/05/11/2331-37/2331-37_english.pdf
2331-38,https://documents.gov.lk/view/extra-gazettes/2023/5/2331-38_E.pdf,doc-archive/2023/05/11/2331-38/2331-38_english.pdf
2331-41,https://documents.gov.lk/view/extra-gazettes/2023/5/2331-41_E.pdf,doc-archive/2023/05/11/2331-41/2331-41_english.pdf
2331-42,https://documents.gov.lk/view/extra-gazettes/2023/5/2331-42_E.pdf,doc-archive/2023/05/11/2331-42/2331-42_english.pdf
2331-43,https://documents.gov.lk/view/extra-gazettes/2023/5/2331-43_E.pdf,doc-archive/2023/05/11/2331-43/2331-43_english.pdf
2331-44,https://documents.gov.lk/view/extra-gazettes/2023/5/2331-44_E.pdf,doc-archive/2023/05/11/2331-44/2331-44_english.pdf
2331-45,https://documents.gov.lk/view/extra-gazettes/2023/5/2331-45_E.pdf,doc-archive/2023/05/11/2331-45/2331-45_english.pdf
2331-46,https://documents.gov.lk/view/extra-gazettes/2023/5/2331-46_E.pdf,doc-archive/2023/05/11/2331-46/2331-46_english.pdf
2331-47,https://documents.gov.lk/view/extra-gazettes/2023/5/2331-47_E.pdf,doc-archive/2023/05/11/2331-47/2331-47_english.pdf
2331-48,https://documents.gov.lk/view/extra-gazettes/2023/5/2331-48_E.pdf,doc-archive/2023/05/11/2331-48/2331-48_english.pdf
2331-49,https://documents.gov.lk/view/extra-gazettes/2023/5/2331-49_E.pdf,doc-archive/2023/05/11/2331-49/2331-49_english.pdf
2331-30,https://documents.gov.lk/view/extra-gazettes/2023/5/2331-30_E.pdf,doc-archive/2023/05/10/2331-30/2331-30_english.pdf
2331-31,https://documents.gov.lk/view/extra-gazettes/2023/5/2331-31_E.pdf,doc-archive/2023/05/10/2331-31/2331-31_english.pdf
2331-32,https://documents.gov.lk/view/extra-gazettes/2023/5/2331-32_E.pdf,doc-archive/2023/05/10/2331-32/2331-32_english.pdf
2331-14,https://documents.gov.lk/view/extra-gazettes/2023/5/2331-14_E.pdf,doc-archive/2023/05/09/2331-14/2331-14_english.pdf
2331-15,https://documents.gov.lk/view/extra-gazettes/2023/5/2331-15_E.pdf,doc-archive/2023/05/09/2331-15/2331-15_english.pdf
2331-16,https://documents.gov.lk/view/extra-gazettes/2023/5/2331-16_E.pdf,doc-archive/2023/05/09/2331-16/2331-16_english.pdf
2331-17,https://documents.gov.lk/view/extra-gazettes/2023/5/2331-17_E.pdf,doc-archive/2023/05/09/2331-17/2331-17_english.pdf
2331-18,https://documents.gov.lk/view/extra-gazettes/2023/5/2331-18_E.pdf,doc-archive/2023/05/09/2331-18/2331-18_english.pdf
2331-19,https://documents.gov.lk/view/extra-gazettes/2023/5/2331-19_E.pdf,doc-archive/2023/05/09/2331-19/2331-19_english.pdf
2331-20,https://documents.gov.lk/view/extra-gazettes/2023/5/2331-20_E.pdf,doc-archive/2023/05/09/2331-20/2331-20_english.pdf
2331-21,https://documents.gov.lk/view/extra-gazettes/2023/5/2331-21_E.pdf,doc-archive/2023/05/09/2331-21/2331-21_english.pdf
2331-22,https://documents.gov.lk/view/extra-gazettes/2023/5/2331-22_E.pdf,doc-archive/2023/05/09/2331-22/2331-22_english.pdf
2331-24,https://documents.gov.lk/view/extra-gazettes/2023/5/2331-24_E.pdf,doc-archive/2023/05/09/2331-24/2331-24_english.pdf
2331-27,https://documents.gov.lk/view/extra-gazettes/2023/5/2331-27_E.pdf,doc-archive/2023/05/09/2331-27/2331-27_english.pdf
2331-28,https://documents.gov.lk/view/extra-gazettes/2023/5/2331-28_E.pdf,doc-archive/2023/05/09/2331-28/2331-28_english.pdf
2331-29,https://documents.gov.lk/view/extra-gazettes/2023/5/2331-29_E.pdf,doc-archive/2023/05/09/2331-29/2331-29_english.pdf
2331-01,https://documents.gov.lk/view/extra-gazettes/2023/5/2331-01_E.pdf,doc-archive/2023/05/08/2331-01/2331-01_english.pdf
2331-25,https://documents.gov.lk/view/extra-gazettes/2023/5/2331-25_E.pdf,doc-archive/2023/05/09/2331-25/2331-25_english.pdf
2331-02,https://documents.gov.lk/view/extra-gazettes/2023/5/2331-02_E.pdf,doc-archive/2023/05/08/2331-02/2331-02_english.pdf
2331-04,https://documents.gov.lk/view/extra-gazettes/2023/5/2331-04_E.pdf,doc-archive/2023/05/08/2331-04/2331-04_english.pdf
2331-03,https://documents.gov.lk/view/extra-gazettes/2023/5/2331-03_E.pdf,doc-archive/2023/05/08/2331-03/2331-03_english.pdf
2331-05,https://documents.gov.lk/view/extra-gazettes/2023/5/2331-05_E.pdf,doc-archive/2023/05/08/2331-05/2331-05_english.pdf
2331-06,https://documents.gov.lk/view/extra-gazettes/2023/5/2331-06_E.pdf,doc-archive/2023/05/08/2331-06/2331-06_english.pdf
2331-07,https://documents.gov.lk/view/extra-gazettes/2023/5/2331-07_E.pdf,doc-archive/2023/05/08/2331-07/2331-07_english.pdf
2331-08,https://documents.gov.lk/view/extra-gazettes/2023/5/2331-08_E.pdf,doc-archive/2023/05/08/2331-08/2331-08_english.pdf
2331-09,https://documents.gov.lk/view/extra-gazettes/2023/5/2331-09_E.pdf,doc-archive/2023/05/08/2331-09/2331-09_english.pdf
2331-10,https://documents.gov.lk/view/extra-gazettes/2023/5/2331-10_E.pdf,doc-archive/2023/05/08/2331-10/2331-10_english.pdf
2331-11,https://documents.gov.lk/view/extra-gazettes/2023/5/2331-11_E.pdf,doc-archive/2023/05/08/2331-11/2331-11_english.pdf
2331-12,https://documents.gov.lk/view/extra-gazettes/2023/5/2331-12_E.pdf,doc-archive/2023/05/08/2331-12/2331-12_english.pdf
2331-13,https://documents.gov.lk/view/extra-gazettes/2023/5/2331-13_E.pdf,doc-archive/2023/05/08/2331-13/2331-13_english.pdf
2330-04,https://documents.gov.lk/view/extra-gazettes/2023/5/2330-04_E.pdf,doc-archive/2023/05/04/2330-04/2330-04_english.pdf
2330-05,https://documents.gov.lk/view/extra-gazettes/2023/5/2330-05_E.pdf,doc-archive/2023/05/04/2330-05/2330-05_english.pdf
2330-06,https://documents.gov.lk/view/extra-gazettes/2023/5/2330-06_E.pdf,doc-archive/2023/05/04/2330-06/2330-06_english.pdf
2330-02,https://documents.gov.lk/view/extra-gazettes/2023/5/2330-02_E.pdf,doc-archive/2023/05/02/2330-02/2330-02_english.pdf
2330-01,https://documents.gov.lk/view/extra-gazettes/2023/5/2330-01_E.pdf,doc-archive/2023/05/01/2330-01/2330-01_english.pdf
2338-53,https://documents.gov.lk/view/extra-gazettes/2023/6/2338-53_E.pdf,doc-archive/2023/06/30/2338-53/2338-53_english.pdf
2338-55,https://documents.gov.lk/view/extra-gazettes/2023/6/2338-55_E.pdf,doc-archive/2023/06/30/2338-55/2338-55_english.pdf
2338-54,https://documents.gov.lk/view/extra-gazettes/2023/6/2338-54_E.pdf,doc-archive/2023/06/30/2338-54/2338-54_english.pdf
2338-56,https://documents.gov.lk/view/extra-gazettes/2023/6/2338-56_E.pdf,doc-archive/2023/06/30/2338-56/2338-56_english.pdf
2338-57,https://documents.gov.lk/view/extra-gazettes/2023/6/2338-57_E.pdf,doc-archive/2023/06/30/2338-57/2338-57_english.pdf
2338-58,https://documents.gov.lk/view/extra-gazettes/2023/6/2338-58_E.pdf,doc-archive/2023/06/30/2338-58/2338-58_english.pdf
2338-59,https://documents.gov.lk/view/extra-gazettes/2023/6/2338-59_E.pdf,doc-archive/2023/06/30/2338-59/2338-59_english.pdf
2338-60,https://documents.gov.lk/view/extra-gazettes/2023/6/2338-60_E.pdf,doc-archive/2023/06/30/2338-60/2338-60_english.pdf
2338-44,https://documents.gov.lk/view/extra-gazettes/2023/6/2338-44_E.pdf,doc-archive/2023/06/29/2338-44/2338-44_english.pdf
2338-45,https://documents.gov.lk/view/extra-gazettes/2023/6/2338-45_E.pdf,doc-archive/2023/06/29/2338-45/2338-45_english.pdf
2338-46,https://documents.gov.lk/view/extra-gazettes/2023/6/2338-46_E.pdf,doc-archive/2023/06/29/2338-46/2338-46_english.pdf
2338-47,https://documents.gov.lk/view/extra-gazettes/2023/6/2338-47_E.pdf,doc-archive/2023/06/29/2338-47/2338-47_english.pdf
2338-48,https://documents.gov.lk/view/extra-gazettes/2023/6/2338-48_E.pdf,doc-archive/2023/06/29/2338-48/2338-48_english.pdf
2338-49,https://documents.gov.lk/view/extra-gazettes/2023/6/2338-49_E.pdf,doc-archive/2023/06/29/2338-49/2338-49_english.pdf
2338-50,https://documents.gov.lk/view/extra-gazettes/2023/6/2338-50_E.pdf,doc-archive/2023/06/29/2338-50/2338-50_english.pdf
2338-51,https://documents.gov.lk/view/extra-gazettes/2023/6/2338-51_E.pdf,doc-archive/2023/06/29/2338-51/2338-51_english.pdf
2338-30,https://documents.gov.lk/view/extra-gazettes/2023/6/2338-30_E.pdf,doc-archive/2023/06/28/2338-30/2338-30_english.pdf
2338-31,https://documents.gov.lk/view/extra-gazettes/2023/6/2338-31_E.pdf,doc-archive/2023/06/28/2338-31/2338-31_english.pdf
2338-52,https://documents.gov.lk/view/extra-gazettes/2023/6/2338-52_E.pdf,doc-archive/2023/06/29/2338-52/2338-52_english.pdf
2338-32,https://documents.gov.lk/view/extra-gazettes/2023/6/2338-32_E.pdf,doc-archive/2023/06/28/2338-32/2338-32_english.pdf
2338-33,https://documents.gov.lk/view/extra-gazettes/2023/6/2338-33_E.pdf,doc-archive/2023/06/28/2338-33/2338-33_english.pdf
2338-34,https://documents.gov.lk/view/extra-gazettes/2023/6/2338-34_E.pdf,doc-archive/2023/06/28/2338-34/2338-34_english.pdf
2338-35,https://documents.gov.lk/view/extra-gazettes/2023/6/2338-35_E.pdf,doc-archive/2023/06/28/2338-35/2338-35_english.pdf
2338-36,https://documents.gov.lk/view/extra-gazettes/2023/6/2338-36_E.pdf,doc-archive/2023/06/28/2338-36/2338-36_english.pdf
2338-37,https://documents.gov.lk/view/extra-gazettes/2023/6/2338-37_E.pdf,doc-archive/2023/06/28/2338-37/2338-37_english.pdf
2338-39,https://documents.gov.lk/view/extra-gazettes/2023/6/2338-39_E.pdf,doc-archive/2023/06/28/2338-39/2338-39_english.pdf
2338-40,https://documents.gov.lk/view/extra-gazettes/2023/6/2338-40_E.pdf,doc-archive/2023/06/28/2338-40/2338-40_english.pdf
2338-41,https://documents.gov.lk/view/extra-gazettes/2023/6/2338-41_E.pdf,doc-archive/2023/06/28/2338-41/2338-41_english.pdf
2338-42,https://documents.gov.lk/view/extra-gazettes/2023/6/2338-42_E.pdf,doc-archive/2023/06/28/2338-42/2338-42_english.pdf
2338-43,https://documents.gov.lk/view/extra-gazettes/2023/6/2338-43_E.pdf,doc-archive/2023/06/28/2338-43/2338-43_english.pdf
2338-13,https://documents.gov.lk/view/extra-gazettes/2023/6/2338-13_E.pdf,doc-archive/2023/06/27/2338-13/2338-13_english.pdf
2338-14,https://documents.gov.lk/view/extra-gazettes/2023/6/2338-14_E.pdf,doc-archive/2023/06/27/2338-14/2338-14_english.pdf
2338-15,https://documents.gov.lk/view/extra-gazettes/2023/6/2338-15_E.pdf,doc-archive/2023/06/27/2338-15/2338-15_english.pdf
2338-16,https://documents.gov.lk/view/extra-gazettes/2023/6/2338-16_E.pdf,doc-archive/2023/06/27/2338-16/2338-16_english.pdf
2338-17,https://documents.gov.lk/view/extra-gazettes/2023/6/2338-17_E.pdf,doc-archive/2023/06/27/2338-17/2338-17_english.pdf
2338-18,https://documents.gov.lk/view/extra-gazettes/2023/6/2338-18_E.pdf,doc-archive/2023/06/27/2338-18/2338-18_english.pdf
2338-19,https://documents.gov.lk/view/extra-gazettes/2023/6/2338-19_E.pdf,doc-archive/2023/06/27/2338-19/2338-19_english.pdf
2338-22,https://documents.gov.lk/view/extra-gazettes/2023/6/2338-22_E.pdf,doc-archive/2023/06/27/2338-22/2338-22_english.pdf
2338-23,https://documents.gov.lk/view/extra-gazettes/2023/6/2338-23_E.pdf,doc-archive/2023/06/27/2338-23/2338-23_english.pdf
2338-24,https://documents.gov.lk/view/extra-gazettes/2023/6/2338-24_E.pdf,doc-archive/2023/06/27/2338-24/2338-24_english.pdf
2338-25,https://documents.gov.lk/view/extra-gazettes/2023/6/2338-25_E.pdf,doc-archive/2023/06/27/2338-25/2338-25_english.pdf
2338-26,https://documents.gov.lk/view/extra-gazettes/2023/6/2338-26_E.pdf,doc-archive/2023/06/27/2338-26/2338-26_english.pdf
2338-27,https://documents.gov.lk/view/extra-gazettes/2023/6/2338-27_E.pdf,doc-archive/2023/06/27/2338-27/2338-27_english.pdf
2338-28,https://documents.gov.lk/view/extra-gazettes/2023/6/2338-28_E.pdf,doc-archive/2023/06/27/2338-28/2338-28_english.pdf
2338-29,https://documents.gov.lk/view/extra-gazettes/2023/6/2338-29_E.pdf,doc-archive/2023/06/27/2338-29/2338-29_english.pdf
2338-01,https://documents.gov.lk/view/extra-gazettes/2023/6/2338-01_E.pdf,doc-archive/2023/06/26/2338-01/2338-01_english.pdf
2338-02,https://documents.gov.lk/view/extra-gazettes/2023/6/2338-02_E.pdf,doc-archive/2023/06/26/2338-02/2338-02_english.pdf
2338-04,https://documents.gov.lk/view/extra-gazettes/2023/6/2338-04_E.pdf,doc-archive/2023/06/26/2338-04/2338-04_english.pdf
2338-05,https://documents.gov.lk/view/extra-gazettes/2023/6/2338-05_E.pdf,doc-archive/2023/06/26/2338-05/2338-05_english.pdf
2338-06,https://documents.gov.lk/view/extra-gazettes/2023/6/2338-06_E.pdf,doc-archive/2023/06/26/2338-06/2338-06_english.pdf
2338-07,https://documents.gov.lk/view/extra-gazettes/2023/6/2338-07_E.pdf,doc-archive/2023/06/26/2338-07/2338-07_english.pdf
2338-08,https://documents.gov.lk/view/extra-gazettes/2023/6/2338-08_E.pdf,doc-archive/2023/06/26/2338-08/2338-08_english.pdf
2338-09,https://documents.gov.lk/view/extra-gazettes/2023/6/2338-09_E.pdf,doc-archive/2023/06/26/2338-09/2338-09_english.pdf
2338-10,https://documents.gov.lk/view/extra-gazettes/2023/6/2338-10_E.pdf,doc-archive/2023/06/26/2338-10/2338-10_english.pdf
2338-11,https://documents.gov.lk/view/extra-gazettes/2023/6/2338-11_E.pdf,doc-archive/2023/06/26/2338-11/2338-11_english.pdf
2338-12,https://documents.gov.lk/view/extra-gazettes/2023/6/2338-12_E.pdf,doc-archive/2023/06/26/2338-12/2338-12_english.pdf
2337-32,https://documents.gov.lk/view/extra-gazettes/2023/6/2337-32_E.pdf,doc-archive/2023/06/24/2337-32/2337-32_english.pdf
2337-19,https://documents.gov.lk/view/extra-gazettes/2023/6/2337-19_E.pdf,doc-archive/2023/06/23/2337-19/2337-19_english.pdf
2337-20,https://documents.gov.lk/view/extra-gazettes/2023/6/2337-20_E.pdf,doc-archive/2023/06/23/2337-20/2337-20_english.pdf
2337-21,https://documents.gov.lk/view/extra-gazettes/2023/6/2337-21_E.pdf,doc-archive/2023/06/23/2337-21/2337-21_english.pdf
2337-22,https://documents.gov.lk/view/extra-gazettes/2023/6/2337-22_E.pdf,doc-archive/2023/06/23/2337-22/2337-22_english.pdf
2337-23,https://documents.gov.lk/view/extra-gazettes/2023/6/2337-23_E.pdf,doc-archive/2023/06/23/2337-23/2337-23_english.pdf
2337-24,https://documents.gov.lk/view/extra-gazettes/2023/6/2337-24_E.pdf,doc-archive/2023/06/23/2337-24/2337-24_english.pdf
2337-25,https://documents.gov.lk/view/extra-gazettes/2023/6/2337-25_E.pdf,doc-archive/2023/06/23/2337-25/2337-25_english.pdf
2337-26,https://documents.gov.lk/view/extra-gazettes/2023/6/2337-26_E.pdf,doc-archive/2023/06/23/2337-26/2337-26_english.pdf
2337-27,https://documents.gov.lk/view/extra-gazettes/2023/6/2337-27_E.pdf,doc-archive/2023/06/23/2337-27/2337-27_english.pdf
2337-28,https://documents.gov.lk/view/extra-gazettes/2023/6/2337-28_E.pdf,doc-archive/2023/06/23/2337-28/2337-28_english.pdf
2337-29,https://documents.gov.lk/view/extra-gazettes/2023/6/2337-29_E.pdf,doc-archive/2023/06/23/2337-29/2337-29_english.pdf
2337-30,https://documents.gov.lk/view/extra-gazettes/2023/6/2337-30_E.pdf,doc-archive/2023/06/23/2337-30/2337-30_english.pdf
2337-31,https://documents.gov.lk/view/extra-gazettes/2023/6/2337-31_E.pdf,doc-archive/2023/06/23/2337-31/2337-31_english.pdf
2337-13,https://documents.gov.lk/view/extra-gazettes/2023/6/2337-13_E.pdf,doc-archive/2023/06/22/2337-13/2337-13_english.pdf
2337-14,https://documents.gov.lk/view/extra-gazettes/2023/6/2337-14_E.pdf,doc-archive/2023/06/22/2337-14/2337-14_english.pdf
2337-15,https://documents.gov.lk/view/extra-gazettes/2023/6/2337-15_E.pdf,doc-archive/2023/06/22/2337-15/2337-15_english.pdf
2337-16,https://documents.gov.lk/view/extra-gazettes/2023/6/2337-16_E.pdf,doc-archive/2023/06/22/2337-16/2337-16_english.pdf
2337-17,https://documents.gov.lk/view/extra-gazettes/2023/6/2337-17_E.pdf,doc-archive/2023/06/22/2337-17/2337-17_english.pdf
2337-18,https://documents.gov.lk/view/extra-gazettes/2023/6/2337-18_E.pdf,doc-archive/2023/06/22/2337-18/2337-18_english.pdf
2337-10,https://documents.gov.lk/view/extra-gazettes/2023/6/2337-10_E.pdf,doc-archive/2023/06/21/2337-10/2337-10_english.pdf
2337-12,https://documents.gov.lk/view/extra-gazettes/2023/6/2337-12_E.pdf,doc-archive/2023/06/21/2337-12/2337-12_english.pdf
2337-08,https://documents.gov.lk/view/extra-gazettes/2023/6/2337-08_E.pdf,doc-archive/2023/06/20/2337-08/2337-08_english.pdf
2337-09,https://documents.gov.lk/view/extra-gazettes/2023/6/2337-09_E.pdf,doc-archive/2023/06/20/2337-09/2337-09_english.pdf
2337-01,https://documents.gov.lk/view/extra-gazettes/2023/6/2337-01_E.pdf,doc-archive/2023/06/19/2337-01/2337-01_english.pdf
2337-02,https://documents.gov.lk/view/extra-gazettes/2023/6/2337-02_E.pdf,doc-archive/2023/06/19/2337-02/2337-02_english.pdf
2337-03,https://documents.gov.lk/view/extra-gazettes/2023/6/2337-03_E.pdf,doc-archive/2023/06/19/2337-03/2337-03_english.pdf
2337-04,https://documents.gov.lk/view/extra-gazettes/2023/6/2337-04_E.pdf,doc-archive/2023/06/19/2337-04/2337-04_english.pdf
2337-05,https://documents.gov.lk/view/extra-gazettes/2023/6/2337-05_E.pdf,doc-archive/2023/06/19/2337-05/2337-05_english.pdf
2337-07,https://documents.gov.lk/view/extra-gazettes/2023/6/2337-07_E.pdf,doc-archive/2023/06/19/2337-07/2337-07_english.pdf
2336-73,https://documents.gov.lk/view/extra-gazettes/2023/6/2336-73_E.pdf,doc-archive/2023/06/17/2336-73/2336-73_english.pdf
2336-74,https://documents.gov.lk/view/extra-gazettes/2023/6/2336-74_E.pdf,doc-archive/2023/06/17/2336-74/2336-74_english.pdf
2336-75,https://documents.gov.lk/view/extra-gazettes/2023/6/2336-75_E.pdf,doc-archive/2023/06/17/2336-75/2336-75_english.pdf
2336-76,https://documents.gov.lk/view/extra-gazettes/2023/6/2336-76_E.pdf,doc-archive/2023/06/17/2336-76/2336-76_english.pdf
2336-77,https://documents.gov.lk/view/extra-gazettes/2023/6/2336-77_E.pdf,doc-archive/2023/06/17/2336-77/2336-77_english.pdf
2336-78,https://documents.gov.lk/view/extra-gazettes/2023/6/2336-78_E.pdf,doc-archive/2023/06/17/2336-78/2336-78_english.pdf
2336-79,https://documents.gov.lk/view/extra-gazettes/2023/6/2336-79_E.pdf,doc-archive/2023/06/17/2336-79/2336-79_english.pdf
2336-80,https://documents.gov.lk/view/extra-gazettes/2023/6/2336-80_E.pdf,doc-archive/2023/06/17/2336-80/2336-80_english.pdf
2336-81,https://documents.gov.lk/view/extra-gazettes/2023/6/2336-81_E.pdf,doc-archive/2023/06/17/2336-81/2336-81_english.pdf
2336-82,https://documents.gov.lk/view/extra-gazettes/2023/6/2336-82_E.pdf,doc-archive/2023/06/17/2336-82/2336-82_english.pdf
2336-83,https://documents.gov.lk/view/extra-gazettes/2023/6/2336-83_E.pdf,doc-archive/2023/06/17/2336-83/2336-83_english.pdf
2336-85,https://documents.gov.lk/view/extra-gazettes/2023/6/2336-85_E.pdf,doc-archive/2023/06/17/2336-85/2336-85_english.pdf
2336-84,https://documents.gov.lk/view/extra-gazettes/2023/6/2336-84_E.pdf,doc-archive/2023/06/17/2336-84/2336-84_english.pdf
2336-86,https://documents.gov.lk/view/extra-gazettes/2023/6/2336-86_E.pdf,doc-archive/2023/06/17/2336-86/2336-86_english.pdf
2336-87,https://documents.gov.lk/view/extra-gazettes/2023/6/2336-87_E.pdf,doc-archive/2023/06/17/2336-87/2336-87_english.pdf
2336-89,https://documents.gov.lk/view/extra-gazettes/2023/6/2336-89_E.pdf,doc-archive/2023/06/17/2336-89/2336-89_english.pdf
2336-88,https://documents.gov.lk/view/extra-gazettes/2023/6/2336-88_E.pdf,doc-archive/2023/06/17/2336-88/2336-88_english.pdf
2336-58,https://documents.gov.lk/view/extra-gazettes/2023/6/2336-58_E.pdf,doc-archive/2023/06/16/2336-58/2336-58_english.pdf
2336-60,https://documents.gov.lk/view/extra-gazettes/2023/6/2336-60_E.pdf,doc-archive/2023/06/16/2336-60/2336-60_english.pdf
2336-61,https://documents.gov.lk/view/extra-gazettes/2023/6/2336-61_E.pdf,doc-archive/2023/06/16/2336-61/2336-61_english.pdf
2336-62,https://documents.gov.lk/view/extra-gazettes/2023/6/2336-62_E.pdf,doc-archive/2023/06/16/2336-62/2336-62_english.pdf
2336-63,https://documents.gov.lk/view/extra-gazettes/2023/6/2336-63_E.pdf,doc-archive/2023/06/16/2336-63/2336-63_english.pdf
2336-64,https://documents.gov.lk/view/extra-gazettes/2023/6/2336-64_E.pdf,doc-archive/2023/06/16/2336-64/2336-64_english.pdf
2336-65,https://documents.gov.lk/view/extra-gazettes/2023/6/2336-65_E.pdf,doc-archive/2023/06/16/2336-65/2336-65_english.pdf
2336-59,https://documents.gov.lk/view/extra-gazettes/2023/6/2336-59_E.pdf,doc-archive/2023/06/16/2336-59/2336-59_english.pdf
2336-66,https://documents.gov.lk/view/extra-gazettes/2023/6/2336-66_E.pdf,doc-archive/2023/06/16/2336-66/2336-66_english.pdf
2336-67,https://documents.gov.lk/view/extra-gazettes/2023/6/2336-67_E.pdf,doc-archive/2023/06/16/2336-67/2336-67_english.pdf
2336-68,https://documents.gov.lk/view/extra-gazettes/2023/6/2336-68_E.pdf,doc-archive/2023/06/16/2336-68/2336-68_english.pdf
2336-69,https://documents.gov.lk/view/extra-gazettes/2023/6/2336-69_E.pdf,doc-archive/2023/06/16/2336-69/2336-69_english.pdf
2336-70,https://documents.gov.lk/view/extra-gazettes/2023/6/2336-70_E.pdf,doc-archive/2023/06/16/2336-70/2336-70_english.pdf
2336-71,https://documents.gov.lk/view/extra-gazettes/2023/6/2336-71_E.pdf,doc-archive/2023/06/16/2336-71/2336-71_english.pdf
2336-72,https://documents.gov.lk/view/extra-gazettes/2023/6/2336-72_E.pdf,doc-archive/2023/06/16/2336-72/2336-72_english.pdf
2336-51,https://documents.gov.lk/view/extra-gazettes/2023/6/2336-51_E.pdf,doc-archive/2023/06/15/2336-51/2336-51_english.pdf
2336-52,https://documents.gov.lk/view/extra-gazettes/2023/6/2336-52_E.pdf,doc-archive/2023/06/15/2336-52/2336-52_english.pdf
2336-53,https://documents.gov.lk/view/extra-gazettes/2023/6/2336-53_E.pdf,doc-archive/2023/06/15/2336-53/2336-53_english.pdf
2336-54,https://documents.gov.lk/view/extra-gazettes/2023/6/2336-54_E.pdf,doc-archive/2023/06/15/2336-54/2336-54_english.pdf
2336-55,https://documents.gov.lk/view/extra-gazettes/2023/6/2336-55_E.pdf,doc-archive/2023/06/15/2336-55/2336-55_english.pdf
2336-56,https://documents.gov.lk/view/extra-gazettes/2023/6/2336-56_E.pdf,doc-archive/2023/06/15/2336-56/2336-56_english.pdf
2336-57,https://documents.gov.lk/view/extra-gazettes/2023/6/2336-57_E.pdf,doc-archive/2023/06/15/2336-57/2336-57_english.pdf
2336-42,https://documents.gov.lk/view/extra-gazettes/2023/6/2336-42_E.pdf,doc-archive/2023/06/14/2336-42/2336-42_english.pdf
2336-43,https://documents.gov.lk/view/extra-gazettes/2023/6/2336-43_E.pdf,doc-archive/2023/06/14/2336-43/2336-43_english.pdf
2336-44,https://documents.gov.lk/view/extra-gazettes/2023/6/2336-44_E.pdf,doc-archive/2023/06/14/2336-44/2336-44_english.pdf
2336-45,https://documents.gov.lk/view/extra-gazettes/2023/6/2336-45_E.pdf,doc-archive/2023/06/14/2336-45/2336-45_english.pdf
2336-46,https://documents.gov.lk/view/extra-gazettes/2023/6/2336-46_E.pdf,doc-archive/2023/06/14/2336-46/2336-46_english.pdf
2336-47,https://documents.gov.lk/view/extra-gazettes/2023/6/2336-47_E.pdf,doc-archive/2023/06/14/2336-47/2336-47_english.pdf
2336-48,https://documents.gov.lk/view/extra-gazettes/2023/6/2336-48_E.pdf,doc-archive/2023/06/14/2336-48/2336-48_english.pdf
2336-49,https://documents.gov.lk/view/extra-gazettes/2023/6/2336-49_E.pdf,doc-archive/2023/06/14/2336-49/2336-49_english.pdf
2336-50,https://documents.gov.lk/view/extra-gazettes/2023/6/2336-50_E.pdf,doc-archive/2023/06/14/2336-50/2336-50_english.pdf
2336-21,https://documents.gov.lk/view/extra-gazettes/2023/6/2336-21_E.pdf,doc-archive/2023/06/13/2336-21/2336-21_english.pdf
2336-22,https://documents.gov.lk/view/extra-gazettes/2023/6/2336-22_E.pdf,doc-archive/2023/06/13/2336-22/2336-22_english.pdf
2336-24,https://documents.gov.lk/view/extra-gazettes/2023/6/2336-24_E.pdf,doc-archive/2023/06/13/2336-24/2336-24_english.pdf
2336-25,https://documents.gov.lk/view/extra-gazettes/2023/6/2336-25_E.pdf,doc-archive/2023/06/13/2336-25/2336-25_english.pdf
2336-26,https://documents.gov.lk/view/extra-gazettes/2023/6/2336-26_E.pdf,doc-archive/2023/06/13/2336-26/2336-26_english.pdf
2336-27,https://documents.gov.lk/view/extra-gazettes/2023/6/2336-27_E.pdf,doc-archive/2023/06/13/2336-27/2336-27_english.pdf
2336-28,https://documents.gov.lk/view/extra-gazettes/2023/6/2336-28_E.pdf,doc-archive/2023/06/13/2336-28/2336-28_english.pdf
2336-29,https://documents.gov.lk/view/extra-gazettes/2023/6/2336-29_E.pdf,doc-archive/2023/06/13/2336-29/2336-29_english.pdf
2336-30,https://documents.gov.lk/view/extra-gazettes/2023/6/2336-30_E.pdf,doc-archive/2023/06/13/2336-30/2336-30_english.pdf
2336-31,https://documents.gov.lk/view/extra-gazettes/2023/6/2336-31_E.pdf,doc-archive/2023/06/13/2336-31/2336-31_english.pdf
2336-32,https://documents.gov.lk/view/extra-gazettes/2023/6/2336-32_E.pdf,doc-archive/2023/06/13/2336-32/2336-32_english.pdf
2336-33,https://documents.gov.lk/view/extra-gazettes/2023/6/2336-33_E.pdf,doc-archive/2023/06/13/2336-33/2336-33_english.pdf
2336-34,https://documents.gov.lk/view/extra-gazettes/2023/6/2336-34_E.pdf,doc-archive/2023/06/13/2336-34/2336-34_english.pdf
2336-35,https://documents.gov.lk/view/extra-gazettes/2023/6/2336-35_E.pdf,doc-archive/2023/06/13/2336-35/2336-35_english.pdf
2336-37,https://documents.gov.lk/view/extra-gazettes/2023/6/2336-37_E.pdf,doc-archive/2023/06/13/2336-37/2336-37_english.pdf
2336-38,https://documents.gov.lk/view/extra-gazettes/2023/6/2336-38_E.pdf,doc-archive/2023/06/13/2336-38/2336-38_english.pdf
2336-39,https://documents.gov.lk/view/extra-gazettes/2023/6/2336-39_E.pdf,doc-archive/2023/06/13/2336-39/2336-39_english.pdf
2336-40,https://documents.gov.lk/view/extra-gazettes/2023/6/2336-40_E.pdf,doc-archive/2023/06/13/2336-40/2336-40_english.pdf
2336-41,https://documents.gov.lk/view/extra-gazettes/2023/6/2336-41_E.pdf,doc-archive/2023/06/13/2336-41/2336-41_english.pdf
2336-01,https://documents.gov.lk/view/extra-gazettes/2023/6/2336-01_E.pdf,doc-archive/2023/06/12/2336-01/2336-01_english.pdf
2336-02,https://documents.gov.lk/view/extra-gazettes/2023/6/2336-02_E.pdf,doc-archive/2023/06/12/2336-02/2336-02_english.pdf
2336-03,https://documents.gov.lk/view/extra-gazettes/2023/6/2336-03_E.pdf,doc-archive/2023/06/12/2336-03/2336-03_english.pdf
2336-04,https://documents.gov.lk/view/extra-gazettes/2023/6/2336-04_E.pdf,doc-archive/2023/06/12/2336-04/2336-04_english.pdf
2336-05,https://documents.gov.lk/view/extra-gazettes/2023/6/2336-05_E.pdf,doc-archive/2023/06/12/2336-05/2336-05_english.pdf
2336-06,https://documents.gov.lk/view/extra-gazettes/2023/6/2336-06_E.pdf,doc-archive/2023/06/12/2336-06/2336-06_english.pdf
2336-07,https://documents.gov.lk/view/extra-gazettes/2023/6/2336-07_E.pdf,doc-archive/2023/06/12/2336-07/2336-07_english.pdf
2336-08,https://documents.gov.lk/view/extra-gazettes/2023/6/2336-08_E.pdf,doc-archive/2023/06/12/2336-08/2336-08_english.pdf
2336-09,https://documents.gov.lk/view/extra-gazettes/2023/6/2336-09_E.pdf,doc-archive/2023/06/12/2336-09/2336-09_english.pdf
2336-10,https://documents.gov.lk/view/extra-gazettes/2023/6/2336-10_E.pdf,doc-archive/2023/06/12/2336-10/2336-10_english.pdf
2336-11,https://documents.gov.lk/view/extra-gazettes/2023/6/2336-11_E.pdf,doc-archive/2023/06/12/2336-11/2336-11_english.pdf
2336-12,https://documents.gov.lk/view/extra-gazettes/2023/6/2336-12_E.pdf,doc-archive/2023/06/12/2336-12/2336-12_english.pdf
2336-13,https://documents.gov.lk/view/extra-gazettes/2023/6/2336-13_E.pdf,doc-archive/2023/06/12/2336-13/2336-13_english.pdf
2336-14,https://documents.gov.lk/view/extra-gazettes/2023/6/2336-14_E.pdf,doc-archive/2023/06/12/2336-14/2336-14_english.pdf
2336-15,https://documents.gov.lk/view/extra-gazettes/2023/6/2336-15_E.pdf,doc-archive/2023/06/12/2336-15/2336-15_english.pdf
2336-16,https://documents.gov.lk/view/extra-gazettes/2023/6/2336-16_E.pdf,doc-archive/2023/06/12/2336-16/2336-16_english.pdf
2336-17,https://documents.gov.lk/view/extra-gazettes/2023/6/2336-17_E.pdf,doc-archive/2023/06/12/2336-17/2336-17_english.pdf
2336-18,https://documents.gov.lk/view/extra-gazettes/2023/6/2336-18_E.pdf,doc-archive/2023/06/12/2336-18/2336-18_english.pdf
2336-19,https://documents.gov.lk/view/extra-gazettes/2023/6/2336-19_E.pdf,doc-archive/2023/06/12/2336-19/2336-19_english.pdf
2336-20,https://documents.gov.lk/view/extra-gazettes/2023/6/2336-20_E.pdf,doc-archive/2023/06/12/2336-20/2336-20_english.pdf
2335-29,https://documents.gov.lk/view/extra-gazettes/2023/6/2335-29_E.pdf,doc-archive/2023/06/10/2335-29/2335-29_english.pdf
2335-30,https://documents.gov.lk/view/extra-gazettes/2023/6/2335-30_E.pdf,doc-archive/2023/06/10/2335-30/2335-30_english.pdf
2335-31,https://documents.gov.lk/view/extra-gazettes/2023/6/2335-31_E.pdf,doc-archive/2023/06/10/2335-31/2335-31_english.pdf
2335-21,https://documents.gov.lk/view/extra-gazettes/2023/6/2335-21_E.pdf,doc-archive/2023/06/09/2335-21/2335-21_english.pdf
2335-23,https://documents.gov.lk/view/extra-gazettes/2023/6/2335-23_E.pdf,doc-archive/2023/06/09/2335-23/2335-23_english.pdf
2335-22,https://documents.gov.lk/view/extra-gazettes/2023/6/2335-22_E.pdf,doc-archive/2023/06/09/2335-22/2335-22_english.pdf
2335-26,https://documents.gov.lk/view/extra-gazettes/2023/6/2335-26_E.pdf,doc-archive/2023/06/09/2335-26/2335-26_english.pdf
2335-27,https://documents.gov.lk/view/extra-gazettes/2023/6/2335-27_E.pdf,doc-archive/2023/06/09/2335-27/2335-27_english.pdf
2335-28,https://documents.gov.lk/view/extra-gazettes/2023/6/2335-28_E.pdf,doc-archive/2023/06/09/2335-28/2335-28_english.pdf
2335-16,https://documents.gov.lk/view/extra-gazettes/2023/6/2335-16_E.pdf,doc-archive/2023/06/08/2335-16/2335-16_english.pdf
2335-17,https://documents.gov.lk/view/extra-gazettes/2023/6/2335-17_E.pdf,doc-archive/2023/06/08/2335-17/2335-17_english.pdf
2335-18,https://documents.gov.lk/view/extra-gazettes/2023/6/2335-18_E.pdf,doc-archive/2023/06/08/2335-18/2335-18_english.pdf
2335-19,https://documents.gov.lk/view/extra-gazettes/2023/6/2335-19_E.pdf,doc-archive/2023/06/08/2335-19/2335-19_english.pdf
2335-14,https://documents.gov.lk/view/extra-gazettes/2023/6/2335-14_E.pdf,doc-archive/2023/06/07/2335-14/2335-14_english.pdf
2335-20,https://documents.gov.lk/view/extra-gazettes/2023/6/2335-20_E.pdf,doc-archive/2023/06/08/2335-20/2335-20_english.pdf
2335-15,https://documents.gov.lk/view/extra-gazettes/2023/6/2335-15_E.pdf,doc-archive/2023/06/07/2335-15/2335-15_english.pdf
2335-06,https://documents.gov.lk/view/extra-gazettes/2023/6/2335-06_E.pdf,doc-archive/2023/06/06/2335-06/2335-06_english.pdf
2335-09,https://documents.gov.lk/view/extra-gazettes/2023/6/2335-09_E.pdf,doc-archive/2023/06/06/2335-09/2335-09_english.pdf
2335-11,https://documents.gov.lk/view/extra-gazettes/2023/6/2335-11_E.pdf,doc-archive/2023/06/06/2335-11/2335-11_english.pdf
2335-01,https://documents.gov.lk/view/extra-gazettes/2023/6/2335-01_E.pdf,doc-archive/2023/06/05/2335-01/2335-01_english.pdf
2335-02,https://documents.gov.lk/view/extra-gazettes/2023/6/2335-02_E.pdf,doc-archive/2023/06/05/2335-02/2335-02_english.pdf
2335-03,https://documents.gov.lk/view/extra-gazettes/2023/6/2335-03_E.pdf,doc-archive/2023/06/05/2335-03/2335-03_english.pdf
2335-04,https://documents.gov.lk/view/extra-gazettes/2023/6/2335-04_E.pdf,doc-archive/2023/06/05/2335-04/2335-04_english.pdf
2335-05,https://documents.gov.lk/view/extra-gazettes/2023/6/2335-05_E.pdf,doc-archive/2023/06/05/2335-05/2335-05_english.pdf
2334-44,https://documents.gov.lk/view/extra-gazettes/2023/6/2334-44_E.pdf,doc-archive/2023/06/02/2334-44/2334-44_english.pdf
2334-45,https://documents.gov.lk/view/extra-gazettes/2023/6/2334-45_E.pdf,doc-archive/2023/06/02/2334-45/2334-45_english.pdf
2334-46,https://documents.gov.lk/view/extra-gazettes/2023/6/2334-46_E.pdf,doc-archive/2023/06/02/2334-46/2334-46_english.pdf
2335-13,https://documents.gov.lk/view/extra-gazettes/2023/6/2335-13_E.pdf,doc-archive/2023/06/06/2335-13/2335-13_english.pdf
2334-32,https://documents.gov.lk/view/extra-gazettes/2023/6/2334-32_E.pdf,doc-archive/2023/06/01/2334-32/2334-32_english.pdf
2334-33,https://documents.gov.lk/view/extra-gazettes/2023/6/2334-33_E.pdf,doc-archive/2023/06/01/2334-33/2334-33_english.pdf
2334-34,https://documents.gov.lk/view/extra-gazettes/2023/6/2334-34_E.pdf,doc-archive/2023/06/01/2334-34/2334-34_english.pdf
2334-35,https://documents.gov.lk/view/extra-gazettes/2023/6/2334-35_E.pdf,doc-archive/2023/06/01/2334-35/2334-35_english.pdf
2334-36,https://documents.gov.lk/view/extra-gazettes/2023/6/2334-36_E.pdf,doc-archive/2023/06/01/2334-36/2334-36_english.pdf
2334-37,https://documents.gov.lk/view/extra-gazettes/2023/6/2334-37_E.pdf,doc-archive/2023/06/01/2334-37/2334-37_english.pdf
2334-38,https://documents.gov.lk/view/extra-gazettes/2023/6/2334-38_E.pdf,doc-archive/2023/06/01/2334-38/2334-38_english.pdf
2334-39,https://documents.gov.lk/view/extra-gazettes/2023/6/2334-39_E.pdf,doc-archive/2023/06/01/2334-39/2334-39_english.pdf
2334-40,https://documents.gov.lk/view/extra-gazettes/2023/6/2334-40_E.pdf,doc-archive/2023/06/01/2334-40/2334-40_english.pdf
2334-41,https://documents.gov.lk/view/extra-gazettes/2023/6/2334-41_E.pdf,doc-archive/2023/06/01/2334-41/2334-41_english.pdf
2334-42,https://documents.gov.lk/view/extra-gazettes/2023/6/2334-42_E.pdf,doc-archive/2023/06/01/2334-42/2334-42_english.pdf
2334-43,https://documents.gov.lk/view/extra-gazettes/2023/6/2334-43_E.pdf,doc-archive/2023/06/01/2334-43/2334-43_english.pdf
2334-47,https://documents.gov.lk/view/extra-gazettes/2023/6/2334-47_E.pdf,doc-archive/2023/06/02/2334-47/2334-47_english.pdf
2343-01,https://documents.gov.lk/view/extra-gazettes/2023/7/2343-01_E.pdf,doc-archive/2023/07/31/2343-01/2343-01_english.pdf
2343-02,https://documents.gov.lk/view/extra-gazettes/2023/7/2343-02_E.pdf,doc-archive/2023/07/31/2343-02/2343-02_english.pdf
2343-03,https://documents.gov.lk/view/extra-gazettes/2023/7/2343-03_E.pdf,doc-archive/2023/07/31/2343-03/2343-03_english.pdf
2343-05,https://documents.gov.lk/view/extra-gazettes/2023/7/2343-05_E.pdf,doc-archive/2023/07/31/2343-05/2343-05_english.pdf
2343-06,https://documents.gov.lk/view/extra-gazettes/2023/7/2343-06_E.pdf,doc-archive/2023/07/31/2343-06/2343-06_english.pdf
2342-56,https://documents.gov.lk/view/extra-gazettes/2023/7/2342-56_E.pdf,doc-archive/2023/07/29/2342-56/2342-56_english.pdf
2342-57,https://documents.gov.lk/view/extra-gazettes/2023/7/2342-57_E.pdf,doc-archive/2023/07/29/2342-57/2342-57_english.pdf
2342-58,https://documents.gov.lk/view/extra-gazettes/2023/7/2342-58_E.pdf,doc-archive/2023/07/29/2342-58/2342-58_english.pdf
2342-59,https://documents.gov.lk/view/extra-gazettes/2023/7/2342-59_E.pdf,doc-archive/2023/07/29/2342-59/2342-59_english.pdf
2342-60,https://documents.gov.lk/view/extra-gazettes/2023/7/2342-60_E.pdf,doc-archive/2023/07/29/2342-60/2342-60_english.pdf
2342-43,https://documents.gov.lk/view/extra-gazettes/2023/7/2342-43_E.pdf,doc-archive/2023/07/28/2342-43/2342-43_english.pdf
2342-45,https://documents.gov.lk/view/extra-gazettes/2023/7/2342-45_E.pdf,doc-archive/2023/07/28/2342-45/2342-45_english.pdf
2342-46,https://documents.gov.lk/view/extra-gazettes/2023/7/2342-46_E.pdf,doc-archive/2023/07/28/2342-46/2342-46_english.pdf
2342-47,https://documents.gov.lk/view/extra-gazettes/2023/7/2342-47_E.pdf,doc-archive/2023/07/28/2342-47/2342-47_english.pdf
2342-48,https://documents.gov.lk/view/extra-gazettes/2023/7/2342-48_E.pdf,doc-archive/2023/07/28/2342-48/2342-48_english.pdf
2342-49,https://documents.gov.lk/view/extra-gazettes/2023/7/2342-49_E.pdf,doc-archive/2023/07/28/2342-49/2342-49_english.pdf
2342-52,https://documents.gov.lk/view/extra-gazettes/2023/7/2342-52_E.pdf,doc-archive/2023/07/28/2342-52/2342-52_english.pdf
2342-53,https://documents.gov.lk/view/extra-gazettes/2023/7/2342-53_E.pdf,doc-archive/2023/07/28/2342-53/2342-53_english.pdf
2342-54,https://documents.gov.lk/view/extra-gazettes/2023/7/2342-54_E.pdf,doc-archive/2023/07/28/2342-54/2342-54_english.pdf
2342-29,https://documents.gov.lk/view/extra-gazettes/2023/7/2342-29_E.pdf,doc-archive/2023/07/27/2342-29/2342-29_english.pdf
2342-30,https://documents.gov.lk/view/extra-gazettes/2023/7/2342-30_E.pdf,doc-archive/2023/07/27/2342-30/2342-30_english.pdf
2342-31,https://documents.gov.lk/view/extra-gazettes/2023/7/2342-31_E.pdf,doc-archive/2023/07/27/2342-31/2342-31_english.pdf
2342-32,https://documents.gov.lk/view/extra-gazettes/2023/7/2342-32_E.pdf,doc-archive/2023/07/27/2342-32/2342-32_english.pdf
2342-33,https://documents.gov.lk/view/extra-gazettes/2023/7/2342-33_E.pdf,doc-archive/2023/07/27/2342-33/2342-33_english.pdf
2342-34,https://documents.gov.lk/view/extra-gazettes/2023/7/2342-34_E.pdf,doc-archive/2023/07/27/2342-34/2342-34_english.pdf
2342-35,https://documents.gov.lk/view/extra-gazettes/2023/7/2342-35_E.pdf,doc-archive/2023/07/27/2342-35/2342-35_english.pdf
2342-36,https://documents.gov.lk/view/extra-gazettes/2023/7/2342-36_E.pdf,doc-archive/2023/07/27/2342-36/2342-36_english.pdf
2342-37,https://documents.gov.lk/view/extra-gazettes/2023/7/2342-37_E.pdf,doc-archive/2023/07/27/2342-37/2342-37_english.pdf
2342-38,https://documents.gov.lk/view/extra-gazettes/2023/7/2342-38_E.pdf,doc-archive/2023/07/27/2342-38/2342-38_english.pdf
2342-39,https://documents.gov.lk/view/extra-gazettes/2023/7/2342-39_E.pdf,doc-archive/2023/07/27/2342-39/2342-39_english.pdf
2342-40,https://documents.gov.lk/view/extra-gazettes/2023/7/2342-40_E.pdf,doc-archive/2023/07/27/2342-40/2342-40_english.pdf
2342-41,https://documents.gov.lk/view/extra-gazettes/2023/7/2342-41_E.pdf,doc-archive/2023/07/27/2342-41/2342-41_english.pdf
2342-42,https://documents.gov.lk/view/extra-gazettes/2023/7/2342-42_E.pdf,doc-archive/2023/07/27/2342-42/2342-42_english.pdf
2342-25,https://documents.gov.lk/view/extra-gazettes/2023/7/2342-25_E.pdf,doc-archive/2023/07/26/2342-25/2342-25_english.pdf
2342-26,https://documents.gov.lk/view/extra-gazettes/2023/7/2342-26_E.pdf,doc-archive/2023/07/26/2342-26/2342-26_english.pdf
2342-28,https://documents.gov.lk/view/extra-gazettes/2023/7/2342-28_E.pdf,doc-archive/2023/07/26/2342-28/2342-28_english.pdf
2342-27,https://documents.gov.lk/view/extra-gazettes/2023/7/2342-27_E.pdf,doc-archive/2023/07/26/2342-27/2342-27_english.pdf
2342-10,https://documents.gov.lk/view/extra-gazettes/2023/7/2342-10_E.pdf,doc-archive/2023/07/25/2342-10/2342-10_english.pdf
2342-11,https://documents.gov.lk/view/extra-gazettes/2023/7/2342-11_E.pdf,doc-archive/2023/07/25/2342-11/2342-11_english.pdf
2342-12,https://documents.gov.lk/view/extra-gazettes/2023/7/2342-12_E.pdf,doc-archive/2023/07/25/2342-12/2342-12_english.pdf
2342-13,https://documents.gov.lk/view/extra-gazettes/2023/7/2342-13_E.pdf,doc-archive/2023/07/25/2342-13/2342-13_english.pdf
2342-14,https://documents.gov.lk/view/extra-gazettes/2023/7/2342-14_E.pdf,doc-archive/2023/07/25/2342-14/2342-14_english.pdf
2342-16,https://documents.gov.lk/view/extra-gazettes/2023/7/2342-16_E.pdf,doc-archive/2023/07/25/2342-16/2342-16_english.pdf
2342-17,https://documents.gov.lk/view/extra-gazettes/2023/7/2342-17_E.pdf,doc-archive/2023/07/25/2342-17/2342-17_english.pdf
2342-18,https://documents.gov.lk/view/extra-gazettes/2023/7/2342-18_E.pdf,doc-archive/2023/07/25/2342-18/2342-18_english.pdf
2342-19,https://documents.gov.lk/view/extra-gazettes/2023/7/2342-19_E.pdf,doc-archive/2023/07/25/2342-19/2342-19_english.pdf
2342-20,https://documents.gov.lk/view/extra-gazettes/2023/7/2342-20_E.pdf,doc-archive/2023/07/25/2342-20/2342-20_english.pdf
2342-21,https://documents.gov.lk/view/extra-gazettes/2023/7/2342-21_E.pdf,doc-archive/2023/07/25/2342-21/2342-21_english.pdf
2342-22,https://documents.gov.lk/view/extra-gazettes/2023/7/2342-22_E.pdf,doc-archive/2023/07/25/2342-22/2342-22_english.pdf
2342-23,https://documents.gov.lk/view/extra-gazettes/2023/7/2342-23_E.pdf,doc-archive/2023/07/25/2342-23/2342-23_english.pdf
2342-24,https://documents.gov.lk/view/extra-gazettes/2023/7/2342-24_E.pdf,doc-archive/2023/07/25/2342-24/2342-24_english.pdf
2342-01,https://documents.gov.lk/view/extra-gazettes/2023/7/2342-01_E.pdf,doc-archive/2023/07/24/2342-01/2342-01_english.pdf
2342-02,https://documents.gov.lk/view/extra-gazettes/2023/7/2342-02_E.pdf,doc-archive/2023/07/24/2342-02/2342-02_english.pdf
2342-07,https://documents.gov.lk/view/extra-gazettes/2023/7/2342-07_E.pdf,doc-archive/2023/07/24/2342-07/2342-07_english.pdf
2342-08,https://documents.gov.lk/view/extra-gazettes/2023/7/2342-08_E.pdf,doc-archive/2023/07/24/2342-08/2342-08_english.pdf
2342-09,https://documents.gov.lk/view/extra-gazettes/2023/7/2342-09_E.pdf,doc-archive/2023/07/24/2342-09/2342-09_english.pdf
2341-67,https://documents.gov.lk/view/extra-gazettes/2023/7/2341-67_E.pdf,doc-archive/2023/07/22/2341-67/2341-67_english.pdf
2341-68,https://documents.gov.lk/view/extra-gazettes/2023/7/2341-68_E.pdf,doc-archive/2023/07/22/2341-68/2341-68_english.pdf
2341-69,https://documents.gov.lk/view/extra-gazettes/2023/7/2341-69_E.pdf,doc-archive/2023/07/22/2341-69/2341-69_english.pdf
2341-70,https://documents.gov.lk/view/extra-gazettes/2023/7/2341-70_E.pdf,doc-archive/2023/07/22/2341-70/2341-70_english.pdf
2341-71,https://documents.gov.lk/view/extra-gazettes/2023/7/2341-71_E.pdf,doc-archive/2023/07/22/2341-71/2341-71_english.pdf
2341-72,https://documents.gov.lk/view/extra-gazettes/2023/7/2341-72_E.pdf,doc-archive/2023/07/22/2341-72/2341-72_english.pdf
2341-73,https://documents.gov.lk/view/extra-gazettes/2023/7/2341-73_E.pdf,doc-archive/2023/07/22/2341-73/2341-73_english.pdf
2341-74,https://documents.gov.lk/view/extra-gazettes/2023/7/2341-74_E.pdf,doc-archive/2023/07/22/2341-74/2341-74_english.pdf
2341-75,https://documents.gov.lk/view/extra-gazettes/2023/7/2341-75_E.pdf,doc-archive/2023/07/22/2341-75/2341-75_english.pdf
2341-53,https://documents.gov.lk/view/extra-gazettes/2023/7/2341-53_E.pdf,doc-archive/2023/07/21/2341-53/2341-53_english.pdf
2341-54,https://documents.gov.lk/view/extra-gazettes/2023/7/2341-54_E.pdf,doc-archive/2023/07/21/2341-54/2341-54_english.pdf
2341-55,https://documents.gov.lk/view/extra-gazettes/2023/7/2341-55_E.pdf,doc-archive/2023/07/21/2341-55/2341-55_english.pdf
2341-56,https://documents.gov.lk/view/extra-gazettes/2023/7/2341-56_E.pdf,doc-archive/2023/07/21/2341-56/2341-56_english.pdf
2341-57,https://documents.gov.lk/view/extra-gazettes/2023/7/2341-57_E.pdf,doc-archive/2023/07/21/2341-57/2341-57_english.pdf
2341-58,https://documents.gov.lk/view/extra-gazettes/2023/7/2341-58_E.pdf,doc-archive/2023/07/21/2341-58/2341-58_english.pdf
2341-59,https://documents.gov.lk/view/extra-gazettes/2023/7/2341-59_E.pdf,doc-archive/2023/07/21/2341-59/2341-59_english.pdf
2341-60,https://documents.gov.lk/view/extra-gazettes/2023/7/2341-60_E.pdf,doc-archive/2023/07/21/2341-60/2341-60_english.pdf
2341-61,https://documents.gov.lk/view/extra-gazettes/2023/7/2341-61_E.pdf,doc-archive/2023/07/21/2341-61/2341-61_english.pdf
2341-62,https://documents.gov.lk/view/extra-gazettes/2023/7/2341-62_E.pdf,doc-archive/2023/07/21/2341-62/2341-62_english.pdf
2341-63,https://documents.gov.lk/view/extra-gazettes/2023/7/2341-63_E.pdf,doc-archive/2023/07/21/2341-63/2341-63_english.pdf
2341-64,https://documents.gov.lk/view/extra-gazettes/2023/7/2341-64_E.pdf,doc-archive/2023/07/21/2341-64/2341-64_english.pdf
2341-65,https://documents.gov.lk/view/extra-gazettes/2023/7/2341-65_E.pdf,doc-archive/2023/07/21/2341-65/2341-65_english.pdf
2341-38,https://documents.gov.lk/view/extra-gazettes/2023/7/2341-38_E.pdf,doc-archive/2023/07/20/2341-38/2341-38_english.pdf
2341-40,https://documents.gov.lk/view/extra-gazettes/2023/7/2341-40_E.pdf,doc-archive/2023/07/20/2341-40/2341-40_english.pdf
2341-39,https://documents.gov.lk/view/extra-gazettes/2023/7/2341-39_E.pdf,doc-archive/2023/07/20/2341-39/2341-39_english.pdf
2341-42,https://documents.gov.lk/view/extra-gazettes/2023/7/2341-42_E.pdf,doc-archive/2023/07/20/2341-42/2341-42_english.pdf
2341-43,https://documents.gov.lk/view/extra-gazettes/2023/7/2341-43_E.pdf,doc-archive/2023/07/20/2341-43/2341-43_english.pdf
2341-45,https://documents.gov.lk/view/extra-gazettes/2023/7/2341-45_E.pdf,doc-archive/2023/07/20/2341-45/2341-45_english.pdf
2341-44,https://documents.gov.lk/view/extra-gazettes/2023/7/2341-44_E.pdf,doc-archive/2023/07/20/2341-44/2341-44_english.pdf
2341-46,https://documents.gov.lk/view/extra-gazettes/2023/7/2341-46_E.pdf,doc-archive/2023/07/20/2341-46/2341-46_english.pdf
2341-47,https://documents.gov.lk/view/extra-gazettes/2023/7/2341-47_E.pdf,doc-archive/2023/07/20/2341-47/2341-47_english.pdf
2341-48,https://documents.gov.lk/view/extra-gazettes/2023/7/2341-48_E.pdf,doc-archive/2023/07/20/2341-48/2341-48_english.pdf
2341-49,https://documents.gov.lk/view/extra-gazettes/2023/7/2341-49_E.pdf,doc-archive/2023/07/20/2341-49/2341-49_english.pdf
2341-50,https://documents.gov.lk/view/extra-gazettes/2023/7/2341-50_E.pdf,doc-archive/2023/07/20/2341-50/2341-50_english.pdf
2341-52,https://documents.gov.lk/view/extra-gazettes/2023/7/2341-52_E.pdf,doc-archive/2023/07/20/2341-52/2341-52_english.pdf
2341-51,https://documents.gov.lk/view/extra-gazettes/2023/7/2341-51_E.pdf,doc-archive/2023/07/20/2341-51/2341-51_english.pdf
2341-20,https://documents.gov.lk/view/extra-gazettes/2023/7/2341-20_E.pdf,doc-archive/2023/07/19/2341-20/2341-20_english.pdf
2341-22,https://documents.gov.lk/view/extra-gazettes/2023/7/2341-22_E.pdf,doc-archive/2023/07/19/2341-22/2341-22_english.pdf
2341-23,https://documents.gov.lk/view/extra-gazettes/2023/7/2341-23_E.pdf,doc-archive/2023/07/19/2341-23/2341-23_english.pdf
2341-25,https://documents.gov.lk/view/extra-gazettes/2023/7/2341-25_E.pdf,doc-archive/2023/07/19/2341-25/2341-25_english.pdf
2341-24,https://documents.gov.lk/view/extra-gazettes/2023/7/2341-24_E.pdf,doc-archive/2023/07/19/2341-24/2341-24_english.pdf
2341-26,https://documents.gov.lk/view/extra-gazettes/2023/7/2341-26_E.pdf,doc-archive/2023/07/19/2341-26/2341-26_english.pdf
2341-27,https://documents.gov.lk/view/extra-gazettes/2023/7/2341-27_E.pdf,doc-archive/2023/07/19/2341-27/2341-27_english.pdf
2341-28,https://documents.gov.lk/view/extra-gazettes/2023/7/2341-28_E.pdf,doc-archive/2023/07/19/2341-28/2341-28_english.pdf
2341-29,https://documents.gov.lk/view/extra-gazettes/2023/7/2341-29_E.pdf,doc-archive/2023/07/19/2341-29/2341-29_english.pdf
2341-30,https://documents.gov.lk/view/extra-gazettes/2023/7/2341-30_E.pdf,doc-archive/2023/07/19/2341-30/2341-30_english.pdf
2341-31,https://documents.gov.lk/view/extra-gazettes/2023/7/2341-31_E.pdf,doc-archive/2023/07/19/2341-31/2341-31_english.pdf
2341-32,https://documents.gov.lk/view/extra-gazettes/2023/7/2341-32_E.pdf,doc-archive/2023/07/19/2341-32/2341-32_english.pdf
2341-33,https://documents.gov.lk/view/extra-gazettes/2023/7/2341-33_E.pdf,doc-archive/2023/07/19/2341-33/2341-33_english.pdf
2341-34,https://documents.gov.lk/view/extra-gazettes/2023/7/2341-34_E.pdf,doc-archive/2023/07/19/2341-34/2341-34_english.pdf
2341-35,https://documents.gov.lk/view/extra-gazettes/2023/7/2341-35_E.pdf,doc-archive/2023/07/19/2341-35/2341-35_english.pdf
2341-36,https://documents.gov.lk/view/extra-gazettes/2023/7/2341-36_E.pdf,doc-archive/2023/07/19/2341-36/2341-36_english.pdf
2341-16,https://documents.gov.lk/view/extra-gazettes/2023/7/2341-16_E.pdf,doc-archive/2023/07/18/2341-16/2341-16_english.pdf
2341-17,https://documents.gov.lk/view/extra-gazettes/2023/7/2341-17_E.pdf,doc-archive/2023/07/18/2341-17/2341-17_english.pdf
2341-18,https://documents.gov.lk/view/extra-gazettes/2023/7/2341-18_E.pdf,doc-archive/2023/07/18/2341-18/2341-18_english.pdf
2341-19,https://documents.gov.lk/view/extra-gazettes/2023/7/2341-19_E.pdf,doc-archive/2023/07/18/2341-19/2341-19_english.pdf
2341-01,https://documents.gov.lk/view/extra-gazettes/2023/7/2341-01_E.pdf,doc-archive/2023/07/17/2341-01/2341-01_english.pdf
2341-02,https://documents.gov.lk/view/extra-gazettes/2023/7/2341-02_E.pdf,doc-archive/2023/07/17/2341-02/2341-02_english.pdf
2341-03,https://documents.gov.lk/view/extra-gazettes/2023/7/2341-03_E.pdf,doc-archive/2023/07/17/2341-03/2341-03_english.pdf
2341-05,https://documents.gov.lk/view/extra-gazettes/2023/7/2341-05_E.pdf,doc-archive/2023/07/17/2341-05/2341-05_english.pdf
2341-07,https://documents.gov.lk/view/extra-gazettes/2023/7/2341-07_E.pdf,doc-archive/2023/07/17/2341-07/2341-07_english.pdf
2341-08,https://documents.gov.lk/view/extra-gazettes/2023/7/2341-08_E.pdf,doc-archive/2023/07/17/2341-08/2341-08_english.pdf
2341-09,https://documents.gov.lk/view/extra-gazettes/2023/7/2341-09_E.pdf,doc-archive/2023/07/17/2341-09/2341-09_english.pdf
2341-10,https://documents.gov.lk/view/extra-gazettes/2023/7/2341-10_E.pdf,doc-archive/2023/07/17/2341-10/2341-10_english.pdf
2341-11,https://documents.gov.lk/view/extra-gazettes/2023/7/2341-11_E.pdf,doc-archive/2023/07/17/2341-11/2341-11_english.pdf
2341-12,https://documents.gov.lk/view/extra-gazettes/2023/7/2341-12_E.pdf,doc-archive/2023/07/17/2341-12/2341-12_english.pdf
2341-13,https://documents.gov.lk/view/extra-gazettes/2023/7/2341-13_E.pdf,doc-archive/2023/07/17/2341-13/2341-13_english.pdf
2341-14,https://documents.gov.lk/view/extra-gazettes/2023/7/2341-14_E.pdf,doc-archive/2023/07/17/2341-14/2341-14_english.pdf
2341-15,https://documents.gov.lk/view/extra-gazettes/2023/7/2341-15_E.pdf,doc-archive/2023/07/17/2341-15/2341-15_english.pdf
2340-56,https://documents.gov.lk/view/extra-gazettes/2023/7/2340-56_E.pdf,doc-archive/2023/07/15/2340-56/2340-56_english.pdf
2340-57,https://documents.gov.lk/view/extra-gazettes/2023/7/2340-57_E.pdf,doc-archive/2023/07/15/2340-57/2340-57_english.pdf
2340-58,https://documents.gov.lk/view/extra-gazettes/2023/7/2340-58_E.pdf,doc-archive/2023/07/15/2340-58/2340-58_english.pdf
2340-59,https://documents.gov.lk/view/extra-gazettes/2023/7/2340-59_E.pdf,doc-archive/2023/07/15/2340-59/2340-59_english.pdf
2340-60,https://documents.gov.lk/view/extra-gazettes/2023/7/2340-60_E.pdf,doc-archive/2023/07/15/2340-60/2340-60_english.pdf
2340-61,https://documents.gov.lk/view/extra-gazettes/2023/7/2340-61_E.pdf,doc-archive/2023/07/15/2340-61/2340-61_english.pdf
2340-62,https://documents.gov.lk/view/extra-gazettes/2023/7/2340-62_E.pdf,doc-archive/2023/07/15/2340-62/2340-62_english.pdf
2340-63,https://documents.gov.lk/view/extra-gazettes/2023/7/2340-63_E.pdf,doc-archive/2023/07/15/2340-63/2340-63_english.pdf
2340-47,https://documents.gov.lk/view/extra-gazettes/2023/7/2340-47_E.pdf,doc-archive/2023/07/14/2340-47/2340-47_english.pdf
2340-48,https://documents.gov.lk/view/extra-gazettes/2023/7/2340-48_E.pdf,doc-archive/2023/07/14/2340-48/2340-48_english.pdf
2340-49,https://documents.gov.lk/view/extra-gazettes/2023/7/2340-49_E.pdf,doc-archive/2023/07/14/2340-49/2340-49_english.pdf
2340-50,https://documents.gov.lk/view/extra-gazettes/2023/7/2340-50_E.pdf,doc-archive/2023/07/14/2340-50/2340-50_english.pdf
2340-51,https://documents.gov.lk/view/extra-gazettes/2023/7/2340-51_E.pdf,doc-archive/2023/07/14/2340-51/2340-51_english.pdf
2340-52,https://documents.gov.lk/view/extra-gazettes/2023/7/2340-52_E.pdf,doc-archive/2023/07/14/2340-52/2340-52_english.pdf
2340-53,https://documents.gov.lk/view/extra-gazettes/2023/7/2340-53_E.pdf,doc-archive/2023/07/14/2340-53/2340-53_english.pdf
2340-54,https://documents.gov.lk/view/extra-gazettes/2023/7/2340-54_E.pdf,doc-archive/2023/07/14/2340-54/2340-54_english.pdf
2340-55,https://documents.gov.lk/view/extra-gazettes/2023/7/2340-55_E.pdf,doc-archive/2023/07/14/2340-55/2340-55_english.pdf
2340-42,https://documents.gov.lk/view/extra-gazettes/2023/7/2340-42_E.pdf,doc-archive/2023/07/13/2340-42/2340-42_english.pdf
2340-43,https://documents.gov.lk/view/extra-gazettes/2023/7/2340-43_E.pdf,doc-archive/2023/07/13/2340-43/2340-43_english.pdf
2340-44,https://documents.gov.lk/view/extra-gazettes/2023/7/2340-44_E.pdf,doc-archive/2023/07/13/2340-44/2340-44_english.pdf
2340-45,https://documents.gov.lk/view/extra-gazettes/2023/7/2340-45_E.pdf,doc-archive/2023/07/13/2340-45/2340-45_english.pdf
2340-34,https://documents.gov.lk/view/extra-gazettes/2023/7/2340-34_E.pdf,doc-archive/2023/07/12/2340-34/2340-34_english.pdf
2340-35,https://documents.gov.lk/view/extra-gazettes/2023/7/2340-35_E.pdf,doc-archive/2023/07/12/2340-35/2340-35_english.pdf
2340-36,https://documents.gov.lk/view/extra-gazettes/2023/7/2340-36_E.pdf,doc-archive/2023/07/12/2340-36/2340-36_english.pdf
2340-37,https://documents.gov.lk/view/extra-gazettes/2023/7/2340-37_E.pdf,doc-archive/2023/07/12/2340-37/2340-37_english.pdf
2340-38,https://documents.gov.lk/view/extra-gazettes/2023/7/2340-38_E.pdf,doc-archive/2023/07/12/2340-38/2340-38_english.pdf
2340-39,https://documents.gov.lk/view/extra-gazettes/2023/7/2340-39_E.pdf,doc-archive/2023/07/12/2340-39/2340-39_english.pdf
2340-40,https://documents.gov.lk/view/extra-gazettes/2023/7/2340-40_E.pdf,doc-archive/2023/07/12/2340-40/2340-40_english.pdf
2340-41,https://documents.gov.lk/view/extra-gazettes/2023/7/2340-41_E.pdf,doc-archive/2023/07/12/2340-41/2340-41_english.pdf
2340-16,https://documents.gov.lk/view/extra-gazettes/2023/7/2340-16_E.pdf,doc-archive/2023/07/11/2340-16/2340-16_english.pdf
2340-17,https://documents.gov.lk/view/extra-gazettes/2023/7/2340-17_E.pdf,doc-archive/2023/07/11/2340-17/2340-17_english.pdf
2340-18,https://documents.gov.lk/view/extra-gazettes/2023/7/2340-18_E.pdf,doc-archive/2023/07/11/2340-18/2340-18_english.pdf
2340-19,https://documents.gov.lk/view/extra-gazettes/2023/7/2340-19_E.pdf,doc-archive/2023/07/11/2340-19/2340-19_english.pdf
2340-20,https://documents.gov.lk/view/extra-gazettes/2023/7/2340-20_E.pdf,doc-archive/2023/07/11/2340-20/2340-20_english.pdf
2340-21,https://documents.gov.lk/view/extra-gazettes/2023/7/2340-21_E.pdf,doc-archive/2023/07/11/2340-21/2340-21_english.pdf
2340-22,https://documents.gov.lk/view/extra-gazettes/2023/7/2340-22_E.pdf,doc-archive/2023/07/11/2340-22/2340-22_english.pdf
2340-23,https://documents.gov.lk/view/extra-gazettes/2023/7/2340-23_E.pdf,doc-archive/2023/07/11/2340-23/2340-23_english.pdf
2340-24,https://documents.gov.lk/view/extra-gazettes/2023/7/2340-24_E.pdf,doc-archive/2023/07/11/2340-24/2340-24_english.pdf
2340-25,https://documents.gov.lk/view/extra-gazettes/2023/7/2340-25_E.pdf,doc-archive/2023/07/11/2340-25/2340-25_english.pdf
2340-26,https://documents.gov.lk/view/extra-gazettes/2023/7/2340-26_E.pdf,doc-archive/2023/07/11/2340-26/2340-26_english.pdf
2340-27,https://documents.gov.lk/view/extra-gazettes/2023/7/2340-27_E.pdf,doc-archive/2023/07/11/2340-27/2340-27_english.pdf
2340-28,https://documents.gov.lk/view/extra-gazettes/2023/7/2340-28_E.pdf,doc-archive/2023/07/11/2340-28/2340-28_english.pdf
2340-30,https://documents.gov.lk/view/extra-gazettes/2023/7/2340-30_E.pdf,doc-archive/2023/07/11/2340-30/2340-30_english.pdf
2340-32,https://documents.gov.lk/view/extra-gazettes/2023/7/2340-32_E.pdf,doc-archive/2023/07/11/2340-32/2340-32_english.pdf
2340-31,https://documents.gov.lk/view/extra-gazettes/2023/7/2340-31_E.pdf,doc-archive/2023/07/11/2340-31/2340-31_english.pdf
2340-33,https://documents.gov.lk/view/extra-gazettes/2023/7/2340-33_E.pdf,doc-archive/2023/07/11/2340-33/2340-33_english.pdf
2340-01,https://documents.gov.lk/view/extra-gazettes/2023/7/2340-01_E.pdf,doc-archive/2023/07/10/2340-01/2340-01_english.pdf
2340-02,https://documents.gov.lk/view/extra-gazettes/2023/7/2340-02_E.pdf,doc-archive/2023/07/10/2340-02/2340-02_english.pdf
2340-03,https://documents.gov.lk/view/extra-gazettes/2023/7/2340-03_E.pdf,doc-archive/2023/07/10/2340-03/2340-03_english.pdf
2340-04,https://documents.gov.lk/view/extra-gazettes/2023/7/2340-04_E.pdf,doc-archive/2023/07/10/2340-04/2340-04_english.pdf
2340-05,https://documents.gov.lk/view/extra-gazettes/2023/7/2340-05_E.pdf,doc-archive/2023/07/10/2340-05/2340-05_english.pdf
2340-06,https://documents.gov.lk/view/extra-gazettes/2023/7/2340-06_E.pdf,doc-archive/2023/07/10/2340-06/2340-06_english.pdf
2340-07,https://documents.gov.lk/view/extra-gazettes/2023/7/2340-07_E.pdf,doc-archive/2023/07/10/2340-07/2340-07_english.pdf
2340-08,https://documents.gov.lk/view/extra-gazettes/2023/7/2340-08_E.pdf,doc-archive/2023/07/10/2340-08/2340-08_english.pdf
2340-09,https://documents.gov.lk/view/extra-gazettes/2023/7/2340-09_E.pdf,doc-archive/2023/07/10/2340-09/2340-09_english.pdf
2340-10,https://documents.gov.lk/view/extra-gazettes/2023/7/2340-10_E.pdf,doc-archive/2023/07/10/2340-10/2340-10_english.pdf
2340-11,https://documents.gov.lk/view/extra-gazettes/2023/7/2340-11_E.pdf,doc-archive/2023/07/10/2340-11/2340-11_english.pdf
2340-12,https://documents.gov.lk/view/extra-gazettes/2023/7/2340-12_E.pdf,doc-archive/2023/07/10/2340-12/2340-12_english.pdf
2340-13,https://documents.gov.lk/view/extra-gazettes/2023/7/2340-13_E.pdf,doc-archive/2023/07/10/2340-13/2340-13_english.pdf
2340-14,https://documents.gov.lk/view/extra-gazettes/2023/7/2340-14_E.pdf,doc-archive/2023/07/10/2340-14/2340-14_english.pdf
2340-15,https://documents.gov.lk/view/extra-gazettes/2023/7/2340-15_E.pdf,doc-archive/2023/07/10/2340-15/2340-15_english.pdf
2339-38,https://documents.gov.lk/view/extra-gazettes/2023/7/2339-38_E.pdf,doc-archive/2023/07/08/2339-38/2339-38_english.pdf
2339-39,https://documents.gov.lk/view/extra-gazettes/2023/7/2339-39_E.pdf,doc-archive/2023/07/08/2339-39/2339-39_english.pdf
2339-40,https://documents.gov.lk/view/extra-gazettes/2023/7/2339-40_E.pdf,doc-archive/2023/07/08/2339-40/2339-40_english.pdf
2339-41,https://documents.gov.lk/view/extra-gazettes/2023/7/2339-41_E.pdf,doc-archive/2023/07/08/2339-41/2339-41_english.pdf
2339-42,https://documents.gov.lk/view/extra-gazettes/2023/7/2339-42_E.pdf,doc-archive/2023/07/08/2339-42/2339-42_english.pdf
2339-43,https://documents.gov.lk/view/extra-gazettes/2023/7/2339-43_E.pdf,doc-archive/2023/07/08/2339-43/2339-43_english.pdf
2339-44,https://documents.gov.lk/view/extra-gazettes/2023/7/2339-44_E.pdf,doc-archive/2023/07/08/2339-44/2339-44_english.pdf
2339-45,https://documents.gov.lk/view/extra-gazettes/2023/7/2339-45_E.pdf,doc-archive/2023/07/08/2339-45/2339-45_english.pdf
2339-46,https://documents.gov.lk/view/extra-gazettes/2023/7/2339-46_E.pdf,doc-archive/2023/07/08/2339-46/2339-46_english.pdf
2339-47,https://documents.gov.lk/view/extra-gazettes/2023/7/2339-47_E.pdf,doc-archive/2023/07/08/2339-47/2339-47_english.pdf
2339-18,https://documents.gov.lk/view/extra-gazettes/2023/7/2339-18_E.pdf,doc-archive/2023/07/07/2339-18/2339-18_english.pdf
2339-19,https://documents.gov.lk/view/extra-gazettes/2023/7/2339-19_E.pdf,doc-archive/2023/07/07/2339-19/2339-19_english.pdf
2339-21,https://documents.gov.lk/view/extra-gazettes/2023/7/2339-21_E.pdf,doc-archive/2023/07/07/2339-21/2339-21_english.pdf
2339-20,https://documents.gov.lk/view/extra-gazettes/2023/7/2339-20_E.pdf,doc-archive/2023/07/07/2339-20/2339-20_english.pdf
2339-22,https://documents.gov.lk/view/extra-gazettes/2023/7/2339-22_E.pdf,doc-archive/2023/07/07/2339-22/2339-22_english.pdf
2339-23,https://documents.gov.lk/view/extra-gazettes/2023/7/2339-23_E.pdf,doc-archive/2023/07/07/2339-23/2339-23_english.pdf
2339-24,https://documents.gov.lk/view/extra-gazettes/2023/7/2339-24_E.pdf,doc-archive/2023/07/07/2339-24/2339-24_english.pdf
2339-26,https://documents.gov.lk/view/extra-gazettes/2023/7/2339-26_E.pdf,doc-archive/2023/07/07/2339-26/2339-26_english.pdf
2339-25,https://documents.gov.lk/view/extra-gazettes/2023/7/2339-25_E.pdf,doc-archive/2023/07/07/2339-25/2339-25_english.pdf
2339-27,https://documents.gov.lk/view/extra-gazettes/2023/7/2339-27_E.pdf,doc-archive/2023/07/07/2339-27/2339-27_english.pdf
2339-28,https://documents.gov.lk/view/extra-gazettes/2023/7/2339-28_E.pdf,doc-archive/2023/07/07/2339-28/2339-28_english.pdf
2339-29,https://documents.gov.lk/view/extra-gazettes/2023/7/2339-29_E.pdf,doc-archive/2023/07/07/2339-29/2339-29_english.pdf
2339-30,https://documents.gov.lk/view/extra-gazettes/2023/7/2339-30_E.pdf,doc-archive/2023/07/07/2339-30/2339-30_english.pdf
2339-31,https://documents.gov.lk/view/extra-gazettes/2023/7/2339-31_E.pdf,doc-archive/2023/07/07/2339-31/2339-31_english.pdf
2339-33,https://documents.gov.lk/view/extra-gazettes/2023/7/2339-33_E.pdf,doc-archive/2023/07/07/2339-33/2339-33_english.pdf
2339-34,https://documents.gov.lk/view/extra-gazettes/2023/7/2339-34_E.pdf,doc-archive/2023/07/07/2339-34/2339-34_english.pdf
2339-35,https://documents.gov.lk/view/extra-gazettes/2023/7/2339-35_E.pdf,doc-archive/2023/07/07/2339-35/2339-35_english.pdf
2339-37,https://documents.gov.lk/view/extra-gazettes/2023/7/2339-37_E.pdf,doc-archive/2023/07/07/2339-37/2339-37_english.pdf
2339-36,https://documents.gov.lk/view/extra-gazettes/2023/7/2339-36_E.pdf,doc-archive/2023/07/07/2339-36/2339-36_english.pdf
2339-13,https://documents.gov.lk/view/extra-gazettes/2023/7/2339-13_E.pdf,doc-archive/2023/07/06/2339-13/2339-13_english.pdf
2339-14,https://documents.gov.lk/view/extra-gazettes/2023/7/2339-14_E.pdf,doc-archive/2023/07/06/2339-14/2339-14_english.pdf
2339-16,https://documents.gov.lk/view/extra-gazettes/2023/7/2339-16_E.pdf,doc-archive/2023/07/06/2339-16/2339-16_english.pdf
2339-11,https://documents.gov.lk/view/extra-gazettes/2023/7/2339-11_E.pdf,doc-archive/2023/07/05/2339-11/2339-11_english.pdf
2339-17,https://documents.gov.lk/view/extra-gazettes/2023/7/2339-17_E.pdf,doc-archive/2023/07/06/2339-17/2339-17_english.pdf
2339-12,https://documents.gov.lk/view/extra-gazettes/2023/7/2339-12_E.pdf,doc-archive/2023/07/05/2339-12/2339-12_english.pdf
2339-05,https://documents.gov.lk/view/extra-gazettes/2023/7/2339-05_E.pdf,doc-archive/2023/07/04/2339-05/2339-05_english.pdf
2339-06,https://documents.gov.lk/view/extra-gazettes/2023/7/2339-06_E.pdf,doc-archive/2023/07/04/2339-06/2339-06_english.pdf
2339-03,https://documents.gov.lk/view/extra-gazettes/2023/7/2339-03_E.pdf,doc-archive/2023/07/04/2339-03/2339-03_english.pdf
2339-07,https://documents.gov.lk/view/extra-gazettes/2023/7/2339-07_E.pdf,doc-archive/2023/07/04/2339-07/2339-07_english.pdf
2339-08,https://documents.gov.lk/view/extra-gazettes/2023/7/2339-08_E.pdf,doc-archive/2023/07/04/2339-08/2339-08_english.pdf
2339-09,https://documents.gov.lk/view/extra-gazettes/2023/7/2339-09_E.pdf,doc-archive/2023/07/04/2339-09/2339-09_english.pdf
2339-10,https://documents.gov.lk/view/extra-gazettes/2023/7/2339-10_E.pdf,doc-archive/2023/07/04/2339-10/2339-10_english.pdf
2343-04,https://documents.gov.lk/view/extra-gazettes/2023/7/2343-04_E.pdf,doc-archive/2023/07/04/2343-04/2343-04_english.pdf
2339-01,https://documents.gov.lk/view/extra-gazettes/2023/7/2339-01_E.pdf,doc-archive/2023/07/03/2339-01/2339-01_english.pdf
2339-02,https://documents.gov.lk/view/extra-gazettes/2023/7/2339-02_E.pdf,doc-archive/2023/07/03/2339-02/2339-02_english.pdf
2347-11,https://documents.gov.lk/view/extra-gazettes/2023/8/2347-11_E.pdf,doc-archive/2023/08/31/2347-11/2347-11_english.pdf
2347-12,https://documents.gov.lk/view/extra-gazettes/2023/8/2347-12_E.pdf,doc-archive/2023/08/31/2347-12/2347-12_english.pdf
2347-13,https://documents.gov.lk/view/extra-gazettes/2023/8/2347-13_E.pdf,doc-archive/2023/08/31/2347-13/2347-13_english.pdf
2347-14,https://documents.gov.lk/view/extra-gazettes/2023/8/2347-14_E.pdf,doc-archive/2023/08/31/2347-14/2347-14_english.pdf
2347-15,https://documents.gov.lk/view/extra-gazettes/2023/8/2347-15_E.pdf,doc-archive/2023/08/31/2347-15/2347-15_english.pdf
2347-06,https://documents.gov.lk/view/extra-gazettes/2023/8/2347-06_E.pdf,doc-archive/2023/08/29/2347-06/2347-06_english.pdf
2347-07,https://documents.gov.lk/view/extra-gazettes/2023/8/2347-07_E.pdf,doc-archive/2023/08/29/2347-07/2347-07_english.pdf
2347-08,https://documents.gov.lk/view/extra-gazettes/2023/8/2347-08_E.pdf,doc-archive/2023/08/29/2347-08/2347-08_english.pdf
2347-09,https://documents.gov.lk/view/extra-gazettes/2023/8/2347-09_E.pdf,doc-archive/2023/08/29/2347-09/2347-09_english.pdf
2347-10,https://documents.gov.lk/view/extra-gazettes/2023/8/2347-10_E.pdf,doc-archive/2023/08/29/2347-10/2347-10_english.pdf
2347-01,https://documents.gov.lk/view/extra-gazettes/2023/8/2347-01_E.pdf,doc-archive/2023/08/28/2347-01/2347-01_english.pdf
2347-03,https://documents.gov.lk/view/extra-gazettes/2023/8/2347-03_E.pdf,doc-archive/2023/08/28/2347-03/2347-03_english.pdf
2347-02,https://documents.gov.lk/view/extra-gazettes/2023/8/2347-02_E.pdf,doc-archive/2023/08/28/2347-02/2347-02_english.pdf
2347-04,https://documents.gov.lk/view/extra-gazettes/2023/8/2347-04_E.pdf,doc-archive/2023/08/28/2347-04/2347-04_english.pdf
2347-05,https://documents.gov.lk/view/extra-gazettes/2023/8/2347-05_E.pdf,doc-archive/2023/08/28/2347-05/2347-05_english.pdf
2346-46,https://documents.gov.lk/view/extra-gazettes/2023/8/2346-46_E.pdf,doc-archive/2023/08/24/2346-46/2346-46_english.pdf
2346-47,https://documents.gov.lk/view/extra-gazettes/2023/8/2346-47_E.pdf,doc-archive/2023/08/24/2346-47/2346-47_english.pdf
2346-50,https://documents.gov.lk/view/extra-gazettes/2023/8/2346-50_E.pdf,doc-archive/2023/08/24/2346-50/2346-50_english.pdf
2346-36,https://documents.gov.lk/view/extra-gazettes/2023/8/2346-36_E.pdf,doc-archive/2023/08/23/2346-36/2346-36_english.pdf
2346-38,https://documents.gov.lk/view/extra-gazettes/2023/8/2346-38_E.pdf,doc-archive/2023/08/23/2346-38/2346-38_english.pdf
2346-39,https://documents.gov.lk/view/extra-gazettes/2023/8/2346-39_E.pdf,doc-archive/2023/08/23/2346-39/2346-39_english.pdf
2346-40,https://documents.gov.lk/view/extra-gazettes/2023/8/2346-40_E.pdf,doc-archive/2023/08/23/2346-40/2346-40_english.pdf
2346-41,https://documents.gov.lk/view/extra-gazettes/2023/8/2346-41_E.pdf,doc-archive/2023/08/23/2346-41/2346-41_english.pdf
2346-37,https://documents.gov.lk/view/extra-gazettes/2023/8/2346-37_E.pdf,doc-archive/2023/08/23/2346-37/2346-37_english.pdf
2346-42,https://documents.gov.lk/view/extra-gazettes/2023/8/2346-42_E.pdf,doc-archive/2023/08/23/2346-42/2346-42_english.pdf
2346-43,https://documents.gov.lk/view/extra-gazettes/2023/8/2346-43_E.pdf,doc-archive/2023/08/23/2346-43/2346-43_english.pdf
2346-44,https://documents.gov.lk/view/extra-gazettes/2023/8/2346-44_E.pdf,doc-archive/2023/08/23/2346-44/2346-44_english.pdf
2346-18,https://documents.gov.lk/view/extra-gazettes/2023/8/2346-18_E.pdf,doc-archive/2023/08/22/2346-18/2346-18_english.pdf
2346-19,https://documents.gov.lk/view/extra-gazettes/2023/8/2346-19_E.pdf,doc-archive/2023/08/22/2346-19/2346-19_english.pdf
2346-20,https://documents.gov.lk/view/extra-gazettes/2023/8/2346-20_E.pdf,doc-archive/2023/08/22/2346-20/2346-20_english.pdf
2346-21,https://documents.gov.lk/view/extra-gazettes/2023/8/2346-21_E.pdf,doc-archive/2023/08/22/2346-21/2346-21_english.pdf
2346-22,https://documents.gov.lk/view/extra-gazettes/2023/8/2346-22_E.pdf,doc-archive/2023/08/22/2346-22/2346-22_english.pdf
2346-23,https://documents.gov.lk/view/extra-gazettes/2023/8/2346-23_E.pdf,doc-archive/2023/08/22/2346-23/2346-23_english.pdf
2346-24,https://documents.gov.lk/view/extra-gazettes/2023/8/2346-24_E.pdf,doc-archive/2023/08/22/2346-24/2346-24_english.pdf
2346-25,https://documents.gov.lk/view/extra-gazettes/2023/8/2346-25_E.pdf,doc-archive/2023/08/22/2346-25/2346-25_english.pdf
2346-26,https://documents.gov.lk/view/extra-gazettes/2023/8/2346-26_E.pdf,doc-archive/2023/08/22/2346-26/2346-26_english.pdf
2346-27,https://documents.gov.lk/view/extra-gazettes/2023/8/2346-27_E.pdf,doc-archive/2023/08/22/2346-27/2346-27_english.pdf
2346-28,https://documents.gov.lk/view/extra-gazettes/2023/8/2346-28_E.pdf,doc-archive/2023/08/22/2346-28/2346-28_english.pdf
2346-29,https://documents.gov.lk/view/extra-gazettes/2023/8/2346-29_E.pdf,doc-archive/2023/08/22/2346-29/2346-29_english.pdf
2346-30,https://documents.gov.lk/view/extra-gazettes/2023/8/2346-30_E.pdf,doc-archive/2023/08/22/2346-30/2346-30_english.pdf
2346-31,https://documents.gov.lk/view/extra-gazettes/2023/8/2346-31_E.pdf,doc-archive/2023/08/22/2346-31/2346-31_english.pdf
2346-32,https://documents.gov.lk/view/extra-gazettes/2023/8/2346-32_E.pdf,doc-archive/2023/08/22/2346-32/2346-32_english.pdf
2346-33,https://documents.gov.lk/view/extra-gazettes/2023/8/2346-33_E.pdf,doc-archive/2023/08/22/2346-33/2346-33_english.pdf
2346-34,https://documents.gov.lk/view/extra-gazettes/2023/8/2346-34_E.pdf,doc-archive/2023/08/22/2346-34/2346-34_english.pdf
2346-01,https://documents.gov.lk/view/extra-gazettes/2023/8/2346-01_E.pdf,doc-archive/2023/08/21/2346-01/2346-01_english.pdf
2346-35,https://documents.gov.lk/view/extra-gazettes/2023/8/2346-35_E.pdf,doc-archive/2023/08/22/2346-35/2346-35_english.pdf
2346-02,https://documents.gov.lk/view/extra-gazettes/2023/8/2346-02_E.pdf,doc-archive/2023/08/21/2346-02/2346-02_english.pdf
2346-03,https://documents.gov.lk/view/extra-gazettes/2023/8/2346-03_E.pdf,doc-archive/2023/08/21/2346-03/2346-03_english.pdf
2346-04,https://documents.gov.lk/view/extra-gazettes/2023/8/2346-04_E.pdf,doc-archive/2023/08/21/2346-04/2346-04_english.pdf
2346-05,https://documents.gov.lk/view/extra-gazettes/2023/8/2346-05_E.pdf,doc-archive/2023/08/21/2346-05/2346-05_english.pdf
2346-06,https://documents.gov.lk/view/extra-gazettes/2023/8/2346-06_E.pdf,doc-archive/2023/08/21/2346-06/2346-06_english.pdf
2346-07,https://documents.gov.lk/view/extra-gazettes/2023/8/2346-07_E.pdf,doc-archive/2023/08/21/2346-07/2346-07_english.pdf
2346-08,https://documents.gov.lk/view/extra-gazettes/2023/8/2346-08_E.pdf,doc-archive/2023/08/21/2346-08/2346-08_english.pdf
2346-09,https://documents.gov.lk/view/extra-gazettes/2023/8/2346-09_E.pdf,doc-archive/2023/08/21/2346-09/2346-09_english.pdf
2346-10,https://documents.gov.lk/view/extra-gazettes/2023/8/2346-10_E.pdf,doc-archive/2023/08/21/2346-10/2346-10_english.pdf
2346-14,https://documents.gov.lk/view/extra-gazettes/2023/8/2346-14_E.pdf,doc-archive/2023/08/21/2346-14/2346-14_english.pdf
2346-15,https://documents.gov.lk/view/extra-gazettes/2023/8/2346-15_E.pdf,doc-archive/2023/08/21/2346-15/2346-15_english.pdf
2346-16,https://documents.gov.lk/view/extra-gazettes/2023/8/2346-16_E.pdf,doc-archive/2023/08/21/2346-16/2346-16_english.pdf
2346-17,https://documents.gov.lk/view/extra-gazettes/2023/8/2346-17_E.pdf,doc-archive/2023/08/21/2346-17/2346-17_english.pdf
2344-18,https://documents.gov.lk/view/extra-gazettes/2023/8/2344-18_E.pdf,doc-archive/2023/08/19/2344-18/2344-18_english.pdf
2345-79,https://documents.gov.lk/view/extra-gazettes/2023/8/2345-79_E.pdf,doc-archive/2023/08/19/2345-79/2345-79_english.pdf
2345-80,https://documents.gov.lk/view/extra-gazettes/2023/8/2345-80_E.pdf,doc-archive/2023/08/19/2345-80/2345-80_english.pdf
2345-81,https://documents.gov.lk/view/extra-gazettes/2023/8/2345-81_E.pdf,doc-archive/2023/08/19/2345-81/2345-81_english.pdf
2345-82,https://documents.gov.lk/view/extra-gazettes/2023/8/2345-82_E.pdf,doc-archive/2023/08/19/2345-82/2345-82_english.pdf
2345-83,https://documents.gov.lk/view/extra-gazettes/2023/8/2345-83_E.pdf,doc-archive/2023/08/19/2345-83/2345-83_english.pdf
2345-73,https://documents.gov.lk/view/extra-gazettes/2023/8/2345-73_E.pdf,doc-archive/2023/08/18/2345-73/2345-73_english.pdf
2345-74,https://documents.gov.lk/view/extra-gazettes/2023/8/2345-74_E.pdf,doc-archive/2023/08/18/2345-74/2345-74_english.pdf
2345-76,https://documents.gov.lk/view/extra-gazettes/2023/8/2345-76_E.pdf,doc-archive/2023/08/18/2345-76/2345-76_english.pdf
2345-77,https://documents.gov.lk/view/extra-gazettes/2023/8/2345-77_E.pdf,doc-archive/2023/08/18/2345-77/2345-77_english.pdf
2345-78,https://documents.gov.lk/view/extra-gazettes/2023/8/2345-78_E.pdf,doc-archive/2023/08/18/2345-78/2345-78_english.pdf
2345-51,https://documents.gov.lk/view/extra-gazettes/2023/8/2345-51_E.pdf,doc-archive/2023/08/17/2345-51/2345-51_english.pdf
2345-52,https://documents.gov.lk/view/extra-gazettes/2023/8/2345-52_E.pdf,doc-archive/2023/08/17/2345-52/2345-52_english.pdf
2345-53,https://documents.gov.lk/view/extra-gazettes/2023/8/2345-53_E.pdf,doc-archive/2023/08/17/2345-53/2345-53_english.pdf
2345-54,https://documents.gov.lk/view/extra-gazettes/2023/8/2345-54_E.pdf,doc-archive/2023/08/17/2345-54/2345-54_english.pdf
2345-55,https://documents.gov.lk/view/extra-gazettes/2023/8/2345-55_E.pdf,doc-archive/2023/08/17/2345-55/2345-55_english.pdf
2345-56,https://documents.gov.lk/view/extra-gazettes/2023/8/2345-56_E.pdf,doc-archive/2023/08/17/2345-56/2345-56_english.pdf
2345-57,https://documents.gov.lk/view/extra-gazettes/2023/8/2345-57_E.pdf,doc-archive/2023/08/17/2345-57/2345-57_english.pdf
2345-58,https://documents.gov.lk/view/extra-gazettes/2023/8/2345-58_E.pdf,doc-archive/2023/08/17/2345-58/2345-58_english.pdf
2345-59,https://documents.gov.lk/view/extra-gazettes/2023/8/2345-59_E.pdf,doc-archive/2023/08/17/2345-59/2345-59_english.pdf
2345-60,https://documents.gov.lk/view/extra-gazettes/2023/8/2345-60_E.pdf,doc-archive/2023/08/17/2345-60/2345-60_english.pdf
2345-61,https://documents.gov.lk/view/extra-gazettes/2023/8/2345-61_E.pdf,doc-archive/2023/08/17/2345-61/2345-61_english.pdf
2345-64,https://documents.gov.lk/view/extra-gazettes/2023/8/2345-64_E.pdf,doc-archive/2023/08/17/2345-64/2345-64_english.pdf
2345-66,https://documents.gov.lk/view/extra-gazettes/2023/8/2345-66_E.pdf,doc-archive/2023/08/17/2345-66/2345-66_english.pdf
2345-67,https://documents.gov.lk/view/extra-gazettes/2023/8/2345-67_E.pdf,doc-archive/2023/08/17/2345-67/2345-67_english.pdf
2345-68,https://documents.gov.lk/view/extra-gazettes/2023/8/2345-68_E.pdf,doc-archive/2023/08/17/2345-68/2345-68_english.pdf
2345-69,https://documents.gov.lk/view/extra-gazettes/2023/8/2345-69_E.pdf,doc-archive/2023/08/17/2345-69/2345-69_english.pdf
2345-70,https://documents.gov.lk/view/extra-gazettes/2023/8/2345-70_E.pdf,doc-archive/2023/08/17/2345-70/2345-70_english.pdf
2345-71,https://documents.gov.lk/view/extra-gazettes/2023/8/2345-71_E.pdf,doc-archive/2023/08/17/2345-71/2345-71_english.pdf
2345-72,https://documents.gov.lk/view/extra-gazettes/2023/8/2345-72_E.pdf,doc-archive/2023/08/17/2345-72/2345-72_english.pdf
2345-42,https://documents.gov.lk/view/extra-gazettes/2023/8/2345-42_E.pdf,doc-archive/2023/08/16/2345-42/2345-42_english.pdf
2345-43,https://documents.gov.lk/view/extra-gazettes/2023/8/2345-43_E.pdf,doc-archive/2023/08/16/2345-43/2345-43_english.pdf
2345-44,https://documents.gov.lk/view/extra-gazettes/2023/8/2345-44_E.pdf,doc-archive/2023/08/16/2345-44/2345-44_english.pdf
2345-45,https://documents.gov.lk/view/extra-gazettes/2023/8/2345-45_E.pdf,doc-archive/2023/08/16/2345-45/2345-45_english.pdf
2345-46,https://documents.gov.lk/view/extra-gazettes/2023/8/2345-46_E.pdf,doc-archive/2023/08/16/2345-46/2345-46_english.pdf
2345-47,https://documents.gov.lk/view/extra-gazettes/2023/8/2345-47_E.pdf,doc-archive/2023/08/16/2345-47/2345-47_english.pdf
2345-48,https://documents.gov.lk/view/extra-gazettes/2023/8/2345-48_E.pdf,doc-archive/2023/08/16/2345-48/2345-48_english.pdf
2345-49,https://documents.gov.lk/view/extra-gazettes/2023/8/2345-49_E.pdf,doc-archive/2023/08/16/2345-49/2345-49_english.pdf
2345-50,https://documents.gov.lk/view/extra-gazettes/2023/8/2345-50_E.pdf,doc-archive/2023/08/16/2345-50/2345-50_english.pdf
2345-16,https://documents.gov.lk/view/extra-gazettes/2023/8/2345-16_E.pdf,doc-archive/2023/08/15/2345-16/2345-16_english.pdf
2345-17,https://documents.gov.lk/view/extra-gazettes/2023/8/2345-17_E.pdf,doc-archive/2023/08/15/2345-17/2345-17_english.pdf
2345-18,https://documents.gov.lk/view/extra-gazettes/2023/8/2345-18_E.pdf,doc-archive/2023/08/15/2345-18/2345-18_english.pdf
2345-19,https://documents.gov.lk/view/extra-gazettes/2023/8/2345-19_E.pdf,doc-archive/2023/08/15/2345-19/2345-19_english.pdf
2345-20,https://documents.gov.lk/view/extra-gazettes/2023/8/2345-20_E.pdf,doc-archive/2023/08/15/2345-20/2345-20_english.pdf
2345-21,https://documents.gov.lk/view/extra-gazettes/2023/8/2345-21_E.pdf,doc-archive/2023/08/15/2345-21/2345-21_english.pdf
2345-22,https://documents.gov.lk/view/extra-gazettes/2023/8/2345-22_E.pdf,doc-archive/2023/08/15/2345-22/2345-22_english.pdf
2345-23,https://documents.gov.lk/view/extra-gazettes/2023/8/2345-23_E.pdf,doc-archive/2023/08/15/2345-23/2345-23_english.pdf
2345-24,https://documents.gov.lk/view/extra-gazettes/2023/8/2345-24_E.pdf,doc-archive/2023/08/15/2345-24/2345-24_english.pdf
2345-25,https://documents.gov.lk/view/extra-gazettes/2023/8/2345-25_E.pdf,doc-archive/2023/08/15/2345-25/2345-25_english.pdf
2345-26,https://documents.gov.lk/view/extra-gazettes/2023/8/2345-26_E.pdf,doc-archive/2023/08/15/2345-26/2345-26_english.pdf
2345-27,https://documents.gov.lk/view/extra-gazettes/2023/8/2345-27_E.pdf,doc-archive/2023/08/15/2345-27/2345-27_english.pdf
2345-28,https://documents.gov.lk/view/extra-gazettes/2023/8/2345-28_E.pdf,doc-archive/2023/08/15/2345-28/2345-28_english.pdf
2345-29,https://documents.gov.lk/view/extra-gazettes/2023/8/2345-29_E.pdf,doc-archive/2023/08/15/2345-29/2345-29_english.pdf
2345-30,https://documents.gov.lk/view/extra-gazettes/2023/8/2345-30_E.pdf,doc-archive/2023/08/15/2345-30/2345-30_english.pdf
2345-31,https://documents.gov.lk/view/extra-gazettes/2023/8/2345-31_E.pdf,doc-archive/2023/08/15/2345-31/2345-31_english.pdf
2345-32,https://documents.gov.lk/view/extra-gazettes/2023/8/2345-32_E.pdf,doc-archive/2023/08/15/2345-32/2345-32_english.pdf
2345-33,https://documents.gov.lk/view/extra-gazettes/2023/8/2345-33_E.pdf,doc-archive/2023/08/15/2345-33/2345-33_english.pdf
2345-34,https://documents.gov.lk/view/extra-gazettes/2023/8/2345-34_E.pdf,doc-archive/2023/08/15/2345-34/2345-34_english.pdf
2345-35,https://documents.gov.lk/view/extra-gazettes/2023/8/2345-35_E.pdf,doc-archive/2023/08/15/2345-35/2345-35_english.pdf
2345-36,https://documents.gov.lk/view/extra-gazettes/2023/8/2345-36_E.pdf,doc-archive/2023/08/15/2345-36/2345-36_english.pdf
2345-37,https://documents.gov.lk/view/extra-gazettes/2023/8/2345-37_E.pdf,doc-archive/2023/08/15/2345-37/2345-37_english.pdf
2345-38,https://documents.gov.lk/view/extra-gazettes/2023/8/2345-38_E.pdf,doc-archive/2023/08/15/2345-38/2345-38_english.pdf
2345-39,https://documents.gov.lk/view/extra-gazettes/2023/8/2345-39_E.pdf,doc-archive/2023/08/15/2345-39/2345-39_english.pdf
2345-40,https://documents.gov.lk/view/extra-gazettes/2023/8/2345-40_E.pdf,doc-archive/2023/08/15/2345-40/2345-40_english.pdf
2345-41,https://documents.gov.lk/view/extra-gazettes/2023/8/2345-41_E.pdf,doc-archive/2023/08/15/2345-41/2345-41_english.pdf
2345-01,https://documents.gov.lk/view/extra-gazettes/2023/8/2345-01_E.pdf,doc-archive/2023/08/14/2345-01/2345-01_english.pdf
2345-02,https://documents.gov.lk/view/extra-gazettes/2023/8/2345-02_E.pdf,doc-archive/2023/08/14/2345-02/2345-02_english.pdf
2345-04,https://documents.gov.lk/view/extra-gazettes/2023/8/2345-04_E.pdf,doc-archive/2023/08/14/2345-04/2345-04_english.pdf
2345-03,https://documents.gov.lk/view/extra-gazettes/2023/8/2345-03_E.pdf,doc-archive/2023/08/14/2345-03/2345-03_english.pdf
2345-05,https://documents.gov.lk/view/extra-gazettes/2023/8/2345-05_E.pdf,doc-archive/2023/08/14/2345-05/2345-05_english.pdf
2345-06,https://documents.gov.lk/view/extra-gazettes/2023/8/2345-06_E.pdf,doc-archive/2023/08/14/2345-06/2345-06_english.pdf
2345-07,https://documents.gov.lk/view/extra-gazettes/2023/8/2345-07_E.pdf,doc-archive/2023/08/14/2345-07/2345-07_english.pdf
2345-08,https://documents.gov.lk/view/extra-gazettes/2023/8/2345-08_E.pdf,doc-archive/2023/08/14/2345-08/2345-08_english.pdf
2345-09,https://documents.gov.lk/view/extra-gazettes/2023/8/2345-09_E.pdf,doc-archive/2023/08/14/2345-09/2345-09_english.pdf
2345-10,https://documents.gov.lk/view/extra-gazettes/2023/8/2345-10_E.pdf,doc-archive/2023/08/14/2345-10/2345-10_english.pdf
2345-11,https://documents.gov.lk/view/extra-gazettes/2023/8/2345-11_E.pdf,doc-archive/2023/08/14/2345-11/2345-11_english.pdf
2345-12,https://documents.gov.lk/view/extra-gazettes/2023/8/2345-12_E.pdf,doc-archive/2023/08/14/2345-12/2345-12_english.pdf
2345-13,https://documents.gov.lk/view/extra-gazettes/2023/8/2345-13_E.pdf,doc-archive/2023/08/14/2345-13/2345-13_english.pdf
2345-14,https://documents.gov.lk/view/extra-gazettes/2023/8/2345-14_E.pdf,doc-archive/2023/08/14/2345-14/2345-14_english.pdf
2345-15,https://documents.gov.lk/view/extra-gazettes/2023/8/2345-15_E.pdf,doc-archive/2023/08/14/2345-15/2345-15_english.pdf
2344-28,https://documents.gov.lk/view/extra-gazettes/2023/8/2344-28_E.pdf,doc-archive/2023/08/11/2344-28/2344-28_english.pdf
2344-29,https://documents.gov.lk/view/extra-gazettes/2023/8/2344-29_E.pdf,doc-archive/2023/08/11/2344-29/2344-29_english.pdf
2344-30,https://documents.gov.lk/view/extra-gazettes/2023/8/2344-30_E.pdf,doc-archive/2023/08/11/2344-30/2344-30_english.pdf
2344-31,https://documents.gov.lk/view/extra-gazettes/2023/8/2344-31_E.pdf,doc-archive/2023/08/11/2344-31/2344-31_english.pdf
2344-32,https://documents.gov.lk/view/extra-gazettes/2023/8/2344-32_E.pdf,doc-archive/2023/08/11/2344-32/2344-32_english.pdf
2344-33,https://documents.gov.lk/view/extra-gazettes/2023/8/2344-33_E.pdf,doc-archive/2023/08/11/2344-33/2344-33_english.pdf
2344-34,https://documents.gov.lk/view/extra-gazettes/2023/8/2344-34_E.pdf,doc-archive/2023/08/11/2344-34/2344-34_english.pdf
2344-35,https://documents.gov.lk/view/extra-gazettes/2023/8/2344-35_E.pdf,doc-archive/2023/08/11/2344-35/2344-35_english.pdf
2344-36,https://documents.gov.lk/view/extra-gazettes/2023/8/2344-36_E.pdf,doc-archive/2023/08/11/2344-36/2344-36_english.pdf
2344-37,https://documents.gov.lk/view/extra-gazettes/2023/8/2344-37_E.pdf,doc-archive/2023/08/11/2344-37/2344-37_english.pdf
2344-38,https://documents.gov.lk/view/extra-gazettes/2023/8/2344-38_E.pdf,doc-archive/2023/08/11/2344-38/2344-38_english.pdf
2344-39,https://documents.gov.lk/view/extra-gazettes/2023/8/2344-39_E.pdf,doc-archive/2023/08/11/2344-39/2344-39_english.pdf
2344-40,https://documents.gov.lk/view/extra-gazettes/2023/8/2344-40_E.pdf,doc-archive/2023/08/11/2344-40/2344-40_english.pdf
2344-23,https://documents.gov.lk/view/extra-gazettes/2023/8/2344-23_E.pdf,doc-archive/2023/08/10/2344-23/2344-23_english.pdf
2344-24,https://documents.gov.lk/view/extra-gazettes/2023/8/2344-24_E.pdf,doc-archive/2023/08/10/2344-24/2344-24_english.pdf
2344-25,https://documents.gov.lk/view/extra-gazettes/2023/8/2344-25_E.pdf,doc-archive/2023/08/10/2344-25/2344-25_english.pdf
2344-26,https://documents.gov.lk/view/extra-gazettes/2023/8/2344-26_E.pdf,doc-archive/2023/08/10/2344-26/2344-26_english.pdf
2344-27,https://documents.gov.lk/view/extra-gazettes/2023/8/2344-27_E.pdf,doc-archive/2023/08/10/2344-27/2344-27_english.pdf
2344-17,https://documents.gov.lk/view/extra-gazettes/2023/8/2344-17_E.pdf,doc-archive/2023/08/09/2344-17/2344-17_english.pdf
2344-19,https://documents.gov.lk/view/extra-gazettes/2023/8/2344-19_E.pdf,doc-archive/2023/08/09/2344-19/2344-19_english.pdf
2344-20,https://documents.gov.lk/view/extra-gazettes/2023/8/2344-20_E.pdf,doc-archive/2023/08/09/2344-20/2344-20_english.pdf
2344-21,https://documents.gov.lk/view/extra-gazettes/2023/8/2344-21_E.pdf,doc-archive/2023/08/09/2344-21/2344-21_english.pdf
2344-22,https://documents.gov.lk/view/extra-gazettes/2023/8/2344-22_E.pdf,doc-archive/2023/08/09/2344-22/2344-22_english.pdf
2344-15,https://documents.gov.lk/view/extra-gazettes/2023/8/2344-15_E.pdf,doc-archive/2023/08/08/2344-15/2344-15_english.pdf
2344-01,https://documents.gov.lk/view/extra-gazettes/2023/8/2344-01_E.pdf,doc-archive/2023/08/07/2344-01/2344-01_english.pdf
2344-02,https://documents.gov.lk/view/extra-gazettes/2023/8/2344-02_E.pdf,doc-archive/2023/08/07/2344-02/2344-02_english.pdf
2344-16,https://documents.gov.lk/view/extra-gazettes/2023/8/2344-16_E.pdf,doc-archive/2023/08/08/2344-16/2344-16_english.pdf
2344-04,https://documents.gov.lk/view/extra-gazettes/2023/8/2344-04_E.pdf,doc-archive/2023/08/07/2344-04/2344-04_english.pdf
2344-05,https://documents.gov.lk/view/extra-gazettes/2023/8/2344-05_E.pdf,doc-archive/2023/08/07/2344-05/2344-05_english.pdf
2344-06,https://documents.gov.lk/view/extra-gazettes/2023/8/2344-06_E.pdf,doc-archive/2023/08/07/2344-06/2344-06_english.pdf
2344-07,https://documents.gov.lk/view/extra-gazettes/2023/8/2344-07_E.pdf,doc-archive/2023/08/07/2344-07/2344-07_english.pdf
2344-08,https://documents.gov.lk/view/extra-gazettes/2023/8/2344-08_E.pdf,doc-archive/2023/08/07/2344-08/2344-08_english.pdf
2344-09,https://documents.gov.lk/view/extra-gazettes/2023/8/2344-09_E.pdf,doc-archive/2023/08/07/2344-09/2344-09_english.pdf
2343-61,https://documents.gov.lk/view/extra-gazettes/2023/8/2343-61_E.pdf,doc-archive/2023/08/05/2343-61/2343-61_english.pdf
2343-63,https://documents.gov.lk/view/extra-gazettes/2023/8/2343-63_E.pdf,doc-archive/2023/08/05/2343-63/2343-63_english.pdf
2343-62,https://documents.gov.lk/view/extra-gazettes/2023/8/2343-62_E.pdf,doc-archive/2023/08/05/2343-62/2343-62_english.pdf
2343-64,https://documents.gov.lk/view/extra-gazettes/2023/8/2343-64_E.pdf,doc-archive/2023/08/05/2343-64/2343-64_english.pdf
2343-65,https://documents.gov.lk/view/extra-gazettes/2023/8/2343-65_E.pdf,doc-archive/2023/08/05/2343-65/2343-65_english.pdf
2343-66,https://documents.gov.lk/view/extra-gazettes/2023/8/2343-66_E.pdf,doc-archive/2023/08/05/2343-66/2343-66_english.pdf
2343-67,https://documents.gov.lk/view/extra-gazettes/2023/8/2343-67_E.pdf,doc-archive/2023/08/05/2343-67/2343-67_english.pdf
2343-68,https://documents.gov.lk/view/extra-gazettes/2023/8/2343-68_E.pdf,doc-archive/2023/08/05/2343-68/2343-68_english.pdf
2343-43,https://documents.gov.lk/view/extra-gazettes/2023/8/2343-43_E.pdf,doc-archive/2023/08/04/2343-43/2343-43_english.pdf
2343-44,https://documents.gov.lk/view/extra-gazettes/2023/8/2343-44_E.pdf,doc-archive/2023/08/04/2343-44/2343-44_english.pdf
2343-46,https://documents.gov.lk/view/extra-gazettes/2023/8/2343-46_E.pdf,doc-archive/2023/08/04/2343-46/2343-46_english.pdf
2343-45,https://documents.gov.lk/view/extra-gazettes/2023/8/2343-45_E.pdf,doc-archive/2023/08/04/2343-45/2343-45_english.pdf
2343-47,https://documents.gov.lk/view/extra-gazettes/2023/8/2343-47_E.pdf,doc-archive/2023/08/04/2343-47/2343-47_english.pdf
2343-48,https://documents.gov.lk/view/extra-gazettes/2023/8/2343-48_E.pdf,doc-archive/2023/08/04/2343-48/2343-48_english.pdf
2343-49,https://documents.gov.lk/view/extra-gazettes/2023/8/2343-49_E.pdf,doc-archive/2023/08/04/2343-49/2343-49_english.pdf
2343-50,https://documents.gov.lk/view/extra-gazettes/2023/8/2343-50_E.pdf,doc-archive/2023/08/04/2343-50/2343-50_english.pdf
2343-51,https://documents.gov.lk/view/extra-gazettes/2023/8/2343-51_E.pdf,doc-archive/2023/08/04/2343-51/2343-51_english.pdf
2343-52,https://documents.gov.lk/view/extra-gazettes/2023/8/2343-52_E.pdf,doc-archive/2023/08/04/2343-52/2343-52_english.pdf
2343-54,https://documents.gov.lk/view/extra-gazettes/2023/8/2343-54_E.pdf,doc-archive/2023/08/04/2343-54/2343-54_english.pdf
2343-55,https://documents.gov.lk/view/extra-gazettes/2023/8/2343-55_E.pdf,doc-archive/2023/08/04/2343-55/2343-55_english.pdf
2343-56,https://documents.gov.lk/view/extra-gazettes/2023/8/2343-56_E.pdf,doc-archive/2023/08/04/2343-56/2343-56_english.pdf
2343-57,https://documents.gov.lk/view/extra-gazettes/2023/8/2343-57_E.pdf,doc-archive/2023/08/04/2343-57/2343-57_english.pdf
2343-58,https://documents.gov.lk/view/extra-gazettes/2023/8/2343-58_E.pdf,doc-archive/2023/08/04/2343-58/2343-58_english.pdf
2343-59,https://documents.gov.lk/view/extra-gazettes/2023/8/2343-59_E.pdf,doc-archive/2023/08/04/2343-59/2343-59_english.pdf
2343-60,https://documents.gov.lk/view/extra-gazettes/2023/8/2343-60_E.pdf,doc-archive/2023/08/04/2343-60/2343-60_english.pdf
2343-30,https://documents.gov.lk/view/extra-gazettes/2023/8/2343-30_E.pdf,doc-archive/2023/08/03/2343-30/2343-30_english.pdf
2343-31,https://documents.gov.lk/view/extra-gazettes/2023/8/2343-31_E.pdf,doc-archive/2023/08/03/2343-31/2343-31_english.pdf
2343-33,https://documents.gov.lk/view/extra-gazettes/2023/8/2343-33_E.pdf,doc-archive/2023/08/03/2343-33/2343-33_english.pdf
2343-32,https://documents.gov.lk/view/extra-gazettes/2023/8/2343-32_E.pdf,doc-archive/2023/08/03/2343-32/2343-32_english.pdf
2343-34,https://documents.gov.lk/view/extra-gazettes/2023/8/2343-34_E.pdf,doc-archive/2023/08/03/2343-34/2343-34_english.pdf
2343-35,https://documents.gov.lk/view/extra-gazettes/2023/8/2343-35_E.pdf,doc-archive/2023/08/03/2343-35/2343-35_english.pdf
2343-36,https://documents.gov.lk/view/extra-gazettes/2023/8/2343-36_E.pdf,doc-archive/2023/08/03/2343-36/2343-36_english.pdf
2343-37,https://documents.gov.lk/view/extra-gazettes/2023/8/2343-37_E.pdf,doc-archive/2023/08/03/2343-37/2343-37_english.pdf
2343-38,https://documents.gov.lk/view/extra-gazettes/2023/8/2343-38_E.pdf,doc-archive/2023/08/03/2343-38/2343-38_english.pdf
2343-39,https://documents.gov.lk/view/extra-gazettes/2023/8/2343-39_E.pdf,doc-archive/2023/08/03/2343-39/2343-39_english.pdf
2343-40,https://documents.gov.lk/view/extra-gazettes/2023/8/2343-40_E.pdf,doc-archive/2023/08/03/2343-40/2343-40_english.pdf
2343-41,https://documents.gov.lk/view/extra-gazettes/2023/8/2343-41_E.pdf,doc-archive/2023/08/03/2343-41/2343-41_english.pdf
2343-42,https://documents.gov.lk/view/extra-gazettes/2023/8/2343-42_E.pdf,doc-archive/2023/08/03/2343-42/2343-42_english.pdf
2343-12,https://documents.gov.lk/view/extra-gazettes/2023/8/2343-12_E.pdf,doc-archive/2023/08/02/2343-12/2343-12_english.pdf
2343-13,https://documents.gov.lk/view/extra-gazettes/2023/8/2343-13_E.pdf,doc-archive/2023/08/02/2343-13/2343-13_english.pdf
2343-14,https://documents.gov.lk/view/extra-gazettes/2023/8/2343-14_E.pdf,doc-archive/2023/08/02/2343-14/2343-14_english.pdf
2343-15,https://documents.gov.lk/view/extra-gazettes/2023/8/2343-15_E.pdf,doc-archive/2023/08/02/2343-15/2343-15_english.pdf
2343-16,https://documents.gov.lk/view/extra-gazettes/2023/8/2343-16_E.pdf,doc-archive/2023/08/02/2343-16/2343-16_english.pdf
2343-18,https://documents.gov.lk/view/extra-gazettes/2023/8/2343-18_E.pdf,doc-archive/2023/08/02/2343-18/2343-18_english.pdf
2343-17,https://documents.gov.lk/view/extra-gazettes/2023/8/2343-17_E.pdf,doc-archive/2023/08/02/2343-17/2343-17_english.pdf
2343-19,https://documents.gov.lk/view/extra-gazettes/2023/8/2343-19_E.pdf,doc-archive/2023/08/02/2343-19/2343-19_english.pdf
2343-20,https://documents.gov.lk/view/extra-gazettes/2023/8/2343-20_E.pdf,doc-archive/2023/08/02/2343-20/2343-20_english.pdf
2343-21,https://documents.gov.lk/view/extra-gazettes/2023/8/2343-21_E.pdf,doc-archive/2023/08/02/2343-21/2343-21_english.pdf
2343-22,https://documents.gov.lk/view/extra-gazettes/2023/8/2343-22_E.pdf,doc-archive/2023/08/02/2343-22/2343-22_english.pdf
2343-23,https://documents.gov.lk/view/extra-gazettes/2023/8/2343-23_E.pdf,doc-archive/2023/08/02/2343-23/2343-23_english.pdf
2343-24,https://documents.gov.lk/view/extra-gazettes/2023/8/2343-24_E.pdf,doc-archive/2023/08/02/2343-24/2343-24_english.pdf
2343-25,https://documents.gov.lk/view/extra-gazettes/2023/8/2343-25_E.pdf,doc-archive/2023/08/02/2343-25/2343-25_english.pdf
2343-26,https://documents.gov.lk/view/extra-gazettes/2023/8/2343-26_E.pdf,doc-archive/2023/08/02/2343-26/2343-26_english.pdf
2343-27,https://documents.gov.lk/view/extra-gazettes/2023/8/2343-27_E.pdf,doc-archive/2023/08/02/2343-27/2343-27_english.pdf
2343-28,https://documents.gov.lk/view/extra-gazettes/2023/8/2343-28_E.pdf,doc-archive/2023/08/02/2343-28/2343-28_english.pdf
2343-29,https://documents.gov.lk/view/extra-gazettes/2023/8/2343-29_E.pdf,doc-archive/2023/08/02/2343-29/2343-29_english.pdf
2343-08,https://documents.gov.lk/view/extra-gazettes/2023/8/2343-08_E.pdf,doc-archive/2023/08/01/2343-08/2343-08_english.pdf
2343-07,https://documents.gov.lk/view/extra-gazettes/2023/8/2343-07_E.pdf,doc-archive/2023/08/01/2343-07/2343-07_english.pdf
2343-09,https://documents.gov.lk/view/extra-gazettes/2023/8/2343-09_E.pdf,doc-archive/2023/08/01/2343-09/2343-09_english.pdf
2343-10,https://documents.gov.lk/view/extra-gazettes/2023/8/2343-10_E.pdf,doc-archive/2023/08/01/2343-10/2343-10_english.pdf
2343-11,https://documents.gov.lk/view/extra-gazettes/2023/8/2343-11_E.pdf,doc-archive/2023/08/01/2343-11/2343-11_english.pdf
2351-34,https://documents.gov.lk/view/extra-gazettes/2023/9/2351-34_E.pdf,doc-archive/2023/09/30/2351-34/2351-34_english.pdf
2351-36,https://documents.gov.lk/view/extra-gazettes/2023/9/2351-36_E.pdf,doc-archive/2023/09/30/2351-36/2351-36_english.pdf
2351-35,https://documents.gov.lk/view/extra-gazettes/2023/9/2351-35_E.pdf,doc-archive/2023/09/30/2351-35/2351-35_english.pdf
2351-37,https://documents.gov.lk/view/extra-gazettes/2023/9/2351-37_E.pdf,doc-archive/2023/09/30/2351-37/2351-37_english.pdf
2351-38,https://documents.gov.lk/view/extra-gazettes/2023/9/2351-38_E.pdf,doc-archive/2023/09/30/2351-38/2351-38_english.pdf
2351-39,https://documents.gov.lk/view/extra-gazettes/2023/9/2351-39_E.pdf,doc-archive/2023/09/30/2351-39/2351-39_english.pdf
2351-40,https://documents.gov.lk/view/extra-gazettes/2023/9/2351-40_E.pdf,doc-archive/2023/09/30/2351-40/2351-40_english.pdf
2351-32,https://documents.gov.lk/view/extra-gazettes/2023/9/2351-32_E.pdf,doc-archive/2023/09/28/2351-32/2351-32_english.pdf
2351-33,https://documents.gov.lk/view/extra-gazettes/2023/9/2351-33_E.pdf,doc-archive/2023/09/28/2351-33/2351-33_english.pdf
2351-19,https://documents.gov.lk/view/extra-gazettes/2023/9/2351-19_E.pdf,doc-archive/2023/09/27/2351-19/2351-19_english.pdf
2351-20,https://documents.gov.lk/view/extra-gazettes/2023/9/2351-20_E.pdf,doc-archive/2023/09/27/2351-20/2351-20_english.pdf
2351-21,https://documents.gov.lk/view/extra-gazettes/2023/9/2351-21_E.pdf,doc-archive/2023/09/27/2351-21/2351-21_english.pdf
2351-22,https://documents.gov.lk/view/extra-gazettes/2023/9/2351-22_E.pdf,doc-archive/2023/09/27/2351-22/2351-22_english.pdf
2351-23,https://documents.gov.lk/view/extra-gazettes/2023/9/2351-23_E.pdf,doc-archive/2023/09/27/2351-23/2351-23_english.pdf
2351-24,https://documents.gov.lk/view/extra-gazettes/2023/9/2351-24_E.pdf,doc-archive/2023/09/27/2351-24/2351-24_english.pdf
2351-25,https://documents.gov.lk/view/extra-gazettes/2023/9/2351-25_E.pdf,doc-archive/2023/09/27/2351-25/2351-25_english.pdf
2351-26,https://documents.gov.lk/view/extra-gazettes/2023/9/2351-26_E.pdf,doc-archive/2023/09/27/2351-26/2351-26_english.pdf
2351-27,https://documents.gov.lk/view/extra-gazettes/2023/9/2351-27_E.pdf,doc-archive/2023/09/27/2351-27/2351-27_english.pdf
2351-28,https://documents.gov.lk/view/extra-gazettes/2023/9/2351-28_E.pdf,doc-archive/2023/09/27/2351-28/2351-28_english.pdf
2351-29,https://documents.gov.lk/view/extra-gazettes/2023/9/2351-29_E.pdf,doc-archive/2023/09/27/2351-29/2351-29_english.pdf
2351-30,https://documents.gov.lk/view/extra-gazettes/2023/9/2351-30_E.pdf,doc-archive/2023/09/27/2351-30/2351-30_english.pdf
2351-10,https://documents.gov.lk/view/extra-gazettes/2023/9/2351-10_E.pdf,doc-archive/2023/09/26/2351-10/2351-10_english.pdf
2351-11,https://documents.gov.lk/view/extra-gazettes/2023/9/2351-11_E.pdf,doc-archive/2023/09/26/2351-11/2351-11_english.pdf
2351-12,https://documents.gov.lk/view/extra-gazettes/2023/9/2351-12_E.pdf,doc-archive/2023/09/26/2351-12/2351-12_english.pdf
2351-13,https://documents.gov.lk/view/extra-gazettes/2023/9/2351-13_E.pdf,doc-archive/2023/09/26/2351-13/2351-13_english.pdf
2351-14,https://documents.gov.lk/view/extra-gazettes/2023/9/2351-14_E.pdf,doc-archive/2023/09/26/2351-14/2351-14_english.pdf
2351-15,https://documents.gov.lk/view/extra-gazettes/2023/9/2351-15_E.pdf,doc-archive/2023/09/26/2351-15/2351-15_english.pdf
2351-16,https://documents.gov.lk/view/extra-gazettes/2023/9/2351-16_E.pdf,doc-archive/2023/09/26/2351-16/2351-16_english.pdf
2351-17,https://documents.gov.lk/view/extra-gazettes/2023/9/2351-17_E.pdf,doc-archive/2023/09/26/2351-17/2351-17_english.pdf
2351-18,https://documents.gov.lk/view/extra-gazettes/2023/9/2351-18_E.pdf,doc-archive/2023/09/26/2351-18/2351-18_english.pdf
2351-01,https://documents.gov.lk/view/extra-gazettes/2023/9/2351-01_E.pdf,doc-archive/2023/09/25/2351-01/2351-01_english.pdf
2351-02,https://documents.gov.lk/view/extra-gazettes/2023/9/2351-02_E.pdf,doc-archive/2023/09/25/2351-02/2351-02_english.pdf
2351-03,https://documents.gov.lk/view/extra-gazettes/2023/9/2351-03_E.pdf,doc-archive/2023/09/25/2351-03/2351-03_english.pdf
2351-04,https://documents.gov.lk/view/extra-gazettes/2023/9/2351-04_E.pdf,doc-archive/2023/09/25/2351-04/2351-04_english.pdf
2351-05,https://documents.gov.lk/view/extra-gazettes/2023/9/2351-05_E.pdf,doc-archive/2023/09/25/2351-05/2351-05_english.pdf
2351-06,https://documents.gov.lk/view/extra-gazettes/2023/9/2351-06_E.pdf,doc-archive/2023/09/25/2351-06/2351-06_english.pdf
2351-07,https://documents.gov.lk/view/extra-gazettes/2023/9/2351-07_E.pdf,doc-archive/2023/09/25/2351-07/2351-07_english.pdf
2351-08,https://documents.gov.lk/view/extra-gazettes/2023/9/2351-08_E.pdf,doc-archive/2023/09/25/2351-08/2351-08_english.pdf
2351-09,https://documents.gov.lk/view/extra-gazettes/2023/9/2351-09_E.pdf,doc-archive/2023/09/25/2351-09/2351-09_english.pdf
2350-50,https://documents.gov.lk/view/extra-gazettes/2023/9/2350-50_E.pdf,doc-archive/2023/09/22/2350-50/2350-50_english.pdf
2350-51,https://documents.gov.lk/view/extra-gazettes/2023/9/2350-51_E.pdf,doc-archive/2023/09/22/2350-51/2350-51_english.pdf
2350-52,https://documents.gov.lk/view/extra-gazettes/2023/9/2350-52_E.pdf,doc-archive/2023/09/22/2350-52/2350-52_english.pdf
2350-43,https://documents.gov.lk/view/extra-gazettes/2023/9/2350-43_E.pdf,doc-archive/2023/09/21/2350-43/2350-43_english.pdf
2350-45,https://documents.gov.lk/view/extra-gazettes/2023/9/2350-45_E.pdf,doc-archive/2023/09/21/2350-45/2350-45_english.pdf
2350-46,https://documents.gov.lk/view/extra-gazettes/2023/9/2350-46_E.pdf,doc-archive/2023/09/21/2350-46/2350-46_english.pdf
2350-47,https://documents.gov.lk/view/extra-gazettes/2023/9/2350-47_E.pdf,doc-archive/2023/09/21/2350-47/2350-47_english.pdf
2350-48,https://documents.gov.lk/view/extra-gazettes/2023/9/2350-48_E.pdf,doc-archive/2023/09/21/2350-48/2350-48_english.pdf
2350-39,https://documents.gov.lk/view/extra-gazettes/2023/9/2350-39_E.pdf,doc-archive/2023/09/20/2350-39/2350-39_english.pdf
2350-40,https://documents.gov.lk/view/extra-gazettes/2023/9/2350-40_E.pdf,doc-archive/2023/09/20/2350-40/2350-40_english.pdf
2350-16,https://documents.gov.lk/view/extra-gazettes/2023/9/2350-16_E.pdf,doc-archive/2023/09/19/2350-16/2350-16_english.pdf
2350-17,https://documents.gov.lk/view/extra-gazettes/2023/9/2350-17_E.pdf,doc-archive/2023/09/19/2350-17/2350-17_english.pdf
2350-18,https://documents.gov.lk/view/extra-gazettes/2023/9/2350-18_E.pdf,doc-archive/2023/09/19/2350-18/2350-18_english.pdf
2350-19,https://documents.gov.lk/view/extra-gazettes/2023/9/2350-19_E.pdf,doc-archive/2023/09/19/2350-19/2350-19_english.pdf
2350-20,https://documents.gov.lk/view/extra-gazettes/2023/9/2350-20_E.pdf,doc-archive/2023/09/19/2350-20/2350-20_english.pdf
2350-21,https://documents.gov.lk/view/extra-gazettes/2023/9/2350-21_E.pdf,doc-archive/2023/09/19/2350-21/2350-21_english.pdf
2350-22,https://documents.gov.lk/view/extra-gazettes/2023/9/2350-22_E.pdf,doc-archive/2023/09/19/2350-22/2350-22_english.pdf
2350-23,https://documents.gov.lk/view/extra-gazettes/2023/9/2350-23_E.pdf,doc-archive/2023/09/19/2350-23/2350-23_english.pdf
2350-24,https://documents.gov.lk/view/extra-gazettes/2023/9/2350-24_E.pdf,doc-archive/2023/09/19/2350-24/2350-24_english.pdf
2350-25,https://documents.gov.lk/view/extra-gazettes/2023/9/2350-25_E.pdf,doc-archive/2023/09/19/2350-25/2350-25_english.pdf
2350-26,https://documents.gov.lk/view/extra-gazettes/2023/9/2350-26_E.pdf,doc-archive/2023/09/19/2350-26/2350-26_english.pdf
2350-27,https://documents.gov.lk/view/extra-gazettes/2023/9/2350-27_E.pdf,doc-archive/2023/09/19/2350-27/2350-27_english.pdf
2350-28,https://documents.gov.lk/view/extra-gazettes/2023/9/2350-28_E.pdf,doc-archive/2023/09/19/2350-28/2350-28_english.pdf
2350-29,https://documents.gov.lk/view/extra-gazettes/2023/9/2350-29_E.pdf,doc-archive/2023/09/19/2350-29/2350-29_english.pdf
2350-30,https://documents.gov.lk/view/extra-gazettes/2023/9/2350-30_E.pdf,doc-archive/2023/09/19/2350-30/2350-30_english.pdf
2350-31,https://documents.gov.lk/view/extra-gazettes/2023/9/2350-31_E.pdf,doc-archive/2023/09/19/2350-31/2350-31_english.pdf
2350-32,https://documents.gov.lk/view/extra-gazettes/2023/9/2350-32_E.pdf,doc-archive/2023/09/19/2350-32/2350-32_english.pdf
2350-33,https://documents.gov.lk/view/extra-gazettes/2023/9/2350-33_E.pdf,doc-archive/2023/09/19/2350-33/2350-33_english.pdf
2350-34,https://documents.gov.lk/view/extra-gazettes/2023/9/2350-34_E.pdf,doc-archive/2023/09/19/2350-34/2350-34_english.pdf
2350-35,https://documents.gov.lk/view/extra-gazettes/2023/9/2350-35_E.pdf,doc-archive/2023/09/19/2350-35/2350-35_english.pdf
2350-36,https://documents.gov.lk/view/extra-gazettes/2023/9/2350-36_E.pdf,doc-archive/2023/09/19/2350-36/2350-36_english.pdf
2350-37,https://documents.gov.lk/view/extra-gazettes/2023/9/2350-37_E.pdf,doc-archive/2023/09/19/2350-37/2350-37_english.pdf
2350-38,https://documents.gov.lk/view/extra-gazettes/2023/9/2350-38_E.pdf,doc-archive/2023/09/19/2350-38/2350-38_english.pdf
2350-01,https://documents.gov.lk/view/extra-gazettes/2023/9/2350-01_E.pdf,doc-archive/2023/09/18/2350-01/2350-01_english.pdf
2350-02,https://documents.gov.lk/view/extra-gazettes/2023/9/2350-02_E.pdf,doc-archive/2023/09/18/2350-02/2350-02_english.pdf
2350-04,https://documents.gov.lk/view/extra-gazettes/2023/9/2350-04_E.pdf,doc-archive/2023/09/18/2350-04/2350-04_english.pdf
2350-03,https://documents.gov.lk/view/extra-gazettes/2023/9/2350-03_E.pdf,doc-archive/2023/09/18/2350-03/2350-03_english.pdf
2350-05,https://documents.gov.lk/view/extra-gazettes/2023/9/2350-05_E.pdf,doc-archive/2023/09/18/2350-05/2350-05_english.pdf
2350-06,https://documents.gov.lk/view/extra-gazettes/2023/9/2350-06_E.pdf,doc-archive/2023/09/18/2350-06/2350-06_english.pdf
2350-07,https://documents.gov.lk/view/extra-gazettes/2023/9/2350-07_E.pdf,doc-archive/2023/09/18/2350-07/2350-07_english.pdf
2350-08,https://documents.gov.lk/view/extra-gazettes/2023/9/2350-08_E.pdf,doc-archive/2023/09/18/2350-08/2350-08_english.pdf
2350-09,https://documents.gov.lk/view/extra-gazettes/2023/9/2350-09_E.pdf,doc-archive/2023/09/18/2350-09/2350-09_english.pdf
2350-10,https://documents.gov.lk/view/extra-gazettes/2023/9/2350-10_E.pdf,doc-archive/2023/09/18/2350-10/2350-10_english.pdf
2350-11,https://documents.gov.lk/view/extra-gazettes/2023/9/2350-11_E.pdf,doc-archive/2023/09/18/2350-11/2350-11_english.pdf
2350-12,https://documents.gov.lk/view/extra-gazettes/2023/9/2350-12_E.pdf,doc-archive/2023/09/18/2350-12/2350-12_english.pdf
2350-13,https://documents.gov.lk/view/extra-gazettes/2023/9/2350-13_E.pdf,doc-archive/2023/09/18/2350-13/2350-13_english.pdf
2350-14,https://documents.gov.lk/view/extra-gazettes/2023/9/2350-14_E.pdf,doc-archive/2023/09/18/2350-14/2350-14_english.pdf
2350-15,https://documents.gov.lk/view/extra-gazettes/2023/9/2350-15_E.pdf,doc-archive/2023/09/18/2350-15/2350-15_english.pdf
2349-44,https://documents.gov.lk/view/extra-gazettes/2023/9/2349-44_E.pdf,doc-archive/2023/09/17/2349-44/2349-44_english.pdf
2349-41,https://documents.gov.lk/view/extra-gazettes/2023/9/2349-41_E.pdf,doc-archive/2023/09/16/2349-41/2349-41_english.pdf
2349-43,https://documents.gov.lk/view/extra-gazettes/2023/9/2349-43_E.pdf,doc-archive/2023/09/16/2349-43/2349-43_english.pdf
2349-42,https://documents.gov.lk/view/extra-gazettes/2023/9/2349-42_E.pdf,doc-archive/2023/09/16/2349-42/2349-42_english.pdf
2349-36,https://documents.gov.lk/view/extra-gazettes/2023/9/2349-36_E.pdf,doc-archive/2023/09/15/2349-36/2349-36_english.pdf
2349-37,https://documents.gov.lk/view/extra-gazettes/2023/9/2349-37_E.pdf,doc-archive/2023/09/15/2349-37/2349-37_english.pdf
2349-38,https://documents.gov.lk/view/extra-gazettes/2023/9/2349-38_E.pdf,doc-archive/2023/09/15/2349-38/2349-38_english.pdf
2349-39,https://documents.gov.lk/view/extra-gazettes/2023/9/2349-39_E.pdf,doc-archive/2023/09/15/2349-39/2349-39_english.pdf
2349-40,https://documents.gov.lk/view/extra-gazettes/2023/9/2349-40_E.pdf,doc-archive/2023/09/15/2349-40/2349-40_english.pdf
2349-24,https://documents.gov.lk/view/extra-gazettes/2023/9/2349-24_E.pdf,doc-archive/2023/09/14/2349-24/2349-24_english.pdf
2349-25,https://documents.gov.lk/view/extra-gazettes/2023/9/2349-25_E.pdf,doc-archive/2023/09/14/2349-25/2349-25_english.pdf
2349-26,https://documents.gov.lk/view/extra-gazettes/2023/9/2349-26_E.pdf,doc-archive/2023/09/14/2349-26/2349-26_english.pdf
2349-27,https://documents.gov.lk/view/extra-gazettes/2023/9/2349-27_E.pdf,doc-archive/2023/09/14/2349-27/2349-27_english.pdf
2349-29,https://documents.gov.lk/view/extra-gazettes/2023/9/2349-29_E.pdf,doc-archive/2023/09/14/2349-29/2349-29_english.pdf
2349-28,https://documents.gov.lk/view/extra-gazettes/2023/9/2349-28_E.pdf,doc-archive/2023/09/14/2349-28/2349-28_english.pdf
2349-30,https://documents.gov.lk/view/extra-gazettes/2023/9/2349-30_E.pdf,doc-archive/2023/09/14/2349-30/2349-30_english.pdf
2349-31,https://documents.gov.lk/view/extra-gazettes/2023/9/2349-31_E.pdf,doc-archive/2023/09/14/2349-31/2349-31_english.pdf
2349-33,https://documents.gov.lk/view/extra-gazettes/2023/9/2349-33_E.pdf,doc-archive/2023/09/14/2349-33/2349-33_english.pdf
2349-32,https://documents.gov.lk/view/extra-gazettes/2023/9/2349-32_E.pdf,doc-archive/2023/09/14/2349-32/2349-32_english.pdf
2349-35,https://documents.gov.lk/view/extra-gazettes/2023/9/2349-35_E.pdf,doc-archive/2023/09/14/2349-35/2349-35_english.pdf
2349-21,https://documents.gov.lk/view/extra-gazettes/2023/9/2349-21_E.pdf,doc-archive/2023/09/13/2349-21/2349-21_english.pdf
2349-22,https://documents.gov.lk/view/extra-gazettes/2023/9/2349-22_E.pdf,doc-archive/2023/09/13/2349-22/2349-22_english.pdf
2349-23,https://documents.gov.lk/view/extra-gazettes/2023/9/2349-23_E.pdf,doc-archive/2023/09/13/2349-23/2349-23_english.pdf
2349-09,https://documents.gov.lk/view/extra-gazettes/2023/9/2349-09_E.pdf,doc-archive/2023/09/12/2349-09/2349-09_english.pdf
2349-10,https://documents.gov.lk/view/extra-gazettes/2023/9/2349-10_E.pdf,doc-archive/2023/09/12/2349-10/2349-10_english.pdf
2349-20,https://documents.gov.lk/view/extra-gazettes/2023/9/2349-20_E.pdf,doc-archive/2023/09/13/2349-20/2349-20_english.pdf
2349-11,https://documents.gov.lk/view/extra-gazettes/2023/9/2349-11_E.pdf,doc-archive/2023/09/12/2349-11/2349-11_english.pdf
2349-13,https://documents.gov.lk/view/extra-gazettes/2023/9/2349-13_E.pdf,doc-archive/2023/09/12/2349-13/2349-13_english.pdf
2349-14,https://documents.gov.lk/view/extra-gazettes/2023/9/2349-14_E.pdf,doc-archive/2023/09/12/2349-14/2349-14_english.pdf
2349-12,https://documents.gov.lk/view/extra-gazettes/2023/9/2349-12_E.pdf,doc-archive/2023/09/12/2349-12/2349-12_english.pdf
2349-15,https://documents.gov.lk/view/extra-gazettes/2023/9/2349-15_E.pdf,doc-archive/2023/09/12/2349-15/2349-15_english.pdf
2349-16,https://documents.gov.lk/view/extra-gazettes/2023/9/2349-16_E.pdf,doc-archive/2023/09/12/2349-16/2349-16_english.pdf
2349-17,https://documents.gov.lk/view/extra-gazettes/2023/9/2349-17_E.pdf,doc-archive/2023/09/12/2349-17/2349-17_english.pdf
2349-18,https://documents.gov.lk/view/extra-gazettes/2023/9/2349-18_E.pdf,doc-archive/2023/09/12/2349-18/2349-18_english.pdf
2349-01,https://documents.gov.lk/view/extra-gazettes/2023/9/2349-01_E.pdf,doc-archive/2023/09/11/2349-01/2349-01_english.pdf
2349-19,https://documents.gov.lk/view/extra-gazettes/2023/9/2349-19_E.pdf,doc-archive/2023/09/12/2349-19/2349-19_english.pdf
2349-02,https://documents.gov.lk/view/extra-gazettes/2023/9/2349-02_E.pdf,doc-archive/2023/09/11/2349-02/2349-02_english.pdf
2349-04,https://documents.gov.lk/view/extra-gazettes/2023/9/2349-04_E.pdf,doc-archive/2023/09/11/2349-04/2349-04_english.pdf
2349-03,https://documents.gov.lk/view/extra-gazettes/2023/9/2349-03_E.pdf,doc-archive/2023/09/11/2349-03/2349-03_english.pdf
2349-05,https://documents.gov.lk/view/extra-gazettes/2023/9/2349-05_E.pdf,doc-archive/2023/09/11/2349-05/2349-05_english.pdf
2349-07,https://documents.gov.lk/view/extra-gazettes/2023/9/2349-07_E.pdf,doc-archive/2023/09/11/2349-07/2349-07_english.pdf
2349-08,https://documents.gov.lk/view/extra-gazettes/2023/9/2349-08_E.pdf,doc-archive/2023/09/11/2349-08/2349-08_english.pdf
2349-06,https://documents.gov.lk/view/extra-gazettes/2023/9/2349-06_E.pdf,doc-archive/2023/09/11/2349-06/2349-06_english.pdf
2348-49,https://documents.gov.lk/view/extra-gazettes/2023/9/2348-49_E.pdf,doc-archive/2023/09/09/2348-49/2348-49_english.pdf
2348-50,https://documents.gov.lk/view/extra-gazettes/2023/9/2348-50_E.pdf,doc-archive/2023/09/09/2348-50/2348-50_english.pdf
2348-51,https://documents.gov.lk/view/extra-gazettes/2023/9/2348-51_E.pdf,doc-archive/2023/09/09/2348-51/2348-51_english.pdf
2348-41,https://documents.gov.lk/view/extra-gazettes/2023/9/2348-41_E.pdf,doc-archive/2023/09/08/2348-41/2348-41_english.pdf
2350-49,https://documents.gov.lk/view/extra-gazettes/2023/9/2350-49_E.pdf,doc-archive/2023/09/09/2350-49/2350-49_english.pdf
2348-43,https://documents.gov.lk/view/extra-gazettes/2023/9/2348-43_E.pdf,doc-archive/2023/09/08/2348-43/2348-43_english.pdf
2348-44,https://documents.gov.lk/view/extra-gazettes/2023/9/2348-44_E.pdf,doc-archive/2023/09/08/2348-44/2348-44_english.pdf
2348-46,https://documents.gov.lk/view/extra-gazettes/2023/9/2348-46_E.pdf,doc-archive/2023/09/08/2348-46/2348-46_english.pdf
2348-45,https://documents.gov.lk/view/extra-gazettes/2023/9/2348-45_E.pdf,doc-archive/2023/09/08/2348-45/2348-45_english.pdf
2348-47,https://documents.gov.lk/view/extra-gazettes/2023/9/2348-47_E.pdf,doc-archive/2023/09/08/2348-47/2348-47_english.pdf
2348-48,https://documents.gov.lk/view/extra-gazettes/2023/9/2348-48_E.pdf,doc-archive/2023/09/08/2348-48/2348-48_english.pdf
2348-31,https://documents.gov.lk/view/extra-gazettes/2023/9/2348-31_E.pdf,doc-archive/2023/09/07/2348-31/2348-31_english.pdf
2348-32,https://documents.gov.lk/view/extra-gazettes/2023/9/2348-32_E.pdf,doc-archive/2023/09/07/2348-32/2348-32_english.pdf
2348-33,https://documents.gov.lk/view/extra-gazettes/2023/9/2348-33_E.pdf,doc-archive/2023/09/07/2348-33/2348-33_english.pdf
2348-34,https://documents.gov.lk/view/extra-gazettes/2023/9/2348-34_E.pdf,doc-archive/2023/09/07/2348-34/2348-34_english.pdf
2348-36,https://documents.gov.lk/view/extra-gazettes/2023/9/2348-36_E.pdf,doc-archive/2023/09/07/2348-36/2348-36_english.pdf
2348-35,https://documents.gov.lk/view/extra-gazettes/2023/9/2348-35_E.pdf,doc-archive/2023/09/07/2348-35/2348-35_english.pdf
2348-37,https://documents.gov.lk/view/extra-gazettes/2023/9/2348-37_E.pdf,doc-archive/2023/09/07/2348-37/2348-37_english.pdf
2348-38,https://documents.gov.lk/view/extra-gazettes/2023/9/2348-38_E.pdf,doc-archive/2023/09/07/2348-38/2348-38_english.pdf
2348-39,https://documents.gov.lk/view/extra-gazettes/2023/9/2348-39_E.pdf,doc-archive/2023/09/07/2348-39/2348-39_english.pdf
2348-24,https://documents.gov.lk/view/extra-gazettes/2023/9/2348-24_E.pdf,doc-archive/2023/09/06/2348-24/2348-24_english.pdf
2348-40,https://documents.gov.lk/view/extra-gazettes/2023/9/2348-40_E.pdf,doc-archive/2023/09/07/2348-40/2348-40_english.pdf
2348-25,https://documents.gov.lk/view/extra-gazettes/2023/9/2348-25_E.pdf,doc-archive/2023/09/06/2348-25/2348-25_english.pdf
2348-26,https://documents.gov.lk/view/extra-gazettes/2023/9/2348-26_E.pdf,doc-archive/2023/09/06/2348-26/2348-26_english.pdf
2348-28,https://documents.gov.lk/view/extra-gazettes/2023/9/2348-28_E.pdf,doc-archive/2023/09/06/2348-28/2348-28_english.pdf
2348-27,https://documents.gov.lk/view/extra-gazettes/2023/9/2348-27_E.pdf,doc-archive/2023/09/06/2348-27/2348-27_english.pdf
2348-29,https://documents.gov.lk/view/extra-gazettes/2023/9/2348-29_E.pdf,doc-archive/2023/09/06/2348-29/2348-29_english.pdf
2348-22,https://documents.gov.lk/view/extra-gazettes/2023/9/2348-22_E.pdf,doc-archive/2023/09/05/2348-22/2348-22_english.pdf
2348-23,https://documents.gov.lk/view/extra-gazettes/2023/9/2348-23_E.pdf,doc-archive/2023/09/05/2348-23/2348-23_english.pdf
2348-01,https://documents.gov.lk/view/extra-gazettes/2023/9/2348-01_E.pdf,doc-archive/2023/09/04/2348-01/2348-01_english.pdf
2348-30,https://documents.gov.lk/view/extra-gazettes/2023/9/2348-30_E.pdf,doc-archive/2023/09/06/2348-30/2348-30_english.pdf
2348-02,https://documents.gov.lk/view/extra-gazettes/2023/9/2348-02_E.pdf,doc-archive/2023/09/04/2348-02/2348-02_english.pdf
2348-04,https://documents.gov.lk/view/extra-gazettes/2023/9/2348-04_E.pdf,doc-archive/2023/09/04/2348-04/2348-04_english.pdf
2348-03,https://documents.gov.lk/view/extra-gazettes/2023/9/2348-03_E.pdf,doc-archive/2023/09/04/2348-03/2348-03_english.pdf
2348-06,https://documents.gov.lk/view/extra-gazettes/2023/9/2348-06_E.pdf,doc-archive/2023/09/04/2348-06/2348-06_english.pdf
2348-05,https://documents.gov.lk/view/extra-gazettes/2023/9/2348-05_E.pdf,doc-archive/2023/09/04/2348-05/2348-05_english.pdf
2348-08,https://documents.gov.lk/view/extra-gazettes/2023/9/2348-08_E.pdf,doc-archive/2023/09/04/2348-08/2348-08_english.pdf
2348-07,https://documents.gov.lk/view/extra-gazettes/2023/9/2348-07_E.pdf,doc-archive/2023/09/04/2348-07/2348-07_english.pdf
2348-09,https://documents.gov.lk/view/extra-gazettes/2023/9/2348-09_E.pdf,doc-archive/2023/09/04/2348-09/2348-09_english.pdf
2348-10,https://documents.gov.lk/view/extra-gazettes/2023/9/2348-10_E.pdf,doc-archive/2023/09/04/2348-10/2348-10_english.pdf
2348-11,https://documents.gov.lk/view/extra-gazettes/2023/9/2348-11_E.pdf,doc-archive/2023/09/04/2348-11/2348-11_english.pdf
2348-13,https://documents.gov.lk/view/extra-gazettes/2023/9/2348-13_E.pdf,doc-archive/2023/09/04/2348-13/2348-13_english.pdf
2348-14,https://documents.gov.lk/view/extra-gazettes/2023/9/2348-14_E.pdf,doc-archive/2023/09/04/2348-14/2348-14_english.pdf
2348-12,https://documents.gov.lk/view/extra-gazettes/2023/9/2348-12_E.pdf,doc-archive/2023/09/04/2348-12/2348-12_english.pdf
2348-15,https://documents.gov.lk/view/extra-gazettes/2023/9/2348-15_E.pdf,doc-archive/2023/09/04/2348-15/2348-15_english.pdf
2348-16,https://documents.gov.lk/view/extra-gazettes/2023/9/2348-16_E.pdf,doc-archive/2023/09/04/2348-16/2348-16_english.pdf
2348-17,https://documents.gov.lk/view/extra-gazettes/2023/9/2348-17_E.pdf,doc-archive/2023/09/04/2348-17/2348-17_english.pdf
2348-18,https://documents.gov.lk/view/extra-gazettes/2023/9/2348-18_E.pdf,doc-archive/2023/09/04/2348-18/2348-18_english.pdf
2348-19,https://documents.gov.lk/view/extra-gazettes/2023/9/2348-19_E.pdf,doc-archive/2023/09/04/2348-19/2348-19_english.pdf
2348-20,https://documents.gov.lk/view/extra-gazettes/2023/9/2348-20_E.pdf,doc-archive/2023/09/04/2348-20/2348-20_english.pdf
2348-21,https://documents.gov.lk/view/extra-gazettes/2023/9/2348-21_E.pdf,doc-archive/2023/09/04/2348-21/2348-21_english.pdf
2347-44,https://documents.gov.lk/view/extra-gazettes/2023/9/2347-44_E.pdf,doc-archive/2023/09/02/2347-44/2347-44_english.pdf
2347-43,https://documents.gov.lk/view/extra-gazettes/2023/9/2347-43_E.pdf,doc-archive/2023/09/02/2347-43/2347-43_english.pdf
2347-45,https://documents.gov.lk/view/extra-gazettes/2023/9/2347-45_E.pdf,doc-archive/2023/09/02/2347-45/2347-45_english.pdf
2347-47,https://documents.gov.lk/view/extra-gazettes/2023/9/2347-47_E.pdf,doc-archive/2023/09/02/2347-47/2347-47_english.pdf
2347-46,https://documents.gov.lk/view/extra-gazettes/2023/9/2347-46_E.pdf,doc-archive/2023/09/02/2347-46/2347-46_english.pdf
2347-17,https://documents.gov.lk/view/extra-gazettes/2023/9/2347-17_E.pdf,doc-archive/2023/09/01/2347-17/2347-17_english.pdf
2347-18,https://documents.gov.lk/view/extra-gazettes/2023/9/2347-18_E.pdf,doc-archive/2023/09/01/2347-18/2347-18_english.pdf
2347-16,https://documents.gov.lk/view/extra-gazettes/2023/9/2347-16_E.pdf,doc-archive/2023/09/01/2347-16/2347-16_english.pdf
2347-19,https://documents.gov.lk/view/extra-gazettes/2023/9/2347-19_E.pdf,doc-archive/2023/09/01/2347-19/2347-19_english.pdf
2347-21,https://documents.gov.lk/view/extra-gazettes/2023/9/2347-21_E.pdf,doc-archive/2023/09/01/2347-21/2347-21_english.pdf
2347-22,https://documents.gov.lk/view/extra-gazettes/2023/9/2347-22_E.pdf,doc-archive/2023/09/01/2347-22/2347-22_english.pdf
2347-20,https://documents.gov.lk/view/extra-gazettes/2023/9/2347-20_E.pdf,doc-archive/2023/09/01/2347-20/2347-20_english.pdf
2347-23,https://documents.gov.lk/view/extra-gazettes/2023/9/2347-23_E.pdf,doc-archive/2023/09/01/2347-23/2347-23_english.pdf
2347-24,https://documents.gov.lk/view/extra-gazettes/2023/9/2347-24_E.pdf,doc-archive/2023/09/01/2347-24/2347-24_english.pdf
2347-25,https://documents.gov.lk/view/extra-gazettes/2023/9/2347-25_E.pdf,doc-archive/2023/09/01/2347-25/2347-25_english.pdf
2347-26,https://documents.gov.lk/view/extra-gazettes/2023/9/2347-26_E.pdf,doc-archive/2023/09/01/2347-26/2347-26_english.pdf
2347-27,https://documents.gov.lk/view/extra-gazettes/2023/9/2347-27_E.pdf,doc-archive/2023/09/01/2347-27/2347-27_english.pdf
2347-30,https://documents.gov.lk/view/extra-gazettes/2023/9/2347-30_E.pdf,doc-archive/2023/09/01/2347-30/2347-30_english.pdf
2347-28,https://documents.gov.lk/view/extra-gazettes/2023/9/2347-28_E.pdf,doc-archive/2023/09/01/2347-28/2347-28_english.pdf
2347-31,https://documents.gov.lk/view/extra-gazettes/2023/9/2347-31_E.pdf,doc-archive/2023/09/01/2347-31/2347-31_english.pdf
2347-33,https://documents.gov.lk/view/extra-gazettes/2023/9/2347-33_E.pdf,doc-archive/2023/09/01/2347-33/2347-33_english.pdf
2347-34,https://documents.gov.lk/view/extra-gazettes/2023/9/2347-34_E.pdf,doc-archive/2023/09/01/2347-34/2347-34_english.pdf
2347-32,https://documents.gov.lk/view/extra-gazettes/2023/9/2347-32_E.pdf,doc-archive/2023/09/01/2347-32/2347-32_english.pdf
2347-35,https://documents.gov.lk/view/extra-gazettes/2023/9/2347-35_E.pdf,doc-archive/2023/09/01/2347-35/2347-35_english.pdf
2347-36,https://documents.gov.lk/view/extra-gazettes/2023/9/2347-36_E.pdf,doc-archive/2023/09/01/2347-36/2347-36_english.pdf
2347-38,https://documents.gov.lk/view/extra-gazettes/2023/9/2347-38_E.pdf,doc-archive/2023/09/01/2347-38/2347-38_english.pdf
2347-37,https://documents.gov.lk/view/extra-gazettes/2023/9/2347-37_E.pdf,doc-archive/2023/09/01/2347-37/2347-37_english.pdf
2347-39,https://documents.gov.lk/view/extra-gazettes/2023/9/2347-39_E.pdf,doc-archive/2023/09/01/2347-39/2347-39_english.pdf
2347-40,https://documents.gov.lk/view/extra-gazettes/2023/9/2347-40_E.pdf,doc-archive/2023/09/01/2347-40/2347-40_english.pdf
2356-09,https://documents.gov.lk/view/extra-gazettes/2023/10/2356-09_E.pdf,doc-archive/2023/10/31/2356-09/2356-09_english.pdf
2356-11,https://documents.gov.lk/view/extra-gazettes/2023/10/2356-11_E.pdf,doc-archive/2023/10/31/2356-11/2356-11_english.pdf
2356-10,https://documents.gov.lk/view/extra-gazettes/2023/10/2356-10_E.pdf,doc-archive/2023/10/31/2356-10/2356-10_english.pdf
2356-12,https://documents.gov.lk/view/extra-gazettes/2023/10/2356-12_E.pdf,doc-archive/2023/10/31/2356-12/2356-12_english.pdf
2356-13,https://documents.gov.lk/view/extra-gazettes/2023/10/2356-13_E.pdf,doc-archive/2023/10/31/2356-13/2356-13_english.pdf
2356-01,https://documents.gov.lk/view/extra-gazettes/2023/10/2356-01_E.pdf,doc-archive/2023/10/30/2356-01/2356-01_english.pdf
2356-02,https://documents.gov.lk/view/extra-gazettes/2023/10/2356-02_E.pdf,doc-archive/2023/10/30/2356-02/2356-02_english.pdf
2356-03,https://documents.gov.lk/view/extra-gazettes/2023/10/2356-03_E.pdf,doc-archive/2023/10/30/2356-03/2356-03_english.pdf
2356-04,https://documents.gov.lk/view/extra-gazettes/2023/10/2356-04_E.pdf,doc-archive/2023/10/30/2356-04/2356-04_english.pdf
2356-05,https://documents.gov.lk/view/extra-gazettes/2023/10/2356-05_E.pdf,doc-archive/2023/10/30/2356-05/2356-05_english.pdf
2356-06,https://documents.gov.lk/view/extra-gazettes/2023/10/2356-06_E.pdf,doc-archive/2023/10/30/2356-06/2356-06_english.pdf
2356-07,https://documents.gov.lk/view/extra-gazettes/2023/10/2356-07_E.pdf,doc-archive/2023/10/30/2356-07/2356-07_english.pdf
2356-08,https://documents.gov.lk/view/extra-gazettes/2023/10/2356-08_E.pdf,doc-archive/2023/10/30/2356-08/2356-08_english.pdf
2355-47,https://documents.gov.lk/view/extra-gazettes/2023/10/2355-47_E.pdf,doc-archive/2023/10/27/2355-47/2355-47_english.pdf
2355-46,https://documents.gov.lk/view/extra-gazettes/2023/10/2355-46_E.pdf,doc-archive/2023/10/27/2355-46/2355-46_english.pdf
2355-48,https://documents.gov.lk/view/extra-gazettes/2023/10/2355-48_E.pdf,doc-archive/2023/10/27/2355-48/2355-48_english.pdf
2355-49,https://documents.gov.lk/view/extra-gazettes/2023/10/2355-49_E.pdf,doc-archive/2023/10/27/2355-49/2355-49_english.pdf
2355-50,https://documents.gov.lk/view/extra-gazettes/2023/10/2355-50_E.pdf,doc-archive/2023/10/27/2355-50/2355-50_english.pdf
2355-51,https://documents.gov.lk/view/extra-gazettes/2023/10/2355-51_E.pdf,doc-archive/2023/10/27/2355-51/2355-51_english.pdf
2355-52,https://documents.gov.lk/view/extra-gazettes/2023/10/2355-52_E.pdf,doc-archive/2023/10/27/2355-52/2355-52_english.pdf
2355-53,https://documents.gov.lk/view/extra-gazettes/2023/10/2355-53_E.pdf,doc-archive/2023/10/27/2355-53/2355-53_english.pdf
2355-54,https://documents.gov.lk/view/extra-gazettes/2023/10/2355-54_E.pdf,doc-archive/2023/10/27/2355-54/2355-54_english.pdf
2355-55,https://documents.gov.lk/view/extra-gazettes/2023/10/2355-55_E.pdf,doc-archive/2023/10/27/2355-55/2355-55_english.pdf
2355-56,https://documents.gov.lk/view/extra-gazettes/2023/10/2355-56_E.pdf,doc-archive/2023/10/27/2355-56/2355-56_english.pdf
2355-57,https://documents.gov.lk/view/extra-gazettes/2023/10/2355-57_E.pdf,doc-archive/2023/10/27/2355-57/2355-57_english.pdf
2355-58,https://documents.gov.lk/view/extra-gazettes/2023/10/2355-58_E.pdf,doc-archive/2023/10/27/2355-58/2355-58_english.pdf
2355-60,https://documents.gov.lk/view/extra-gazettes/2023/10/2355-60_E.pdf,doc-archive/2023/10/27/2355-60/2355-60_english.pdf
2355-59,https://documents.gov.lk/view/extra-gazettes/2023/10/2355-59_E.pdf,doc-archive/2023/10/27/2355-59/2355-59_english.pdf
2355-61,https://documents.gov.lk/view/extra-gazettes/2023/10/2355-61_E.pdf,doc-archive/2023/10/27/2355-61/2355-61_english.pdf
2355-62,https://documents.gov.lk/view/extra-gazettes/2023/10/2355-62_E.pdf,doc-archive/2023/10/27/2355-62/2355-62_english.pdf
2355-35,https://documents.gov.lk/view/extra-gazettes/2023/10/2355-35_E.pdf,doc-archive/2023/10/26/2355-35/2355-35_english.pdf
2355-36,https://documents.gov.lk/view/extra-gazettes/2023/10/2355-36_E.pdf,doc-archive/2023/10/26/2355-36/2355-36_english.pdf
2355-37,https://documents.gov.lk/view/extra-gazettes/2023/10/2355-37_E.pdf,doc-archive/2023/10/26/2355-37/2355-37_english.pdf
2355-38,https://documents.gov.lk/view/extra-gazettes/2023/10/2355-38_E.pdf,doc-archive/2023/10/26/2355-38/2355-38_english.pdf
2355-39,https://documents.gov.lk/view/extra-gazettes/2023/10/2355-39_E.pdf,doc-archive/2023/10/26/2355-39/2355-39_english.pdf
2355-40,https://documents.gov.lk/view/extra-gazettes/2023/10/2355-40_E.pdf,doc-archive/2023/10/26/2355-40/2355-40_english.pdf
2355-41,https://documents.gov.lk/view/extra-gazettes/2023/10/2355-41_E.pdf,doc-archive/2023/10/26/2355-41/2355-41_english.pdf
2355-42,https://documents.gov.lk/view/extra-gazettes/2023/10/2355-42_E.pdf,doc-archive/2023/10/26/2355-42/2355-42_english.pdf
2355-43,https://documents.gov.lk/view/extra-gazettes/2023/10/2355-43_E.pdf,doc-archive/2023/10/26/2355-43/2355-43_english.pdf
2355-44,https://documents.gov.lk/view/extra-gazettes/2023/10/2355-44_E.pdf,doc-archive/2023/10/26/2355-44/2355-44_english.pdf
2355-45,https://documents.gov.lk/view/extra-gazettes/2023/10/2355-45_E.pdf,doc-archive/2023/10/26/2355-45/2355-45_english.pdf
2355-27,https://documents.gov.lk/view/extra-gazettes/2023/10/2355-27_E.pdf,doc-archive/2023/10/25/2355-27/2355-27_english.pdf
2355-28,https://documents.gov.lk/view/extra-gazettes/2023/10/2355-28_E.pdf,doc-archive/2023/10/25/2355-28/2355-28_english.pdf
2355-29,https://documents.gov.lk/view/extra-gazettes/2023/10/2355-29_E.pdf,doc-archive/2023/10/25/2355-29/2355-29_english.pdf
2355-30,https://documents.gov.lk/view/extra-gazettes/2023/10/2355-30_E.pdf,doc-archive/2023/10/25/2355-30/2355-30_english.pdf
2355-31,https://documents.gov.lk/view/extra-gazettes/2023/10/2355-31_E.pdf,doc-archive/2023/10/25/2355-31/2355-31_english.pdf
2355-32,https://documents.gov.lk/view/extra-gazettes/2023/10/2355-32_E.pdf,doc-archive/2023/10/25/2355-32/2355-32_english.pdf
2355-33,https://documents.gov.lk/view/extra-gazettes/2023/10/2355-33_E.pdf,doc-archive/2023/10/25/2355-33/2355-33_english.pdf
2355-34,https://documents.gov.lk/view/extra-gazettes/2023/10/2355-34_E.pdf,doc-archive/2023/10/25/2355-34/2355-34_english.pdf
2355-16,https://documents.gov.lk/view/extra-gazettes/2023/10/2355-16_E.pdf,doc-archive/2023/10/24/2355-16/2355-16_english.pdf
2355-18,https://documents.gov.lk/view/extra-gazettes/2023/10/2355-18_E.pdf,doc-archive/2023/10/24/2355-18/2355-18_english.pdf
2355-19,https://documents.gov.lk/view/extra-gazettes/2023/10/2355-19_E.pdf,doc-archive/2023/10/24/2355-19/2355-19_english.pdf
2355-21,https://documents.gov.lk/view/extra-gazettes/2023/10/2355-21_E.pdf,doc-archive/2023/10/24/2355-21/2355-21_english.pdf
2355-22,https://documents.gov.lk/view/extra-gazettes/2023/10/2355-22_E.pdf,doc-archive/2023/10/24/2355-22/2355-22_english.pdf
2355-23,https://documents.gov.lk/view/extra-gazettes/2023/10/2355-23_E.pdf,doc-archive/2023/10/24/2355-23/2355-23_english.pdf
2355-24,https://documents.gov.lk/view/extra-gazettes/2023/10/2355-24_E.pdf,doc-archive/2023/10/24/2355-24/2355-24_english.pdf
2355-26,https://documents.gov.lk/view/extra-gazettes/2023/10/2355-26_E.pdf,doc-archive/2023/10/24/2355-26/2355-26_english.pdf
2355-01,https://documents.gov.lk/view/extra-gazettes/2023/10/2355-01_E.pdf,doc-archive/2023/10/23/2355-01/2355-01_english.pdf
2355-02,https://documents.gov.lk/view/extra-gazettes/2023/10/2355-02_E.pdf,doc-archive/2023/10/23/2355-02/2355-02_english.pdf
2355-03,https://documents.gov.lk/view/extra-gazettes/2023/10/2355-03_E.pdf,doc-archive/2023/10/23/2355-03/2355-03_english.pdf
2355-04,https://documents.gov.lk/view/extra-gazettes/2023/10/2355-04_E.pdf,doc-archive/2023/10/23/2355-04/2355-04_english.pdf
2355-05,https://documents.gov.lk/view/extra-gazettes/2023/10/2355-05_E.pdf,doc-archive/2023/10/23/2355-05/2355-05_english.pdf
2355-07,https://documents.gov.lk/view/extra-gazettes/2023/10/2355-07_E.pdf,doc-archive/2023/10/23/2355-07/2355-07_english.pdf
2355-06,https://documents.gov.lk/view/extra-gazettes/2023/10/2355-06_E.pdf,doc-archive/2023/10/23/2355-06/2355-06_english.pdf
2355-08,https://documents.gov.lk/view/extra-gazettes/2023/10/2355-08_E.pdf,doc-archive/2023/10/23/2355-08/2355-08_english.pdf
2355-09,https://documents.gov.lk/view/extra-gazettes/2023/10/2355-09_E.pdf,doc-archive/2023/10/23/2355-09/2355-09_english.pdf
2355-10,https://documents.gov.lk/view/extra-gazettes/2023/10/2355-10_E.pdf,doc-archive/2023/10/23/2355-10/2355-10_english.pdf
2355-11,https://documents.gov.lk/view/extra-gazettes/2023/10/2355-11_E.pdf,doc-archive/2023/10/23/2355-11/2355-11_english.pdf
2355-12,https://documents.gov.lk/view/extra-gazettes/2023/10/2355-12_E.pdf,doc-archive/2023/10/23/2355-12/2355-12_english.pdf
2355-14,https://documents.gov.lk/view/extra-gazettes/2023/10/2355-14_E.pdf,doc-archive/2023/10/23/2355-14/2355-14_english.pdf
2355-15,https://documents.gov.lk/view/extra-gazettes/2023/10/2355-15_E.pdf,doc-archive/2023/10/23/2355-15/2355-15_english.pdf
2354-32,https://documents.gov.lk/view/extra-gazettes/2023/10/2354-32_E.pdf,doc-archive/2023/10/21/2354-32/2354-32_english.pdf
2354-33,https://documents.gov.lk/view/extra-gazettes/2023/10/2354-33_E.pdf,doc-archive/2023/10/21/2354-33/2354-33_english.pdf
2354-34,https://documents.gov.lk/view/extra-gazettes/2023/10/2354-34_E.pdf,doc-archive/2023/10/21/2354-34/2354-34_english.pdf
2354-35,https://documents.gov.lk/view/extra-gazettes/2023/10/2354-35_E.pdf,doc-archive/2023/10/21/2354-35/2354-35_english.pdf
2354-36,https://documents.gov.lk/view/extra-gazettes/2023/10/2354-36_E.pdf,doc-archive/2023/10/21/2354-36/2354-36_english.pdf
2354-37,https://documents.gov.lk/view/extra-gazettes/2023/10/2354-37_E.pdf,doc-archive/2023/10/21/2354-37/2354-37_english.pdf
2354-38,https://documents.gov.lk/view/extra-gazettes/2023/10/2354-38_E.pdf,doc-archive/2023/10/21/2354-38/2354-38_english.pdf
2354-39,https://documents.gov.lk/view/extra-gazettes/2023/10/2354-39_E.pdf,doc-archive/2023/10/21/2354-39/2354-39_english.pdf
2354-40,https://documents.gov.lk/view/extra-gazettes/2023/10/2354-40_E.pdf,doc-archive/2023/10/21/2354-40/2354-40_english.pdf
2354-41,https://documents.gov.lk/view/extra-gazettes/2023/10/2354-41_E.pdf,doc-archive/2023/10/21/2354-41/2354-41_english.pdf
2354-42,https://documents.gov.lk/view/extra-gazettes/2023/10/2354-42_E.pdf,doc-archive/2023/10/21/2354-42/2354-42_english.pdf
2354-43,https://documents.gov.lk/view/extra-gazettes/2023/10/2354-43_E.pdf,doc-archive/2023/10/21/2354-43/2354-43_english.pdf
2354-44,https://documents.gov.lk/view/extra-gazettes/2023/10/2354-44_E.pdf,doc-archive/2023/10/21/2354-44/2354-44_english.pdf
2354-27,https://documents.gov.lk/view/extra-gazettes/2023/10/2354-27_E.pdf,doc-archive/2023/10/20/2354-27/2354-27_english.pdf
2354-26,https://documents.gov.lk/view/extra-gazettes/2023/10/2354-26_E.pdf,doc-archive/2023/10/20/2354-26/2354-26_english.pdf
2354-28,https://documents.gov.lk/view/extra-gazettes/2023/10/2354-28_E.pdf,doc-archive/2023/10/20/2354-28/2354-28_english.pdf
2354-29,https://documents.gov.lk/view/extra-gazettes/2023/10/2354-29_E.pdf,doc-archive/2023/10/20/2354-29/2354-29_english.pdf
2354-31,https://documents.gov.lk/view/extra-gazettes/2023/10/2354-31_E.pdf,doc-archive/2023/10/20/2354-31/2354-31_english.pdf
2354-19,https://documents.gov.lk/view/extra-gazettes/2023/10/2354-19_E.pdf,doc-archive/2023/10/19/2354-19/2354-19_english.pdf
2354-30,https://documents.gov.lk/view/extra-gazettes/2023/10/2354-30_E.pdf,doc-archive/2023/10/20/2354-30/2354-30_english.pdf
2354-20,https://documents.gov.lk/view/extra-gazettes/2023/10/2354-20_E.pdf,doc-archive/2023/10/19/2354-20/2354-20_english.pdf
2354-22,https://documents.gov.lk/view/extra-gazettes/2023/10/2354-22_E.pdf,doc-archive/2023/10/19/2354-22/2354-22_english.pdf
2354-21,https://documents.gov.lk/view/extra-gazettes/2023/10/2354-21_E.pdf,doc-archive/2023/10/19/2354-21/2354-21_english.pdf
2354-23,https://documents.gov.lk/view/extra-gazettes/2023/10/2354-23_E.pdf,doc-archive/2023/10/19/2354-23/2354-23_english.pdf
2354-24,https://documents.gov.lk/view/extra-gazettes/2023/10/2354-24_E.pdf,doc-archive/2023/10/19/2354-24/2354-24_english.pdf
2354-13,https://documents.gov.lk/view/extra-gazettes/2023/10/2354-13_E.pdf,doc-archive/2023/10/18/2354-13/2354-13_english.pdf
2354-14,https://documents.gov.lk/view/extra-gazettes/2023/10/2354-14_E.pdf,doc-archive/2023/10/18/2354-14/2354-14_english.pdf
2354-15,https://documents.gov.lk/view/extra-gazettes/2023/10/2354-15_E.pdf,doc-archive/2023/10/18/2354-15/2354-15_english.pdf
2354-16,https://documents.gov.lk/view/extra-gazettes/2023/10/2354-16_E.pdf,doc-archive/2023/10/18/2354-16/2354-16_english.pdf
2354-17,https://documents.gov.lk/view/extra-gazettes/2023/10/2354-17_E.pdf,doc-archive/2023/10/18/2354-17/2354-17_english.pdf
2354-18,https://documents.gov.lk/view/extra-gazettes/2023/10/2354-18_E.pdf,doc-archive/2023/10/18/2354-18/2354-18_english.pdf
2354-07,https://documents.gov.lk/view/extra-gazettes/2023/10/2354-07_E.pdf,doc-archive/2023/10/17/2354-07/2354-07_english.pdf
2354-08,https://documents.gov.lk/view/extra-gazettes/2023/10/2354-08_E.pdf,doc-archive/2023/10/17/2354-08/2354-08_english.pdf
2354-09,https://documents.gov.lk/view/extra-gazettes/2023/10/2354-09_E.pdf,doc-archive/2023/10/17/2354-09/2354-09_english.pdf
2354-10,https://documents.gov.lk/view/extra-gazettes/2023/10/2354-10_E.pdf,doc-archive/2023/10/17/2354-10/2354-10_english.pdf
2354-11,https://documents.gov.lk/view/extra-gazettes/2023/10/2354-11_E.pdf,doc-archive/2023/10/17/2354-11/2354-11_english.pdf
2354-01,https://documents.gov.lk/view/extra-gazettes/2023/10/2354-01_E.pdf,doc-archive/2023/10/16/2354-01/2354-01_english.pdf
2354-02,https://documents.gov.lk/view/extra-gazettes/2023/10/2354-02_E.pdf,doc-archive/2023/10/16/2354-02/2354-02_english.pdf
2354-03,https://documents.gov.lk/view/extra-gazettes/2023/10/2354-03_E.pdf,doc-archive/2023/10/16/2354-03/2354-03_english.pdf
2354-05,https://documents.gov.lk/view/extra-gazettes/2023/10/2354-05_E.pdf,doc-archive/2023/10/16/2354-05/2354-05_english.pdf
2354-04,https://documents.gov.lk/view/extra-gazettes/2023/10/2354-04_E.pdf,doc-archive/2023/10/16/2354-04/2354-04_english.pdf
2354-06,https://documents.gov.lk/view/extra-gazettes/2023/10/2354-06_E.pdf,doc-archive/2023/10/16/2354-06/2354-06_english.pdf
2353-76,https://documents.gov.lk/view/extra-gazettes/2023/10/2353-76_E.pdf,doc-archive/2023/10/14/2353-76/2353-76_english.pdf
2353-77,https://documents.gov.lk/view/extra-gazettes/2023/10/2353-77_E.pdf,doc-archive/2023/10/14/2353-77/2353-77_english.pdf
2353-57,https://documents.gov.lk/view/extra-gazettes/2023/10/2353-57_E.pdf,doc-archive/2023/10/13/2353-57/2353-57_english.pdf
2353-58,https://documents.gov.lk/view/extra-gazettes/2023/10/2353-58_E.pdf,doc-archive/2023/10/13/2353-58/2353-58_english.pdf
2353-59,https://documents.gov.lk/view/extra-gazettes/2023/10/2353-59_E.pdf,doc-archive/2023/10/13/2353-59/2353-59_english.pdf
2353-60,https://documents.gov.lk/view/extra-gazettes/2023/10/2353-60_E.pdf,doc-archive/2023/10/13/2353-60/2353-60_english.pdf
2353-61,https://documents.gov.lk/view/extra-gazettes/2023/10/2353-61_E.pdf,doc-archive/2023/10/13/2353-61/2353-61_english.pdf
2353-62,https://documents.gov.lk/view/extra-gazettes/2023/10/2353-62_E.pdf,doc-archive/2023/10/13/2353-62/2353-62_english.pdf
2353-63,https://documents.gov.lk/view/extra-gazettes/2023/10/2353-63_E.pdf,doc-archive/2023/10/13/2353-63/2353-63_english.pdf
2353-64,https://documents.gov.lk/view/extra-gazettes/2023/10/2353-64_E.pdf,doc-archive/2023/10/13/2353-64/2353-64_english.pdf
2353-65,https://documents.gov.lk/view/extra-gazettes/2023/10/2353-65_E.pdf,doc-archive/2023/10/13/2353-65/2353-65_english.pdf
2353-66,https://documents.gov.lk/view/extra-gazettes/2023/10/2353-66_E.pdf,doc-archive/2023/10/13/2353-66/2353-66_english.pdf
2353-67,https://documents.gov.lk/view/extra-gazettes/2023/10/2353-67_E.pdf,doc-archive/2023/10/13/2353-67/2353-67_english.pdf
2353-68,https://documents.gov.lk/view/extra-gazettes/2023/10/2353-68_E.pdf,doc-archive/2023/10/13/2353-68/2353-68_english.pdf
2353-69,https://documents.gov.lk/view/extra-gazettes/2023/10/2353-69_E.pdf,doc-archive/2023/10/13/2353-69/2353-69_english.pdf
2353-70,https://documents.gov.lk/view/extra-gazettes/2023/10/2353-70_E.pdf,doc-archive/2023/10/13/2353-70/2353-70_english.pdf
2353-71,https://documents.gov.lk/view/extra-gazettes/2023/10/2353-71_E.pdf,doc-archive/2023/10/13/2353-71/2353-71_english.pdf
2353-72,https://documents.gov.lk/view/extra-gazettes/2023/10/2353-72_E.pdf,doc-archive/2023/10/13/2353-72/2353-72_english.pdf
2353-73,https://documents.gov.lk/view/extra-gazettes/2023/10/2353-73_E.pdf,doc-archive/2023/10/13/2353-73/2353-73_english.pdf
2353-75,https://documents.gov.lk/view/extra-gazettes/2023/10/2353-75_E.pdf,doc-archive/2023/10/13/2353-75/2353-75_english.pdf
2353-55,https://documents.gov.lk/view/extra-gazettes/2023/10/2353-55_E.pdf,doc-archive/2023/10/12/2353-55/2353-55_english.pdf
2353-56,https://documents.gov.lk/view/extra-gazettes/2023/10/2353-56_E.pdf,doc-archive/2023/10/12/2353-56/2353-56_english.pdf
2354-12,https://documents.gov.lk/view/extra-gazettes/2023/10/2354-12_E.pdf,doc-archive/2023/10/12/2354-12/2354-12_english.pdf
2353-52,https://documents.gov.lk/view/extra-gazettes/2023/10/2353-52_E.pdf,doc-archive/2023/10/11/2353-52/2353-52_english.pdf
2353-53,https://documents.gov.lk/view/extra-gazettes/2023/10/2353-53_E.pdf,doc-archive/2023/10/11/2353-53/2353-53_english.pdf
2353-54,https://documents.gov.lk/view/extra-gazettes/2023/10/2353-54_E.pdf,doc-archive/2023/10/11/2353-54/2353-54_english.pdf
2353-27,https://documents.gov.lk/view/extra-gazettes/2023/10/2353-27_E.pdf,doc-archive/2023/10/10/2353-27/2353-27_english.pdf
2353-28,https://documents.gov.lk/view/extra-gazettes/2023/10/2353-28_E.pdf,doc-archive/2023/10/10/2353-28/2353-28_english.pdf
2353-30,https://documents.gov.lk/view/extra-gazettes/2023/10/2353-30_E.pdf,doc-archive/2023/10/10/2353-30/2353-30_english.pdf
2353-29,https://documents.gov.lk/view/extra-gazettes/2023/10/2353-29_E.pdf,doc-archive/2023/10/10/2353-29/2353-29_english.pdf
2353-31,https://documents.gov.lk/view/extra-gazettes/2023/10/2353-31_E.pdf,doc-archive/2023/10/10/2353-31/2353-31_english.pdf
2353-32,https://documents.gov.lk/view/extra-gazettes/2023/10/2353-32_E.pdf,doc-archive/2023/10/10/2353-32/2353-32_english.pdf
2353-34,https://documents.gov.lk/view/extra-gazettes/2023/10/2353-34_E.pdf,doc-archive/2023/10/10/2353-34/2353-34_english.pdf
2353-35,https://documents.gov.lk/view/extra-gazettes/2023/10/2353-35_E.pdf,doc-archive/2023/10/10/2353-35/2353-35_english.pdf
2353-36,https://documents.gov.lk/view/extra-gazettes/2023/10/2353-36_E.pdf,doc-archive/2023/10/10/2353-36/2353-36_english.pdf
2353-37,https://documents.gov.lk/view/extra-gazettes/2023/10/2353-37_E.pdf,doc-archive/2023/10/10/2353-37/2353-37_english.pdf
2353-38,https://documents.gov.lk/view/extra-gazettes/2023/10/2353-38_E.pdf,doc-archive/2023/10/10/2353-38/2353-38_english.pdf
2353-39,https://documents.gov.lk/view/extra-gazettes/2023/10/2353-39_E.pdf,doc-archive/2023/10/10/2353-39/2353-39_english.pdf
2353-40,https://documents.gov.lk/view/extra-gazettes/2023/10/2353-40_E.pdf,doc-archive/2023/10/10/2353-40/2353-40_english.pdf
2353-41,https://documents.gov.lk/view/extra-gazettes/2023/10/2353-41_E.pdf,doc-archive/2023/10/10/2353-41/2353-41_english.pdf
2353-42,https://documents.gov.lk/view/extra-gazettes/2023/10/2353-42_E.pdf,doc-archive/2023/10/10/2353-42/2353-42_english.pdf
2353-43,https://documents.gov.lk/view/extra-gazettes/2023/10/2353-43_E.pdf,doc-archive/2023/10/10/2353-43/2353-43_english.pdf
2353-44,https://documents.gov.lk/view/extra-gazettes/2023/10/2353-44_E.pdf,doc-archive/2023/10/10/2353-44/2353-44_english.pdf
2353-45,https://documents.gov.lk/view/extra-gazettes/2023/10/2353-45_E.pdf,doc-archive/2023/10/10/2353-45/2353-45_english.pdf
2353-46,https://documents.gov.lk/view/extra-gazettes/2023/10/2353-46_E.pdf,doc-archive/2023/10/10/2353-46/2353-46_english.pdf
2353-47,https://documents.gov.lk/view/extra-gazettes/2023/10/2353-47_E.pdf,doc-archive/2023/10/10/2353-47/2353-47_english.pdf
2353-48,https://documents.gov.lk/view/extra-gazettes/2023/10/2353-48_E.pdf,doc-archive/2023/10/10/2353-48/2353-48_english.pdf
2353-49,https://documents.gov.lk/view/extra-gazettes/2023/10/2353-49_E.pdf,doc-archive/2023/10/10/2353-49/2353-49_english.pdf
2353-50,https://documents.gov.lk/view/extra-gazettes/2023/10/2353-50_E.pdf,doc-archive/2023/10/10/2353-50/2353-50_english.pdf
2353-51,https://documents.gov.lk/view/extra-gazettes/2023/10/2353-51_E.pdf,doc-archive/2023/10/10/2353-51/2353-51_english.pdf
2353-01,https://documents.gov.lk/view/extra-gazettes/2023/10/2353-01_E.pdf,doc-archive/2023/10/09/2353-01/2353-01_english.pdf
2353-02,https://documents.gov.lk/view/extra-gazettes/2023/10/2353-02_E.pdf,doc-archive/2023/10/09/2353-02/2353-02_english.pdf
2353-03,https://documents.gov.lk/view/extra-gazettes/2023/10/2353-03_E.pdf,doc-archive/2023/10/09/2353-03/2353-03_english.pdf
2353-04,https://documents.gov.lk/view/extra-gazettes/2023/10/2353-04_E.pdf,doc-archive/2023/10/09/2353-04/2353-04_english.pdf
2353-05,https://documents.gov.lk/view/extra-gazettes/2023/10/2353-05_E.pdf,doc-archive/2023/10/09/2353-05/2353-05_english.pdf
2353-06,https://documents.gov.lk/view/extra-gazettes/2023/10/2353-06_E.pdf,doc-archive/2023/10/09/2353-06/2353-06_english.pdf
2353-07,https://documents.gov.lk/view/extra-gazettes/2023/10/2353-07_E.pdf,doc-archive/2023/10/09/2353-07/2353-07_english.pdf
2353-08,https://documents.gov.lk/view/extra-gazettes/2023/10/2353-08_E.pdf,doc-archive/2023/10/09/2353-08/2353-08_english.pdf
2353-10,https://documents.gov.lk/view/extra-gazettes/2023/10/2353-10_E.pdf,doc-archive/2023/10/09/2353-10/2353-10_english.pdf
2353-09,https://documents.gov.lk/view/extra-gazettes/2023/10/2353-09_E.pdf,doc-archive/2023/10/09/2353-09/2353-09_english.pdf
2353-11,https://documents.gov.lk/view/extra-gazettes/2023/10/2353-11_E.pdf,doc-archive/2023/10/09/2353-11/2353-11_english.pdf
2353-12,https://documents.gov.lk/view/extra-gazettes/2023/10/2353-12_E.pdf,doc-archive/2023/10/09/2353-12/2353-12_english.pdf
2353-13,https://documents.gov.lk/view/extra-gazettes/2023/10/2353-13_E.pdf,doc-archive/2023/10/09/2353-13/2353-13_english.pdf
2353-14,https://documents.gov.lk/view/extra-gazettes/2023/10/2353-14_E.pdf,doc-archive/2023/10/09/2353-14/2353-14_english.pdf
2353-15,https://documents.gov.lk/view/extra-gazettes/2023/10/2353-15_E.pdf,doc-archive/2023/10/09/2353-15/2353-15_english.pdf
2353-16,https://documents.gov.lk/view/extra-gazettes/2023/10/2353-16_E.pdf,doc-archive/2023/10/09/2353-16/2353-16_english.pdf
2353-17,https://documents.gov.lk/view/extra-gazettes/2023/10/2353-17_E.pdf,doc-archive/2023/10/09/2353-17/2353-17_english.pdf
2353-18,https://documents.gov.lk/view/extra-gazettes/2023/10/2353-18_E.pdf,doc-archive/2023/10/09/2353-18/2353-18_english.pdf
2353-19,https://documents.gov.lk/view/extra-gazettes/2023/10/2353-19_E.pdf,doc-archive/2023/10/09/2353-19/2353-19_english.pdf
2353-20,https://documents.gov.lk/view/extra-gazettes/2023/10/2353-20_E.pdf,doc-archive/2023/10/09/2353-20/2353-20_english.pdf
2353-21,https://documents.gov.lk/view/extra-gazettes/2023/10/2353-21_E.pdf,doc-archive/2023/10/09/2353-21/2353-21_english.pdf
2353-22,https://documents.gov.lk/view/extra-gazettes/2023/10/2353-22_E.pdf,doc-archive/2023/10/09/2353-22/2353-22_english.pdf
2353-23,https://documents.gov.lk/view/extra-gazettes/2023/10/2353-23_E.pdf,doc-archive/2023/10/09/2353-23/2353-23_english.pdf
2353-24,https://documents.gov.lk/view/extra-gazettes/2023/10/2353-24_E.pdf,doc-archive/2023/10/09/2353-24/2353-24_english.pdf
2352-49,https://documents.gov.lk/view/extra-gazettes/2023/10/2352-49_E.pdf,doc-archive/2023/10/07/2352-49/2352-49_english.pdf
2352-50,https://documents.gov.lk/view/extra-gazettes/2023/10/2352-50_E.pdf,doc-archive/2023/10/07/2352-50/2352-50_english.pdf
2352-51,https://documents.gov.lk/view/extra-gazettes/2023/10/2352-51_E.pdf,doc-archive/2023/10/07/2352-51/2352-51_english.pdf
2352-52,https://documents.gov.lk/view/extra-gazettes/2023/10/2352-52_E.pdf,doc-archive/2023/10/07/2352-52/2352-52_english.pdf
2352-53,https://documents.gov.lk/view/extra-gazettes/2023/10/2352-53_E.pdf,doc-archive/2023/10/07/2352-53/2352-53_english.pdf
2352-33,https://documents.gov.lk/view/extra-gazettes/2023/10/2352-33_E.pdf,doc-archive/2023/10/06/2352-33/2352-33_english.pdf
2352-34,https://documents.gov.lk/view/extra-gazettes/2023/10/2352-34_E.pdf,doc-archive/2023/10/06/2352-34/2352-34_english.pdf
2352-35,https://documents.gov.lk/view/extra-gazettes/2023/10/2352-35_E.pdf,doc-archive/2023/10/06/2352-35/2352-35_english.pdf
2352-36,https://documents.gov.lk/view/extra-gazettes/2023/10/2352-36_E.pdf,doc-archive/2023/10/06/2352-36/2352-36_english.pdf
2352-37,https://documents.gov.lk/view/extra-gazettes/2023/10/2352-37_E.pdf,doc-archive/2023/10/06/2352-37/2352-37_english.pdf
2352-38,https://documents.gov.lk/view/extra-gazettes/2023/10/2352-38_E.pdf,doc-archive/2023/10/06/2352-38/2352-38_english.pdf
2352-39,https://documents.gov.lk/view/extra-gazettes/2023/10/2352-39_E.pdf,doc-archive/2023/10/06/2352-39/2352-39_english.pdf
2352-40,https://documents.gov.lk/view/extra-gazettes/2023/10/2352-40_E.pdf,doc-archive/2023/10/06/2352-40/2352-40_english.pdf
2352-41,https://documents.gov.lk/view/extra-gazettes/2023/10/2352-41_E.pdf,doc-archive/2023/10/06/2352-41/2352-41_english.pdf
2352-42,https://documents.gov.lk/view/extra-gazettes/2023/10/2352-42_E.pdf,doc-archive/2023/10/06/2352-42/2352-42_english.pdf
2352-43,https://documents.gov.lk/view/extra-gazettes/2023/10/2352-43_E.pdf,doc-archive/2023/10/06/2352-43/2352-43_english.pdf
2352-44,https://documents.gov.lk/view/extra-gazettes/2023/10/2352-44_E.pdf,doc-archive/2023/10/06/2352-44/2352-44_english.pdf
2352-45,https://documents.gov.lk/view/extra-gazettes/2023/10/2352-45_E.pdf,doc-archive/2023/10/06/2352-45/2352-45_english.pdf
2352-46,https://documents.gov.lk/view/extra-gazettes/2023/10/2352-46_E.pdf,doc-archive/2023/10/06/2352-46/2352-46_english.pdf
2352-47,https://documents.gov.lk/view/extra-gazettes/2023/10/2352-47_E.pdf,doc-archive/2023/10/06/2352-47/2352-47_english.pdf
2352-48,https://documents.gov.lk/view/extra-gazettes/2023/10/2352-48_E.pdf,doc-archive/2023/10/06/2352-48/2352-48_english.pdf
2352-19,https://documents.gov.lk/view/extra-gazettes/2023/10/2352-19_E.pdf,doc-archive/2023/10/05/2352-19/2352-19_english.pdf
2352-20,https://documents.gov.lk/view/extra-gazettes/2023/10/2352-20_E.pdf,doc-archive/2023/10/05/2352-20/2352-20_english.pdf
2352-21,https://documents.gov.lk/view/extra-gazettes/2023/10/2352-21_E.pdf,doc-archive/2023/10/05/2352-21/2352-21_english.pdf
2352-22,https://documents.gov.lk/view/extra-gazettes/2023/10/2352-22_E.pdf,doc-archive/2023/10/05/2352-22/2352-22_english.pdf
2352-23,https://documents.gov.lk/view/extra-gazettes/2023/10/2352-23_E.pdf,doc-archive/2023/10/05/2352-23/2352-23_english.pdf
2352-24,https://documents.gov.lk/view/extra-gazettes/2023/10/2352-24_E.pdf,doc-archive/2023/10/05/2352-24/2352-24_english.pdf
2352-25,https://documents.gov.lk/view/extra-gazettes/2023/10/2352-25_E.pdf,doc-archive/2023/10/05/2352-25/2352-25_english.pdf
2352-26,https://documents.gov.lk/view/extra-gazettes/2023/10/2352-26_E.pdf,doc-archive/2023/10/05/2352-26/2352-26_english.pdf
2352-27,https://documents.gov.lk/view/extra-gazettes/2023/10/2352-27_E.pdf,doc-archive/2023/10/05/2352-27/2352-27_english.pdf
2352-28,https://documents.gov.lk/view/extra-gazettes/2023/10/2352-28_E.pdf,doc-archive/2023/10/05/2352-28/2352-28_english.pdf
2352-29,https://documents.gov.lk/view/extra-gazettes/2023/10/2352-29_E.pdf,doc-archive/2023/10/05/2352-29/2352-29_english.pdf
2352-31,https://documents.gov.lk/view/extra-gazettes/2023/10/2352-31_E.pdf,doc-archive/2023/10/05/2352-31/2352-31_english.pdf
2352-30,https://documents.gov.lk/view/extra-gazettes/2023/10/2352-30_E.pdf,doc-archive/2023/10/05/2352-30/2352-30_english.pdf
2352-32,https://documents.gov.lk/view/extra-gazettes/2023/10/2352-32_E.pdf,doc-archive/2023/10/05/2352-32/2352-32_english.pdf
2352-11,https://documents.gov.lk/view/extra-gazettes/2023/10/2352-11_E.pdf,doc-archive/2023/10/04/2352-11/2352-11_english.pdf
2352-12,https://documents.gov.lk/view/extra-gazettes/2023/10/2352-12_E.pdf,doc-archive/2023/10/04/2352-12/2352-12_english.pdf
2352-13,https://documents.gov.lk/view/extra-gazettes/2023/10/2352-13_E.pdf,doc-archive/2023/10/04/2352-13/2352-13_english.pdf
2352-14,https://documents.gov.lk/view/extra-gazettes/2023/10/2352-14_E.pdf,doc-archive/2023/10/04/2352-14/2352-14_english.pdf
2352-15,https://documents.gov.lk/view/extra-gazettes/2023/10/2352-15_E.pdf,doc-archive/2023/10/04/2352-15/2352-15_english.pdf
2352-16,https://documents.gov.lk/view/extra-gazettes/2023/10/2352-16_E.pdf,doc-archive/2023/10/04/2352-16/2352-16_english.pdf
2352-17,https://documents.gov.lk/view/extra-gazettes/2023/10/2352-17_E.pdf,doc-archive/2023/10/04/2352-17/2352-17_english.pdf
2352-18,https://documents.gov.lk/view/extra-gazettes/2023/10/2352-18_E.pdf,doc-archive/2023/10/04/2352-18/2352-18_english.pdf
2352-05,https://documents.gov.lk/view/extra-gazettes/2023/10/2352-05_E.pdf,doc-archive/2023/10/03/2352-05/2352-05_english.pdf
2352-06,https://documents.gov.lk/view/extra-gazettes/2023/10/2352-06_E.pdf,doc-archive/2023/10/03/2352-06/2352-06_english.pdf
2352-07,https://documents.gov.lk/view/extra-gazettes/2023/10/2352-07_E.pdf,doc-archive/2023/10/03/2352-07/2352-07_english.pdf
2352-08,https://documents.gov.lk/view/extra-gazettes/2023/10/2352-08_E.pdf,doc-archive/2023/10/03/2352-08/2352-08_english.pdf
2352-09,https://documents.gov.lk/view/extra-gazettes/2023/10/2352-09_E.pdf,doc-archive/2023/10/03/2352-09/2352-09_english.pdf
2352-10,https://documents.gov.lk/view/extra-gazettes/2023/10/2352-10_E.pdf,doc-archive/2023/10/03/2352-10/2352-10_english.pdf
2352-01,https://documents.gov.lk/view/extra-gazettes/2023/10/2352-01_E.pdf,doc-archive/2023/10/02/2352-01/2352-01_english.pdf
2352-02,https://documents.gov.lk/view/extra-gazettes/2023/10/2352-02_E.pdf,doc-archive/2023/10/02/2352-02/2352-02_english.pdf
2352-03,https://documents.gov.lk/view/extra-gazettes/2023/10/2352-03_E.pdf,doc-archive/2023/10/02/2352-03/2352-03_english.pdf
2352-04,https://documents.gov.lk/view/extra-gazettes/2023/10/2352-04_E.pdf,doc-archive/2023/10/02/2352-04/2352-04_english.pdf
2351-41,https://documents.gov.lk/view/extra-gazettes/2023/10/2351-41_E.pdf,doc-archive/2023/10/01/2351-41/2351-41_english.pdf
