Document ID,Document Date,Gazette Type,Reasoning
2325-52,2023-03-31,COMMERCIAL,"This gazette notification concerns the cancellation of liquidation for several Co-operative Societies. The content deals with business/commercial matters specifically related to cooperative societies, their registration status, and liquidation processes. It involves the Commissioner of Co-operative Development acting in a regulatory capacity over business entities, which falls under commercial administrative matters rather than government structure/personnel changes."
2325-53,2023-03-31,COMMERCIAL,"This gazette notification concerns the cancellation of registrations for multiple cooperative societies (thrift/credit, school, producer societies) by the Commissioner of Co-operative Development. This falls under business/commercial matters, specifically the regulation and dissolution of registered commercial entities, making it a Commercial Gazette (Type 6). It does not involve government personnel/structure, land, legal acts, elections, public service, or judicial matters."
2325-54,2023-03-31,PUBLIC_SERVICE,"This gazette notification amends the Sri Lanka Nursing Service Minute, which governs the service conditions, promotions, and qualifications for nursing professionals in the public sector. The content specifically deals with public service recruitment regulations, promotion criteria, and service conditions for government nurses, falling under Public Service Gazettes (Type 8). While it references government bodies (Public Service Commission, Ministry of Health), the core content focuses on public sector employment rules rather than government structure/personnel changes or other specialized categories."
2325-55,2023-03-31,LEGAL_REGULATORY,"This gazette notification extends the deadline for a Commission of Inquiry to submit its final report, exercising powers under the Commission of Inquiry Act (Chapter 393). The content deals with legal procedures, statutory timelines, and the operation of a commission established through legal authority, making it primarily a legal/regulatory matter rather than a government personnel or structural change."
2325-56,2023-03-31,LAND,"This gazette content exclusively deals with land title registration matters under the Registration of Title Act. It contains declarations of land title determinations for specific parcels of land, including details of land owners, property boundaries, cadastral references, and land ownership particulars. The content focuses entirely on land registration and property rights, falling squarely within the Land Gazettes category (Type 4) as it involves land titles, ownership determinations, and property registrations without any government personnel changes or structural administrative matters."
2325-57,2023-03-31,LAND,"This gazette content exclusively deals with land title registration and determinations under the Registration of Title Act. It contains detailed schedules of specific land parcels, their ownership status, extents, and encumbrances. The content focuses entirely on land administration matters, including declarations of title determinations for multiple land parcels with specific identifiers, locations, and ownership details, making it clearly fall under the Land Gazettes category."
2325-58,2023-03-31,LAND,"This gazette content exclusively deals with land title registrations and determinations under the Registration of Title Act. It contains specific details about land parcels, including parcel numbers, extents, ownership details, and legal determinations regarding land titles. The content falls squarely within the definition of Land Gazettes, which cover land registrations, property ownership, land titles, and related matters. There is no government personnel or structural content that would trigger Types 1-3, and the specialized nature of land registration makes it clearly Type 4 rather than falling under miscellaneous categories."
2325-59,2023-03-31,LAND,"This gazette content exclusively deals with land title registration and determinations under the Registration of Title Act. It contains detailed schedules of specific land parcels, their extents, ownership details, and legal status. The content focuses entirely on land property matters, including title settlements, ownership declarations, and land parcel registrations, which falls squarely under the Land Gazettes classification (Type 4)."
2325-60,2023-03-31,LAND,"This gazette content deals exclusively with land title registration matters under the Registration of Title Act. It contains declarations of determination for specific land parcels (Nos. 429, 145, and 191) with detailed ownership information, property descriptions, and legal status. The content focuses on land ownership registration, property boundaries, and title settlements, which falls squarely under the Land Gazettes category (Type 4) for land and property-related matters."
2325-61,2023-03-31,LAND,"This gazette content exclusively deals with land title registration matters under the Registration of Title Act. It contains declarations of determination for specific land parcels (No. 0173 and No. 0058) with detailed property particulars including owner names, extent, location details, and title classifications. The content focuses entirely on land registration and property ownership matters, falling squarely within the Land Gazettes category (Type 4) as it involves land titles, property ownership determinations, and cadastral mapping information."
2325-62,2023-03-31,LAND,"This gazette content exclusively deals with land title registration matters under the Registration of Title Act, specifically declaring determinations of land ownership for specific parcels in Kandy District. It contains detailed land particulars including parcel numbers, extent, owner names, and title classifications, making it clearly a Land Gazette (Type 4) focused on property ownership and land registration."
2325-63,2023-03-31,LEGAL_REGULATORY,"This gazette content involves the exercise of powers under specific legislation (Mortgage Act, Trust Receipts Ordinance, Inland Trust Receipts Act) to declare financial institutions as ""Approved Credit Agencies."" It constitutes regulatory action based on statutory authority, making it a Legal/Regulatory Gazette. The content does not involve government personnel changes, organizational restructuring, or any of the other specialized categories like land, commercial, elections, public service, or judicial matters."
2325-64,2023-03-31,LEGAL_REGULATORY,"This gazette notification fixes festival periods for pilgrimages under the Pilgrimages (Jaffna District) Regulation 1951 and its subsequent amendments. It constitutes a regulatory matter involving the implementation and enforcement of existing legislation, making it a Legal/Regulatory Gazette (Type 5). The content does not involve government personnel changes, structural changes, or any of the other specialized categories like land, commercial, or elections."
2325-65,2023-03-31,LAND,"This gazette content exclusively deals with land title registration under the Registration of Title Act, specifically declaring the determination of title for a specific parcel of land (No. 337 of Block 03) with detailed land particulars including location, extent, owner information, and title classification. It falls squarely under Land Gazettes (Type 4) as it concerns land registration and property ownership matters without any government personnel changes or structural administrative modifications."
2325-66,2023-03-31,LAND,"This gazette content exclusively deals with land title registration under the Registration of Title Act, specifically declaring the determination of title for a specific parcel of land (Parcel No. 62, Block 04) with detailed land particulars including location, extent, owner information, and encumbrances. It falls squarely within the Land Gazettes category as it concerns land registration and property ownership matters without any government personnel changes or structural administrative modifications."
2325-67,2023-03-31,LAND,"This gazette content exclusively deals with land title registration matters under the Registration of Title Act. It contains specific declarations of land title determinations for particular parcels of land (Nos. 98, 105, and 115) with detailed information about land ownership, property boundaries, cadastral mapping, and legal registration processes. The content falls squarely within the Land Gazette category as it focuses on land registration, property ownership determination, and title settlement matters without involving government personnel changes, organizational restructuring, or other specialized categories."
2325-68,2023-03-31,LAND,"This gazette content deals exclusively with land title registration matters under the Registration of Title Act, No. 21 of 1998. It contains declarations of determination for specific land parcels (including parcel numbers, cadastral maps, locations, and owner details) and establishes land ownership rights, servitudes, and encumbrances. The content appears in ""PART III - LANDS"" of the gazette and focuses entirely on land registration and property title matters, fitting perfectly within the Land Gazette classification (Type 4)."
2325-69,2023-03-31,LAND,"This gazette content exclusively deals with land title registration matters under the Registration of Title Act. It contains declarations of determination for specific land parcels (No. 204 and No. 99) with detailed property information including parcel numbers, extents, owner names, addresses, and title classifications. The content focuses entirely on land ownership and title settlement processes, falling squarely within the Land Gazettes category (Type 4) for land and property-related matters."
2325-70,2023-03-31,LAND,"This gazette content deals exclusively with land title registration matters under the Registration of Title Act. It contains declarations of determination for specific land parcels (No. 150 and No. 31) with detailed property information including parcel numbers, extents, owner names, addresses, identity card numbers, and title classifications. The content focuses on land ownership registration and title settlement, which falls squarely under the Land Gazettes category (Type 4) for land and property-related matters."
2325-71,2023-03-31,LAND,"This gazette content exclusively deals with land title registration under the Registration of Title Act. It contains a declaration by the Commissioner of Title Settlement regarding the determination of title to a specific parcel of land (Parcel No. 231, Block 22) with detailed land particulars including location, extent, owner information, and encumbrances. This falls squarely within the Land Gazette category (Type 4) as it concerns land registration and property ownership matters."
2325-72,2023-03-31,LAND,"This gazette content exclusively deals with land title registration under the Registration of Title Act. It contains a declaration by the Commissioner of Title Settlement regarding the determination of title for a specific parcel of land (Parcel No. 22, Block 10) with detailed land particulars including location, extent, owner information, and title classification. The content focuses entirely on land registration matters, falling squarely under the Land Gazettes category (Type 4) for land and property-related administrative actions."
2325-41,2023-03-30,LEGAL_REGULATORY,"This gazette content primarily involves the creation of new regulatory frameworks and by-laws for water source management and drinking water safety under specific legislative authorities (Pradeshiya Sabha Act, Urban Council Ordinance). It establishes legal requirements, compliance procedures, and regulatory oversight mechanisms, which falls squarely under Legal/Regulatory matters (Type 5). While it mentions government officials (the Governor and committee members), it does so in the context of establishing a regulatory framework rather than making personnel appointments or detailing individual portfolio responsibilities."
2325-42,2023-03-30,LEGAL_REGULATORY,"This gazette content establishes a legal framework for the creation and operation of special advisory committees on women's affairs within Pradeshiya Sabhas (local government bodies) in the Central Province. It is an order made under specific Acts of Parliament (Pradeshiya Sabha Act, No. 15 of 1987 and Provincial Councils Act, No. 12 of 1989), detailing the composition, functions, procedures, and rules for these committees. This constitutes the creation of subsidiary legislation and regulatory procedures, fitting the definition of a Legal/Regulatory Gazette. While a government official (the Provincial Governor) is named, this is in the context of issuing a legal order, not a personnel appointment or a description of his portfolio responsibilities."
2325-43,2023-03-30,PEOPLE,"This gazette content announces the appointment of a specific individual (Mr. K. D. N. Ranjith Asoka) to a government position (Secretary to the Ministry of Public Administration, Home Affairs, Provincial Councils and Local Government). It names the person and provides a basic title but does NOT include any detailed description of the portfolio responsibilities or subject matter duties. This fits the definition of a People Gazette (Type 2)."
2325-44,2023-03-30,LEGAL_REGULATORY,"This gazette content contains rules made by the Supreme Court under Article 136 of the Constitution, specifically amending and rescinding previous rules regarding the attire of Judges and Attorneys-at-Law. This constitutes legal/regulatory matters involving statutory instruments and subsidiary legislation, falling under Type 5 (Legal/Regulatory Gazettes). While it mentions judicial officials by name, it does not involve government personnel changes or portfolio assignments, and the primary focus is on legal rule-making rather than government structure or personnel."
2325-45,2023-03-30,COMMERCIAL,"This gazette content pertains to the commercial matter of winding up a financial company (""The Finance Company PLC"") under court supervision. It involves the appointment of a liquidator and procedures for handling the company's assets and expenses, which falls under business/commercial regulations and corporate dissolution - the core focus of Commercial Gazettes (Type 6). The content does not involve government structure/personnel (Types 1-3) or other specialized categories like land, legal, elections, public service, or judicial matters."
2325-46,2023-03-30,LEGAL_REGULATORY,"This gazette content involves the delegation of powers under specific statutes (Co-operative Societies Statute No. 10 of 1990 as amended) and references numerous legal sections and regulations. It constitutes a legal/regulatory matter involving statutory instruments and the implementation of existing laws, falling under Type 5 (Legal/Regulatory Gazettes) rather than government personnel or structural changes."
2325-47,2023-03-30,LAND,"This gazette content exclusively deals with land title registration matters, specifically the declaration of determinations by the Commissioner of Title Settlement regarding specific land parcels (including parcel numbers, ownership details, extents, and encumbrances) under the Registration of Title Act. The content falls squarely within the Land Gazette category as it involves land registrations, property ownership determinations, and title settlements for specific land parcels in defined locations."
2325-48,2023-03-30,LAND,"This gazette content exclusively deals with land title registration matters under the Registration of Title Act, specifically declaring determinations of land ownership for multiple parcels in the Puttalam District. It contains detailed schedules listing land parcel numbers, owners, extents, encumbrances, and other land-specific details, making it clearly a Land Gazette according to the classification criteria."
2325-50,2023-03-30,LAND,"This gazette content exclusively deals with land title registration matters under the Registration of Title Act. It contains declarations of title determinations for specific land parcels, including details of land ownership, property boundaries, encumbrances, and servitudes. The content focuses entirely on land administration and property rights, falling squarely within the Land Gazette classification (Type 4) without any government personnel changes, organizational restructuring, or other specialized categories."
2325-51,2023-03-30,JUDICIAL_LAW_ENFORCEMENT,"This gazette notification concerns the extension of an investigation period for a commission looking into potential offenses committed by a Mayor. The content involves a judicial officer (retired) conducting the investigation under the Municipal Councils Ordinance. This falls squarely within judicial/law enforcement matters, specifically covering legal proceedings, investigations, and the application of ordinances related to local government officials."
2325-25,2023-03-29,LAND,"This gazette content exclusively deals with land title registration matters, specifically the declaration of determinations by the Commissioner of Title Settlement regarding specific land parcels (including parcel numbers, ownership details, extents, and encumbrances) under the Registration of Title Act. It contains detailed land ownership information and property particulars, fitting perfectly within the Land Gazette category."
2325-26,2023-03-29,LAND,"This gazette content exclusively deals with land title registration matters under the Registration of Title Act. It contains multiple declarations of determination for specific land parcels (including parcel numbers, extents, owner details, and property characteristics) in various villages. The content focuses entirely on land ownership, title settlement, and property registration, which falls squarely under the Land Gazettes classification (Type 4). There is no government personnel or structural changes, legal framework creation, commercial matters, or other specialized categories present."
2325-27,2023-03-29,HYBRID,"This gazette contains both a named individual (Kanchana Wijesekera, Minister of Power and Energy) and detailed government responsibilities (exercising powers under the Ceylon Petroleum Corporation Act to revise specific fuel prices). The content includes both ""who"" (government person) and ""what"" (detailed government action/portfolio responsibility), making it a Hybrid Gazette (Type 3)."
2325-28,2023-03-29,LAND,"This gazette content exclusively deals with land title registration matters, specifically the declaration of determinations regarding title to multiple land parcels under the Registration of Title Act. It contains detailed schedules listing specific land parcels, their extents, owners, and title classifications. The content falls squarely within the Land Gazette category as it involves land registrations, property ownership determinations, and land title settlements."
2325-30,2023-03-29,LAND,"This gazette content exclusively deals with land title registration and determinations under the Registration of Title Act. It contains detailed schedules of specific land parcels, their ownership details, extents, and legal status. The content focuses entirely on land property matters, including declarations of title determinations for multiple land parcels with specific cadastral references, owner names, and property details, which falls squarely under the Land Gazettes classification (Type 4)."
2325-31,2023-03-29,LAND,"This gazette content exclusively deals with land title registration matters under the Registration of Title Act, specifically declaring determinations of land ownership for multiple parcels in Puttalam District. It contains detailed schedules of land parcels, owners, extents, encumbrances, and property rights - all characteristic of land-related administrative matters falling under Type 4 (Land Gazettes)."
2325-32,2023-03-29,LAND,"This gazette content deals exclusively with land title registration matters under the Registration of Title Act. It contains declarations of land title determinations for specific parcels of land, including detailed schedules with parcel numbers, extents, owner information, and title classifications. The content falls under ""Land and property-related matters"" as defined in Type 4, specifically covering land registrations and title settlements."
2325-33,2023-03-29,LAND,"This gazette content exclusively deals with land-related matters, specifically calling for claims to land parcels under the Registration of Title Act. It involves land title settlement, cadastral mapping, and ownership claims for multiple land parcels across different districts. The content falls squarely within the definition of Land Gazettes (Type 4) as it concerns land registrations, property ownership claims, and title determination processes."
2325-35,2023-03-29,LAND,"This gazette content exclusively deals with land-related matters, specifically calling for claims to land parcels under the Registration of Title Act. It involves land title registration, cadastral mapping, and determination of land ownership interests in specific districts (Nuwaraeliya and Jaffna). The content focuses entirely on land administration and property rights without any government personnel changes, structural modifications, or other specialized categories."
2325-36,2023-03-29,LAND,"This gazette content exclusively deals with land-related matters, specifically calling for claims to land parcels under the Registration of Title Act. It involves land title settlement processes, cadastral maps, and property ownership claims across multiple districts. The content focuses entirely on land registration and title determination procedures without any government personnel changes, structural modifications, or other specialized categories."
2325-37,2023-03-29,LAND,"This gazette content exclusively deals with land title registration and determinations under the Registration of Title Act. It contains detailed schedules of land parcels, their owners, property details, and encumbrances. The content focuses specifically on land ownership matters, property boundaries, and title settlements, which falls squarely under the Land Gazettes category (Type 4) as it primarily concerns land and property-related administrative matters."
2325-38,2023-03-29,LAND,"This gazette content exclusively deals with land title registration and determinations under the Registration of Title Act. It contains detailed schedules of land parcels with specific plot numbers, ownership details, extents, and encumbrances. The content focuses entirely on land property matters, including declarations of title determinations for specific land parcels in designated locations, which falls squarely under the Land Gazettes classification (Type 4)."
2325-39,2023-03-29,LAND,"This gazette content is exclusively about land acquisition under the Land Acquisition Act. It provides detailed descriptions of specific land parcels being acquired for a public purpose (Upper Elahera Project), including lot numbers, land names, descriptions, claimants, and extents. The notice follows the statutory procedure under Section 7 of the Land Acquisition Act, making it clearly a land-related matter that falls under Type 4 (Land Gazettes)."
2325-40,2023-03-29,LAND,"This gazette content is a Land Acquisition Notice published under the Land Acquisition Act, specifically declaring that certain described lands are needed for public purpose and will be acquired. It contains detailed descriptions of specific land parcels, their boundaries, and extents. While it mentions a minister's name and title, the primary focus is on land acquisition matters rather than government personnel changes or portfolio responsibilities, making it a Land Gazette (Type 4) according to the classification rules."
2325-06,2023-03-28,LEGAL_REGULATORY,"This gazette content primarily involves the issuance of a legal order under the Sri Lanka Export Development Act, No. 40 of 1979, which establishes new regulatory requirements for CESS levies on imported goods. It contains detailed tariff schedules and rates, making it a regulatory matter that falls under Legal/Regulatory classification rather than government personnel or structural changes."
2325-07,2023-03-28,LEGAL_REGULATORY,"This gazette content primarily involves the issuance of a Revenue Protection Order under the Revenue Protection Act, which constitutes a regulatory matter. It specifies changes to customs duties and exemptions, making it a legal/regulatory instrument rather than a government personnel, organizational, or other specialized category."
2325-08,2023-03-28,LAND,"This gazette content primarily deals with land and property matters, specifically the amendment of port limits by including new land areas with detailed coordinate descriptions, survey plans, and land extent measurements. It focuses on land boundaries, survey data, and property definitions rather than government personnel changes, organizational structure, or other specialized categories."
2325-10,2023-03-28,LAND,"This gazette content exclusively deals with land title registration matters under the Registration of Title Act. It contains declarations of title determinations for specific land parcels (including parcel numbers, cadastral maps, locations, and owner details), which falls squarely within the Land Gazette category (Type 4) for land registrations, property ownership, and land title matters. There is no government personnel or structural content that would trigger Types 1-3, and the specialized nature of land registration distinguishes it from other categories."
2325-11,2023-03-28,LAND,"This gazette content exclusively deals with land title registration matters under the Registration of Title Act. It contains declarations of title determinations for specific land parcels (including parcel numbers, locations, ownership details, and encumbrances) in various villages. The content focuses on land ownership, property rights, and title settlements, which falls squarely under the Land Gazettes category (Type 4) as it involves land registrations, property ownership, and land title matters."
2325-12,2023-03-28,LAND,"This gazette content consists entirely of multiple ""NOTICE CALLING FOR CLAIMS TO LAND PARCELS"" announcements under the Registration of Title Act. The notices specifically deal with land ownership claims, cadastral maps, land parcel registrations, and title settlement procedures across various districts. This content falls squarely within the Land Gazettes category (Type 4) as it primarily concerns land registration, title claims, and property ownership matters."
2325-13,2023-03-28,LAND,"This gazette content exclusively deals with land title registration matters under the Registration of Title Act. It contains declarations of determination for specific land parcels, including detailed information about parcel numbers, extents, owners, and property details. The content is focused entirely on land ownership and title settlement, falling squarely within the Land Gazettes category (Type 4) which covers land registrations, property ownership, and land title matters."
2325-14,2023-03-28,LAND,"This gazette content deals exclusively with land title registration and determinations under the Registration of Title Act. It contains detailed schedules of specific land parcels, their ownership status, extents, and legal determinations regarding title settlement. The content appears in ""PART III - LANDS"" of the gazette and focuses entirely on land property matters, making it a clear example of a Land Gazette."
2325-15,2023-03-28,LAND,"This gazette content deals exclusively with land and property matters, specifically notices calling for claims to intestate property under the Registration of Title Act. It includes detailed land descriptions, parcel numbers, extents of land, and procedures for registering title to properties of deceased individuals without wills. The content falls squarely within the Land Gazette category as it concerns property ownership, land titles, and land registration processes."
2325-16,2023-03-28,LAND,"This gazette content exclusively deals with land title registration matters under the Registration of Title Act. It contains declarations of determination for specific land parcels (Parcel No. 408 and Parcel No. 10) with detailed ownership information, property descriptions, and legal encumbrances. The content focuses entirely on land registration and property ownership matters, falling squarely under the Land Gazettes classification (Type 4) without any government personnel changes, organizational restructuring, or other specialized categories."
2325-17,2023-03-28,LAND,"This gazette content exclusively deals with land title registration matters under the Registration of Title Act. It contains specific declarations of land title determinations for multiple parcels of land, including detailed property descriptions, cadastral references, owner information, and legal status. The content focuses entirely on land ownership and property rights, falling squarely within the Land Gazettes category (Type 4) which covers land registrations, property ownership, and land title matters."
2325-18,2023-03-28,LAND,"This gazette content exclusively deals with land title registration matters under the Registration of Title Act. It contains detailed declarations of land ownership, parcel numbers, extents, owner identities, and property rights for specific land parcels in Ratnapura District. The content focuses entirely on land registration and property ownership matters, falling squarely within the Land Gazettes category (Type 4) without any government personnel changes, organizational restructuring, or other specialized administrative matters."
2325-19,2023-03-28,LAND,"This gazette content exclusively deals with land title registration under the Registration of Title Act, specifically declaring the determination of title for a specific parcel of land (No. 291 of Block 01) in Nugawela village. It includes detailed land particulars such as extent, ownership details, title class, and encumbrances, which falls squarely under the Land Gazettes category (Type 4) for land and property-related matters."
2325-20,2023-03-28,LAND,"This gazette content exclusively deals with land title registration and property ownership matters. It contains a formal declaration by the Commissioner of Title Settlement regarding the determination of titles for specific land parcels, including detailed schedules with parcel numbers, extents, ownership details, identity card numbers, and encumbrances. The content falls under ""Land registrations, property ownership, land titles"" as specified in the Land Gazettes (Type 4) classification criteria."
2325-21,2023-03-28,LAND,"This gazette content deals specifically with land and property matters, specifically notices calling for claims to intestate property (property of deceased persons without wills) and the subsequent registration of land titles under the Registration of Title Act. It contains detailed land descriptions including cadastral map numbers, parcel numbers, land extents, and registration details, which falls squarely within the Land Gazette classification (Type 4) for land registrations, property ownership, and land title matters."
2325-22,2023-03-28,LAND,"This gazette content primarily deals with land acquisition matters under the Land Acquisition Act. It contains specific notices about government intentions to acquire land for public purposes, including detailed descriptions of land parcels, boundaries, and compensation procedures. The content focuses exclusively on land-related administrative processes without involving government personnel changes, structural changes, or other specialized categories."
2325-23,2023-03-28,LAND,"This gazette content is a land acquisition notice under the Land Acquisition Act, specifically detailing the government's acquisition of multiple land parcels for creating a water reserve. It contains detailed descriptions of land lots, their locations, claimants, and extents, which falls squarely under the Land Gazettes category (Type 4) for land and property-related matters."
2325-01,2023-03-27,LEGAL_REGULATORY,"This gazette notification is issued under the Customs Ordinance (Chapter 235) and specifically deals with setting exchange rates for customs duties and other charges. It constitutes a regulatory matter under customs law, making it a Legal/Regulatory Gazette (Type 5) as it establishes compliance requirements for customs payments rather than addressing government personnel, organizational structure, or other specialized categories."
2325-02,2023-03-27,LEGAL_REGULATORY,"This gazette content primarily involves legal/regulatory matters under the Industrial Disputes Act, specifically orders made under Section 4(1) to appoint arbitrators for industrial disputes. It contains statutory instruments and legal procedures for dispute resolution, falling under the Legal/Regulatory category rather than government personnel or structural changes."
2325-03,2023-03-27,LEGAL_REGULATORY,"This gazette content primarily deals with legal/regulatory matters under the Industrial Disputes Act, including the appointment and revocation of arbitrators for industrial dispute resolution. It contains statutory orders made under specific legal provisions (Section 4(1) of the Act), which falls under legal framework and regulatory matters rather than government personnel changes or organizational restructuring."
2325-04,2023-03-27,LEGAL_REGULATORY,"This gazette content primarily involves the exercise of legal powers under the Industrial Disputes Act to appoint arbitrators for industrial disputes. It contains specific legal orders made by the Minister under statutory authority, references to legislative enactments and amendments, and formal legal procedures for dispute resolution. This fits the Legal/Regulatory classification (Type 5) as it deals with regulatory frameworks, statutory instruments, and the implementation of existing legislation rather than government personnel changes, organizational restructuring, or other specialized categories."
2325-05,2023-03-27,LEGAL_REGULATORY,"This gazette notification contains a regulation made under the Sports Law No. 25 of 1973, specifically appointing a Technical Consultative Committee for Sri Lanka Cricket. The content focuses on legal/regulatory matters - it cites specific sections of existing legislation (Section 41 and Section 39(3) of the Sports Law) and creates a regulatory framework through ministerial authority. While it does name individuals being appointed to the committee, this is done within the context of establishing a regulatory body under existing sports legislation, making it primarily a legal/regulatory matter rather than a government personnel announcement."
2324-45,2023-03-24,LEGAL_REGULATORY,"This gazette content primarily involves the promulgation of new regulations under the Imports and Exports Control Act, specifically the ""Imports and Exports (Control) Regulations No. 06 of 2023."" It contains legal amendments to existing regulations, detailed regulatory provisions, and technical specifications (HS codes) for import/export control. While it mentions Minister Ranil Wickremesinghe, it does so only in the context of his authority to issue these regulations under existing legislation, without detailing his portfolio responsibilities or making personnel changes. The core content is regulatory/legal in nature, fitting Type 5 (Legal/Regulatory Gazettes)."
2324-46,2023-03-24,LAND,"This gazette content primarily deals with land and property matters, specifically the declaration of roads and lanes as property owned by the Bingiriya Pradeshiya Sabha. It includes detailed schedules of road coordinates, lengths, and widths, and addresses land ownership claims related to these roads. The content focuses on land registration, property ownership determination, and land boundary specifications, which aligns perfectly with the Land Gazette classification (Type 4)."
2324-47,2023-03-24,LAND,"This gazette content is primarily about land acquisition matters, specifically detailing the acquisition of multiple land lots with descriptions of boundaries, extents, and ownership claims. It falls under the Land Gazettes category (Type 4) as it deals with land acquisition notices and property matters under the Land Acquisition Act, rather than government personnel changes, organizational structures, or other specialized categories."
2324-48,2023-03-24,LAND,"This gazette content primarily deals with land acquisition matters under the Land Acquisition Act. It contains specific orders for taking possession of described land parcels, including detailed descriptions of the land locations, boundaries, and extents. The content focuses exclusively on land/property matters without involving government personnel changes, structural changes, or other specialized categories."
2324-49,2023-03-24,LEGAL_REGULATORY,"This gazette content primarily deals with legal/regulatory matters concerning customs duties and tariff regulations. It contains a parliamentary resolution under the Customs Ordinance that modifies import duty rates, concession lists, and exemption provisions. The document establishes legal frameworks for commodity classification, duty calculation, and preferential treatment systems, making it clearly fall under Legal/Regulatory classification (Type 5) rather than government personnel/structure categories or other specialized types."
2324-50,2023-03-24,LAND,"This gazette notification declares and expands the Buttala Urban Development Area under the Urban Development Authority Law. It deals specifically with land development matters, including the declaration of urban development areas, boundary descriptions, and land use planning. The content focuses on property and land-related administrative matters without involving government personnel changes or structural reorganizations."
2324-51,2023-03-24,LAND,"This gazette content primarily deals with land acquisition matters under the Land Acquisition Act. It specifically describes the divestment of certain land allotments that were previously vested in the State, including detailed descriptions of specific land plots, their boundaries, assessments numbers, and locations. The content focuses exclusively on land/property matters without involving government personnel changes, structural changes, or other specialized categories."
2324-52,2023-03-24,LAND,"This gazette primarily deals with land acquisition matters under the Land Acquisition Act. It contains a revocation order for a previous land acquisition, specifies detailed land descriptions (lot numbers, boundaries, extent in hectares), and includes cadastral map references. While it mentions a minister's name and title, the core content is exclusively about land/property matters, making it a Land Gazette (Type 4) rather than a government personnel or hybrid classification."
2324-53,2023-03-24,LAND,"This gazette exclusively deals with land acquisition matters, specifically the appointment and extension of Acquisition Officers for various land acquisition projects (Weras Ganga Storm Water Drainage, Road Development Projects, Southern Expressway Extension, Central Expressway Project III, and specific road projects). The content focuses on property acquisition for public works under the Land Acquisition Act, which falls squarely under the Land Gazette classification (Type 4) for land and property-related administrative matters."
2324-54,2023-03-24,LAND,"This gazette content exclusively deals with land acquisition matters under the Land Acquisition Act. It contains detailed notices for acquiring specific plots of land for public purposes, including descriptions of land parcels, claimants, original claimants, and extents. The content focuses solely on land/property matters without any government personnel changes, structural changes, or other specialized categories, making it a clear Land Gazette (Type 4)."
2324-55,2023-03-24,LAND,"This gazette content primarily deals with land acquisition matters under the Land Acquisition Act. It contains orders for taking possession of specific land parcels, detailed descriptions of land boundaries and extents, and corrections to previous land acquisition notices. The content focuses exclusively on land-related administrative actions without involving government personnel changes, structural changes, or other specialized categories."
2325-24,2023-03-24,LAND,"This gazette notification specifically deals with the determination and amendment of Agrarian Development Council Authorized Areas, which involves land boundaries, administrative divisions, and land use planning. The content focuses on land-related matters including the redefinition of agrarian service committee areas and their corresponding Grama Niladhari divisions, making it clearly fall under the Land Gazettes category (Type 4) rather than government personnel or structural changes."
2324-44,2023-03-23,PEOPLE,"This gazette content names specific individuals (Mr. Dapana Durage Jayasiri and Mr. Randeniya Dewage Asanka Dayanath Jayarathne) and announces their removal from the Board of Directors of the National Lotteries Board. It includes the minister's name (Ranil Wickremesinghe) but only mentions his title (""Minister of Finance, Economic Stabilization and National Policies"") without detailing his portfolio responsibilities. The content focuses solely on personnel changes without describing government structure or detailed portfolio assignments, making it a People Gazette."
2324-20,2023-03-22,COMMERCIAL,"This gazette notice announces the cancellation of a finance business license for LOLC Development Finance PLC due to its amalgamation with LOLC Finance PLC. The content specifically deals with banking/financial institution regulations and commercial licensing matters under the Finance Business Act, which falls squarely within the Commercial classification (Type 6) for business and commercial regulatory matters."
2324-21,2023-03-22,ORGANISATIONAL,"This gazette notification announces the National Consumer Price Index figure for February 2023, which is a statistical publication by the Department of Census and Statistics. This content does not involve government structure/personnel (Types 1-3) and does not fit any of the specialized categories (Types 4-9) such as land, legal, commercial, elections, public service, or judicial matters. It represents routine statistical reporting, which falls under general administrative matters classified as Miscellaneous."
2324-22,2023-03-22,PEOPLE,"This gazette contains only government personnel changes (appointments to Wages Boards) with named individuals (Mr. Malaka Weerasinghe Arachchige, Mr. Gayan Owitigala, etc.) and their basic titles (Nominated Members, Employees Representatives member). There are no detailed descriptions of portfolio responsibilities or government structural changes, making this a pure People Gazette."
2324-24,2023-03-22,LAND,"This gazette content is exclusively about land acquisition notices under the Land Acquisition Act, detailing specific land lots being acquired for public purpose (road widening). It contains descriptions of land parcels, their locations, extents, and claimants, which falls squarely under the Land Gazettes category (Type 4) for land acquisitions and property-related matters."
2324-25,2023-03-22,ELECTIONS,"This gazette content contains a notice under the Local Authorities Elections Ordinance declaring that specific individuals have vacated their offices as members of local government bodies (Pradeshiya Sabha and Urban Council) due to ceasing membership in a political party. This directly relates to electoral processes and the status of elected officials, falling under Election Gazettes (Type 7) which cover electoral matters including candidate registrations, vacating of offices, and election-related declarations."
2324-26,2023-03-22,ELECTIONS,"This gazette contains a notice under the Local Authorities Elections Ordinance declaring that specific individuals have vacated their office as members of a local authority (Pradeshiya Sabha) due to ceasing membership in a political party. This content directly relates to electoral processes and the status of elected officials, falling under the Elections category (Type 7) rather than government personnel changes (which would be Types 1-3 for national government matters)."
2324-28,2023-03-22,LAND,"This gazette content is primarily about land acquisition under the Land Acquisition Act. It contains a declaration by the Minister that a specific parcel of land is needed for a public purpose and will be acquired. The content provides detailed descriptions of the land's location, extent, and boundaries. While a government minister is named, the core subject matter is land acquisition, making it a Land Gazette (Type 4) rather than a government personnel or hybrid classification."
2324-29,2023-03-22,LEGAL_REGULATORY,"This gazette content primarily concerns the appointment of an arbitrator under the Industrial Disputes Act to settle a specific labor dispute. It references specific legislative acts (Chapter 131, Act Nos. 14 of 1957, 4 of 1962, 39 of 1968, and 37 of 1968) and exercises powers vested by that legislation. While it names the Minister making the appointment, the core content is about implementing a legal/regulatory framework for dispute resolution, not about government personnel changes or structural reorganization. This fits the Legal/Regulatory classification (Type 5) for matters involving legal frameworks, regulations, and statutory instruments."
2324-30,2023-03-22,ELECTIONS,"This gazette content is a notice under the Local Authorities Elections Ordinance declaring that specific individuals have vacated their office as members of a Pradeshiya Sabha (local authority) due to ceasing membership in a political party. This directly relates to electoral processes and the status of elected officials in local government, making it an Elections Gazette (Type 7)."
2324-31,2023-03-22,ELECTIONS,"This gazette contains multiple notices under the Local Authorities Elections Ordinance declaring that specific members of the Homagama Pradeshiya Sabha have vacated their offices due to ceasing to be members of the United National Party. This content directly relates to electoral processes and local government member status, falling under the Elections category (Type 7) which covers electoral matters including candidate registrations, vacancies, and electoral commission decisions."
2324-32,2023-03-22,ELECTIONS,"This gazette content contains notices under the Local Authorities Elections Ordinance declaring that specific individuals have vacated their offices as members of local government bodies (Kaduwela Municipal Council and Homagama Pradeshiya Sabha) due to ceasing membership in a political party. This directly relates to electoral processes and the status of elected officials, falling under the Elections category (Type 7) which covers electoral matters including vacating of offices and declarations by election officials."
2324-33,2023-03-22,LEGAL_REGULATORY,"This gazette contains regulations made by the Minister of Industries under the National Gem and Jewellery Authority Act, No. 50 of 1993. It specifically amends the Gem and Jewellery (License fee) Regulations by providing a detailed schedule of fees for various licenses and activities related to gem mining, auctioning, cutting, and transportation. This content falls under Legal/Regulatory Gazettes as it involves regulatory frameworks, compliance requirements, and statutory instruments related to the gem and jewellery industry."
2324-34,2023-03-22,LAND,"This gazette content primarily deals with land acquisition matters under the Land Acquisition Act. It contains detailed declarations for acquiring specific land parcels for public purposes, including extensive descriptions of land boundaries, lot numbers, extents, and locations. While it mentions a government minister (Nalaka Jude Harin Fernando), the core content is exclusively about land acquisition procedures and property descriptions, making it a Land Gazette (Type 4) rather than a government personnel or hybrid classification."
2324-35,2023-03-22,ELECTIONS,"This gazette contains a notice under the Local Authorities Elections Ordinance declaring that specific individuals have vacated their office as members of the Seethawaka Pradeshiya Sabha due to ceasing to be members of a political party. This content directly relates to electoral processes and the status of elected officials in local government, fitting the Elections category (Type 7) which includes matters such as candidate registrations, vacating of offices, and electoral commission decisions."
2324-36,2023-03-22,ELECTIONS,"This gazette contains a notice under the Local Authorities Elections Ordinance declaring that a member of a Pradeshiya Sabha (local government body) has vacated their office due to ceasing membership in a political party. This directly relates to electoral processes and the status of elected officials in local government, fitting the definition of Elections Gazettes (Type 7) which includes matters related to electoral boundaries, candidate registrations, and the status of elected officials."
2324-37,2023-03-22,ELECTIONS,"This gazette contains a notice under the Local Authorities Elections Ordinance declaring that a member of the Kesbewa Urban Council has vacated their office due to ceasing membership in a political party. This content directly relates to electoral processes and the status of elected officials in local government, fitting the Elections category (Type 7) which includes matters such as candidate registrations, vacating of offices, and electoral commission decisions."
2324-38,2023-03-22,ELECTIONS,"This gazette content contains a notice under the Local Authorities Elections Ordinance declaring that specific individuals have vacated their offices as members of Urban Councils due to ceasing to be members of a political party. This directly relates to electoral processes and the status of elected officials, falling under the Elections category (Type 7) which covers electoral matters including declarations about candidate status and office vacancies."
2324-39,2023-03-22,ELECTIONS,"This gazette notice concerns the vacation of office by members of a local authority (Seethawakapura Urban Council) due to ceasing membership in a political party. This falls under electoral processes and local government elections matters, specifically addressing the status of elected members as governed by the Local Authorities Elections Ordinance. It fits Type 7 (Elections Gazettes) which covers electoral processes, candidate registrations, and declarations about elected officials' status."
2324-40,2023-03-22,ELECTIONS,"This gazette content contains a notice under the Local Authorities Elections Ordinance declaring that specific individuals have vacated their office as members of the Seethawakapura Urban Council due to ceasing membership in a political party. This directly relates to electoral processes and the status of elected officials in local government, falling under the Elections category (Type 7) which covers electoral matters including candidate registrations, office vacancies, and electoral commission decisions."
2324-41,2023-03-22,ELECTIONS,"This gazette content contains a notice under the Local Authorities Elections Ordinance declaring that specific individuals have vacated their office as members of the Boralesgamuwa Urban Council due to ceasing to be members of a political party. This directly relates to electoral processes and the status of elected officials in local government, which falls under the Elections category (Type 7) rather than general government personnel changes."
2324-42,2023-03-22,ELECTIONS,"This gazette content concerns the vacation of office by members of a local authority (Pradeshiya Sabha) due to ceasing to be members of a political party. This is a notice issued under the Local Authorities Elections Ordinance by a Returning Officer, making it directly related to electoral processes and the status of elected officials, which falls under the Elections classification (Type 7)."
2324-15,2023-03-21,LEGAL_REGULATORY,"This gazette content involves the President exercising powers under the Public Security Ordinance to call out armed forces for maintaining public order. This constitutes a legal/regulatory action as it is an order made under existing legislation (Chapter 40) and establishes legal authority for military deployment, making it primarily a legal/regulatory matter rather than a government personnel or structural change."
2324-16,2023-03-21,LAND,"This gazette content is exclusively about land acquisition under the Land Acquisition Act. It contains detailed descriptions of specific land parcels, their boundaries, extents, and locations for public purpose acquisition. While it mentions a government minister's name, the primary focus is on land matters rather than government personnel changes or portfolio responsibilities, making it a clear Land Gazette (Type 4) according to the classification priority rules."
2324-17,2023-03-21,LAND,"This gazette content is a Land Acquisition Notice published under the Land Acquisition Act. It specifically deals with the statutory compensation deposit for land acquired by the state, including detailed land description (location, name, lot number, extent) and financial details related to the land acquisition process. This falls squarely under Type 4 (Land Gazettes) which covers land acquisitions, transfers, and property-related matters."
2324-18,2023-03-21,LAND,"This gazette content is exclusively about land acquisition under the Land Acquisition Act, describing specific parcels of land to be acquired by the government for public purposes. It includes detailed descriptions of the land locations, extents, claimants, and procedures for compensation claims. The content fits perfectly within the Land Gazettes category (Type 4) as it deals with land acquisition matters without involving government personnel changes, organizational restructuring, or other specialized categories."
2324-19,2023-03-21,LAND,"This gazette content exclusively deals with land acquisition matters under the Land Acquisition Act. It contains detailed notices for acquiring specific parcels of land for public purposes, including land descriptions, locations, boundaries, claimant information, and compensation procedures. The content focuses entirely on land/property matters without any government personnel changes, organizational restructuring, or other specialized categories."
2324-01,2023-03-20,LEGAL_REGULATORY,"This gazette notification is issued under the Customs Ordinance (Chapter 235) and establishes new rates of exchange for customs duties and charges. It represents a regulatory matter involving statutory instruments and compliance requirements for customs operations, falling squarely under Legal/Regulatory classification (Type 5) rather than government personnel/structure categories."
2324-02,2023-03-20,ELECTIONS,"This gazette contains notices under the Local Authorities Elections Ordinance declaring that two local government members have vacated their offices due to ceasing membership in their respective political parties. This content directly relates to electoral processes and the status of elected officials, falling under the Elections category (Type 7) which covers electoral matters including declarations about candidate status and office vacancies."
2324-03,2023-03-20,ELECTIONS,"This gazette notice declares that a member of a local authority (Pradeshiya Sabha) has vacated their office due to ceasing membership in a political party, under the Local Authorities Elections Ordinance. This directly concerns electoral processes and the status of elected officials, fitting the Elections category (Type 7) which includes matters related to electoral boundaries, candidate registrations, and declarations about elected members."
2324-04,2023-03-20,ELECTIONS,"This gazette notice declares that two members of the Anamaduwa Pradeshiya Sabha have vacated their offices due to ceasing membership in their political party. This falls under electoral processes as it involves the status of elected local government officials under the Local Authorities Elections Ordinance, specifically addressing vacancies in elected positions."
2324-05,2023-03-20,ELECTIONS,"This gazette content specifically deals with electoral processes under the Local Authorities Elections Ordinance, declaring that two members of the Anamaduwa Pradeshiya Sabha have vacated their offices due to ceasing membership in their political party. This falls under Election Gazettes (Type 7) as it involves electoral boundary changes and member status declarations related to local government elections."
2324-06,2023-03-20,ELECTIONS,"This gazette content specifically concerns the vacation of office by members of a local authority (Polgahawela Pradeshiya Sabha) due to ceasing membership in a political party, as declared by the Returning Officer under the Local Authorities Elections Ordinance. This falls directly under electoral processes and the administration of local government elections, making it an Elections Gazette."
2324-07,2023-03-20,ELECTIONS,"This gazette content is a notice under the Local Authorities Elections Ordinance declaring that specific individuals have vacated their office as Members of the Polgahawela Pradeshiya Sabha due to ceasing membership in a political party. This directly relates to electoral processes and the status of elected officials, falling under the Elections category (Type 7) which covers electoral matters including candidate registrations, vacancies, and election-related declarations."
2324-08,2023-03-20,ELECTIONS,"This gazette contains multiple notices under the Local Authorities Elections Ordinance declaring that specific individuals have vacated their office as Members of the Polgahawela Pradeshiya Sabha due to ceasing membership in a political party. This content directly relates to electoral processes and the status of elected officials, fitting the Elections category (Type 7) which includes ""electoral commission appointments and decisions"" and matters concerning the status of elected representatives."
2324-09,2023-03-20,ELECTIONS,"This gazette notice is a declaration by a Returning Officer under the Local Authorities Elections Ordinance regarding the vacation of office by a member of a Pradeshiya Sabha (local authority) due to ceasing membership in a political party. This content directly relates to electoral processes and the status of elected officials in local government, fitting the definition of Type 7 (Elections Gazettes) for matters concerning electoral processes and related administrative actions."
2324-10,2023-03-20,ELECTIONS,"This gazette content specifically addresses the filling of a vacancy in a local government body (Ambagamuwa Pradeshiya Sabha) under the Local Authorities Elections Ordinance. It involves electoral processes, including the declaration of a newly elected member to fill a vacancy caused by a party member ceasing membership. This falls squarely under Election Gazettes (Type 7) as it deals with electoral matters and declarations related to local government elections."
2324-11,2023-03-20,ELECTIONS,"This gazette contains notices under the Local Authorities Elections Ordinance declaring that specific individuals have vacated their offices as members of local government bodies (Gampaha Municipal Council and Kalawana Pradeshiya Sabha) due to ceasing membership in their respective political parties. This content directly relates to electoral processes and the status of elected officials in local government, which falls under the Elections category (Type 7)."
2324-12,2023-03-20,LEGAL_REGULATORY,"This gazette content primarily involves the amendment of a university's organizational structure through a legal order issued under the Universities Act. It constitutes a regulatory change to the established framework of a higher education institution, making it a Legal/Regulatory matter rather than a government personnel or structural change. The mention of the Minister's name is incidental to the exercise of statutory powers to modify regulations."
2324-13,2023-03-20,LAND,"This gazette notification specifically concerns the appointment of a Land Officer under the Land Development Ordinance. The content focuses on land administration matters (appointing an officer for land-related duties in specified districts) and falls under land and property-related administrative functions, making it a Land Gazette (Type 4). While it mentions a person's appointment, it does not involve government structural changes or ministerial portfolios, and the appointment is specifically for land administration duties rather than general government personnel matters."
2324-14,2023-03-20,LAND,"This gazette content primarily deals with land matters, specifically declaring certain areas as Tourist Development Areas under the Tourism Act. The core content focuses on land identification (listing specific Grama Niladhari Divisions and their extents in hectares) for the purpose of tourism development. While a government minister is named, the announcement is not about his appointment or the restructuring of his ministry; it is an exercise of his statutory power to make a declaration about land use. Therefore, the specialized Land classification (Type 4) takes precedence over the government personnel classification."
2323-47,2023-03-18,ELECTIONS,"This gazette contains notices under the Local Authorities Elections Ordinance declaring that specific individuals have vacated their offices as members of local government bodies due to ceasing membership in a political party. This content directly relates to electoral processes and the status of elected officials, falling under the Elections category (Type 7) which covers electoral matters including declarations about candidate status and office vacancies."
2323-48,2023-03-18,ELECTIONS,"This gazette contains multiple notices under the Local Authorities Elections Ordinance declaring that specific individuals have vacated their office as members of Pradeshiya Sabhas (local government bodies) due to ceasing membership in their political parties. This content directly relates to electoral processes and the status of elected officials, falling under the Elections category (Type 7) which includes matters such as candidate registrations, electoral boundary changes, and declarations about elected officials' status."
2323-49,2023-03-18,ELECTIONS,"This gazette content specifically deals with filling vacancies in local government bodies (Pradeshiya Sabhas) due to resignations, following procedures outlined in the Local Authorities Elections Ordinance. It involves electoral processes at the local government level, including party nominations and declarations by Returning Officers, which falls squarely under the Elections category (Type 7) for electoral matters and procedures."
2323-50,2023-03-18,ELECTIONS,"This gazette notice declares that a member of a local authority (Nattandiya Pradeshiya Sabha) has vacated their office due to ceasing membership in their political party. This falls under electoral processes as it concerns the status of an elected official under the Local Authorities Elections Ordinance, making it an Elections Gazette (Type 7)."
2323-51,2023-03-18,ELECTIONS,"This gazette notice announces that specific individuals have vacated their positions as members of the Nattandiya Pradeshiya Sabha due to ceasing membership in a political party. This falls under electoral processes and local authority member status changes, which is categorized under Elections Gazettes (Type 7) as it deals with the composition of elected local government bodies under the Local Authorities Elections Ordinance."
2323-52,2023-03-18,ELECTIONS,"This gazette concerns the filling of a vacancy in a local government body (Baddegama Pradeshiya Sabha) due to a resignation, as per the Local Authorities Elections Ordinance. It details the process of nominating a new member through the recognized political party and the official declaration by the Returning Officer. This content directly relates to electoral processes and local authority membership, fitting the definition of an Elections Gazette."
2323-53,2023-03-18,ELECTIONS,"This gazette content concerns the vacation of office by members of a local authority (Pradeshiya Sabha) due to ceasing membership in a political party, which is a notice issued under the Local Authorities Elections Ordinance. This directly relates to electoral processes and the status of elected officials, falling under the Elections category (Type 7) for electoral matters including declarations about candidate/member status."
2323-54,2023-03-18,ELECTIONS,"This gazette content contains a notice under the Local Authorities Elections Ordinance declaring that a member of the Kolonnawa Urban Council has vacated their office due to ceasing to be a member of a political party. This directly relates to electoral processes and local government elections, specifically addressing the vacation of office by an elected member, which falls under the Elections category (Type 7)."
2323-55,2023-03-18,ELECTIONS,"This gazette content contains a notice under the Local Authorities Elections Ordinance declaring that specific individuals have vacated their office as Members of the Kolonnawa Urban Council due to ceasing membership in a political party. This directly relates to electoral processes and the status of elected officials, falling under the Elections category (Type 7) which includes matters such as candidate registrations, vacating of offices, and electoral commission decisions."
2323-56,2023-03-18,ELECTIONS,"This gazette notice announces that a member of the Kolonnawa Urban Council has vacated their office due to ceasing membership in a political party. This falls under electoral processes and local authority member status changes, which is specifically covered by Type 7 (Elections Gazettes) as it deals with electoral matters under the Local Authorities Elections Ordinance."
2323-57,2023-03-18,ELECTIONS,"This gazette content specifically concerns electoral processes under the Local Authorities Elections Ordinance, declaring that two members have vacated their offices in Urban Councils due to ceasing membership in a political party. This falls directly under Election Gazettes (Type 7) as it involves electoral boundary administration and member vacancies."
2323-58,2023-03-18,ELECTIONS,"This gazette content contains a notice under the Local Authorities Elections Ordinance declaring that a member of the Maharagama Urban Council has vacated their office due to ceasing to be a member of a political party. This directly relates to electoral processes and local government elections, specifically addressing the vacation of office by an elected member, which falls under the Elections category (Type 7)."
2323-59,2023-03-18,ELECTIONS,"This gazette content contains a notice under the Local Authorities Elections Ordinance declaring that a member of the Maharagama Urban Council has vacated their office due to ceasing membership in a political party. This directly relates to electoral processes and local government elections, specifically addressing the vacation of office by an elected member, which falls under the Elections category (Type 7)."
2323-60,2023-03-18,LEGAL_REGULATORY,"This gazette contains a legal order made under specific legislation (Municipal Council Ordinance and Provincial Councils Act) authorizing expenditure, which falls under legal/regulatory matters rather than government personnel or structural changes. It involves statutory instruments and regulatory compliance rather than government appointments, organizational changes, or specialized categories like land or commercial matters."
2323-61,2023-03-18,LAND,"This gazette notification deals specifically with land and property matters - the declaration of roads as belonging to the Valikamam West Pradeshiya Sabha, including detailed specifications of road dimensions, boundaries, and ownership claims. It provides a legal notice regarding land ownership rights and procedures for objecting to the classification, which falls squarely under land and property-related matters as defined in Type 4."
2323-62,2023-03-18,ELECTIONS,"This gazette concerns the filling of a vacancy in a local government body (Hanguranketha Pradeshiya Sabha) under the Local Authorities Elections Ordinance. It specifically deals with the electoral process for local authorities, including the nomination and declaration of a new member to fill a vacancy caused by a member ceasing to belong to their political party. This falls squarely under Election Gazettes (Type 7), which cover electoral processes, candidate nominations, and declarations related to local authorities."
2323-39,2023-03-17,ELECTIONS,"This gazette notification is about the extension of the term of office for the National Delimitation Committee on Demarcation of Wards for Local Authorities. This falls under electoral processes and specifically involves electoral boundary changes, which is the primary focus of Type 7 (Elections Gazettes). While it mentions the Prime Minister's name and portfolio, this is incidental to the main electoral content and does not constitute a government personnel change or detailed portfolio assignment that would require classification under Types 1-3."
2323-40,2023-03-17,LEGAL_REGULATORY,"This gazette notification imposes and modifies a Special Commodity Levy under the Special Commodity Levy Act, No. 48 of 2007. It contains regulatory orders regarding tax rates and waivers on specific imported commodities (birds' eggs and egg products), making it primarily about legal/regulatory matters rather than government personnel, organizational changes, or other specialized categories."
2323-41,2023-03-17,LEGAL_REGULATORY,"This gazette contains regulations made by the Minister of Industries under the Companies Act, No. 07 of 2007. It establishes legal requirements and qualifications for company secretaries, including certification processes, eligibility criteria, and regulatory compliance. This falls under ""Legal/Regulatory Gazettes"" as it creates new regulatory frameworks and compliance requirements for corporate governance."
2323-42,2023-03-17,ELECTIONS,"This gazette contains multiple notices under the Local Authorities Elections Ordinance declaring that specific individuals have vacated their office as Members of their respective Pradeshiya Sabhas due to ceasing membership in their political parties. This content directly relates to electoral processes and the status of elected officials in local government bodies, making it clearly fall under Elections Gazettes (Type 7)."
2323-43,2023-03-17,ORGANISATIONAL,"This gazette notification announces a religious ordination ceremony (Upasampada Ceremony) and provides related public instructions about prohibited items and applicable regulations. The content does not involve government structure/personnel (Types 1-3) and does not fit any of the specialized categories (4-9) as it pertains to cultural/religious events rather than land, legal, commercial, electoral, public service, or judicial matters."
2323-44,2023-03-17,LEGAL_REGULATORY,"This gazette content contains instructions issued by the Director General of Civil Aviation under the Civil Aviation Act No. 14 of 2010, establishing regulatory requirements for construction, lighting, and marking near Batticaloa Airport. This constitutes regulatory framework and compliance requirements, falling under Legal/Regulatory classification (Type 5) rather than government personnel/structure categories."
2323-45,2023-03-17,LAND,"This gazette content is primarily about land acquisition under the Land Acquisition Act. It contains a declaration by the Minister that specific lands are needed for public purpose and will be acquired, including detailed descriptions of the land parcels (location, boundaries, extent). While it mentions a government minister, the core content focuses entirely on land matters rather than government structure, personnel changes, or portfolio responsibilities, making it a Land Gazette (Type 4)."
2323-22,2023-03-16,ELECTIONS,"This gazette content specifically addresses the filling of a vacancy in a local government council (Kurunegala Municipal Council) under the Local Authorities Elections Ordinance. It involves the electoral process for local authorities, including the nomination and declaration of an elected member to fill a vacancy caused by a member ceasing to belong to their political party. This falls squarely under Election-related matters as defined in Type 7."
2323-23,2023-03-16,LAND,"This gazette content is primarily about land acquisition under the Land Acquisition Act. It contains a specific order from the Minister directing the acquisition of a particular land parcel, including detailed descriptions of the land's location, boundaries, and extent. The content focuses entirely on land matters (acquisition and possession of specific property) rather than government personnel changes or structural adjustments, making it a clear Land Gazette (Type 4)."
2323-24,2023-03-16,LEGAL_REGULATORY,"This gazette contains regulations made by the President under the Registered Stock and Securities Ordinance, establishing legal requirements for disclosure of public debt information. It creates a regulatory framework for information sharing between government entities and appointed advisors, specifying confidentiality requirements and legal procedures. This falls under Legal/Regulatory classification as it establishes statutory instruments and regulatory compliance requirements rather than focusing on government personnel changes or organizational structure."
2323-25,2023-03-16,LAND,"This gazette content exclusively deals with land acquisition matters under the Land Acquisition Act. It contains detailed notices for acquiring specific land parcels for public purposes, including descriptions of the lands, their locations, extents, boundaries, and compensation claim procedures. This fits perfectly within the Land Gazettes category (Type 4) which covers land acquisitions, transfers, and property-related administrative matters."
2323-26,2023-03-16,ELECTIONS,"This gazette content specifically deals with electoral matters under the Local Authorities Elections Ordinance, declaring that two members of the Hambantota Municipal Council have vacated their offices due to ceasing to be members of their political party. This falls under Election-related processes and declarations, making it Type 7 (Elections Gazettes)."
2323-27,2023-03-16,ELECTIONS,"This gazette contains multiple notices under the Local Authorities Elections Ordinance declaring that specific members of Pradeshiya Sabhas (local government bodies) have vacated their offices due to ceasing membership in their respective political parties. This content directly relates to electoral processes and the status of elected officials in local government bodies, making it clearly fall under the Elections category (Type 7)."
2323-28,2023-03-16,ELECTIONS,"This gazette concerns the filling of a vacancy in a local government body (Rambukkana Pradeshiya Sabha) due to the death of a member, as per the Local Authorities Elections Ordinance. It details the process of nominating a new member by a recognized political party and the official declaration by the Returning Officer. This content is specifically about electoral processes and filling elected positions, making it an Elections Gazette."
2323-29,2023-03-16,PUBLIC_SERVICE,"This gazette notification is issued by the Public Service Commission and specifically amends the Service Minute of the Sri Lanka Accountants' Service. The content deals exclusively with public sector service administration, including salary scales, grade structures, recruitment methods, promotion criteria, and service conditions for government accountants. This falls under Public Service Gazettes (Type 8) as it concerns public service recruitment, salary revisions, and administrative conditions for government employees."
2323-30,2023-03-16,ELECTIONS,"This gazette contains multiple notices under the Local Authorities Elections Ordinance declaring that specific individuals have vacated their office as Members of the Panadura Pradeshiya Sabha due to ceasing membership in a political party. This content directly relates to electoral processes and the status of elected officials, falling under the Elections category (Type 7) which covers electoral matters including declarations about candidate/member status."
2323-31,2023-03-16,ELECTIONS,"This gazette contains multiple notices under the Local Authorities Elections Ordinance declaring that specific individuals have vacated their office as Members of the Horana Pradeshiya Sabha due to ceasing membership in a political party. This content directly relates to electoral processes and the status of elected officials, fitting the Elections category (Type 7) which includes matters such as candidate registrations, vacating of offices, and electoral commission decisions."
2323-32,2023-03-16,ELECTIONS,"This gazette contains multiple notices declaring that members of local authorities (Pradeshiya Sabhas) have vacated their offices due to ceasing membership in a political party. This falls under electoral processes and related matters, specifically addressing the status of elected members in local government bodies under the Local Authorities Elections Ordinance."
2323-33,2023-03-16,ELECTIONS,"This gazette contains multiple notices under the Local Authorities Elections Ordinance declaring that specific individuals have vacated their office as members of the Millaniya Pradeshiya Sabha due to ceasing membership in a political party. This content directly relates to electoral processes and local government member status, falling clearly under the Elections category (Type 7) which covers electoral matters including candidate registrations, vacancies, and electoral commission decisions."
2323-34,2023-03-16,ELECTIONS,"This gazette content contains notices under the Local Authorities Elections Ordinance, specifically declaring that members of Pradeshiya Sabhas (local government bodies) have vacated their offices due to ceasing membership in a political party. This falls under electoral processes and related matters, specifically addressing the vacation of office by elected members, which is covered by Type 7 (Elections Gazettes)."
2323-35,2023-03-16,ELECTIONS,"This gazette content contains notices under the Local Authorities Elections Ordinance declaring that specific individuals have vacated their office as members of local government bodies (Pradeshiya Sabhas) due to ceasing membership in their respective political parties. This directly relates to electoral processes and the status of elected officials, falling under the Elections category (Type 7) which covers electoral matters including vacating of offices and declarations related to local authority elections."
2323-36,2023-03-16,ELECTIONS,"This gazette content deals specifically with filling vacancies in a local government body (Nikaweratiya Pradeshiya Sabha) under the Local Authorities Elections Ordinance. It involves the electoral process for local authorities, including the declaration of selected members to fill positions that became vacant due to party membership cessation. This falls squarely under Election Gazettes (Type 7) as it concerns electoral processes and declarations at the local government level."
2323-18,2023-03-14,LAND,"This gazette content is primarily about land acquisition under the Land Acquisition Act. It contains a declaration by the Minister that specific land described in detail (including location, boundaries, and extent) is needed for public purpose and will be acquired. The content focuses entirely on land matters, including property descriptions, boundaries, and acquisition procedures, which falls squarely under the Land Gazettes category (Type 4). While it mentions a government minister, the core content is about land acquisition rather than government structure or personnel changes."
2323-19,2023-03-14,PUBLIC_SERVICE,"This gazette announces the award of the Sri Lanka Armed Services Long Service Medal & Clasp to military personnel. This falls under public service matters as it concerns service recognition and awards for public sector employees (specifically armed forces personnel), which aligns with Type 8 (Public Service Gazettes) covering public service conditions, benefits, and recognitions. While it mentions the President's authority, it does not involve government structural changes or detailed portfolio assignments (Types 1-3), nor does it fit other specialized categories like land, legal, commercial, elections, or judicial matters."
2323-20,2023-03-14,ELECTIONS,"This gazette notice declares a vacancy in a local government authority (Haldumulla Pradeshiya Sabha) due to a member ceasing to belong to their political party. This falls under electoral processes and matters related to local authority elections, specifically addressing the status of an elected member under the Local Authorities Elections Ordinance."
2323-21,2023-03-14,JUDICIAL_LAW_ENFORCEMENT,"This gazette notification concerns the removal of a local government official (Chairman of a Pradeshiya Sabha) following a judicial inquiry into alleged offenses. The content involves law enforcement procedures, a judicial officer's commission of inquiry, and the exercise of constitutional and statutory powers to remove an official from office. This falls under Judicial/Law Enforcement matters (Type 9) as it deals with legal proceedings, enforcement of laws against a public official, and the application of judicial authority at the provincial level."
2323-01,2023-03-13,LEGAL_REGULATORY,"This gazette notification is a Customs Notification issued under the Customs Ordinance (Chapter 235) that establishes new rates of exchange for customs duties and other charges. It falls under Legal/Regulatory classification as it constitutes a regulatory framework and compliance requirement for customs operations, specifically exercising powers vested by statute to determine currency exchange rates for customs purposes."
2323-02,2023-03-13,LEGAL_REGULATORY,"This gazette content involves the President using powers under the Essential Public Services Act (No. 61 of 1979) to declare postal services as an essential public service. This constitutes a regulatory action under existing legislation, making it a legal/regulatory matter rather than a government personnel or structural change. The content focuses on the application of a legal framework and regulatory authority."
2323-03,2023-03-13,LAND,"This gazette content deals exclusively with land and property matters, specifically the declaration of roads as property owned by the Polonnaruwa Pradeshiya Sabhawa (local government council). It contains detailed schedules of roads with descriptions, coordinates, dimensions, and current conditions. The notice involves land acquisition (declaring public ownership of roads) and provides a process for landowners to raise objections, which falls squarely under the Land Gazette classification (Type 4) for land-related administrative matters."
2323-04,2023-03-13,LAND,"This gazette content primarily deals with land acquisition matters under the Land Acquisition Act, specifically revoking previous land allotments and providing detailed descriptions of land parcels, boundaries, and extents. The content focuses exclusively on land-related administrative actions without involving government personnel changes, structural changes, or other specialized categories."
2323-05,2023-03-13,LAND,"This gazette content is primarily about land acquisition under the Land Acquisition Act, specifying the taking of possession of a particular land parcel with detailed description of its location, boundaries, and extent. It falls under the Land Gazettes category as it deals with land acquisition and property matters, not government personnel changes or structural reforms."
2323-06,2023-03-13,LAND,"This gazette content is a statutory determination by the Land Reform Commission regarding the retention of specific agricultural land allotments by a statutory lessee's estate. It contains detailed descriptions of multiple land parcels, including lot numbers, extents, names, locations, and plans. The core subject matter is land ownership and property rights, falling squarely under the Land Gazettes category (Type 4) for land and property-related matters."
2323-10,2023-03-13,LEGAL_REGULATORY,"This gazette content primarily involves the exercise of legal powers under the Industrial Disputes Act to appoint arbitrators for industrial disputes. It contains statutory orders made by the Minister under specific legislative authority, references to legal acts and amendments, and formal legal procedures for dispute resolution. While it mentions a government minister (Manusha Nanayakkara), the focus is on regulatory/legal actions rather than government personnel changes or portfolio descriptions, making it a Legal/Regulatory gazette."
2323-11,2023-03-13,LAND,"This gazette content is primarily about land acquisition under the Land Acquisition Act, specifically declaring that certain described land is needed for public purpose and will be acquired. It contains detailed land descriptions, boundaries, and extents in a specific location (Karagoda-Uyangoda village), which falls squarely under the Land Gazette classification (Type 4) for land and property-related matters. While it mentions a minister's name, this is incidental to the core land acquisition purpose and does not include detailed portfolio responsibilities that would make it a Hybrid type."
2323-12,2023-03-13,ELECTIONS,"This gazette concerns the filling of a vacancy for a member of a local government body (Galewela Pradeshiya Sabha) under the Local Authorities Elections Ordinance. It details the electoral process for replacing a member who ceased to belong to their political party, which falls under electoral processes and related matters."
2323-13,2023-03-13,ELECTIONS,"This gazette contains multiple notices under the Local Authorities Elections Ordinance declaring that specific individuals have vacated their office as members of local government bodies (Kurunegala Municipal Council and Mawathagama Pradeshiya Sabha) due to ceasing membership in a political party. This content directly relates to electoral processes and the status of elected officials, fitting the definition of Elections Gazettes (Type 7) which covers electoral matters including declarations about candidate status and vacancies."
2323-14,2023-03-13,ELECTIONS,"This gazette contains multiple notices under the Local Authorities Elections Ordinance declaring that specific individuals have vacated their office as members of Pradeshiya Sabhas due to ceasing membership in a political party. This content directly relates to electoral processes and the status of elected officials, falling under the Elections category (Type 7) which covers electoral matters including declarations about candidate status and office vacancies."
2323-15,2023-03-13,ELECTIONS,"This gazette content specifically deals with electoral matters under the Local Authorities Elections Ordinance, declaring that two members of the Alawwa Pradeshiya Sabha have vacated their offices due to ceasing to be members of their political party. This falls under Election Gazettes (Type 7) as it involves electoral processes, specifically the vacation of office by elected local government officials."
2323-16,2023-03-13,ELECTIONS,"This gazette content specifically deals with electoral matters under the Local Authorities Elections Ordinance, declaring that members of a local government body (Alawwa Pradeshiya Sabha) have vacated their offices due to ceasing membership in a political party. This falls squarely under Election-related matters (Type 7) as it involves the status of elected officials and the electoral process."
2323-17,2023-03-13,LAND,"The gazette content primarily deals with land matters, specifically declaring a defined area of land (Papiliyana Sunethra Mahadevi Piriven Raja Maha Viharaya) as an urban development area under the Town and Country Planning Ordinance. It includes detailed land descriptions, coordinates, boundaries, and extent measurements, which are characteristic of land-related gazette notifications. While a minister is named in the signing authority, this is incidental to the core land declaration purpose, and no detailed ministerial portfolio responsibilities or government structural changes are described."
2322-72,2023-03-11,PEOPLE,"This gazette contains multiple appointments of named individuals to specific government positions (e.g., Chairman and Members of the Uva Provincial Co-operative Employees Commission, various directors and commissioners in provincial departments). The content focuses exclusively on personnel changes - naming individuals and their basic titles/positions - without describing detailed portfolio responsibilities or ministerial functions. This fits the definition of Type 2 (People Gazette) as it contains government personnel appointments but no detailed descriptions of what those positions are responsible for in terms of subject areas or portfolio breakdowns."
2322-59,2023-03-10,HYBRID,"This gazette contains both the name of a specific government official (Vidura Wickramanayake, Minister of Buddhasasana, Cultural and Religious Affairs) AND detailed information about the responsibilities/portfolios being assigned (appointing an Archaeological Advisory Committee with specific members listed in the schedule, under the Antiquities Ordinance). This meets the criteria for Hybrid Gazette (Type 3) as it includes both ""who"" (government person) and ""what"" (detailed government responsibilities/portfolios)."
2322-60,2023-03-10,Error,API request failed: 504 Server Error: Gateway Timeout for url: https://eg-7060af6f-a5a9-44dd-b4e6-af36d56dbd47-prod.e1-us-east-azure.bijiraapis.dev/sample/deep-seek/v1.0/v1/chat/completions
2322-61,2023-03-10,LAND,"This gazette content exclusively deals with land title registration matters, specifically the declaration of determinations by the Commissioner of Title Settlement regarding specific land parcels. It contains detailed information about land ownership, parcel numbers, extents, and legal determinations under the Registration of Title Act, which falls squarely within the Land Gazette classification (Type 4) for land and property-related matters."
2322-62,2023-03-10,LAND,"This gazette content exclusively deals with land title registration matters under the Registration of Title Act. It contains multiple declarations of determination for specific land parcels (including parcel numbers, locations, and ownership details) in the Kalutara District. The content focuses on land ownership registration, property boundaries, and title settlements, which falls squarely under the Land Gazettes category (Type 4) for land and property-related matters."
2322-63,2023-03-10,LAND,"This gazette content exclusively deals with land title registration matters under the Registration of Title Act, including declarations of title determinations for specific land parcels, ownership details, and land parcel particulars. It focuses on land ownership, title settlement, and property registration, which falls squarely under the Land Gazettes category (Type 4) as it primarily concerns land and property-related administrative matters."
2322-64,2023-03-10,LAND,"This gazette content exclusively deals with land title registration matters under the Registration of Title Act. It contains declarations of determination for specific land parcels, including detailed property descriptions, ownership details, and encumbrances. The content focuses entirely on land registration and property rights, falling squarely within the Land Gazette category (Type 4) without any government personnel changes, organizational restructuring, or other specialized categories."
2322-65,2023-03-10,LAND,"This gazette content exclusively deals with land title registration matters under the Registration of Title Act, specifically declaring determinations of land titles for specific parcels of land in various locations. It contains detailed schedules with land parcel numbers, extents, ownership details, and other land-specific information, making it clearly a Land Gazette according to the classification criteria."
2322-66,2023-03-10,LEGAL_REGULATORY,"This gazette content involves the Minister of Industries exercising powers under the Societies Ordinance (Chapter 123) to authorize purposes and limit application of the ordinance for specific societies. This constitutes regulatory action under existing legislation, making it a Legal/Regulatory Gazette (Type 5) rather than a government personnel or structural matter. The mention of the minister's name is incidental to the regulatory function being performed."
2322-67,2023-03-10,ELECTIONS,"This gazette contains multiple notices under the Local Authorities Elections Ordinance declaring that specific individuals have vacated their office as Members of the Pitabeddara Pradeshiya Sabha due to ceasing membership in a political party. This content directly relates to electoral processes and the status of elected officials, falling clearly under the Elections category (Type 7) which covers electoral matters including declarations about candidate status and office vacancies."
2322-68,2023-03-10,ELECTIONS,"This gazette contains multiple notices under the Local Authorities Elections Ordinance declaring that specific individuals have vacated their office as members of the Pitabeddara Pradeshiya Sabha due to ceasing membership in a political party. This content directly relates to electoral processes and the status of elected officials in local government, making it clearly fall under Elections Gazettes (Type 7)."
2322-69,2023-03-10,ELECTIONS,"This gazette contains multiple notices under Section 10 A(1)(a) of the Local Authorities Elections Ordinance, specifically declaring that members of the Pradeshiya Sabha have vacated their offices due to ceasing to be members of their political party. This content directly relates to electoral processes and the status of elected officials in local government bodies, making it clearly fall under the Elections category (Type 7)."
2322-70,2023-03-10,ELECTIONS,"This gazette content contains multiple notices under the Local Authorities Elections Ordinance declaring that specific individuals have vacated their offices as members of local government bodies (Pradeshiya Sabha and Urban Council) due to ceasing membership in a political party. This directly relates to electoral processes and the status of elected officials, falling under the Elections category (Type 7) which covers electoral matters including declarations about candidate status and office vacancies."
2322-71,2023-03-10,LEGAL_REGULATORY,"This gazette content involves an amendment to regulations under the Sports Law No. 25 of 1973, specifically modifying the text of a previous gazette notification. It deals with legal/regulatory matters - modifying existing regulations and statutory instruments rather than government personnel changes, organizational structure, or any of the other specialized categories. The content focuses on the legal framework governing sports administration."
2322-55,2023-03-09,LAND,"This gazette primarily deals with land matters, specifically declaring certain defined land allotments as a Licensed Zone under the Board of Investment law. The content focuses extensively on detailed land descriptions, boundaries, survey plans, and property measurements rather than government personnel changes or structural reforms. While it mentions the President's authority, the core subject matter is land designation and property boundaries, making it a Land Gazette."
2322-56,2023-03-09,ELECTIONS,"This gazette concerns the filling of a vacancy in a local government body (Kundasale Pradeshiya Sabha) due to a resignation, which is an electoral process matter. It specifically references the Local Authorities Elections Ordinance and involves the declaration of a newly elected member, making it clearly related to electoral processes and falling under the Elections category."
2322-57,2023-03-09,ELECTIONS,"This gazette notice declares that a member of a local authority (Norwood Pradeshiya Sabha) has vacated their office due to ceasing membership in their political party. This falls under electoral processes and member status changes for local authorities, specifically under the Local Authorities Elections Ordinance, making it an Elections Gazette (Type 7)."
2322-58,2023-03-09,LAND,"This gazette content exclusively deals with land title registration matters under the Registration of Title Act. It contains declarations of determination for specific land parcels, including detailed property descriptions, ownership details, and legal status of land titles. The content focuses entirely on land registration and property ownership matters, which falls squarely under the Land Gazettes category (Type 4). There are no government personnel changes, organizational restructuring, or other specialized categories present."
2322-22,2023-03-08,PEOPLE,"This gazette exclusively lists personnel appointments (Mr. Chandana Wickramasooriya, Mrs. W. M. P. S. Wijeysooriya, Mrs. I. W. M. C. K. Illangakoon) with their basic titles (Acting Secretary, Assistant Secretary, Secretary). It names specific individuals but does not describe their detailed portfolio responsibilities or subject matter duties, fitting the criteria for a People Gazette (Type 2)."
2322-23,2023-03-08,LAND,"This gazette content is primarily about land acquisition under the Land Acquisition Act. It contains declarations for specific land parcels to be acquired for public purposes, including detailed descriptions of the land locations, boundaries, and extents. While it mentions a government minister (Nalaka Jude Harin Fernando) in his official capacity, the core content focuses on land matters rather than government personnel changes or portfolio responsibilities, making it a Land Gazette (Type 4) according to the classification rules."
2322-24,2023-03-08,LEGAL_REGULATORY,"This gazette content publishes a Collective Agreement between a private company and a trade union under the Industrial Disputes Act. It contains detailed regulatory provisions governing employment relationships, rights, obligations, and dispute resolution mechanisms. This falls under Legal/Regulatory matters as it involves statutory instruments and regulatory frameworks for labor relations, specifically published in accordance with existing legislation."
2322-25,2023-03-08,LEGAL_REGULATORY,"This gazette content primarily involves a legal/regulatory matter - specifically an order made under Section 4(1) of the Industrial Disputes Act. It references specific legislative enactments (Chapter 131 of the Legislative Enactments of Ceylon, 1956 Revised Edition) and amendments (Acts Nos. 14 of 1957, 4 of 1962, and 39 of 1968). While it mentions a Minister (Manusha Nanayakkara) making the appointment, this is in the context of exercising statutory powers under existing legislation rather than announcing a government personnel change or portfolio assignment. The core content is about appointing an arbitrator to settle an industrial dispute, which falls under legal/regulatory administrative matters."
2322-26,2023-03-08,LAND,"This gazette content is exclusively about land acquisition for public purposes under the Land Acquisition Act. It contains detailed descriptions of specific land parcels to be acquired, including lot numbers, land names, descriptions, claimants, and extents. The notice outlines the public purpose (servitude acquisition for the Bowathenna tunnel project) and provides procedural information for interested parties regarding compensation claims. This falls squarely under Land Gazettes (Type 4) as it deals with land acquisition matters."
2322-27,2023-03-08,ELECTIONS,"This gazette notice declares that a member of the Nikaweratiya Pradeshiya Sabha has vacated their office due to ceasing membership in their political party. This is a notice under the Local Authorities Elections Ordinance specifically dealing with the status of an elected member of a local government body, which falls under electoral processes and related matters."
2322-28,2023-03-08,ELECTIONS,"This gazette content specifically deals with the postponement of local authority elections, including the announcement of a new election date (25th April 2023) and listing the affected local authorities. It falls under the Elections category as it concerns electoral processes, scheduling changes, and is issued under the Local Authorities Elections Ordinance."
2322-29,2023-03-08,ELECTIONS,"This gazette content specifically deals with electoral processes, specifically the postponement of local authority elections and the announcement of a new election date. It references the Local Authorities Elections Ordinance, provides notice of poll changes, and lists the affected local government bodies. This fits squarely within Type 7 (Elections Gazettes) which covers election announcements, schedules, and electoral commission decisions."
2322-30,2023-03-08,ELECTIONS,"This gazette content specifically deals with electoral processes, specifically the postponement of local authority elections in the Kalutara Administrative District. It contains a notice of poll under the Local Authorities Elections Ordinance, announces the change of election date from March 9, 2023 to April 25, 2023, and lists the affected local authorities. This falls squarely under Election Gazettes (Type 7) which cover election announcements, schedules, and related electoral commission decisions."
2322-31,2023-03-08,ELECTIONS,"This gazette content is a notification about the postponement of local authority elections, specifically announcing a new election date (25th April 2023) for various local authorities in the Kandy Administrative District. It directly relates to electoral processes under the Local Authorities Elections Ordinance, making it clearly an Elections Gazette (Type 7)."
2322-32,2023-03-08,ELECTIONS,"This gazette content specifically deals with the postponement of local authority elections, including the announcement of a new election date (25th April 2023) and listing the affected local authorities. It directly relates to electoral processes under the Local Authorities Elections Ordinance, making it clearly an Elections Gazette (Type 7)."
2322-33,2023-03-08,ELECTIONS,"This gazette content specifically deals with the postponement of local authority elections, including the announcement of a new election date (25th April 2023) and references to the Local Authorities Elections Ordinance. It contains a schedule of specific local government bodies affected. This falls squarely under ""Election announcements and schedules"" in the Elections Gazettes category (Type 7)."
2322-34,2023-03-08,ELECTIONS,"This gazette content specifically deals with the postponement and rescheduling of local authority elections in the Galle Administrative District. It references the Local Authorities Elections Ordinance, provides notice of poll changes, and lists the affected local government bodies. This falls squarely under the ""Elections Gazettes"" category (Type 7) as it concerns electoral processes, election scheduling, and electoral commission decisions."
2322-35,2023-03-08,ELECTIONS,"This gazette content specifically deals with electoral processes, specifically the postponement of local authority elections and the announcement of a new election date. It references the Local Authorities Elections Ordinance, provides notice of poll changes, and lists the affected local government bodies. This falls squarely under Election Gazettes (Type 7) which cover election announcements, schedules, and related electoral commission decisions."
2322-36,2023-03-08,ELECTIONS,"This gazette content specifically deals with the postponement of local authority elections, including the announcement of a new election date (25th April 2023) and references to the Local Authorities Elections Ordinance. It falls under the Elections category as it concerns electoral processes and scheduling, making it a Type 7 (Elections) gazette rather than a government personnel or structural matter."
2322-37,2023-03-08,ELECTIONS,"This gazette content specifically deals with electoral processes, specifically the postponement of local authority elections in the Jaffna Administrative District. It contains a notice of poll under the Local Authorities Elections Ordinance, announces the postponement of elections originally scheduled for March 9, 2023, and sets a new election date of April 25, 2023. This falls squarely under the Elections category (Type 7) as it involves election scheduling and administration by the Election Commission."
2322-38,2023-03-08,ELECTIONS,"This gazette content is a notification about the postponement of local authority elections, specifically referencing the Local Authorities Elections Ordinance and announcing a new election date. It falls under the Elections category as it deals with electoral processes and scheduling."
2322-39,2023-03-08,ELECTIONS,"This gazette content specifically deals with the postponement of local authority elections in the Mannar Administrative District, including the announcement of a new election date (April 25, 2023). It references the Local Authorities Elections Ordinance and contains a schedule listing the specific local government bodies affected. This falls squarely under Election Gazettes (Type 7) as it concerns electoral processes, scheduling changes, and election administration."
2322-40,2023-03-08,ELECTIONS,"This gazette content is a notification about the postponement of local authority elections, specifically addressing the change of election date from March 9, 2023 to April 25, 2023 for several local government bodies in the Vavuniya Administrative District. It falls under Type 7 (Elections Gazettes) as it deals with electoral processes, election scheduling changes, and is issued under the Local Authorities Elections Ordinance."
2322-41,2023-03-08,ELECTIONS,"This gazette content specifically deals with electoral processes, including the postponement of local authority elections, setting a new election date, and listing the affected local authorities. It falls under the Elections category (Type 7) as it contains election announcements, schedule changes, and official notifications from election authorities regarding the conduct of local government elections."
2322-42,2023-03-08,ELECTIONS,"This gazette content specifically deals with electoral processes, including the postponement of local authority elections, notification of a new election date (25th April 2023), and listing of specific local government bodies where elections are affected. It directly relates to election scheduling and administration under the Local Authorities Elections Ordinance, making it clearly an Elections Gazette."
2322-43,2023-03-08,ELECTIONS,"This gazette content specifically deals with electoral processes, specifically the postponement of local authority elections and the announcement of a new election date. It references the Local Authorities Elections Ordinance, provides a notice of poll change, and lists the affected local government bodies, making it clearly fall under the Elections classification (Type 7)."
2322-44,2023-03-08,ELECTIONS,"This gazette content specifically deals with electoral processes, specifically the postponement of local authority elections and the announcement of a new election date. It references the Local Authorities Elections Ordinance, provides notice of poll changes, and lists the affected local government bodies. This falls squarely under the ""Elections Gazettes"" category (Type 7) which covers election announcements, schedules, and electoral commission decisions."
2322-45,2023-03-08,ELECTIONS,"This gazette content specifically deals with the postponement and rescheduling of local authority elections in the Kurunegala Administrative District. It references the Local Authorities Elections Ordinance, provides the original and new election dates, and lists the specific local authorities affected. This falls squarely under the ""Elections Gazettes"" category (Type 7) as it concerns electoral processes, election scheduling, and electoral commission decisions."
2322-46,2023-03-08,ELECTIONS,"This gazette content specifically deals with the postponement and rescheduling of local authority elections in the Puttalam Administrative District. It contains a notice of poll under the Local Authorities Elections Ordinance, announcing that elections originally scheduled for March 9, 2023, have been postponed to April 25, 2023, due to unexpected circumstances. The content includes the schedule of specific local authorities affected. This falls squarely under Election Gazettes (Type 7) as it concerns electoral processes, election scheduling, and announcements related to local government elections."
2322-47,2023-03-08,ELECTIONS,"This gazette content specifically deals with the postponement of local authority elections, including the announcement of a new election date (25th April 2023) and references to the Local Authorities Elections Ordinance. It falls under the Elections category as it concerns electoral processes and scheduling, which aligns with Type 7 (Elections Gazettes) for electoral announcements and schedule changes."
2322-48,2023-03-08,ELECTIONS,"This gazette content specifically deals with the postponement of local authority elections in the Polonnaruwa Administrative District. It contains a notice of poll under the Local Authorities Elections Ordinance, announces the rescheduling of elections from March 9, 2023 to April 25, 2023, and lists the specific local authorities affected. This falls squarely under Election Gazettes (Type 7) as it concerns electoral processes, election scheduling, and official notifications related to local government elections."
2322-49,2023-03-08,ELECTIONS,"This gazette content specifically deals with the postponement and rescheduling of local authority elections in the Badulla Administrative District. It references the Local Authorities Elections Ordinance, provides the original election date (09.03.2023), states the reason for postponement, and announces the new election date (25.04.2023). The content includes a schedule of specific local authorities affected. This falls squarely under Election Gazettes (Type 7) as it concerns electoral processes, scheduling changes, and election administration."
2322-50,2023-03-08,ELECTIONS,"This gazette content specifically deals with the postponement of local authority elections, including the announcement of a new election date (April 25, 2023) for multiple Pradeshiya Sabhas. It references the Local Authorities Elections Ordinance and contains a formal notice of poll change, which falls squarely under election processes and scheduling - the core focus of Type 7 (Elections Gazettes)."
2322-51,2023-03-08,ELECTIONS,"This gazette content specifically deals with electoral processes, specifically the postponement of local authority elections and the announcement of a new election date. It references the Local Authorities Elections Ordinance, provides notice of poll changes, and lists the affected local government bodies. This falls squarely under Type 7 (Elections Gazettes) as it involves election scheduling and administrative matters related to the electoral process."
2322-52,2023-03-08,ELECTIONS,"This gazette content specifically deals with electoral processes, specifically the postponement of local authority elections in the Kegalle Administrative District. It contains a ""Notice of Poll"" under the Local Authorities Elections Ordinance, announces the postponement of elections originally scheduled for March 9, 2023, and sets a new election date of April 25, 2023. This falls squarely under Election Gazettes (Type 7) which cover election announcements, schedules, and related electoral commission decisions."
2322-53,2023-03-08,ELECTIONS,"This gazette content deals specifically with filling a vacancy in a local government council (Jaffna Municipal Council) under the Local Authorities Elections Ordinance. It involves the electoral process for local authorities, including the nomination and declaration of a new council member to fill a seat vacated by death, which falls under election-related matters."
2322-54,2023-03-08,ELECTIONS,"This gazette notification announces the declaration of a Vice Chairman for a local government authority (Thumpane Pradeshiya Sabha) under Section 66g of the Local Government Authorities Elections Ordinance. The content specifically deals with electoral processes and appointments within local government elections, making it a clear fit for Type 7 (Elections Gazettes) which covers ""Electoral commission appointments and decisions"" and ""Candidate nominations and registrations."""
2322-07,2023-03-07,LAND,"This gazette content exclusively deals with land title amendments under the Registration of Title Act, specifically addressing modifications to land parcel registrations, including changes to land extents, servitude rights, encumbrances, and life interests. The content focuses entirely on land and property matters without any government personnel changes, structural modifications, or other specialized categories."
2322-08,2023-03-07,LAND,"This gazette content exclusively deals with amendments to land title registrations under the Registration of Title Act. It contains multiple entries detailing specific changes to land parcels, including address amendments, extent modifications, block number corrections, and servitude/right of way adjustments for various properties in different locations. The content is entirely focused on land and property-related matters, falling squarely within the Land Gazette classification (Type 4) without any government personnel changes, organizational restructuring, or other specialized categories."
2322-09,2023-03-07,LAND,"This gazette content deals specifically with land title registration matters for intestate properties, including calls for claims to property, cadastral map numbers, parcel numbers, and land extent details. It falls under land and property-related matters as defined in Type 4 (Land Gazettes), involving the Registration of Title Act and procedures for registering land titles for deceased persons' properties."
2322-10,2023-03-07,LAND,"This gazette content exclusively deals with land title registration matters under the Registration of Title Act. It contains declarations of determination regarding specific land parcels, including parcel numbers, ownership details, extent measurements, and legal encumbrances. The content focuses entirely on land registration and property ownership matters, which falls squarely under the Land Gazettes classification (Type 4). There are no government personnel changes, organizational restructuring, or other non-land related administrative matters present."
2322-11,2023-03-07,LAND,"This gazette content exclusively deals with land acquisition matters under the Land Acquisition Act, including detailed descriptions of specific land parcels to be acquired for public purposes (highway construction), notification procedures for interested parties, and amendments to previous land acquisition notices. The content focuses entirely on land and property-related administrative actions, fitting the Land Gazette classification criteria."
2322-12,2023-03-07,ELECTIONS,"This gazette contains multiple notices under the Local Authorities Elections Ordinance declaring that specific individuals have vacated their office as members of the Kurunegala Pradeshiya Sabha due to ceasing membership in a political party. This content directly relates to electoral processes and the status of elected officials, falling under the Elections category (Type 7) which covers electoral matters including declarations about candidate status and vacancies."
2322-13,2023-03-07,ELECTIONS,"This gazette contains multiple notices under the Local Authorities Elections Ordinance declaring that specific individuals have vacated their office as members of the Kurunegala Pradeshiya Sabha due to ceasing membership in a political party. This content directly relates to electoral processes and the status of elected officials, falling under the Elections category (Type 7) which covers electoral matters including vacating of offices and declarations by election officials."
2322-14,2023-03-07,ELECTIONS,"This gazette contains multiple notices under Section 10 A (1) (a) of the Local Authorities Elections Ordinance declaring that members of local government bodies (Galgamuwa Pradeshiya Sabha and Kuliyapitiya Urban Council) have vacated their offices due to ceasing membership in a political party. This content specifically deals with electoral processes and the status of elected officials in local authorities, which falls under the Elections category (Type 7) for electoral matters including declarations about elected members."
2322-15,2023-03-07,ELECTIONS,"This gazette contains multiple notices under Section 10 A (1) (a) of the Local Authorities Elections Ordinance, declaring that specific members of local government councils (Kurunegala Municipal Council, Bingiriya Pradeshiya Sabha, Panduwasnuwara Pradeshiya Sabha) have vacated their offices due to ceasing membership in a political party. This content directly relates to electoral processes and the status of elected officials in local authorities, making it clearly fall under the Elections category (Type 7)."
2322-16,2023-03-07,ELECTIONS,"This gazette contains multiple notices under the Local Authorities Elections Ordinance declaring that specific members of the Pannala Pradeshiya Sabha have vacated their offices due to ceasing to be members of a political party. This content directly relates to electoral processes and the status of elected officials in local government, fitting the definition of Elections Gazettes (Type 7) which includes matters concerning electoral boundaries, candidate registrations, and declarations about elected officials."
2322-17,2023-03-07,ELECTIONS,"This gazette contains multiple notices under Section 10 A (1) (a) of the Local Authorities Elections Ordinance, specifically declaring that members of various Pradeshiya Sabhas (local authorities) have vacated their offices due to ceasing membership in their respective political parties. This content directly relates to electoral processes and the status of elected officials in local government bodies, making it a clear fit for the Elections category (Type 7)."
2322-18,2023-03-07,ELECTIONS,"This gazette content specifically deals with electoral matters, declaring that members of a local authority (Mawathagama Pradeshiya Sabha) have vacated their offices due to ceasing membership in a political party. This falls under election-related administrative procedures as it involves the status of elected officials under the Local Authorities Elections Ordinance, making it a clear example of an Elections Gazette."
2322-19,2023-03-07,ELECTIONS,"This gazette contains notices under the Local Authorities Elections Ordinance declaring that specific individuals have vacated their office as Members of Pradeshiya Sabhas due to ceasing to be members of a political party. This content directly relates to electoral processes and the status of elected officials, falling under the Elections category (Type 7) which covers electoral matters including vacating of offices and election-related declarations."
2322-20,2023-03-07,LEGAL_REGULATORY,"This gazette content involves the imposition of a Special Commodity Levy under the Special Commodity Levy Act, No. 48 of 2007. It constitutes a regulatory order that modifies tax/levy rates on specific commodities (potatoes), which falls under legal/regulatory matters. While it mentions Minister Ranil Wickremesinghe, it does not describe his portfolio responsibilities in detail (only his title is stated as part of the authorization), and the primary focus is on regulatory implementation rather than government personnel or structure."
2322-21,2023-03-07,LEGAL_REGULATORY,"This gazette content is an order made under the Special Commodity Levy Act, No. 48 of 2007, which involves regulatory matters and legal authority. It modifies the application of an existing levy through statutory powers, making it a legal/regulatory matter rather than a government personnel or structural change. The mention of Minister Ranil Wickremesinghe is incidental to the exercise of legal authority under the Act, not the primary focus of the gazette."
2322-01,2023-03-06,LAND,"This gazette content exclusively deals with land title registration matters under the Registration of Title Act. It contains declarations of title determinations for specific land parcels, including detailed property descriptions, ownership details, and cadastral information. The content focuses entirely on land registration and property ownership matters, fitting perfectly within the Land Gazette classification (Type 4) without any government personnel changes or structural administrative modifications."
2322-02,2023-03-06,LAND,"This gazette content exclusively deals with land title registration matters, specifically the declaration of determinations by the Commissioner of Title Settlement regarding specific land parcels in Galle District. It contains detailed information about land ownership, parcel numbers, extents, and property rights, which falls squarely under the Land Gazettes classification (Type 4) for land and property-related matters."
2322-03,2023-03-06,LAND,"This gazette content exclusively deals with land title registration matters under the Registration of Title Act. It contains a formal declaration by the Commissioner of Title Settlement regarding the determination of title to specific land parcels (Nos. 141 and 143) in Kimbulapitiya, including detailed ownership information, property descriptions, and cadastral references. The content falls squarely within the Land Gazette category as it concerns land registration, property ownership determination, and title settlement processes."
2322-04,2023-03-06,LAND,"This gazette content specifically deals with land title registration under the Registration of Title Act, declaring the determination of title for a specific parcel of land (No. 144 of Block 03) in Galle District. It includes detailed land particulars such as extent, owner information, and legal status, which falls squarely within the Land Gazette classification (Type 4) for land and property-related matters."
2322-05,2023-03-06,LAND,"This gazette content deals exclusively with land and property matters, specifically calling for claims to intestate property (property of deceased persons without wills) and the registration of land titles under the Registration of Title Act. It contains detailed land descriptions, parcel numbers, and procedures for claiming property rights, which falls squarely under the Land Gazettes category (Type 4) for land and property-related matters."
2322-06,2023-03-06,LEGAL_REGULATORY,"This gazette notification is issued under the Customs Ordinance (Chapter 235) and establishes new rates of exchange for customs duties and charges. It represents a regulatory matter involving statutory instruments and compliance requirements for customs operations, which falls squarely under Legal/Regulatory classification (Type 5). The content does not involve government personnel changes, organizational restructuring, or any of the other specialized categories."
2321-76,2023-03-04,LEGAL_REGULATORY,"This gazette notification imposes a Special Commodity Levy under the Special Commodity Levy Act, No. 48 of 2007. It establishes regulatory requirements and tax rates for specific commodities, which falls under legal/regulatory matters. While it mentions Minister Ranil Wickremesinghe, it does not focus on his appointment or detailed portfolio responsibilities but rather on his exercise of statutory powers to implement a regulatory measure."
2321-77,2023-03-04,LAND,"This gazette content exclusively deals with land-related matters, specifically calling for claims to land parcels under the Registration of Title Act. It involves land title registration, cadastral mapping, and determination of land ownership rights across multiple districts. The content focuses entirely on land administration and property rights, falling squarely within the Land Gazettes category (Type 4) without any government personnel changes, organizational restructuring, or other specialized categories."
2321-78,2023-03-04,LAND,"This gazette content is exclusively about land title registration, specifically the declaration of determination for a specific parcel of land (No. 122 of Block 05) under the Registration of Title Act. It contains detailed land particulars including location, extent, owner information, and title class, making it a clear example of a Land Gazette (Type 4) dealing with property ownership and land titles."
2321-79,2023-03-04,LAND,"This gazette content exclusively deals with land title registration under the Registration of Title Act, specifically declaring the determination of title for a specific parcel of land (No. 27 of Block 03) with detailed land particulars including location, extent, ownership details, and encumbrances. It falls squarely within the Land Gazettes category as it concerns land registration and property ownership matters."
2321-80,2023-03-04,LAND,"This gazette content deals exclusively with land title registration and determinations regarding specific parcels of land. It involves the Commissioner of Title Settlement declaring determinations about land ownership (all parcels listed are owned by ""The State"") under the Registration of Title Act. The content includes detailed schedules of land parcels with their numbers, extents, ownership details, and specific land characteristics. This falls squarely under the Land Gazette category (Type 4) as it concerns land registration, title determination, and property ownership matters."
2321-81,2023-03-04,LAND,"This gazette content exclusively deals with land title registration matters under the Registration of Title Act. It contains declarations of determination by the Commissioner of Land Title Settlement regarding specific land parcels, including detailed information about parcel numbers, extents, owners' names and addresses, title classifications, and other land-related particulars. The content is focused entirely on land ownership and title settlement, falling squarely within the Land Gazette category (Type 4) as it involves land registrations, property ownership determinations, and land title matters."
2321-82,2023-03-04,LAND,"This gazette content deals exclusively with land title registration matters under the Registration of Title Act. It contains declarations of determination by the Commissioner of Title Settlement regarding specific land parcels, including detailed information about parcel numbers, extent, ownership details, and land classifications. The content focuses on land registration and property ownership matters, which falls squarely under the Land Gazettes category (Type 4)."
2321-83,2023-03-04,LAND,"This gazette content exclusively deals with land title registration matters under the Registration of Title Act, No. 21 of 1998. It contains declarations of determination by the Commissioner of Title Settlement regarding specific land parcels, including detailed schedules with parcel numbers, extents, owner names, identity card numbers, addresses, title classifications, and encumbrances. The content focuses entirely on land ownership and property registration, falling squarely within the Land Gazette category (Type 4) as it involves land registrations, property ownership determinations, and title settlements for specific land parcels in designated locations."
2321-85,2023-03-04,LAND,"This gazette content exclusively deals with land title registration matters, specifically the declaration of determinations by the Commissioner of Title Settlement regarding specific land parcels (including parcel numbers, ownership details, extents, and encumbrances) under the Registration of Title Act. It contains detailed schedules with land ownership information, property boundaries, and legal status of land titles, which falls squarely within the Land Gazette classification (Type 4) for land and property-related matters."
2321-70,2023-03-03,LEGAL_REGULATORY,"This gazette content primarily involves the repeal of an existing set of rules and the enactment of a new constitution/ruleset for the Sri Lanka Council of Archaeologists under the Sri Lanka Council of Archaeologists Act, No. 4 of 1992. It establishes regulatory frameworks, membership criteria, and professional standards for archaeologists, which falls under legal/regulatory matters rather than government structure, personnel, or other specialized categories."
2321-71,2023-03-03,LAND,"This gazette content exclusively deals with land acquisition matters under the Land Acquisition Act. It contains detailed notices for acquiring specific land parcels, including descriptions of properties, owner names, lot numbers, and boundaries. The content focuses entirely on land-related administrative procedures for public purposes, fitting perfectly within the Land Gazettes category (Type 4) without involving government personnel changes, organizational restructuring, or other specialized categories."
2321-72,2023-03-03,LAND,"This gazette content is a Land Acquisition Notice under the Land Acquisition Act, declaring that a specific parcel of land is needed for a public purpose. It provides a detailed description of the land's location, boundaries, and extent. While it is signed by a named Minister, the core content is exclusively about land acquisition and does not describe the Minister's portfolio responsibilities or any government structural/personnel changes, making it a Land Gazette (Type 4)."
2321-73,2023-03-03,LAND,"This gazette content primarily deals with land acquisition matters under the Land Acquisition Act. It contains declarations for acquiring specific land parcels for public purposes, including detailed descriptions of land boundaries, locations, and extents. While a government minister is named, the core content focuses on land/property matters rather than government personnel changes or portfolio responsibilities, making it a Land Gazette (Type 4)."
2321-74,2023-03-03,ORGANISATIONAL,This gazette content describes administrative changes to expenditure authorization for the Jaffna Municipal Council due to the non-passage of the 2023 budget. It involves structural/administrative changes (authorizing specific types of expenditures) without naming any specific individuals beyond the Governor who is issuing the order in his official capacity. The content focuses on budgetary procedures and expenditure categories rather than personnel appointments or detailed portfolio responsibilities.
2321-75,2023-03-03,ELECTIONS,"This gazette notice declares that a member of the Hanguranketha Pradeshiya Sabha has vacated their office due to ceasing membership in a political party. This falls under electoral processes and local government elections, specifically addressing the status of an elected member under the Local Authorities Elections Ordinance. It fits Type 7 (Elections) as it deals with the vacancy of an elected office in a local authority."
2323-38,2023-03-03,LEGAL_REGULATORY,"This gazette content involves the President using powers under the Essential Public Services Act (No. 61 of 1979) to declare certain services as essential public services. It constitutes a legal/regulatory action as it invokes statutory authority, creates a legal declaration under an existing Act, and establishes regulatory requirements for specified services (electricity supply, petroleum distribution, and healthcare services). While it involves the President, it does not describe his portfolio responsibilities or constitute a personnel change, making it a legal/regulatory matter rather than a government personnel or structural gazette."
2321-48,2023-03-02,COMMERCIAL,"This gazette content involves the issuance of trade licenses (butchers licenses and chicken stall licenses) to specific individuals and businesses within the Kalmunai Municipal Council area. It deals with commercial permits and business operations, specifically for meat-related trade activities, which falls under the Commercial Gazettes category (Type 6) for business and commercial matters including trade licenses and commercial permits."
2321-49,2023-03-02,LAND,"This gazette content is exclusively about land acquisition matters under the Land Acquisition Act. It contains detailed notices for acquiring specific land parcels (including lot numbers, extents, boundaries, and descriptions) for government projects (elephant breeding center and water supply scheme). The content falls under ""Land and property-related matters"" including ""land acquisitions"" as specified in Type 4 criteria, and appears in the ""PART III — LANDS"" section of the gazette."
2321-50,2023-03-02,LEGAL_REGULATORY,"This gazette content primarily involves a legal/regulatory matter - specifically an order issued under Section 19(A) of the Customs Ordinance that grants customs duty exemptions. It contains statutory authority references (Customs Ordinance, amendment laws), regulatory conditions for import duty waivers, and detailed schedules of exemptions. While it mentions Minister Ranil Wickremesinghe, this is in the context of exercising statutory powers rather than constituting a personnel appointment or portfolio assignment. The core content is regulatory in nature, establishing legal exemptions from customs duties for specific projects and importers."
2321-51,2023-03-02,LEGAL_REGULATORY,"This gazette content primarily involves a legal/regulatory matter - specifically an amendment to the Universities Act, No. 16 of 1978. It contains an order made under statutory powers (Section 27(1) read with Section 21) that modifies the schedule specifying faculties and departments of study at the University of Jaffna. While it mentions a minister's name, this is incidental to the legal/regulatory nature of the content, which focuses on amending the legal framework governing university departments rather than government personnel changes or portfolio assignments."
2321-52,2023-03-02,LEGAL_REGULATORY,"This gazette content publishes accounting standards changes adopted by the Institute of Chartered Accountants of Sri Lanka under the Sri Lanka Accounting and Auditing Standards Act, No. 15 of 1995. It contains detailed regulatory frameworks and compliance requirements for financial reporting, making it a Legal/Regulatory Gazette (Type 5) as it establishes mandatory accounting standards and regulatory requirements rather than dealing with government structure, personnel, or other specialized categories."
2321-53,2023-03-02,LEGAL_REGULATORY,"This gazette content involves the publication of Sri Lanka Accounting and Auditing Standards under the Sri Lanka Accounting and Auditing Standards Act, No. 15 of 1995. It contains regulatory frameworks, compliance requirements, and statutory instruments related to accounting standards, which falls under Legal/Regulatory matters (Type 5). The content does not involve government structure/personnel changes, land matters, commercial registrations, elections, public service, judicial matters, or other specialized categories that would take precedence."
2321-54,2023-03-02,LEGAL_REGULATORY,"This gazette content publishes amendments to accounting standards (SLFRS 9 Financial Instruments) under the Sri Lanka Accounting and Auditing Standards Act, which constitutes regulatory/legal matters. It involves modifications to financial reporting regulations and compliance requirements, fitting the definition of Legal/Regulatory Gazettes."
2321-55,2023-03-02,LEGAL_REGULATORY,"This gazette content involves the adoption of amendments to SLFRS 9 Financial Instruments by the Institute of Chartered Accountants of Sri Lanka under the Sri Lanka Accounting and Auditing Standards Act. It contains detailed regulatory changes to accounting standards and financial reporting requirements, which falls under Legal/Regulatory matters (Type 5) rather than government structure/personnel changes."
2321-56,2023-03-02,LEGAL_REGULATORY,"This gazette content publishes amendments to the Sri Lanka Accounting and Auditing Standards under the Sri Lanka Accounting and Auditing Standards Act, No. 15 of 1995. It contains technical regulatory amendments to SLFRS 3 Business Combinations, which falls under the category of legal/regulatory matters involving statutory instruments and regulatory frameworks for financial reporting standards."
2321-57,2023-03-02,LEGAL_REGULATORY,"This gazette content contains amendments to the Sri Lanka Accounting and Auditing Standards Act, specifically detailing changes to LKAS 16 Property, Plant and Equipment. It involves regulatory updates to accounting standards and disclosure requirements, which falls under Legal/Regulatory matters (Type 5) as it concerns statutory instruments and regulatory frameworks rather than government personnel, organizational changes, or other specialized categories."
2321-58,2023-03-02,LEGAL_REGULATORY,"This gazette content publishes amendments to the Sri Lanka Accounting and Auditing Standards Act, specifically adopting changes to LKAS 37 (Provisions, Contingent Liabilities and Contingent Assets). It involves regulatory standards, legal compliance requirements for financial reporting, and statutory instruments issued under established legislation, making it a clear example of Legal/Regulatory classification."
2321-59,2023-03-02,LEGAL_REGULATORY,"This gazette content pertains to the adoption of an amendment (Covid-19-Related Rent Concessions) to the Sri Lanka Financial Reporting Standard (SLFRS) 16 Leases. It is a regulatory update issued under the authority of the Sri Lanka Accounting and Auditing Standards Act, No. 15 of 1995. The content deals with legal/regulatory matters concerning accounting standards and their effective dates, fitting the definition of a Legal/Regulatory Gazette (Type 5)."
2321-60,2023-03-02,LEGAL_REGULATORY,"This gazette content publishes an amendment to the Sri Lanka Financial Reporting Standard (SLFRS) 16 regarding COVID-19-related rent concessions. It constitutes a regulatory update to accounting standards under the Sri Lanka Accounting and Auditing Standards Act, making it a legal/regulatory matter rather than a government personnel, organizational, or other specialized category."
2321-61,2023-03-02,HYBRID,"This gazette contains both a named individual (Roshan Goonetileke, Governor of the Western Province) and detailed delegation of specific powers and responsibilities to other named officials (Assistant Commissioners) under the Co-operative Societies Statute. It includes both ""who"" (government personnel) and ""what"" (detailed portfolio responsibilities and legal powers being delegated), making it a Hybrid Gazette."
2321-62,2023-03-02,LEGAL_REGULATORY,"This gazette content primarily involves the rescinding of existing regulations and the establishment of new regulatory frameworks under a specific Act (Licensing of Shipping Agents... Act, No. 10 of 1972). While a minister's name is present, the core content is about legal/regulatory instruments (regulations) rather than detailing the minister's portfolio responsibilities or being primarily about government personnel changes. This fits the definition of Legal/Regulatory Gazettes (Type 5) which cover ""regulatory frameworks and compliance requirements"" and ""statutory instruments and subsidiary legislation."""
2321-63,2023-03-02,LAND,"This gazette notice is a formal declaration under the Land Acquisition Act for the acquisition of a specific plot of land (0.0175 Hectares in Kirulapona) for the Baseline Road Extension Project. It contains detailed land description, including lot number, name, present usage, and claimant information. The content is exclusively about land acquisition for a public purpose, falling squarely under the Land Gazettes category (Type 4) for land and property-related matters."
2321-64,2023-03-02,LEGAL_REGULATORY,"This gazette notification involves the amendment of a schedule to an order under the Universities Act, No. 16 of 1978. It establishes regulatory conditions and requirements for a degree program (Master of Public Financial Management) offered by the Institute of Chartered Accountants of Sri Lanka. The content primarily deals with legal/regulatory matters, specifically the modification of statutory instruments and the establishment of compliance frameworks for educational qualifications, which falls under the Legal/Regulatory classification (Type 5). While a government minister is named, the core content is about regulatory conditions and legal authority rather than government personnel or structural changes."
2321-65,2023-03-02,ELECTIONS,"This gazette content deals specifically with filling vacancies in local government bodies (Pradeshiya Sabhas) under the Local Authorities Elections Ordinance. It involves the electoral process for local authorities, including the declaration of elected members to fill seats vacated due to death or party membership cessation. This falls squarely under Election Gazettes (Type 7) as it concerns electoral processes and declarations related to local government elections."
2321-66,2023-03-02,ELECTIONS,"This gazette concerns the filling of a vacancy for a member of a local government body (Minuwangoda Urban Council) under the Local Authorities Elections Ordinance. It details the electoral process for declaring a new member elected due to a resignation, which falls under electoral processes and related matters."
2321-67,2023-03-02,LAND,"This gazette content primarily deals with land and property matters, specifically the declaration of an Urban Development Area in Wellawaya. It contains detailed descriptions of land boundaries, Grama Niladhari divisions, and metes and bounds of the designated area. The notification is made under the Urban Development Authority Law, but the core content focuses on land development and property delineation rather than government personnel changes, organizational structure, or legal/regulatory frameworks."
2321-68,2023-03-02,LAND,"This gazette content primarily deals with land matters, specifically the declaration and expansion of the Monaragala Urban Development Area. It describes the metes and bounds of the area being designated for urban development, including detailed descriptions of land boundaries, Grama Niladhari divisions, and specific geographic features. The content focuses on land use planning and development rather than government personnel changes, structural changes, or other specialized categories."
2321-69,2023-03-02,LEGAL_REGULATORY,"This gazette primarily concerns the approval of a development plan under the Urban Development Authority Law, which constitutes a regulatory action. The content focuses on the legal authority and process for approving the plan (citing specific sections of Acts No. 41 of 1978 and No. 04 of 1982), making it a legal/regulatory matter rather than a government personnel, organizational, or specialized administrative matter. While a minister is named, the notice is about the regulatory approval process, not about the minister's appointment or portfolio responsibilities."
2321-44,2023-03-01,LEGAL_REGULATORY,"This gazette contains regulations made by the Minister under the Pilgrimages Ordinance, establishing legal frameworks and compliance requirements for a specific pilgrimage event. It outlines regulatory procedures, powers of government officials, and legal obligations for pilgrims, fitting the definition of Legal/Regulatory Gazettes (Type 5) which cover ""regulatory frameworks and compliance requirements"" and ""statutory instruments and subsidiary legislation."""
2321-45,2023-03-01,LAND,"This gazette content exclusively deals with land acquisition matters under the Land Acquisition Act, specifically providing notices under Section 33 regarding compensation deposits for acquired lands. It contains detailed descriptions of specific land parcels, their locations, boundaries, and compensation amounts, which falls squarely under the Land Gazettes category (Type 4) for land and property-related matters."
2321-46,2023-03-01,ELECTIONS,"This gazette notice announces the convening of a meeting for the election to fill the vacancy of Mayor of Jaffna Municipal Council. It specifically references the Local Authorities Elections Ordinance and the Local Authorities Elections (Amendment) Act, making it clearly about electoral processes, which falls under Type 7 (Elections Gazettes)."
2321-47,2023-03-01,JUDICIAL_LAW_ENFORCEMENT,"This gazette notification concerns the extension of an investigation period for a commission looking into potential offenses by a Mayor. The content involves judicial/law enforcement matters, specifically the appointment of a retired judicial officer to conduct an investigation under the Municipal Councils Ordinance. It falls under Type 9 (Judicial/Law Enforcement) as it deals with legal proceedings, investigations, and law enforcement procedures rather than government structure/personnel changes or other specialized categories."
