Document ID,Document Date,Gazette Type,Reasoning
2221-40,2021-03-31,COMMERCIAL,"This gazette content consists of the balance sheet of the Central Bank of Sri Lanka, which is a financial institution. The document contains detailed financial data including assets, liabilities, foreign currency holdings, securities, and other banking-related financial information. This falls under commercial matters specifically related to banking and financial institution reporting, making it a Type 6 (Commercial) classification."
2221-41,2021-03-31,LAND,"This gazette content exclusively deals with land-related matters, specifically calling for claims to ownership/possession/interest in specific land parcels in Colombo District. It involves land title registration under the Registration of Title Act, references cadastral maps, and concerns determination of land titles - all falling under the Land Gazettes category (Type 4) for land and property-related matters."
2221-42,2021-03-31,LAND,"This gazette content exclusively deals with land-related matters, specifically calling for claims to land parcels under the Registration of Title Act. It involves land title determination, cadastral maps, and land ownership claims across multiple districts (Galle, Kurunegala, Kalutara, Monaragala, Kegalle), which falls squarely under the Land Gazettes category (Type 4) for land and property-related administrative matters."
2221-43,2021-03-31,LAND,"This gazette content exclusively deals with land title registration matters under the Registration of Title Act, No. 21 of 1998. It contains declarations of determination for specific land parcels (including parcel numbers, cadastral maps, locations, and ownership details) by the Commissioner General of Land Title Settlement. The content focuses on land ownership, title settlements, and property registration, which falls squarely under the Land Gazettes category (Type 4) for land and property-related matters."
2221-44,2021-03-31,LAND,"This gazette content deals exclusively with land title registration matters under the Registration of Title Act. It contains declarations of determination for specific land parcels (including parcel numbers, locations, ownership details, and encumbrances) by the Commissioner General of Land Title Settlement. The content focuses on land ownership, title settlements, and property registrations, which falls squarely under the Land Gazettes category (Type 4)."
2221-45,2021-03-31,LAND,"This gazette content exclusively deals with land title registration matters under the Registration of Title Act. It contains declarations of determination for specific land parcels (including parcel numbers, cadastral maps, locations, and owner details), which falls squarely within the definition of Type 4 (Land Gazettes) covering land registrations, property ownership, and land title settlements. The content does not involve government personnel changes, organizational restructuring, or any of the other specialized categories."
2221-46,2021-03-31,LAND,"This gazette content deals exclusively with land and property matters, specifically calling for claims to intestate property under the Registration of Title Act. It contains detailed land descriptions including cadastral map numbers, parcel numbers, land extents, and certificate of title numbers. The content focuses on the settlement of land titles for deceased persons' properties, which falls squarely under the Land Gazettes category (Type 4) as it involves land registrations, property ownership transfers, and land title settlement procedures."
2221-47,2021-03-31,LAND,"This gazette content exclusively deals with land title registration matters, specifically the declaration of determinations by the Commissioner of Title Settlement regarding specific land parcels. It contains detailed information about land ownership, parcel numbers, extents, and encumbrances, which falls squarely under the Land Gazettes category (Type 4) for land and property-related matters."
2221-22,2021-03-30,LAND,"This gazette content primarily deals with land acquisition matters under the Land Acquisition Act. It contains specific orders for taking possession of described land parcels, including detailed descriptions of the land locations, boundaries, and extents. The content focuses exclusively on land/property matters without involving government personnel changes, organizational restructuring, or other specialized categories."
2221-23,2021-03-30,LAND,"This gazette content specifically deals with a correction to a land acquisition project description under the Land Acquisition Act. It focuses on amending the description of a road project related to land acquisition, which falls squarely within the definition of Type 4 (Land Gazettes) covering ""land acquisitions, transfers, or disposals"" and ""land development projects."" The content does not involve government personnel changes, organizational restructuring, or any of the other specialized categories."
2221-24,2021-03-30,LAND,"This gazette content is primarily about land acquisition under the Land Acquisition Act, specifying detailed descriptions of multiple land lots being acquired. It contains no government personnel changes or structural changes, focusing exclusively on land matters including property boundaries, extents, and ownership claims, which falls squarely under the Land Gazettes classification (Type 4)."
2221-25,2021-03-30,LAND,"This gazette content is primarily about land acquisition under the Land Acquisition Act, specifying particular land lots and their boundaries for government acquisition. It contains detailed descriptions of land parcels, their extents, and boundary information, which falls squarely under the Land Gazettes category (Type 4) for land and property-related matters. While it mentions a government minister, this is incidental to the core land acquisition content rather than being about government personnel or structural changes."
2221-26,2021-03-30,LAND,"This gazette content exclusively deals with land acquisition matters under the Land Acquisition Act. It contains multiple orders for taking possession of specific land parcels with detailed descriptions of location, boundaries, and extents. The document is published in the ""LANDS"" section of the gazette and focuses entirely on property acquisition procedures without involving government personnel changes, structural reorganizations, or other administrative matters that would fall under other categories."
2221-27,2021-03-30,LAND,"This gazette content primarily deals with land acquisition matters under the Land Acquisition Act. It contains multiple orders directing acquiring officers to take possession of specific land parcels with detailed descriptions of property boundaries, locations, and extents. While it mentions a government minister (S. M. Chandrasena, Minister of Lands), this is incidental to the core land-related content, and there are no detailed portfolio responsibilities described beyond the ministerial title. The content fits squarely within the Land Gazette category as it concerns property acquisition and land administration."
2221-28,2021-03-30,LAND,"This gazette notice is primarily concerned with land acquisition matters under the Land Acquisition Act. It contains detailed descriptions of specific land parcels being acquired, including their locations, boundaries, and extents. The content focuses exclusively on land/property matters without involving government personnel changes, structural reorganizations, or other administrative categories."
2221-29,2021-03-30,LAND,"This gazette content exclusively deals with land acquisition notices under the Land Acquisition Act, providing detailed descriptions of specific land parcels being acquired by the government for public purposes. It includes lot numbers, land names, descriptions, claimants, original claimants, and land extents. The content falls squarely under the Land Gazettes category (Type 4) as it concerns land acquisitions and property matters, not government personnel changes, organizational restructuring, or any of the other specialized categories."
2221-30,2021-03-30,LAND,"This gazette notice is exclusively about land acquisition under the Land Acquisition Act. It provides detailed descriptions of specific land parcels to be acquired for public purpose, including lot numbers, land names, descriptions, claimants, and extents. The content focuses solely on land/property matters without any government personnel changes, structural changes, or other specialized categories, making it a clear Land Gazette (Type 4)."
2221-31,2021-03-30,LAND,"This gazette content exclusively deals with land title registration matters under the Registration of Title Act. It contains declarations of determination by the Commissioner of Title Settlement regarding specific land parcels, including detailed schedules with parcel numbers, extents, ownership details, and encumbrances. The content focuses entirely on land registration and property title matters, falling squarely within the Land Gazette classification (Type 4) without any government personnel changes, organizational restructuring, or other specialized categories."
2221-32,2021-03-30,LAND,"This gazette content exclusively deals with land title registration under the Registration of Title Act, specifically declaring the determination of title for a specific parcel of land (No. 366) with detailed land particulars including location, extent, ownership details, and encumbrances. It falls squarely within the Land Gazette category as it concerns property ownership and land title matters without any government personnel changes or structural administrative modifications."
2221-33,2021-03-30,LAND,"This gazette content deals exclusively with land title registration matters under the Registration of Title Act. It contains declarations of title determinations for specific land parcels, including detailed schedules with parcel numbers, extents, ownership details, and land classifications. The content focuses on land property matters, specifically title settlement and registration, which falls squarely under the Land Gazettes category (Type 4). There are no government personnel changes, organizational restructuring, or other non-land related administrative matters present."
2221-34,2021-03-30,LAND,"This gazette content exclusively deals with land title registration matters under the Registration of Title Act. It contains detailed declarations of land title determinations for specific parcels of land, including parcel numbers, extents, owner information, and encumbrances. The content focuses entirely on land ownership and property rights, falling squarely within the Land Gazette classification (Type 4) which covers land registrations, property ownership, and land title matters."
2221-35,2021-03-30,LAND,"This gazette content deals exclusively with land title registration matters under the Registration of Title Act. It contains declarations of determination regarding specific land parcels (including parcel numbers, block numbers, cadastral maps, and locations) and establishes ownership titles. The content appears in ""PART III - LANDS"" of the gazette and focuses on land settlement and title registration, which falls squarely under the Land Gazettes category (Type 4) for land and property-related matters."
2221-36,2021-03-30,LAND,"This gazette content deals exclusively with land title registration matters under the Registration of Title Act. It contains declarations of determination for specific land parcels, including detailed schedules with parcel numbers, extents, owner names, and title classifications. The content focuses on land ownership, title settlements, and property registrations, which falls squarely under the Land Gazettes category (Type 4) as it primarily concerns land and property-related administrative matters."
2221-37,2021-03-30,LAND,"This gazette content exclusively deals with land title registration matters under the Registration of Title Act. It contains a declaration by the Commissioner of Title Settlement determining ownership of specific land parcels, including detailed schedules with parcel numbers, extents, ownership details, and encumbrances. The content focuses entirely on land registration and property rights, falling squarely within the Land Gazette classification (Type 4) without any government personnel changes, organizational restructuring, or other specialized categories."
2221-38,2021-03-30,LAND,"This gazette content exclusively deals with land title registration matters under the Registration of Title Act, No. 21 of 1998. It contains declarations of determination by the Commissioner of Title Settlement regarding specific land parcels, including detailed schedules with parcel numbers, extents, owner names, and property details. The content falls squarely within the Land Gazette category as it concerns land registrations, property ownership determinations, and title settlements for specific land parcels in various locations."
2221-39,2021-03-30,LAND,"This gazette content deals exclusively with land title registration matters, specifically declarations of determination regarding title to specific land parcels under the Registration of Title Act. It contains detailed information about land parcels, their locations, cadastral references, ownership details, and legal determinations - all falling squarely within the Land Gazettes category (Type 4) for land and property-related matters."
2221-01,2021-03-29,LEGAL_REGULATORY,"This gazette notification is a Customs Notification (General) issued under the Customs Ordinance (Chapter 235). It sets new rates of exchange for customs duties and rescinds a previous notification. This content involves regulatory matters and compliance requirements for customs operations, which falls squarely under the Legal/Regulatory classification (Type 5) for regulatory frameworks and statutory instruments."
2221-02,2021-03-29,LAND,"This gazette content is a declaration under the Land Acquisition Act for the acquisition of specific land parcels for public purpose. It contains detailed descriptions of land boundaries, extents, and locations, which falls squarely under the Land Gazettes category (Type 4) for land and property-related matters. While it mentions a minister's name, this is incidental to the primary land acquisition purpose and does not include detailed portfolio responsibilities that would make it a government hybrid type."
2221-03,2021-03-29,LAND,"This gazette content is exclusively about land acquisition matters under the Land Acquisition Act. It contains detailed notices for acquiring specific land parcels and servitudes for public purposes (railway project), including lot numbers, descriptions, extents, and claimant information. The content falls under ""Land acquisitions, transfers, or disposals"" as defined in Type 4 (Land Gazettes) and is specifically published in ""PART III - LANDS"" of the gazette."
2221-04,2021-03-29,LAND,"This gazette content deals exclusively with land title registration matters under the Registration of Title Act. It contains declarations of land title determinations for specific parcels of land, including detailed information about land ownership, parcel numbers, extents, and property rights. The content appears in ""PART III - LANDS"" of the gazette and focuses on land settlement and title registration processes, which clearly falls under the Land Gazettes category (Type 4)."
2221-05,2021-03-29,LAND,"This gazette content primarily deals with land acquisition matters. It is an order by the Minister of Power approving the acquisition of a specific parcel of land (described in detail with location, boundaries, and extent) for the Ceylon Electricity Board. While it mentions a government minister by name, the core content focuses entirely on land/property matters rather than government personnel changes or portfolio responsibilities, making it a Land Gazette."
2221-06,2021-03-29,LAND,"This gazette content deals exclusively with land title registration matters under the Registration of Title Act. It contains declarations of determination by the Commissioner of Title Settlement regarding specific land parcels, including parcel numbers, ownership details, extent of land, and title classifications. The content focuses on land ownership, title settlement, and property registration, which falls squarely under the Land Gazettes category (Type 4) for land and property-related matters."
2221-07,2021-03-29,LAND,"This gazette content exclusively deals with land title registration matters under the Registration of Title Act. It contains declarations of determination for specific land parcels, including detailed property descriptions, ownership details, and legal status of land titles. The content focuses entirely on land and property-related administrative matters, falling squarely within the Land Gazette classification (Type 4)."
2221-08,2021-03-29,LAND,"This gazette content primarily deals with land acquisition for a water supply project. It contains detailed descriptions of specific land parcels (including lot numbers, boundaries, extents, and claimant information) being acquired under the National Water Supply and Drainage Board Act. The content focuses exclusively on land and property matters, specifically the acquisition of immobile properties for infrastructure development, making it a clear Land Gazette (Type 4). While it mentions a minister's name and title, this is incidental to the main purpose of announcing land acquisition rather than being about government personnel changes or portfolio responsibilities."
2221-09,2021-03-29,LAND,"This gazette content exclusively deals with land title registration matters under the Registration of Title Act, No. 21 of 1998. It contains declarations of determination by the Commissioner of Title Settlement regarding specific land parcels, including detailed schedules with parcel numbers, extents, owner names, identity card numbers, and title classifications. The content is published in ""PART III - LANDS"" of the gazette and focuses entirely on land ownership and title settlement matters, fitting perfectly within the Land Gazette classification (Type 4)."
2221-10,2021-03-29,ELECTIONS,"This gazette content specifically deals with filling vacancies in local government bodies (Sammanthurai Pradeshiya Sabha and Kinniya Urban Council) under the Local Authorities Elections Ordinance. It involves electoral processes, including the declaration of elected members to fill positions vacated by resignation, which falls squarely under the Elections category (Type 7) for electoral matters and declarations."
2221-11,2021-03-29,ELECTIONS,"This gazette notice specifically concerns a member vacating office in a local authority (Point Pedro Urban Council) due to ceasing membership in a political party (Tamil United Liberation Front). The notice is issued under Section 10 A(1)(a) of the Local Authorities Elections Ordinance, making it directly related to electoral processes and the administration of local government elections, which falls under Type 7 (Elections Gazettes)."
2221-12,2021-03-29,LAND,"This gazette content deals exclusively with land title registration matters under the Registration of Title Act. It contains declarations of determination for specific land parcels (including parcel numbers, extents, owner details, and encumbrances) in various locations. The content falls under ""Land registrations, property ownership, land titles"" as specified in the Land Gazettes (Type 4) category. There is no government personnel or structural changes, legal/regulatory framework creation, commercial matters, or other specialized categories present - the focus is purely on land title settlement and registration."
2221-13,2021-03-29,LAND,"This gazette notice is exclusively about land acquisition matters under the Land Acquisition Act. It details the deposit of compensation funds for a specific land parcel, provides the land description (name, plan number, lot numbers, extent, and location), and falls under the ""LANDS"" part of the gazette. It does not involve government personnel changes, structural changes, or any of the other specialized categories like legal, commercial, or public service matters."
2221-14,2021-03-29,LAND,"This gazette content deals exclusively with land title registration matters under the Registration of Title Act. It contains declarations of determination for specific land parcels (including parcel numbers, extent measurements, owner details, and property locations) by the Commissioner General of Land Title Settlement. The content focuses on land ownership, title settlements, and property registration, which falls squarely under the Land Gazette classification (Type 4) for land and property-related matters."
2221-15,2021-03-29,LAND,"This gazette content deals exclusively with land title registration matters under the Registration of Title Act. It contains declarations of land title determinations for specific parcels of land, including detailed property descriptions, owner information, and legal status of land titles. The content falls under ""Land registrations, property ownership, land titles"" as specified in the Land Gazettes (Type 4) category."
2221-16,2021-03-29,LAND,"This gazette content deals exclusively with land title registration matters under the Registration of Title Act, specifically declaring determinations of land ownership for multiple parcels of land in various locations. The content includes detailed schedules of land parcels with their numbers, extents, and ownership status (all showing ""The State"" as owner), which falls squarely within the definition of Land Gazettes (Type 4) covering land registrations, property ownership, and land title matters."
2221-17,2021-03-29,LAND,"This gazette content exclusively deals with land title registration matters under the Registration of Title Act. It contains declarations of title determinations for specific land parcels, including details of land ownership, parcel numbers, extents, and ownership particulars. The content focuses entirely on land registration and property rights, falling squarely within the Land Gazette category (Type 4) which covers land registrations, property ownership, and land title matters."
2221-18,2021-03-29,LAND,"This gazette content exclusively deals with land title amendments under the Registration of Title Act. It contains multiple entries detailing specific modifications to land parcel registrations, including changes to parcel numbers, owner names and addresses, national identity card numbers, and encumbrance details. The content is entirely focused on land registration matters, falling squarely within the Land Gazettes category (Type 4) which covers land registrations, property ownership, and title amendments."
2221-19,2021-03-29,LAND,"This gazette content exclusively deals with land title registration matters under the Registration of Title Act, No. 21 of 1998. It contains declarations of determination for specific land parcels (including parcel numbers, block numbers, cadastral map references, and owner details) in various locations within the Moratuwa area. The content focuses on land ownership, title settlements, and property registration, which falls squarely under the Land Gazettes category (Type 4) as it involves land registrations, property ownership determinations, and land title matters."
2221-20,2021-03-29,LAND,"This gazette content is exclusively about land title registration, specifically the declaration of a determination regarding title to a specific parcel of land (Parcel No. 168) under the Registration of Title Act. It contains detailed land particulars including location, extent, owner information, and title class, which falls squarely within the Land Gazettes category (Type 4) for land and property-related matters."
2221-21,2021-03-29,LEGAL_REGULATORY,"This gazette content primarily deals with legal/regulatory matters under the Industrial Disputes Act. It contains orders made by the Minister of Labour regarding the appointment and revocation of arbitrators for industrial disputes, which falls under statutory instruments and regulatory procedures. While it mentions a government minister (Nimal Siripala De Silva), the core content is about legal procedures under specific legislation rather than government personnel changes or structural reorganization."
2220-62,2021-03-26,LAND,"This gazette content exclusively deals with land title registration matters under the Registration of Title Act. It contains declarations of land title determinations for specific parcels of land, including detailed information about land parcels, ownership details, extents, encumbrances, and property rights. The content falls squarely within the definition of Land Gazettes as it concerns land registrations, property ownership determinations, and land title settlements."
2220-63,2021-03-26,LAND,"This gazette content deals exclusively with land title registration matters under the Registration of Title Act. It contains declarations of determination for specific land parcels, including parcel numbers, extents, ownership details (primarily ""The State"" and ""Sri Lanka Mahaweli Authority""), and land classifications. The content falls squarely within the Land Gazette category as it involves land registrations, property ownership determinations, and title settlements for specific parcels of land in designated locations."
2220-64,2021-03-26,LAND,"This gazette content deals exclusively with land title registration matters under the Registration of Title Act. It contains a declaration by the Commissioner of Title Settlement determining title to multiple specific land parcels (with parcel numbers, block numbers, cadastral map references, and location details) in Nivithigala. The schedule provides detailed particulars of each land parcel including extent, ownership (all listed as ""The State""), title class, and encumbrances. This falls squarely under Land Gazettes (Type 4) as it concerns land registrations, property ownership determinations, and land title settlements."
2220-65,2021-03-26,LAND,"This gazette content deals exclusively with land title registration matters under the Registration of Title Act, No. 21 of 1998. It contains declarations of determination for specific land parcels (including parcel numbers, locations, ownership details, and land characteristics) in various villages. The content focuses on land ownership registration, property boundaries, and title settlements, which falls squarely under the Land Gazettes category (Type 4) for land and property-related administrative matters."
2220-66,2021-03-26,LAND,"This gazette content deals exclusively with land title registration matters under the Registration of Title Act. It contains declarations of determination for specific land parcels, including detailed schedules with parcel numbers, extent measurements, owner names, and land characteristics. The content is focused on land ownership and property rights, falling squarely within the Land Gazette classification (Type 4) for land and property-related matters."
2220-67,2021-03-26,LAND,"This gazette content is exclusively about land title registration under the Registration of Title Act, specifically declaring the Commissioner's determination regarding title to specific land parcels (Parcel Nos. 3, 12 and 26 of Block 04) with detailed land particulars. It involves land ownership, title settlement, and property registration matters, which falls squarely under the Land Gazettes category (Type 4). There is no government personnel or structural changes mentioned, only land administration matters."
2220-68,2021-03-26,LAND,"This gazette content deals exclusively with land title registration matters under the Registration of Title Act, No. 21 of 1998. It contains declarations of determination for specific land parcels (including parcel numbers, locations, and ownership details) by the Commissioner General of Land Title Settlement. The content focuses on land ownership, title settlement, and property registration, which falls squarely under the Land Gazettes category (Type 4) as it primarily concerns land and property-related administrative matters rather than government personnel, organizational changes, or other specialized categories."
2220-69,2021-03-26,LEGAL_REGULATORY,"This gazette content is an order issued under the Foreign Exchange Act, No. 12 of 2017, prescribing specific purposes, terms, and conditions under which hotels may deal in foreign exchange. It constitutes a regulatory framework and compliance requirement, falling squarely under Legal/Regulatory matters (Type 5). While it is signed by a named minister, the primary content is regulatory in nature, not about government personnel changes or structural reorganization."
2220-70,2021-03-26,LAND,"This gazette content deals exclusively with land and property matters, specifically notices calling for claims to intestate property under the Registration of Title Act. It contains detailed land descriptions including village names, cadastral map numbers, parcel numbers, land extents, and certificate of title numbers. The content focuses on land title registration and property claims, which falls squarely under the Land Gazettes category (Type 4) as it involves land registrations, property ownership, and land title matters."
2220-71,2021-03-26,LAND,"This gazette content exclusively deals with land title amendments under the Registration of Title Act, specifically addressing modifications to land parcel details, encumbrances, extents, and registrations in various locations. The content focuses entirely on land administration matters including title corrections, boundary adjustments, and property record updates, which falls squarely under the Land Gazettes classification (Type 4)."
2220-72,2021-03-26,LAND,"This gazette content exclusively deals with land title amendments under the Registration of Title Act, specifically modifying land parcel details including rights of way, extent measurements, title classifications, and encumbrances. The content focuses entirely on land registration matters without any government personnel changes, structural changes, or other specialized categories. The repeated amendments to specific land parcels and their cadastral details clearly place this in the Land Gazettes category."
2220-73,2021-03-26,LAND,"This gazette content deals exclusively with land title registration matters under the Registration of Title Act. It contains declarations of determination for specific land parcels (including parcel numbers, extents, ownership details, and land classifications) by the Commissioner General of Land Title Settlement. The content focuses on land ownership, title settlement, and property registration, which falls squarely under the Land Gazettes category (Type 4) for land and property-related matters."
2220-74,2021-03-26,LAND,"This gazette content deals exclusively with land title registration matters under the Registration of Title Act, specifically declaring determinations of land ownership for multiple parcels of land in specific locations. It contains detailed schedules listing land parcel numbers, extents, ownership details, and other land-specific information, making it clearly a Land Gazette according to the classification criteria."
2220-75,2021-03-26,LAND,"This gazette content deals exclusively with land title registration matters under the Registration of Title Act. It contains declarations of determination for specific land parcels (including parcel numbers, extents, and ownership details) in various locations in Galle District. The content focuses on land ownership, title settlement, and property registration, which falls squarely under the Land Gazettes category (Type 4) as it primarily deals with land and property-related administrative matters."
2220-76,2021-03-26,LAND,"This gazette content deals exclusively with land title registration matters under the Registration of Title Act, No. 21 of 1998. It contains declarations of determination by the Commissioner of Title Settlement regarding specific land parcels, including their numbers, extents, ownership details (all stating ""The State""), and legal status. The content appears in ""PART III - LANDS"" of the gazette and focuses entirely on land title settlement and registration processes, which falls squarely under the Land Gazettes classification (Type 4) for land and property-related matters."
2220-77,2021-03-26,LAND,"This gazette content consists entirely of land acquisition notices published under the Land Acquisition Act. It describes specific parcels of land being acquired by the government for public purposes, including detailed descriptions of land lots, extents, locations, boundaries, and claimant information. The content falls squarely within the Land Gazettes category (Type 4) as it deals specifically with land acquisition matters, which is a core land and property-related function."
2220-78,2021-03-26,LAND,"This gazette content is a Land Acquisition Notice published under the Land Acquisition Act, specifically declaring that a particular parcel of land is needed for a public purpose and will be acquired. The content provides detailed descriptions of the land's location, boundaries, and extent. While it is signed by the Minister of Lands, the primary focus and subject matter are entirely related to land acquisition, which falls squarely under the Land Gazettes (Type 4) classification for land and property-related matters. The mention of the minister is incidental to the land declaration process and does not include detailed portfolio responsibilities that would shift it to a government-related type."
2220-79,2021-03-26,LEGAL_REGULATORY,"This gazette content primarily involves the exercise of statutory powers under the Industrial Disputes Act to appoint an arbitrator for an industrial dispute. It contains a legal order made under specific legislation (Chapter 131 of the Legislative Enactments of Ceylon), references multiple amending acts, and establishes a legal framework for dispute resolution. While it mentions the Minister of Labour by name, the core content is regulatory/legal in nature rather than focusing on government personnel changes or portfolio responsibilities."
2220-45,2021-03-25,LAND,"The gazette content primarily deals with land acquisition matters under the Land Acquisition Act, including declarations for acquiring land for public purposes and corrections to previous land acquisition notices. This fits squarely within the Land Gazettes category (Type 4) which covers land acquisitions, transfers, and related administrative procedures. While a government minister is named, the content focuses exclusively on land matters rather than government personnel changes or portfolio responsibilities."
2220-46,2021-03-25,LEGAL_REGULATORY,"This gazette content contains the publication of an arbitration award made under The Industrial Disputes Act (Chapter 131), which represents a legal/regulatory matter. It involves the formal publication of a legal decision regarding an industrial dispute between two parties, falling under statutory instruments and legal proceedings rather than government personnel changes, organizational restructuring, or any of the other specialized categories."
2220-49,2021-03-25,LEGAL_REGULATORY,"This gazette content primarily deals with legal/regulatory matters under the Industrial Disputes Act, including orders for arbitration appointments and dispute resolutions. It involves statutory instruments, legal procedures for industrial dispute settlement, and ministerial orders made under specific legislative authority. While it mentions the Minister of Labour, it does not focus on government personnel changes or portfolio responsibilities, but rather on the exercise of legal powers under existing legislation."
2220-50,2021-03-25,LEGAL_REGULATORY,"This gazette content primarily deals with legal/regulatory matters under the Industrial Disputes Act, specifically the revocation and issuance of orders for arbitration in an industrial dispute. It involves statutory instruments (orders under Section 4(1) of the Act), legal procedures for dispute resolution, and regulatory compliance requirements. While it mentions the Minister of Labour and other individuals, these are incidental to the legal proceedings rather than constituting government personnel changes or portfolio assignments. The core content is about legal mechanisms for resolving industrial disputes, making it a Legal/Regulatory gazette."
2220-51,2021-03-25,ELECTIONS,"This gazette concerns the filling of a vacancy in a local government body (Kesbewa Urban Council) under the Local Authorities Elections Ordinance. It specifically deals with the electoral process for local authorities, including the nomination and declaration of a new council member to fill a vacancy caused by a member ceasing to belong to their political party. This falls squarely under the ""Elections Gazettes"" category (Type 7) which covers electoral processes, candidate nominations, and declarations related to local government elections."
2220-52,2021-03-25,LAND,"This gazette content deals exclusively with land title registration matters under the Registration of Title Act. It contains declarations of determination for specific land parcels (No. 151 and 152) with detailed ownership information, property descriptions, and legal encumbrances. The content focuses on land ownership registration and title settlement, which falls squarely under the Land Gazettes category (Type 4) for land and property-related matters."
2220-53,2021-03-25,LAND,"This gazette content exclusively deals with land title registration under the Registration of Title Act. It contains a formal declaration by the Commissioner of Title Settlement regarding the determination of title for a specific parcel of land (Plot 234, Block 01) with detailed land particulars including location, extent, owner information, and title class. The content focuses entirely on land property matters without any government personnel changes, organizational restructuring, or other specialized categories, making it a clear Land Gazette (Type 4)."
2220-54,2021-03-25,LAND,"This gazette content exclusively deals with land title registration matters under the Registration of Title Act. It contains specific details about land parcels (parcel numbers, block numbers, cadastral maps, village names, Grama Niladhari divisions, and administrative divisions) and announces the expungement of particulars from land titles. The content falls squarely within the Land Gazette category as it concerns land registration and property ownership matters."
2220-55,2021-03-25,LAND,"This gazette content exclusively deals with land title registration amendments under the Registration of Title Act. It contains specific details about parcels of land (No. 132 of Block 14 and No. 158 of Block 03), their locations, cadastral maps, and amendments to land title particulars. The content focuses entirely on land registration matters, including modifications to encumbrances and expunging of particulars, which falls squarely under the Land Gazettes category (Type 4) for land and property-related administrative matters."
2220-56,2021-03-25,HYBRID,"This gazette names specific individuals (Mr. Jayantha De Silva, Mr. J. R. C. Jayathilake, Ms. Kanthi Gunawardana) and their appointments to a government board (Chairman and Members of the Board for approval of Credit Agencies). It also references the specific legal authority (Mortgage Act, No. 06 of 1949, Section 114(1)) and the appointing authority (Hon. Minister of Trade), making it a hybrid gazette that contains both personnel information and details about their governmental responsibilities/authority."
2220-57,2021-03-25,LAND,"This gazette content exclusively deals with amendments to land title registrations under the Registration of Title Act. It contains multiple entries detailing specific changes to land parcels including amendments to title class, extent measurements, insertion of ownership details and encumbrances, and removal of land ordinance conditions. All content relates directly to land and property matters, specifically title registration amendments for identified parcels of land across various districts, making it a clear example of a Land Gazette."
2220-58,2021-03-25,LAND,"This gazette content deals exclusively with land title registration matters under the Registration of Title Act. It contains declarations of determination for specific land parcels (including parcel numbers, block numbers, cadastral map references, and location details) and includes schedules with ownership details, extent of land, and land classifications. The content is published in ""PART III - LANDS"" of the gazette, confirming its focus on land-related administrative matters."
2220-59,2021-03-25,LAND,"This gazette content exclusively deals with land title registration matters under the Registration of Title Act. It contains declarations of determination for specific land parcels (No. 436 and No. 242) with detailed property particulars including parcel numbers, extents, owner names, addresses, identity card numbers, title classifications, and encumbrances. The content falls squarely within the Land Gazette category as it involves the formal registration and determination of land titles, which is a core land and property-related administrative function."
2220-60,2021-03-25,LAND,"This gazette notice is exclusively about land acquisition under the Land Acquisition Act. It details the compensation deposit for a specific land parcel (including location, plan number, lot number, extent, and compensation amount) and is published in the ""PART III – LANDS"" section. The content does not involve government personnel changes, structural changes, or any of the other specialized categories, making it a clear Land Gazette."
2220-61,2021-03-25,LAND,"This gazette content primarily deals with land acquisition matters under the Land Acquisition Act. It contains detailed declarations for acquiring specific land parcels for public purposes, including lot numbers, extents, boundaries, and location descriptions. The content focuses exclusively on land-related administrative procedures without involving government personnel changes, organizational restructuring, or other specialized categories."
2220-41,2021-03-24,LEGAL_REGULATORY,"This gazette notification contains regulations made under the Prevention of Terrorism Act, specifically nominating a rehabilitation center for de-radicalization purposes. It references statutory instruments (Regulation No. 01 of 2021) and legal provisions (Section 27 of PTA, Section 4 of the Regulation), making it primarily about legal/regulatory framework implementation rather than government personnel, organizational structure, or any of the other specialized categories."
2220-42,2021-03-24,LEGAL_REGULATORY,"This gazette content primarily concerns legal/regulatory matters, specifically the amendment of customs duties and regulations under the Customs Ordinance. It contains a parliamentary resolution modifying import duty rates, concession lists, and exemption provisions, which falls squarely under legal framework and regulatory matters (Type 5). The content does not involve government personnel changes, organizational restructuring, or any of the other specialized categories."
2220-43,2021-03-24,PUBLIC_SERVICE,"This gazette notification announces the award of the Sri Lanka Armed Services Long Service Medal to military personnel who have completed 12 years of service. This falls under public service administration as it deals with service recognition, benefits, and awards for members of the armed forces, which is a public sector service matter. The content does not involve government structural changes, specific personnel appointments with responsibilities, or any of the specialized categories like land, legal, commercial, elections, or judicial matters."
2220-44,2021-03-24,LAND,"This gazette content exclusively deals with land title registration amendments under the Registration of Title Act. It contains multiple entries for specific parcels of land with detailed location descriptions (block numbers, cadastral maps, village names, divisional secretary divisions, districts, and provinces). The content focuses on expunging particulars from land title registrations, which falls squarely under land and property-related matters as defined in Type 4 (Land Gazettes). There is no government personnel information, organizational changes, or other specialized category content present."
2220-23,2021-03-23,ELECTIONS,"This gazette notice announces the schedule for an election meeting to elect the Deputy Chairman for the Rideegama Pradeshiya Sabha. It is published under the Local Authorities Elections Ordinance and specifically relates to electoral processes at the local government level, making it a clear fit for Type 7 (Elections Gazettes)."
2220-24,2021-03-23,ORGANISATIONAL,"This gazette notification announces the National Consumer Price Index figure for February 2021, published by the Department of Census and Statistics. It does not involve government structure/personnel (Types 1-3) and does not fit any specialized categories (land, legal, commercial, elections, public service, or judicial). As statistical data publication falls under general administrative matters not covered by other categories, it is classified as Miscellaneous."
2220-25,2021-03-23,LAND,"This gazette content deals exclusively with land title registration matters under the Registration of Title Act. It contains declarations of determination for specific land parcels, including detailed information about land ownership, parcel numbers, extents, and property details. The document is explicitly published in ""PART III - LANDS"" of the gazette, confirming its focus on land-related administrative matters rather than government personnel, organizational changes, or other specialized categories."
2220-26,2021-03-23,LAND,"This gazette content exclusively deals with land title registration matters under the Registration of Title Act, specifically declaring determinations of land titles for various parcels in different villages. It contains detailed schedules with land parcel numbers, extents, ownership details, and encumbrances - all characteristic of land-related administrative matters falling under Type 4 (Land Gazettes)."
2220-27,2021-03-23,LAND,"This gazette content deals exclusively with land title registration matters under the Registration of Title Act, No. 21 of 1998. It contains declarations of determination for specific land parcels (including parcel numbers, cadastral maps, locations, and ownership details) by the Commissioner General of Land Title Settlement. The content focuses on land ownership, titles, and property registrations in specific locations within the Hambantota District, which falls squarely under the Land Gazettes classification (Type 4) for land and property-related matters."
2220-28,2021-03-23,LAND,"This gazette content specifically deals with land title registration under the Registration of Title Act, declaring a determination regarding title to a specific parcel of land (Parcel No: 7 of Block 02) with detailed land particulars including location, extent, ownership details, and encumbrances. It falls squarely within the Land Gazettes category as it concerns land registration and property ownership matters."
2220-29,2021-03-23,LAND,"This gazette content primarily deals with land acquisition and divestment matters under the Land Acquisition Act. It contains detailed descriptions of specific land allotments, including their locations, boundaries, and extents. While it mentions a government minister (S. M. Chandrasena, Minister of Lands), this is incidental to the core land-related administrative action. The content focuses on the legal process of vesting and divesting land rights, making it clearly a Land Gazette according to the classification criteria."
2220-30,2021-03-23,LEGAL_REGULATORY,"This gazette content primarily concerns the declaration of a strategic development project and the granting of tax and duty exemptions under the Strategic Development Projects Act. It outlines specific legal provisions, exemptions from various acts (Inland Revenue Act, VAT Act, Customs Ordinance), and regulatory frameworks for the project. The mention of the Minister of Finance is incidental to the exercise of statutory powers and does not include detailed portfolio responsibilities, making this a legal/regulatory matter rather than a government personnel or structural announcement."
2220-31,2021-03-23,LAND,"This gazette content is exclusively about land acquisition matters under the Land Acquisition Act. It provides detailed descriptions of specific land parcels being acquired by the state for public purpose (Kurunegala-Habarana Railway Project), including lot numbers, land names, descriptions, claimants, and extents. The content falls squarely within the Land Gazette category as it deals with land acquisitions and property matters, not government personnel changes or other specialized categories."
2220-32,2021-03-23,LEGAL_REGULATORY,"This gazette content primarily involves the amendment of regulations under the Universities Act, specifically modifying degree programs and setting conditions for a private higher education institution. It constitutes a legal/regulatory matter as it exercises statutory powers, creates subsidiary legislation, and establishes compliance requirements for educational accreditation. While it mentions a government minister (Professor G. L. Peiris), it does so only in the context of exercising legal authority under an existing Act, and does not involve government personnel changes, structural reorganization, or detailed portfolio responsibilities that would trigger a government-related classification (Types 1-3)."
2220-33,2021-03-23,LAND,"This gazette content exclusively deals with land acquisition matters under the Land Acquisition Act. It contains multiple notices under Section 7 of the Act detailing specific land parcels to be acquired for solid waste management and urban development, including detailed descriptions of land lots, extents, boundaries, and locations. The content also includes amendments and corrigenda related to land acquisition notices, all falling squarely within the definition of Type 4 (Land Gazettes) for land acquisition matters."
2220-34,2021-03-23,LAND,"This gazette notice is exclusively about land acquisition matters under the Land Acquisition Act. It provides detailed information about specific land parcels being acquired (including lot numbers, extents, and location descriptions), the deposit of compensation funds, and serves as an official notice regarding property matters. The content focuses solely on land-related administrative procedures without involving government personnel changes, structural reorganizations, or any other category-specific content."
2220-35,2021-03-23,LEGAL_REGULATORY,"This gazette content primarily concerns legal/regulatory matters, specifically amendments to excise regulations regarding sticker requirements for excisable articles. It contains statutory instruments (Excise Notification) and modifications to existing rules under the Excise Ordinance, which falls under legal framework and regulatory matters classification. No government personnel changes or structural reorganizations are present, and the content doesn't fit other specialized categories like land, commercial, or elections."
2220-36,2021-03-23,LEGAL_REGULATORY,"This gazette content primarily concerns the notification of an order issued under the Excise Ordinance, which establishes new excise duties and import regulations for foreign liquor. It details specific legal/regulatory changes, including duty rates, permit requirements, and compliance procedures, making it a clear example of a Legal/Regulatory Gazette (Type 5)."
2220-37,2021-03-23,LEGAL_REGULATORY,"This gazette content primarily concerns legal/regulatory matters, specifically amendments to the Excise Ordinance regarding sticker requirements for excisable articles. It involves statutory instruments, regulatory compliance requirements, and modifications to existing regulations under the Excise Ordinance, which falls under Legal/Regulatory classification (Type 5). While it mentions the Minister of Finance, it does not focus on government personnel changes or detailed portfolio responsibilities, and the content is fundamentally regulatory in nature."
2220-38,2021-03-23,LEGAL_REGULATORY,"This gazette content primarily concerns the publication of an Excise Notification under the Excise Ordinance, which establishes duty rates for various types of ethyl alcohol. This falls under legal/regulatory matters as it involves the formal notification of regulatory changes, duty rates, and compliance requirements under existing legislation (Excise Ordinance). While it mentions the Minister of Finance, it does so only in the context of the legal authority behind the notification and does not contain any personnel changes or detailed portfolio descriptions that would make it a government-related type."
2220-39,2021-03-23,LEGAL_REGULATORY,"This gazette content primarily concerns legal/regulatory matters, specifically amendments to the Excise Ordinance through an Excise Notification. It details changes to rules and regulations regarding excise procedures and timelines, which falls under the Legal/Regulatory classification (Type 5). While it mentions the Minister of Finance, it does not focus on government personnel changes or structural reorganization, but rather on the regulatory framework and legal amendments to existing excise legislation."
2220-40,2021-03-23,LEGAL_REGULATORY,"This gazette content primarily concerns the notification of an order related to excise duties on ethyl alcohol, issued under the Excise Ordinance. It involves regulatory matters (duty rates, classifications) and legal framework (reference to specific sections of the Ordinance), making it a Legal/Regulatory Gazette. While it mentions a Minister and Secretary, it does not focus on government personnel changes or structural reorganization, but rather on the regulatory content of the excise notification."
2220-01,2021-03-22,LEGAL_REGULATORY,"This gazette notification announces new rates of exchange for customs duties and charges under the Customs Ordinance (Chapter 235). It represents a regulatory framework for customs valuation and compliance requirements, falling squarely under Legal/Regulatory matters. While it mentions a government official (Director General of Customs), it does not involve government structural changes, personnel appointments, or detailed portfolio responsibilities that would trigger Types 1-3. The content is specifically about regulatory implementation rather than government administration."
2220-02,2021-03-22,LEGAL_REGULATORY,"This gazette content publishes a Collective Agreement between a private company and a trade union under the Industrial Disputes Act. It contains legal/regulatory content including the formal publication of a legally binding agreement, references to specific legislation (Industrial Disputes Act, Chapter 131), and detailed contractual terms and conditions that have regulatory force. This falls under Legal/Regulatory Gazettes as it involves statutory instruments and regulatory frameworks governing labor relations."
2220-03,2021-03-22,LAND,"This gazette content deals specifically with land title registration and intestate property claims under the Registration of Title Act. It contains detailed notices calling for claims to specific land parcels, including cadastral map numbers, parcel numbers, land extents, and certificate of title numbers. The content is primarily concerned with land ownership, property transfers, and title registration matters, which falls squarely under the Land Gazettes classification (Type 4)."
2220-04,2021-03-22,LAND,"This gazette content is exclusively about land acquisition matters under the Land Acquisition Act. It contains detailed notices for acquiring specific land parcels (with lot numbers, descriptions, extents, and claimant information) for public purpose (Central Expressway Project). The content falls under ""Land acquisitions, transfers, or disposals"" as specified in Type 4 criteria, and appears in ""PART III - LANDS"" section of the gazette."
2220-05,2021-03-22,LAND,"This gazette content is primarily about land acquisition under the Land Acquisition Act, specifying particular land lots with detailed descriptions, boundaries, and extents. It involves the government taking possession of land for public purposes, which falls squarely under the ""Land Gazettes"" category for land and property-related matters. While it mentions a government minister (S. M. Chandrasena, Minister of Lands), this is only in the context of authorizing the land acquisition action under statutory powers, not detailing his portfolio responsibilities or making a personnel announcement. The core subject matter is land."
2220-06,2021-03-22,LAND,"This gazette content deals exclusively with land and property matters, specifically notices calling for claims to intestate property under the Registration of Title Act. It contains detailed land descriptions including cadastral map numbers, parcel numbers, land extents, and certificate of title numbers. The content focuses on land title registration procedures for deceased persons' properties across multiple districts, which falls squarely under the Land Gazettes category (Type 4) for land and property-related matters."
2220-07,2021-03-22,LAND,"This gazette content deals specifically with land title registration matters for intestate properties, including detailed schedules with cadastral map numbers, parcel numbers, land extents, and registration details. It involves the legal process of claiming rights to land properties through the Registration of Title Act, falling squarely under land and property-related matters as defined for Type 4 classification."
2220-08,2021-03-22,LAND,"This gazette content deals exclusively with land title registration matters for intestate properties, including specific parcel numbers, land extents, and cadastral details. It involves the legal process of claiming rights to land properties through the Registration of Title Act, which falls squarely under land and property-related matters as defined in Type 4 (Land Gazettes). The content does not involve government structure/personnel changes or any of the other specialized categories."
2220-09,2021-03-22,LAND,"This gazette content deals exclusively with land and property matters, specifically calling for claims to intestate property under the Registration of Title Act. It contains detailed land descriptions including cadastral map numbers, parcel numbers, land extents, and certificate of title numbers. The notice is about establishing legal ownership and registration of land titles for deceased persons' properties, which falls squarely under the Land Gazettes category (Type 4) for land and property-related matters."
2220-10,2021-03-22,LAND,"This gazette content primarily deals with land acquisition for public infrastructure projects. It involves the acquisition of servitude rights and immobile properties over specific land parcels described in detailed schedules, including land boundaries, extents, and claimant information. While a government minister is named and exercises powers under a specific act, the core subject matter is land acquisition and property rights, making it a Land Gazette (Type 4) rather than a government personnel or hybrid classification."
2220-11,2021-03-22,LAND,"This gazette content is a Land Acquisition Notice published under the Land Acquisition Act. It specifically declares the government's intention to acquire a particular piece of land (Lot 'A' in Mullepihilla) for public purpose, providing detailed land descriptions including extent, boundaries, and location. While it mentions the Minister of Lands by name, the primary focus is on the land acquisition process itself, making it a Land Gazette (Type 4) rather than a government personnel or hybrid classification."
2220-12,2021-03-22,LAND,"This gazette content deals exclusively with land title registration matters for intestate properties, specifically calling for claims to properties of deceased individuals and providing detailed land parcel information (cadastral map numbers, parcel numbers, extents, and certificate of title numbers). It falls under the Land Gazette category as it concerns property ownership, land titles, and registration procedures under the Registration of Title Act."
2220-13,2021-03-22,LAND,"This gazette content exclusively deals with land title registration matters under the Registration of Title Act, No. 21 of 1998. It contains declarations of determination by the Commissioner of Title Settlement regarding specific land parcels, including parcel numbers, extent measurements, owner names and details, and land classifications. The content appears in ""PART III - LANDS"" of the gazette and focuses entirely on land ownership and title settlement matters, which falls squarely under the Land Gazettes classification (Type 4)."
2220-14,2021-03-22,LAND,"This gazette content deals exclusively with land title registration matters under the Registration of Title Act. It contains declarations of land title determinations for specific parcels of land, including detailed schedules with parcel numbers, extents, ownership details, and land classifications. The content falls squarely within the Land Gazettes category as it involves land registrations, property ownership determinations, and land title settlements."
2220-15,2021-03-22,LAND,"This gazette content deals exclusively with land title registration matters under the Registration of Title Act. It contains declarations of land title determinations for specific parcels of land, including detailed schedules with parcel numbers, extents, ownership details, and land classifications. The content appears in ""PART III - LANDS"" of the gazette and focuses on land settlement and title registration processes, which clearly falls under the Land Gazettes category (Type 4) for land and property-related matters."
2220-16,2021-03-22,LAND,"This gazette content deals exclusively with land title registration matters under the Registration of Title Act. It contains declarations of determination by the Commissioner of Title Settlement regarding specific land parcels, including detailed schedules of land plot numbers, extents, and ownership details (all showing ""The State"" as owner). The content falls squarely within the Land Gazettes category as it involves land registrations, property ownership determinations, and land title settlements."
2220-17,2021-03-22,LAND,"This gazette content primarily deals with land matters, specifically the declaration of an urban development area with detailed metes and bounds descriptions. It focuses on land boundaries, Grama Niladhari Divisions, and geographic specifications for development purposes, making it a Land Gazette (Type 4) rather than a government personnel or structural announcement."
2220-18,2021-03-22,LAND,"This gazette content exclusively deals with land title registration matters under the Registration of Title Act. It contains a declaration by the Commissioner of Title Settlement determining ownership of specific land parcels, including details of parcel numbers, extents, owners, and land classifications. The content focuses entirely on land registration and property ownership matters, falling squarely within the Land Gazettes category (Type 4) without any government personnel changes, organizational restructuring, or other specialized categories."
2220-19,2021-03-22,LEGAL_REGULATORY,"This gazette content involves the amendment of a university schedule through a statutory order made under the Universities Act, No. 16 of 1978. It represents a regulatory modification to the legal framework governing higher education institutions, specifically adding a new department to the Eastern University's Faculty of Arts and Culture. This falls under Legal/Regulatory matters (Type 5) as it constitutes subsidiary legislation and regulatory changes rather than government personnel/structure changes or other specialized categories."
2220-20,2021-03-22,LEGAL_REGULATORY,"This gazette content primarily concerns a legal/regulatory matter - specifically, an amendment to the Schedule of an Order made under the Universities Act, No. 16 of 1978. It involves modifying the departmental structure of the Faculty of Business Studies at Vavuniya Campus through statutory authority. While it mentions Minister G. L. Peiris, it does not focus on his appointment or portfolio responsibilities (which would make it Type 2 or 3), but rather on the exercise of legal powers to amend regulatory provisions governing university administration."
2220-21,2021-03-22,LAND,"This gazette content deals exclusively with land title registration matters under the Registration of Title Act. It contains declarations of determination by the Commissioner of Title Settlement regarding specific land parcels, including their numbers, extents, ownership details (all listed as ""The State""), and classification. The content falls under ""Land and property-related matters"" including ""land registrations, property ownership, land titles"" as specified in the Land Gazettes (Type 4) classification criteria."
2220-22,2021-03-22,ELECTIONS,"This gazette notice declares that a member of the Rajanganaya Pradeshiya Sabha has vacated their office due to ceasing membership in a political party. This falls under electoral processes and matters related to local government elections, specifically addressing the vacation of office by an elected member, which is covered by Type 7 (Elections Gazettes)."
2219-74,2021-03-20,LEGAL_REGULATORY,"This gazette contains a legal notice issued by the Public Utilities Commission of Sri Lanka under Section 10(3) of the Sri Lanka Electricity Act, No. 20 of 2009 (amended). It involves regulatory matters - specifically the issuance of Certificates of Exemption from licensing requirements for electricity distribution and supply. This falls under Legal/Regulatory classification as it concerns statutory instruments and regulatory compliance requirements rather than government personnel changes, organizational structure, or other specialized categories."
2219-64,2021-03-19,LEGAL_REGULATORY,"This gazette content primarily concerns the publication of an industrial dispute award under the Industrial Disputes Act, which falls under legal/regulatory matters. It involves statutory procedures for dispute resolution, references to specific legal provisions (Section 4(1) and 18(1) of the Industrial Disputes Act), and the formal publication of a legal award. While it mentions government officials (Commissioner General of Labour, Minister of Labour), these references are incidental to the core legal/regulatory function of publishing the arbitration award and do not constitute government personnel or structural changes that would trigger Types 1-3 classification."
2219-65,2021-03-19,LEGAL_REGULATORY,"This gazette contains regulations made by the State Minister under the Pilgrimages Ordinance, establishing a legal and regulatory framework for managing a specific religious festival. It creates binding rules, defines terms, grants powers to officials, and outlines compliance requirements and penalties, which falls squarely under the Legal/Regulatory classification for subsidiary legislation and regulatory matters."
2219-66,2021-03-19,LEGAL_REGULATORY,"This gazette content primarily concerns the publication of an industrial dispute arbitration award under the Industrial Disputes Act, Chapter 131. It involves legal proceedings, statutory arbitration processes, and references to specific sections of labor legislation. The content focuses on regulatory compliance and legal procedures rather than government personnel changes, organizational structure, land matters, commercial registrations, or other specialized categories."
2219-68,2021-03-19,LEGAL_REGULATORY,"This gazette content primarily involves a regulatory amendment to the Ports and Airports Development Levy Act. It contains an order that modifies existing regulations (specifically amending Gazette Notification No. 2152/32) regarding importation of furnace oil. While it mentions Minister Mahinda Rajapaksa, this is in the context of exercising statutory powers to make regulatory changes, not about government personnel changes or portfolio assignments. The core content is legal/regulatory in nature, focusing on tax/levy regulations and customs procedures."
2219-69,2021-03-19,LAND,"This gazette content exclusively concerns land acquisition matters under the Land Acquisition Act. It contains notices under Section 7 for the acquisition of specific land parcels for public purposes, including detailed descriptions of the land (Lot No. 01, location, extent), claimant information, and procedures for compensation claims. The content falls squarely within the ""Land and property-related matters"" category, specifically land acquisitions, making it a clear Type 4 (Land Gazette) classification."
2219-70,2021-03-19,ELECTIONS,"This gazette content specifically deals with filling vacancies in local government councils (Seethawakapura Urban Council and Matale Municipal Council) under the Local Authorities Elections Ordinance. It involves the electoral process, including the declaration of elected members to fill seats that became vacant due to party membership changes. This falls squarely under election-related matters, specifically addressing candidate nominations and declarations following electoral procedures."
2219-71,2021-03-19,LEGAL_REGULATORY,"This gazette content primarily involves the exercise of legal powers under the Public Security Ordinance (Chapter 40) to call out armed forces for maintaining public order. It constitutes a regulatory order issued under existing legislation rather than focusing on government personnel changes, structural reorganization, or any of the other specialized categories. The content fits Legal/Regulatory as it represents the implementation of statutory powers through an official order."
2219-72,2021-03-19,JUDICIAL_LAW_ENFORCEMENT,"This gazette notification appoints authorized officers (named individuals) for the functions of the Rent Act within the Western Province. The content involves law enforcement and regulatory functions related to rent control, falling under judicial/law enforcement matters rather than core government personnel changes or structural administration. The appointments are made under specific legislative authority (Rent Act) for enforcement purposes."
2219-73,2021-03-19,ELECTIONS,"This gazette concerns the filling of a vacancy in a local government body (Rattota Pradeshiya Sabha) due to a member ceasing to belong to their political party. The content specifically relates to electoral processes under the Local Authorities Elections Ordinance, including the nomination and declaration of a new elected member. This falls squarely under Election Gazettes (Type 7) as it deals with electoral matters at the local government level."
2219-56,2021-03-18,LEGAL_REGULATORY,"This gazette content primarily involves amendments to regulations under the Land Acquisition Act. It focuses on legal/regulatory matters - specifically modifying compensation payment regulations and adding new infrastructure projects to the list of those covered. While it mentions the Minister of Lands, it does not contain detailed portfolio responsibilities or personnel changes, and the core content is about legal regulatory amendments rather than government structure or personnel matters."
2219-57,2021-03-18,LAND,"This gazette content primarily deals with land acquisition matters under the Land Acquisition Act. It contains specific orders for taking possession of described land parcels, including detailed descriptions of the land locations, boundaries, and extents. While it mentions a government minister (S. M. Chandrasena), the core content focuses exclusively on land/property matters rather than government personnel changes or portfolio responsibilities, making it a Land Gazette (Type 4)."
2219-58,2021-03-18,LAND,"This gazette content exclusively deals with land title registration matters under the Registration of Title Act. It contains declarations of determination for specific land parcels, including details about land ownership, parcel numbers, extents, and ownership transfers. The content appears in ""PART III - LANDS"" of the gazette and focuses entirely on land registration and title settlement processes, which falls squarely under the Land Gazettes classification (Type 4)."
2219-59,2021-03-18,LAND,"The gazette content exclusively concerns the naming/renaming of a specific road (""10th Lane"" to ""Chinmaya Lane"") by a local authority (Colombo Municipal Council). This is a land and property-related matter involving the official designation of a public street, which falls squarely under the Land Gazettes classification (Type 4). The content does not involve government personnel changes, structural changes, or any of the other specialized categories."
2219-60,2021-03-18,LAND,"This gazette content is exclusively about land title registration under the Registration of Title Act. It contains a declaration by the Commissioner of Title Settlement regarding the determination of title to a specific parcel of land (Parcel No. 31, Block 01) with detailed land particulars including location, extent, owner information, and title status. The content falls squarely within the Land Gazette category as it deals with land registration and title settlement matters."
2219-61,2021-03-18,ELECTIONS,"This gazette concerns the filling of a vacancy in a local government body (Attanagalla Pradeshiya Sabha) due to a resignation, which is an electoral process matter. It specifically references the Local Authorities Elections Ordinance and involves the declaration of a new elected member, making it clearly related to electoral processes and falling under Type 7 (Elections Gazettes)."
2219-62,2021-03-18,LAND,"This gazette notice is exclusively about land acquisition under the Land Acquisition Act, specifically detailing the acquisition of multiple land parcels for public purpose. It contains detailed descriptions of land lots, their locations, extents, and claimants, which falls squarely under the Land Gazettes category (Type 4) for land and property-related matters."
2219-36,2021-03-17,LEGAL_REGULATORY,"This gazette content contains an order made under the Sri Lanka Export Development Act, No. 40 of 1979, which amends a previous gazette notification regarding import regulations for enterprises and Strategic Development Projects. This constitutes a regulatory matter involving statutory instruments and legal amendments, fitting the definition of Legal/Regulatory Gazettes (Type 5). While a minister is named, the primary content is regulatory rather than about government personnel or structure."
2219-37,2021-03-17,HYBRID,"This gazette contains both a named individual (Ramesh Pathirana, Minister of Plantations) AND detailed portfolio responsibilities (extensive functions and special powers of the Kithul Development Board as outlined in Schedules I and II). The content includes both ""who"" (the minister making the appointment and establishing the board) and ""what"" (specific functions, powers, and operational details of the board), making it a Hybrid Gazette according to the classification rules."
2219-38,2021-03-17,LEGAL_REGULATORY,"This gazette content primarily involves legal/regulatory matters under the Industrial Disputes Act, specifically orders made under Section 4(1) of the Act. It includes the appointment of an arbitrator for an industrial dispute and the revocation of a previous order, which falls under legal notices and regulatory procedures. While it mentions the Minister of Labour by name, it does not include detailed portfolio responsibilities or government structural changes, making it a legal/regulatory matter rather than a government personnel or hybrid classification."
2219-39,2021-03-17,LAND,"This gazette content deals exclusively with land title registration matters under the Registration of Title Act. It contains declarations of determination for specific land parcels, including parcel numbers, cadastral map references, land extents, owner details, and property rights. The content appears in ""PART III - LANDS"" of the gazette and focuses on land ownership registration and title settlement, which falls squarely under the Land Gazettes category (Type 4) for land and property-related matters."
2219-40,2021-03-17,LAND,"This gazette content exclusively deals with land title registration matters under the Registration of Title Act, No. 21 of 1998. It contains declarations of determination for specific land parcels (including parcel numbers, locations, ownership details, and land characteristics) in various villages in the Gampaha District. The content focuses on land ownership registration, title settlements, and property rights - all falling squarely within the Land Gazette classification (Type 4) for land and property-related matters."
2219-41,2021-03-17,LAND,"This gazette content deals exclusively with land title registration matters under the Registration of Title Act, No. 21 of 1998. It contains declarations of determination by the Commissioner of Title Settlement regarding specific land parcels, including detailed schedules with parcel numbers, owner information, extent of land, and encumbrances. The content is published in ""PART III - LANDS"" of the gazette and focuses entirely on land ownership and title settlement matters, fitting perfectly within the Land Gazettes category."
2219-42,2021-03-17,ORGANISATIONAL,"This gazette content announces and publishes the National Mental Health Policy of Sri Lanka 2020-2030. While it mentions the Ministry of Health and its Secretary, it does not contain government structural changes, personnel appointments, or detailed portfolio assignments. The content focuses on health policy formulation and implementation guidelines, which falls under health sector announcements - a specialized administrative matter not covered by Types 1-9, making it appropriate for the Miscellaneous category."
2219-43,2021-03-17,LEGAL_REGULATORY,"This gazette content contains the rules of management for the Chamber of Construction Industry of Sri Lanka, made under the Chamber of Construction Industry of Sri Lanka (Incorporation) Act, No. 23 of 2019. It establishes regulatory frameworks, membership criteria, and compliance requirements for the construction industry, which falls under legal/regulatory matters rather than government structure/personnel or other specialized categories."
2219-44,2021-03-17,LAND,"This gazette content is a correction notice regarding a land parcel's extent (changing from ""03 Acres"" to ""40 Perches"" for Lot No. 01). It deals specifically with land measurement and property details, which falls under the Land Gazette classification (Type 4) for land and property-related matters. While it mentions a government minister, the core content is about land measurement correction rather than government structure, personnel, or portfolio responsibilities."
2219-45,2021-03-17,LAND,"This gazette notice is specifically about land acquisition under the Land Acquisition Act. It contains detailed information about a particular land parcel (location, lot numbers, boundaries, extent, and description) and provides procedures for claimants regarding ownership rights and compensation. The content falls squarely within the definition of Type 4 (Land Gazettes) as it deals with land acquisition, property ownership matters, and land registration procedures."
2219-46,2021-03-17,LAND,"This gazette content primarily deals with land acquisition matters under the Land Acquisition Act. It contains detailed declarations for the acquisition of multiple land parcels for public purposes, including specific lot descriptions, boundaries, extents, and locations. The content focuses exclusively on land/property matters without involving government personnel changes, structural changes, or other specialized categories."
2219-48,2021-03-17,LAND,"This gazette content deals exclusively with land title registration matters for intestate properties. It involves notices calling for claims to specific land parcels, references the Registration of Title Act, provides detailed land descriptions (cadastral map numbers, parcel numbers, extents), and is issued by the Commissioner General of Land Title Settlement. The content focuses on property ownership and land title settlement processes, which falls squarely under the Land Gazettes category (Type 4)."
2219-49,2021-03-17,LAND,"This gazette content exclusively deals with land title registration matters under the Registration of Title Act. It contains detailed declarations of land ownership, parcel numbers, extent measurements, owner names and addresses, and specific land rights/encumbrances for multiple land parcels in Jaffna District. The content falls squarely within the Land Gazettes category as it concerns land registrations, property ownership, and land title settlements."
2219-50,2021-03-17,LAND,"This gazette content exclusively deals with land-related matters, specifically calling for claims to ownership or possession of land parcels under the Registration of Title Act. It involves land title registration, cadastral mapping, and determination of land ownership rights across multiple districts, which falls squarely within the Land Gazette classification (Type 4) for land and property-related matters."
2219-51,2021-03-17,LAND,"This gazette content deals exclusively with land title registration matters under the Registration of Title Act, including declarations of title determinations for specific land parcels, ownership details, property boundaries, and encumbrances. It contains detailed schedules of land parcels with ownership information, property extents, and legal encumbrances, which falls squarely under the Land Gazettes category (Type 4) for land and property-related matters."
2219-52,2021-03-17,LAND,"This gazette content deals exclusively with land title registration matters under the Registration of Title Act. It contains declarations of determination for specific land parcels, including detailed information about parcel numbers, extents, ownership details, and title classifications. The content focuses on land registration and property ownership matters, which falls squarely under the Land Gazettes category (Type 4). There are no government personnel changes, organizational restructuring, or other non-land related administrative matters present."
2219-53,2021-03-17,LAND,"This gazette content exclusively deals with land title registration matters under the Registration of Title Act. It contains declarations of determination for specific land parcels, including detailed property descriptions, ownership details, and land registration particulars. The content focuses entirely on land and property-related administrative matters, falling squarely within the Land Gazettes category (Type 4) without any government personnel changes, structural modifications, or other specialized categories."
2219-54,2021-03-17,ORGANISATIONAL,"This gazette exclusively details structural/administrative changes to the subjects and responsibilities of ministries within the Uva Provincial Council. It outlines the reallocation of portfolios (e.g., ""Tamil Education"" being removed from one ministry) without naming any specific individuals who hold these positions. This fits the definition of an Organisational Gazette (Type 1), which covers government restructuring, renaming, merging, or the assignment of functions to ministries/departments."
2219-55,2021-03-17,LAND,"This gazette content exclusively deals with land acquisition matters under the Land Acquisition Act. It contains detailed notices for the acquisition of specific land parcels for public purposes, including descriptions of the lands, their locations, extents, and claimant information. The content focuses solely on land/property matters without any government personnel changes, structural changes, or other specialized categories."
2219-29,2021-03-16,ELECTIONS,"This gazette notification announces the schedule and details for an election meeting to elect the Chairman of a specific Urban Council. It falls under the Elections category as it deals with electoral processes (specifically, the scheduling of an election meeting for a local government position) under the Local Government Elections Ordinance."
2219-30,2021-03-16,LAND,"This gazette content is exclusively about land acquisition under the Land Acquisition Act, containing detailed descriptions of specific land parcels, their boundaries, extents, and locations for public purpose acquisition. It falls under the Land Gazettes category as it deals with land matters without involving government personnel changes, structural changes, or other specialized categories."
2219-31,2021-03-16,LAND,"This gazette content consists entirely of land acquisition notices published under the Land Acquisition Act. It contains detailed descriptions of specific land parcels, their boundaries, locations, and extents for acquisition for public purposes. The content focuses exclusively on land matters (acquisition of property) without involving government personnel changes, structural changes, or any other specialized categories."
2219-32,2021-03-16,LAND,"This gazette content is exclusively about land acquisition matters under the Land Acquisition Act. It provides detailed descriptions of specific land parcels being acquired by the government for public purposes, including lot numbers, land names, descriptions, claimants, and exact measurements. This fits perfectly within the Land Gazettes category (Type 4) which covers ""land acquisitions, transfers, or disposals"" and ""any gazette content primarily dealing with land, property, or real estate matters."""
2219-33,2021-03-16,PEOPLE,"This gazette contains only government personnel appointments (Secretaries to Ministries and State Ministries) with named individuals and their basic titles/portfolios (e.g., ""Secretary, Ministry of Agriculture""). It does not include detailed descriptions of portfolio responsibilities or subject matter areas, meeting the criteria for Type 2 (People Gazette)."
2219-34,2021-03-16,ELECTIONS,"This gazette concerns the filling of a vacancy in a local government council (Negombo Municipal Council) under the Local Authorities Elections Ordinance. The content specifically details the electoral process for replacing a resigned member, including the nomination by a political party and the official declaration by the Returning Officer. This falls squarely under the ""Elections Gazettes"" category (Type 7), which covers electoral processes, candidate nominations, and declarations related to local authorities."
2219-35,2021-03-16,ORGANISATIONAL,"This gazette establishes the Institute of Human Resource Advancement under the Universities Act and outlines its academic powers, governance structure, and administrative procedures. It deals with educational matters (university-level institution establishment, academic programs, and administrative appointments) which falls under the Miscellaneous category as it does not fit Types 1-9. While it mentions appointments (like the Director), these are academic/educational positions rather than government personnel changes, and the content primarily focuses on institutional establishment and academic functions rather than government structure or personnel."
2219-01,2021-03-15,LEGAL_REGULATORY,"This gazette notification announces new rates of exchange for customs duties and charges under the Customs Ordinance (Chapter 235). It represents a regulatory framework for customs valuation and compliance requirements, falling under legal/regulatory matters rather than government personnel/structure changes. The content involves statutory instruments and regulatory compliance for customs operations."
2219-02,2021-03-15,LAND,"This gazette content exclusively deals with land title registration matters under the Registration of Title Act. It contains a declaration by the Commissioner of Title Settlement determining ownership of specific land parcels, including detailed schedules with parcel numbers, extents, owner names, and title classifications. The content focuses entirely on land property matters without any government personnel changes, organizational restructuring, or other non-land related administrative matters."
2219-03,2021-03-15,LAND,"This gazette content exclusively deals with land title registration matters under the Registration of Title Act, including declarations of title determinations for specific land parcels, ownership details, and land-related encumbrances. It contains detailed schedules of land parcels with ownership information, extents, and land use classifications, falling squarely within the Land Gazette category (Type 4) for land and property-related matters."
2219-04,2021-03-15,LAND,"This gazette content exclusively deals with land title registration matters under the Registration of Title Act, No. 21 of 1998. It contains declarations of determination for specific land parcels (including parcel numbers, cadastral maps, locations, and ownership details) in various villages in the Kurunegala District. The content focuses on land ownership, title settlements, and property registration, which falls squarely under the Land Gazettes category (Type 4) for land and property-related matters."
2219-05,2021-03-15,LAND,"This gazette content exclusively deals with land title registration matters under the Registration of Title Act, No. 21 of 1998. It contains multiple declarations of determination by the Commissioner of Title Settlement regarding specific land parcels, including detailed property descriptions, ownership details, and land registration particulars. The content falls squarely within the Land Gazettes category as it involves land registrations, property ownership determinations, and title settlements for specific parcels of land in various locations."
2219-06,2021-03-15,LAND,"This gazette content deals exclusively with land title registration matters under the Registration of Title Act. It contains declarations of determination for specific land parcels, including details about land ownership, parcel numbers, extents, locations, and ownership transfers. The content appears in ""PART III - LANDS"" of the gazette and focuses on land title settlement determinations by the Commissioner General of Land Title Settlement, making it clearly a land-related matter."
2219-07,2021-03-15,ELECTIONS,"This gazette notice concerns the filling of a vacancy for a member of a local government body (Manthai West Pradeshiya Sabha) under the Local Authorities Elections Ordinance. The content is specifically about an electoral process at the local government level, involving a resignation and the subsequent nomination of a new member by a recognized political party, as declared by the Returning Officer. This falls squarely under the ""Elections Gazettes"" category (Type 7), which covers electoral processes, candidate nominations, and declarations related to local authorities."
2219-08,2021-03-15,LAND,"This gazette content exclusively deals with land title registration matters, specifically the declaration of determinations regarding title to specific land parcels under the Registration of Title Act. It contains detailed information about land parcels, their owners, property boundaries, and registration details, which falls squarely within the Land Gazette classification (Type 4) for land and property-related matters."
2219-09,2021-03-15,LAND,"This gazette content exclusively deals with land title registration matters, specifically the declaration of determinations by the Commissioner of Land Title Settlement regarding specific parcels of land. It contains detailed information about land parcels, their locations, ownership details, and legal status under the Registration of Title Act. The content focuses entirely on land registration and property matters, fitting the definition of Type 4 (Land Gazettes) without any government personnel changes, organizational restructuring, or other specialized categories."
2219-10,2021-03-15,LAND,"This gazette content exclusively deals with land title registration under the Registration of Title Act. It contains a formal declaration by the Commissioner General of Land Title Settlement regarding the determination of title to a specific parcel of land (Parcel No. 20, Block 02) with detailed land particulars including location, extent, ownership details, and encumbrances. This falls squarely within the Land Gazette category as it involves land registration and title settlement matters."
2219-11,2021-03-15,LAND,"This gazette content deals exclusively with land title registration matters under the Registration of Title Act, specifically declaring determinations of land titles for specific parcels in Mallawapitiya and Mahiella. It contains detailed land parcel numbers, cadastral map references, ownership details, and property characteristics, making it clearly a Land Gazette according to the classification criteria."
2219-12,2021-03-15,LAND,"This gazette content exclusively deals with land title registration matters under the Registration of Title Act. It contains detailed declarations of land ownership determinations for specific parcels of land, including parcel numbers, owner names, extent of land, title classifications, and encumbrances. The content is published in ""PART III - LANDS"" and involves the Commissioner General of Land Title Settlement making determinations about land ownership, which falls squarely within the Land Gazette classification category."
2219-13,2021-03-15,LAND,"This gazette content deals exclusively with land title registration matters under the Registration of Title Act, No. 21 of 1998. It contains declarations of determination for specific land parcels, including parcel numbers, ownership details, extents, and encumbrances. The content is published in ""PART III - LANDS"" and focuses on land title settlement processes, making it clearly a Land Gazette according to the classification criteria."
2219-14,2021-03-15,LAND,"This gazette content exclusively deals with land-related matters, specifically calling for claims to ownership or possession of land parcels in various districts. It involves land registration processes under the Registration of Title Act, cadastral maps, land title determinations, and procedures for establishing land ownership. The content focuses entirely on land administration and property rights, fitting the definition of Land Gazettes (Type 4) without any government personnel changes, organizational restructuring, or other specialized categories."
2219-15,2021-03-15,LEGAL_REGULATORY,"This gazette content is an order amending the rate of CESS (a tax/levy) under the Sri Lanka Export Development Act, No. 40 of 1979. It constitutes a regulatory amendment to existing legislation, which falls under Legal/Regulatory matters. While it mentions a minister's name, this is in the context of exercising statutory powers to modify regulations, not about government personnel changes or portfolio assignments. The core content is about changing tax rates on specific goods, making it a regulatory amendment."
2219-16,2021-03-15,LAND,"This gazette content exclusively deals with land title registration matters under the Registration of Title Act, No. 21 of 1998. It contains multiple declarations of determination by the Commissioner of Title Settlement regarding specific land parcels (including parcel numbers, cadastral map references, locations, and ownership details) in Niwandama village. The content focuses entirely on land registration, title determinations, and property ownership details, which falls squarely under the Land Gazettes category (Type 4) for land and property-related matters."
2219-17,2021-03-15,LAND,"This gazette content deals exclusively with land title registration matters under the Registration of Title Act. It contains declarations of determination for specific land parcels, including detailed information about land ownership, parcel numbers, extents, and property rights. The content appears in ""PART III - LANDS"" of the gazette and focuses on land settlement and title registration processes, which clearly falls under the Land Gazettes category (Type 4) for land and property-related matters."
2219-18,2021-03-15,LEGAL_REGULATORY,"This gazette notification exercises powers under the Societies Ordinance (a legal framework) to authorize purposes for specific societies and grant exemptions from statutory provisions. It involves regulatory matters and legal instruments rather than government personnel changes, organizational restructuring, or other specialized categories. The mention of Mahinda Rajapaksa as Prime Minister and Minister of Finance is incidental to the legal/regulatory action being taken."
2219-19,2021-03-15,LAND,"This gazette content exclusively deals with land title registration matters under the Registration of Title Act, No. 21 of 1998. It contains declarations of determination for specific land parcels (including parcel numbers, cadastral map references, and ownership details) in various locations within the Colombo District. The content focuses on land ownership registration, property boundaries, and title settlements, which falls squarely under the Land Gazettes category (Type 4) as it deals with land and property-related administrative matters rather than government personnel, organizational changes, or other specialized categories."
2219-20,2021-03-15,LAND,"This gazette content exclusively deals with land title registrations and amendments under the Registration of Title Act. It contains multiple entries detailing specific modifications to land parcel records, including servitude rights, ownership changes, title class amendments, and expungement of particulars for various land parcels in different locations. The content is purely land and property-related, falling squarely within the Land Gazette classification (Type 4) without any government personnel changes, organizational restructuring, or other specialized categories."
2219-21,2021-03-15,LAND,"This gazette content exclusively deals with land title registrations and amendments under the Registration of Title Act. It contains multiple entries detailing specific modifications to land title records, including changes to ownership names, access rights, encumbrances, and servitude rights for various parcels of land in different locations. The content is focused entirely on land and property matters, falling squarely within the Land Gazettes category (Type 4) as it involves land registrations, title amendments, and property ownership details without any government personnel changes or structural administrative modifications."
2219-22,2021-03-15,LAND,"This gazette content is exclusively about land acquisition under the Land Acquisition Act. It contains detailed descriptions of specific land parcels being acquired (including lot numbers, extents, boundaries, and claimant information), serves formal notice of acquisition for public purpose, and provides procedures for compensation claims. The content falls squarely under ""Land acquisitions, transfers, or disposals"" as defined in Type 4 (Land Gazettes)."
2219-23,2021-03-15,LAND,"This gazette content deals exclusively with land title registration matters under the Registration of Title Act. It contains declarations of determination for specific land parcels, including detailed descriptions of property locations, ownership details, extent of land, and encumbrances. The content falls under ""Land and property-related matters"" as defined in Type 4, specifically covering land registrations, property ownership, and land titles."
2219-24,2021-03-15,LAND,"This gazette content exclusively deals with land title registration matters under the Registration of Title Act. It contains declarations of determination for specific land parcels (including parcel numbers, extents, owner details, and encumbrances) in various locations. The content focuses on land ownership, title settlements, and property registration, which falls squarely under the Land Gazettes category (Type 4) as it involves land registrations, property ownership determinations, and title settlements."
2219-25,2021-03-15,LAND,"This gazette content exclusively deals with land-related matters, specifically calling for claims to land parcels under the Registration of Title Act. It involves land ownership claims, cadastral maps, land title determinations, and procedures for land registration - all falling squarely within the Land Gazettes category (Type 4) for land and property-related matters."
2219-26,2021-03-15,LAND,"This gazette content deals exclusively with land title registration matters under the Registration of Title Act. It contains declarations of title determinations for specific land parcels, including detailed information about parcel numbers, extents, owners' names and identities, and land classifications. The content falls under ""Land and property-related matters"" including ""land registrations, property ownership, land titles"" as specified in the Land Gazettes (Type 4) category."
2219-27,2021-03-15,LAND,"This gazette content deals exclusively with land title registration and determinations under the Registration of Title Act. It contains detailed schedules of land parcels with ownership details, extents, and legal status. The content appears in ""PART III - LANDS"" of the gazette and focuses on land settlement matters, making it clearly a Land Gazette according to the classification criteria."
2219-28,2021-03-15,LAND,"This gazette content exclusively deals with land title registration matters under the Registration of Title Act, No. 21 of 1998. It contains declarations of determination for specific land parcels (including parcel numbers, block numbers, cadastral maps, and ownership details) in various locations, making it clearly focused on land and property-related matters as defined in Type 4 (Land Gazettes). The content does not involve government personnel changes, organizational restructuring, or any of the other specialized categories."
2218-72,2021-03-13,LAND,"This gazette notice is a Land Acquisition Notice published under the Land Acquisition Act. It specifically describes the acquisition of a named plot of land (""Morakatiyawatta alias Millagahawatta"") for a public purpose, including details about its location, extent, current use, and the claimant. The content is exclusively focused on land acquisition matters, falling squarely under the Land Gazettes category (Type 4) for land and property-related administrative actions."
2218-62,2021-03-12,LEGAL_REGULATORY,"This gazette notification establishes a special allowance payable to workers based on the Cost of Living Index Number, issued under the authority of the Wages Boards Ordinance. It constitutes a regulatory matter that sets compliance requirements for employers in the specified trade sector, making it a Legal/Regulatory gazette (Type 5) rather than a government personnel or structural matter."
2218-63,2021-03-12,LAND,"The gazette content primarily deals with land acquisition matters. It contains multiple orders from the Minister of Water Supply approving the acquisition of specific land parcels (including detailed descriptions of boundaries, extents, and claimants) for water supply infrastructure projects. While a government minister is named, the core content focuses on land/property matters rather than government personnel changes or portfolio responsibilities, making it a Land Gazette."
2218-64,2021-03-12,LEGAL_REGULATORY,"This gazette content consists of regulations made by the Minister of Fisheries under the Fisheries and Aquatic Resources Act, specifically amending export, import and re-export management regulations. This falls under ""Legal/Regulatory Gazettes"" as it involves regulatory frameworks, compliance requirements, and statutory instruments under existing legislation. While it mentions a minister's name, it does not contain detailed portfolio responsibilities or government structural changes, making it primarily a legal/regulatory matter rather than a government personnel or organizational announcement."
2218-65,2021-03-12,ELECTIONS,"This gazette concerns the filling of a vacancy in a local government body (Soranathota Pradeshiya Sabha) due to the death of a member, as per the Local Authorities Elections Ordinance. It details the process of nominating and declaring a new elected member, which falls directly under electoral processes and related administrative matters for local authorities."
2218-66,2021-03-12,LAND,"This gazette content exclusively deals with land acquisition declarations under the Land Acquisition Act. It describes specific parcels of land being acquired for public purposes, including detailed descriptions of land boundaries, locations, and extents. The content focuses solely on land matters without involving government personnel changes, structural changes, or any other specialized categories."
2218-67,2021-03-12,LAND,"This gazette content primarily deals with land acquisition matters under the Land Acquisition Act. It contains specific notices about acquiring land servitude for public purposes, including detailed descriptions of land parcels, claimants, and compensation procedures. The content falls under ""Land acquisitions, transfers, or disposals"" as specified in the Land Gazettes (Type 4) category."
2218-68,2021-03-12,LEGAL_REGULATORY,"This gazette contains regulations made by the President under the Prevention of Terrorism Act, establishing legal procedures for dealing with individuals suspected of violent extremist activities. It creates a regulatory framework for rehabilitation programs, detention procedures, and legal processes, which falls under Legal/Regulatory matters (Type 5) as it involves statutory instruments and regulatory requirements rather than government personnel changes or organizational restructuring."
2218-69,2021-03-12,LAND,"This gazette content is primarily about land acquisition for an urban development project. It declares that specific land described in detail (including boundaries, lot numbers, and location) is urgently required for the Athurugiriya New Town Development Project under the Urban Development Projects (Special Provisions) Act. While it mentions the President and a Minister, this is only to establish the legal authority for the land declaration, not to announce government personnel changes or portfolio responsibilities. The core subject matter is land-related, fitting Type 4 (Land Gazettes)."
2218-70,2021-03-12,LAND,"This gazette content is a land acquisition declaration under the Urban Development Projects (Special Provisions) Act. It specifically declares that described land parcels are required for the Athurugiriya new town development project. The content focuses entirely on land matters - identifying specific plots, their boundaries, and claimants - without involving government personnel changes or detailed portfolio assignments. This fits the Land Gazette classification (Type 4) for land acquisition and development projects."
2218-71,2021-03-12,LAND,"This gazette content is primarily about land acquisition for a development project. It contains a presidential order declaring that specific land parcels (with detailed survey descriptions, lot numbers, extents, and boundaries) are required for constructing a Multi Modal Transport Hub and Urban Development Activities. The content focuses exclusively on land matters, including precise property descriptions and boundaries, making it a clear example of a Land Gazette (Type 4). While it mentions the President and a Minister, this is in the context of the land acquisition authority rather than detailing government personnel changes or portfolio responsibilities."
2218-52,2021-03-10,LAND,"This gazette content primarily deals with land acquisition matters under the Land Acquisition Act. It contains specific orders for taking possession of described land parcels, including detailed descriptions of the land locations, boundaries, and extents. The content focuses exclusively on land-related administrative procedures without involving government personnel changes, structural reorganizations, or other specialized categories."
2218-53,2021-03-10,LAND,"This gazette content primarily deals with land acquisition matters under the Land Acquisition Act. It contains detailed descriptions of specific land parcels, their boundaries, extents, and locations, along with the legal authority for their acquisition. While it mentions a government minister (S. M. Chandrasena, Minister of Lands), this is incidental to the core land-related content, and there are no detailed portfolio responsibilities described. The content fits squarely within the Land Gazette category (Type 4) as it concerns land acquisitions and property matters."
2218-54,2021-03-10,JUDICIAL_LAW_ENFORCEMENT,"This gazette notice concerns the appointment of mediators for Special Mediation Boards, which are part of the judicial/legal dispute resolution system. The content involves calling for nominations for judicial officers (mediators) to handle land disputes, issued by the Mediation Boards Commission. This falls under judicial/law enforcement matters as it pertains to the appointment of officers within a statutory judicial body."
2218-55,2021-03-10,LAND,"This gazette content consists entirely of land acquisition notices published under the Land Acquisition Act. It contains detailed descriptions of specific lands being acquired by the government for public purposes, including land names, lot numbers, extents, descriptions (garden, waste land, paddy field), and claimant information. The content falls under ""Land acquisitions, transfers, or disposals"" as specified in the Land Gazettes (Type 4) classification."
2218-56,2021-03-10,ELECTIONS,"This gazette concerns the filling of a vacancy in a local government body (Manthai East Pradeshiya Sabha) due to a resignation, as per the Local Authorities Elections Ordinance. It details the electoral process for selecting a new member, including the role of the political party and the declaration by the Returning Officer. This content falls squarely under electoral processes and related administrative matters, making it an Elections Gazette."
2218-57,2021-03-10,LAND,"This gazette content exclusively deals with land acquisition matters under the Land Acquisition Act. It contains detailed descriptions of specific land parcels, including boundaries, extents, and locations, with orders for taking possession of these lands. The content focuses entirely on land-related administrative actions without involving government personnel changes, structural reforms, or other specialized categories."
2218-58,2021-03-10,LAND,"This gazette content is a declaration under the Land Acquisition Act for the acquisition of specific land parcels for public purpose. It contains detailed descriptions of land boundaries, survey numbers, locations, and extents. The content focuses exclusively on land matters (acquisition of land for public purpose) without involving government personnel changes, structural changes, or any other specialized categories. This fits the definition of Type 4 (Land Gazettes) which covers land acquisitions, transfers, and property-related matters."
2218-59,2021-03-10,LAND,"This gazette content is exclusively about land acquisition matters under the Land Acquisition Act. It provides detailed descriptions of specific lands being acquired for public purpose (Kurunegala-Habarana Railway Project), including lot numbers, land names, descriptions, claimants, and extents. The notice is issued under Section 7 of the Land Acquisition Act and falls under ""PART III — LANDS"" of the gazette, making it clearly a land-related matter that fits Type 4 classification."
2218-60,2021-03-10,ELECTIONS,"This gazette content specifically deals with filling vacancies in local government bodies (Colombo Municipal Council and Udapalatha Pradeshiya Sabha) under the Local Authorities Elections Ordinance. It involves electoral processes, candidate nominations, and declarations of selected members to fill vacancies created when previous members ceased to be party members. This falls squarely under Election-related matters as it concerns the electoral process for local authorities."
2218-61,2021-03-10,LAND,"This gazette content is exclusively about land acquisition matters under the Land Acquisition Act. It provides detailed descriptions of specific land parcels being acquired for a public purpose (Kurunegala-Habarana Railway Project), including lot numbers, land names, descriptions, claimants, and extents. The content falls squarely within the Land Gazette category as it deals with land acquisitions and property matters without any government personnel changes, organizational restructuring, or other specialized categories."
2218-21,2021-03-09,LAND,"This gazette content is primarily about land acquisition under the Land Acquisition Act, specifying particular land parcels with detailed descriptions of their boundaries and extents. It involves the Minister of Lands directing the acquisition officer to take possession of specified lands, but the core subject matter is land-related (acquisition of specific properties with detailed land descriptions), making it a Land Gazette (Type 4) rather than a government personnel or hybrid classification."
2218-22,2021-03-09,LAND,"This gazette content is primarily about land acquisition under the Land Acquisition Act. It contains a specific order for taking possession of a described land parcel, including detailed boundaries, location, and extent. The mention of the Minister of Lands is incidental to the land acquisition process, which is the core subject matter. This fits the Land Gazette classification (Type 4) for land and property-related matters."
2218-23,2021-03-09,LAND,"This gazette content deals exclusively with land title registration matters under the Registration of Title Act, No. 21 of 1998. It contains declarations of determination by the Commissioner of Title Settlement regarding specific land parcels, including detailed schedules with parcel numbers, owner information, land extents, and property details. The content is published in ""PART III - LANDS"" of the gazette and focuses entirely on land ownership and title settlement matters, fitting perfectly within the Land Gazettes classification (Type 4)."
2218-24,2021-03-09,LAND,"This gazette content deals exclusively with land title registration matters under the Registration of Title Act. It contains declarations of determination for specific land parcels (including parcel numbers, cadastral maps, locations, and ownership details) in various villages. The content focuses on land ownership, title settlement, and property registration, which falls squarely under the Land Gazettes category (Type 4) as it primarily concerns land and property-related administrative matters."
2218-25,2021-03-09,LAND,"This gazette content exclusively deals with land title registration matters under the Registration of Title Act, No. 21 of 1998. It contains detailed declarations of land title determinations for specific parcels of land (including parcel numbers, extents, owner details, and encumbrances) in various locations. The content focuses on property ownership, land titles, and registration of land rights, which falls squarely under the Land Gazettes classification (Type 4) for land and property-related matters."
2218-26,2021-03-09,LAND,"This gazette content deals exclusively with land title registration matters under the Registration of Title Act. It contains declarations of determination for specific land parcels (including parcel numbers, extents, ownership details, and encumbrances) in various villages, making it primarily concerned with land and property-related matters as defined in Type 4 classification."
2218-27,2021-03-09,LAND,"This gazette content exclusively deals with land title registration matters under the Registration of Title Act. It contains declarations of determination for specific land parcels (Parcel No. 21 and Parcel No. 44) with detailed land particulars including parcel numbers, extent, owner information, and encumbrances. The content focuses on land ownership registration and title settlement, which falls squarely under the Land Gazettes category (Type 4) for land and property-related matters."
2218-28,2021-03-09,LAND,"This gazette content deals exclusively with land title registration matters under the Registration of Title Act. It contains declarations of determination for specific land parcels (including parcel numbers, cadastral maps, locations, and ownership details) by the Commissioner General of Land Title Settlement. The content focuses on land ownership, title settlements, and property registration, which falls squarely under the Land Gazettes classification (Type 4)."
2218-29,2021-03-09,LAND,"This gazette content deals exclusively with land title registration matters under the Registration of Title Act, No. 21 of 1998. It contains declarations of determination by the Commissioner of Title Settlement regarding specific land parcels, including detailed schedules with parcel numbers, extents, owners, and land classifications. The content appears in ""PART III - LANDS"" of the gazette and focuses entirely on land ownership and title settlement, fitting perfectly within the Land Gazettes category (Type 4) for land and property-related matters."
2218-30,2021-03-09,LAND,"This gazette content exclusively deals with amendments to land title registrations under the Registration of Title Act, specifically addressing parcel numbers, land extents, cadastral map numbers, ownership types, and other land-related particulars. It contains detailed information about specific land parcels, their locations, and title amendments, which falls squarely within the Land Gazette classification (Type 4) for land and property-related matters."
2218-31,2021-03-09,LAND,"This gazette content deals exclusively with land and property matters, specifically calling for claims to intestate property under the Registration of Title Act. It contains detailed land descriptions including parcel numbers, map numbers, land extents, and certificate of title numbers. The notice is issued by the Commissioner General of Land Title Settlement regarding the registration of title for specific land parcels, which falls squarely under the Land Gazettes category (Type 4) for land and property-related matters."
2218-32,2021-03-09,LAND,"This gazette content exclusively deals with land title registration matters under the Registration of Title Act. It contains declarations of determination by the Commissioner of Title Settlement regarding specific land parcels (Parcels 49, 50, and 92) with detailed land particulars including parcel numbers, extent, owner names, identity numbers, and ownership details. The content is entirely focused on land registration and title settlement, falling squarely within the Land Gazettes category (Type 4) for land and property-related matters."
2218-33,2021-03-09,LAND,"This gazette content specifically deals with land title registration under the Registration of Title Act, declaring a determination regarding title to a specific parcel of land (No. 106 of Block 04) with detailed land particulars including location, extent, owner information, and encumbrances. This falls squarely within the Land Gazette category (Type 4) as it concerns land registration and title settlement matters."
2218-34,2021-03-09,LAND,"This gazette content deals exclusively with land title registration under the Registration of Title Act. It contains a declaration by the Commissioner of Title Settlement regarding the determination of title for a specific land parcel (No. 152, Block 05) with detailed land particulars including location, extent, owner information, and title classification. This falls squarely within the Land Gazette category as it involves land registration and title settlement matters."
2218-35,2021-03-09,LAND,"This gazette content exclusively deals with land title registration matters under the Registration of Title Act, No. 21 of 1998. It contains declarations of determination by the Commissioner of Title Settlement regarding specific land parcels, including detailed information about land ownership, parcel numbers, extents, and owner particulars. The content appears in ""PART III - LANDS"" of the gazette and focuses entirely on land registration and title settlement processes, which falls squarely under the Land Gazettes classification (Type 4)."
2218-36,2021-03-09,LAND,"This gazette content exclusively deals with land title registration under the Registration of Title Act, specifically declaring the determination of title for a specific parcel of land (No. 132 of Block 04) with detailed land particulars including location, extent, owner information, and title classification. It falls squarely within the Land Gazettes category as it concerns land registration and property ownership matters without any government personnel changes or structural administrative modifications."
2218-37,2021-03-09,LAND,"This gazette content deals exclusively with land title registration under the Registration of Title Act. It contains a declaration by the Commissioner of Title Settlement regarding the determination of title to a specific land parcel (Plot 55, Block 02) in Lunugama, Kandy District. The content includes detailed land particulars such as parcel number, extent, owner information, and title class, which falls squarely under land and property-related matters as defined in Type 4 (Land Gazettes)."
2218-38,2021-03-09,LEGAL_REGULATORY,"This gazette content contains rules made under the Monetary Law Act, specifically amending regulations regarding the repatriation and conversion of export proceeds. It establishes legal/regulatory requirements for exporters and licensed banks, falling squarely under the definition of Legal/Regulatory Gazettes (Type 5) as it involves regulatory frameworks, compliance requirements, and statutory instruments."
2218-39,2021-03-09,LAND,"This gazette content exclusively deals with amendments to land title registrations under the Registration of Title Act, specifically addressing servitude rights, land parcel numbers, ownership details, and administrative boundaries related to various land parcels in the Colombo District. The content focuses entirely on land and property matters, including title amendments, ownership transfers, and land access rights, which falls squarely under the Land Gazettes classification (Type 4)."
2218-40,2021-03-09,LAND,"This gazette content exclusively deals with land title registrations and amendments under the Registration of Title Act. It contains multiple entries detailing specific modifications to land parcel records, including servitude rights, extent amendments, and expungement of particulars for various land parcels in the Colombo District. The content focuses entirely on land property matters, specifically title registration amendments, which falls squarely under the Land Gazettes classification (Type 4)."
2218-41,2021-03-09,ELECTIONS,"This gazette content concerns the filling of vacancies in local government bodies (Point Pedro Urban Council and Maritimepattu Pradeshiya Sabha) due to resignations, following procedures outlined in the Local Authorities Elections Ordinance. It specifically deals with electoral processes at the local government level, including the nomination and declaration of new members by political parties and returning officers, which falls under the Elections classification (Type 7)."
2218-42,2021-03-09,LAND,"This gazette content is primarily about land acquisition under the Land Acquisition Act. It contains detailed descriptions of specific land parcels being acquired for public purposes, including lot numbers, assessment numbers, extents, and boundary descriptions. While it mentions a government minister (S. M. Chandrasena, Minister of Lands), this is incidental to the main purpose of declaring land acquisitions. The core content focuses entirely on land matters, making it a Land Gazette (Type 4) rather than a government personnel or hybrid classification."
2218-43,2021-03-09,LAND,"This gazette content deals exclusively with land title registration matters under the Registration of Title Act. It contains declarations of determination for specific land parcels (including parcel numbers, cadastral maps, locations, and ownership details) by the Commissioner of Land Title Settlement. The content focuses on land ownership, title settlements, and property rights, which falls squarely under the Land Gazette classification (Type 4) for land and property-related matters."
2218-44,2021-03-09,LAND,"This gazette content deals exclusively with land title registration matters under the Registration of Title Act, No. 21 of 1998. It contains declarations of determination for specific land parcels (Nos. 294, 298, 85, and 52) with detailed information about land ownership, extent, encumbrances, and property details. The content appears in ""PART III - LANDS"" of the gazette and involves the Commissioner General of Land Title Settlement making determinations about land titles, which falls squarely under the Land Gazettes category (Type 4) for land and property-related matters."
2218-45,2021-03-09,LAND,"This gazette content exclusively deals with land title registration under the Registration of Title Act, specifically declaring the determination of title for a specific land parcel (No. 55 of Block 02) with detailed land particulars including location, extent, owner information, and title classification. It falls squarely within the Land Gazette category as it concerns land registration and title settlement matters without any government personnel changes or structural administrative modifications."
2218-46,2021-03-09,LAND,"This gazette content exclusively deals with land title registration matters under the Registration of Title Act. It contains declarations of determination for specific land parcels (including parcel numbers, block numbers, cadastral maps, locations, and owner details), which falls squarely within the Land Gazette classification category for land registrations, property ownership, and title settlements."
2218-47,2021-03-09,LAND,"This gazette content deals exclusively with land title registration matters under the Registration of Title Act, No. 21 of 1998. It contains declarations of determination for specific land parcels (Nos. 88, 300, 60, and 141) in Lunuwila, including details about land ownership, extent, encumbrances, and servitude rights. The content appears in ""PART III - LANDS"" of the gazette and focuses entirely on land settlement and title registration processes, which falls squarely under the Land Gazettes classification (Type 4)."
2218-48,2021-03-09,LAND,"This gazette content deals exclusively with land title registration under the Registration of Title Act, specifically declaring the determination of title for a specific parcel of land (Parcel No. 22, Block 06) with detailed land particulars including location, extent, owner information, and title class. This falls squarely under Land Gazettes (Type 4) as it concerns land registration and property ownership matters."
2218-49,2021-03-09,LAND,"This gazette content exclusively deals with land title registration matters under the Registration of Title Act. It contains declarations of title determinations for specific land parcels, including parcel numbers, ownership details, extent of land, and legal encumbrances. The content focuses entirely on land registration and property ownership matters, which falls squarely under the Land Gazettes classification (Type 4). There is no government personnel changes, organizational restructuring, or other non-land related administrative content."
2218-50,2021-03-09,PUBLIC_SERVICE,"This gazette content details amendments to the Medical Service Minute of the Sri Lankan Health Service, specifically concerning promotion qualifications, age limits, and selection procedures for medical and dental officers. It is issued by the Public Service Commission and pertains to public sector service conditions, recruitment, and promotions, which aligns with the definition of a Public Service Gazette."
2218-51,2021-03-09,LEGAL_REGULATORY,"This gazette content involves the amendment of a legal order under the Ports and Airports Development Levy Act, No. 18 of 2011. It modifies regulatory provisions regarding importation exemptions, which constitutes a legal/regulatory matter. While it mentions Minister Mahinda Rajapaksa, it does not describe his detailed portfolio responsibilities (only his title ""Minister of Finance"" is stated), and the primary focus is on regulatory amendment rather than government personnel or structure."
2218-01,2021-03-08,LEGAL_REGULATORY,"This gazette notification establishes new rates of exchange for customs duties and charges under the Customs Ordinance (Chapter 235). It constitutes a regulatory framework for customs operations, falls under statutory instruments/subsidiary legislation, and rescinds a previous notification. This fits Legal/Regulatory classification as it deals with regulatory compliance requirements for customs operations rather than government personnel/structure changes."
2218-02,2021-03-08,LAND,"This gazette content primarily deals with land and property matters. It is an order under the Finance Act that vests a specific, described parcel of land (including its boundaries, extent, and registration details) to the People's Bank. The core subject is the transfer of land ownership, which fits the definition of a Land Gazette (Type 4). While a government official (the Minister of Finance) is named, the content does not focus on his appointment, resignation, or the detailed responsibilities of his portfolio; his role is incidental to the execution of the land transfer order."
2218-03,2021-03-08,LEGAL_REGULATORY,"This gazette content primarily concerns the revocation and issuance of orders under the Industrial Disputes Act, which involves legal/regulatory matters. It references specific legislation (Chapter 131), statutory powers (Section 4(1)), and makes formal legal orders regarding arbitration proceedings for industrial disputes. While a minister is named (Nimal Siripala De Silva), the content focuses on legal procedures and regulatory actions rather than government personnel changes or detailed portfolio responsibilities."
2218-04,2021-03-08,LAND,"This gazette content is a declaration under the Land Acquisition Act for the acquisition of specific land parcels for public purpose. It contains detailed land descriptions including extent, boundaries, survey numbers, and location information. The content focuses exclusively on land acquisition matters, falling squarely under the Land Gazettes category (Type 4) which covers land acquisitions, transfers, and property-related administrative actions."
2218-05,2021-03-08,LAND,"This gazette content is primarily about land acquisition under the Land Acquisition Act, with detailed descriptions of specific land lots, their boundaries, and extents. It involves the Minister of Lands directing the acquisition of property, but the core content focuses on land matters rather than government personnel or structural changes. This fits the definition of Land Gazettes (Type 4) which cover land acquisitions, transfers, and property-related administrative matters."
2218-06,2021-03-08,LAND,"This gazette content consists entirely of land acquisition notices under the Land Acquisition Act. It describes specific parcels of land being acquired for public purposes, including detailed descriptions of locations, boundaries, extents, and neighboring properties. The content is exclusively focused on land matters without any government personnel changes, structural reorganizations, or other administrative matters that would fall under other categories."
2218-07,2021-03-08,LAND,"This gazette content deals exclusively with land and property matters, specifically the registration of title for intestate properties under the Registration of Title Act. It contains notices calling for claims to properties of deceased individuals, detailed land descriptions including parcel numbers, extents, and registration details. The content focuses on land title settlement procedures and property ownership transfers, which falls squarely under the Land Gazettes category (Type 4) as it primarily deals with land registration and property ownership matters."
2218-08,2021-03-08,LAND,"This gazette content exclusively deals with land-related matters, specifically notices calling for claims to land parcels under the Registration of Title Act. It involves land ownership claims, cadastral maps, land title determinations, and procedures for land registration - all falling squarely within the Land Gazettes classification (Type 4) for land and property-related matters."
2218-09,2021-03-08,LAND,"This gazette content deals exclusively with land title registration matters under the Registration of Title Act. It contains declarations of determination for specific land parcels (including parcel numbers, locations, ownership details, and land characteristics) in the Village of Pituwala. The content focuses on land ownership, title settlement, and property registration, which falls squarely under the Land Gazettes category (Type 4) for land and property-related matters."
2218-10,2021-03-08,LAND,"This gazette content is exclusively about land title registration, specifically the declaration of a determination regarding title to a specific parcel of land (Parcel No. 41, Block 12) under the Registration of Title Act. It contains detailed land particulars including location, extent, owner information, and encumbrances, which falls squarely within the Land Gazette classification (Type 4) for land and property-related matters."
2218-11,2021-03-08,LAND,"This gazette content exclusively deals with land title registration matters under the Registration of Title Act. It contains declarations of land title determinations for specific parcels of land (including parcel numbers, cadastral maps, locations, and owner details), which falls squarely under the Land Gazettes category (Type 4) for land registrations, property ownership, and land title matters."
2218-12,2021-03-08,LAND,"This gazette content primarily deals with land acquisition matters under the Land Acquisition Act. It contains detailed descriptions of specific land parcels, including boundaries, extents, and location details, for the purpose of taking immediate possession of these lands. The content focuses exclusively on land-related administrative procedures without involving government personnel changes, structural changes, or other specialized categories like legal, commercial, or public service matters."
2218-13,2021-03-08,LAND,"This gazette content primarily deals with land acquisition matters under the Land Acquisition Act. It contains detailed descriptions of specific land parcels, their boundaries, extents, and locations. The document is explicitly labeled as ""PART III - LANDS"" and ""Land Acquisition Notices,"" focusing on the government's exercise of powers to take possession of land for public purposes. While it mentions a government minister (S. M. Chandrasena), this is incidental to the core land-related content, and there are no detailed portfolio responsibilities or government structural changes that would make it a government classification type."
2218-14,2021-03-08,LAND,"This gazette content primarily deals with land acquisition matters under the Land Acquisition Act. It contains detailed descriptions of specific land parcels, their boundaries, extents, and locations for acquisition purposes. The content focuses exclusively on land-related administrative procedures and property descriptions, fitting squarely within the Land Gazette classification (Type 4) without involving government personnel changes, organizational restructuring, or other specialized categories."
2218-15,2021-03-08,LAND,"This gazette content primarily deals with land acquisition matters under the Land Acquisition Act. It contains specific orders for taking possession of lands, including detailed descriptions of land boundaries, extents, locations, and claimant information. The content focuses exclusively on land/property matters without involving government personnel changes, structural changes, or other specialized categories."
2218-16,2021-03-08,LAND,"This gazette content is primarily about land acquisition under the Land Acquisition Act. It contains detailed descriptions of specific land parcels being acquired, including their locations, boundaries, and extents. The document focuses exclusively on land matters without involving government personnel changes, structural reorganizations, or other specialized categories like legal, commercial, or public service matters."
2218-17,2021-03-08,LAND,"This gazette content deals exclusively with land title registration matters under the Registration of Title Act. It contains declarations of land title determinations for specific parcels of land (Nos. 234, 240, and 62) with detailed land particulars including location, extent, ownership details, and title classifications. The content focuses on land registration and property ownership matters, which falls squarely under the Land Gazettes category (Type 4)."
2218-18,2021-03-08,LAND,"This gazette content is exclusively about land acquisition matters under the Land Acquisition Act. It provides detailed notices for the acquisition of specific land parcels for water reserve creation and environmental improvement projects, including descriptions of individual lots, their locations, extents, and claimants. This falls squarely under the Land Gazettes category (Type 4) as it deals with land acquisitions and property matters."
2218-19,2021-03-08,LAND,"This gazette content is primarily concerned with land matters. It contains a presidential order declaring a specific area as a Licensed Zone, but the core content consists of detailed legal descriptions of land parcels, including survey plans, boundaries, measurements, and location details for two separate plots of land (Schedule A and Schedule B). This fits the definition of Type 4 (Land Gazettes) for ""land registrations, property ownership, land titles"" and ""land surveys, boundary changes."" While the order is issued by the President, the substantive content is land-specific rather than about government structure or personnel responsibilities."
2218-20,2021-03-08,LEGAL_REGULATORY,"This gazette content primarily concerns the approval of detention places under the Immigrants and Emigrants Act, which involves regulatory matters and legal authority. It references specific legislation (Chapter 351) and its amendments, making it a legal/regulatory matter rather than a government personnel, organizational, or specialized administrative announcement."
2217-36,2021-03-05,LAND,"This gazette content consists entirely of land acquisition notices under the Land Acquisition Act, specifically detailing compensation deposits for acquired lands with descriptions including land names, plan numbers, lot numbers, extents, and locations. The content is exclusively focused on land and property matters, falling squarely under the Land Gazettes category."
2217-37,2021-03-05,LEGAL_REGULATORY,"This gazette contains notifications about variations to wage board decisions under the Wages Boards Ordinance, which constitutes regulatory matters and legal instruments. It involves statutory instruments (Section 29(3) of the Ordinance) and compliance requirements for minimum wages in specific trades, falling under Legal/Regulatory classification rather than government personnel/structure categories."
2217-38,2021-03-05,Error,API request failed: 504 Server Error: Gateway Timeout for url: https://eg-7060af6f-a5a9-44dd-b4e6-af36d56dbd47-prod.e1-us-east-azure.bijiraapis.dev/sample/deep-seek/v1.0/v1/chat/completions
2217-39,2021-03-05,LEGAL_REGULATORY,"This gazette notification exercises powers under the Societies Ordinance (a legal framework) to authorize a society's purpose and grant an exemption from a specific legal provision (Section 5(4)). The content primarily deals with regulatory matters and the application of an existing ordinance, making it a Legal/Regulatory gazette. While it names the Prime Minister, it does not describe his portfolio responsibilities or announce a personnel change; his title is simply part of the notification's authority structure."
2217-40,2021-03-05,LEGAL_REGULATORY,"This gazette content primarily concerns the declaration of a project under the Strategic Development Projects Act and outlines specific tax exemptions and regulatory benefits (Corporate Income Tax, VAT, Ports and Airport Development Levy, Customs duty). It involves legal/regulatory matters by implementing provisions of existing acts and ordinances, making it a Legal/Regulatory Gazette (Type 5). While it mentions Minister Mahinda Rajapaksa, it does so only in his capacity as the authority making the declaration under the Act, without detailing his ministerial portfolio responsibilities, so it does not qualify as a government personnel or hybrid gazette."
2217-41,2021-03-05,LAND,"This gazette content primarily deals with land acquisition matters under the Land Acquisition Act. It contains multiple orders directing the taking of possession of specific land parcels, detailed descriptions of land boundaries and extents, and corrections to previous land acquisition notices. The content focuses exclusively on land-related administrative actions without involving government personnel changes, structural changes, or other specialized categories."
2217-42,2021-03-05,LAND,"This gazette content primarily deals with land acquisition matters under the Land Acquisition Act. It contains detailed descriptions of specific land parcels being acquired, including lot numbers, extents, boundaries, and locations. While it mentions a government minister (S. M. Chandrasena) issuing the order, the core content focuses entirely on land/property matters rather than government personnel changes or portfolio responsibilities, making it a Land Gazette (Type 4)."
2217-43,2021-03-05,LAND,"This gazette content primarily deals with land acquisition matters under the Land Acquisition Act. It contains specific orders for taking possession of lands and declaring servitude over lands for public projects (water supply, transmission pipelines, access roads). The content focuses exclusively on land-related administrative actions, including detailed descriptions of land parcels, boundaries, and purposes of acquisition, which falls squarely under the Land Gazettes classification (Type 4)."
2217-44,2021-03-05,LAND,"This gazette content primarily deals with land acquisition matters under the Land Acquisition Act. It contains specific orders for taking possession of land parcels with detailed descriptions of the properties, including location, boundaries, and extent. The content focuses exclusively on land-related administrative actions without involving government personnel changes or structural modifications."
2217-45,2021-03-05,Error,API request failed: 504 Server Error: Gateway Timeout for url: https://eg-7060af6f-a5a9-44dd-b4e6-af36d56dbd47-prod.e1-us-east-azure.bijiraapis.dev/sample/deep-seek/v1.0/v1/chat/completions
2217-46,2021-03-05,LAND,"This gazette content consists entirely of land acquisition orders under the Land Acquisition Act. It details specific land parcels being acquired, including their locations, boundaries, and extents. While it mentions a government minister (S. M. Chandrasena) issuing the orders, the primary focus is on land matters rather than government personnel changes or portfolio responsibilities. The content fits precisely within the Land Gazette category (Type 4) as it deals with land acquisitions and property matters."
2217-47,2021-03-05,LAND,"This gazette content primarily deals with land acquisition matters under the Land Acquisition Act. It contains detailed descriptions of specific land parcels, their boundaries, extents, and locations across multiple orders. While it mentions a government minister (S. M. Chandrasena) issuing the orders, the core content is exclusively about land acquisition procedures and property descriptions, making it a Land Gazette (Type 4) rather than a government personnel or structural gazette."
2217-48,2021-03-05,LAND,"This gazette content primarily deals with land acquisition matters under the Land Acquisition Act. It contains multiple orders from the Minister of Lands directing acquiring officers to take possession of specific land parcels, detailed descriptions of land boundaries and extents, and a correction notice related to land acquisition procedures. The content focuses exclusively on land-related administrative actions rather than government personnel changes, structural reforms, or other specialized categories."
2217-32,2021-03-04,PEOPLE,"This gazette notification specifically names individuals (Mr. Jagath Basnayake, Mr. Gayan Menaka Dissanayake, and Mr. Laksen Abegunawardena) and announces their removal from their positions as Members of the National Apprentice and Industrial Training Authority. It does not describe their detailed portfolio responsibilities or outline the functions of the authority itself, focusing solely on the personnel change."
2217-33,2021-03-04,PEOPLE,"This gazette exclusively announces personnel awards (Videsha Seva Padakkama) to named naval personnel. It specifies individual names and ranks but contains no detailed descriptions of government structural changes, portfolio responsibilities, or specialized non-governmental matters. The content focuses solely on government personnel recognition without any portfolio or organizational details, fitting the definition of a People Gazette."
2217-34,2021-03-04,ELECTIONS,"This gazette content deals exclusively with filling vacancies in local government bodies (Pradeshiya Sabhas) due to resignations and deaths, under the Local Authorities Elections Ordinance. It involves electoral processes at the local government level, specifically the nomination and declaration of new members to replace those who vacated their seats, which falls under election-related matters."
2217-35,2021-03-04,ELECTIONS,"This gazette notice concerns the filling of a vacancy for a member of a local government body (Maharagama Urban Council) under the Local Authorities Elections Ordinance. It details the electoral process for declaring a new member elected due to a resignation, which falls under the category of electoral processes and related matters."
2217-17,2021-03-03,LAND,"This gazette content deals exclusively with land settlement orders under the Land Settlement Ordinance, specifically final orders for land parcels in Nuwaraeliya District. It contains detailed schedules of land lots being settled to ""The State"" with extensive property descriptions including lot numbers, extents, and registration details. This falls squarely under Land Gazettes (Type 4) as it concerns land registrations, property ownership determinations, and land title settlements."
2217-18,2021-03-03,LAND,"This gazette content deals exclusively with land title registration and determinations under the Registration of Title Act. It contains detailed schedules of specific land parcels, their extents, ownership details, and encumbrances. The content is published in ""PART III - LANDS"" and involves declarations by the Commissioner of Title Settlement regarding land ownership and title determinations, which falls squarely under the Land Gazettes category (Type 4) for land and property-related matters."
2217-19,2021-03-03,LAND,"This gazette content exclusively deals with land title registration matters under the Registration of Title Act. It contains detailed declarations of land title determinations for specific parcels of land, including ownership details, property boundaries, encumbrances, and legal status. The content appears in ""PART III - LANDS"" of the gazette and focuses entirely on land registration and property ownership matters, which clearly falls under the Land Gazettes classification (Type 4)."
2217-20,2021-03-03,LAND,"This gazette content exclusively deals with land-related matters, specifically calling for claims to land parcels under the Registration of Title Act. It involves land title determination, cadastral maps, and land ownership claims across multiple districts, which falls squarely under the Land Gazettes category (Type 4) for land and property-related matters."
2217-21,2021-03-03,LAND,"This gazette content deals exclusively with land title registration matters under the Registration of Title Act, No. 21 of 1998. It contains declarations of determination for specific land parcels (including parcel numbers, cadastral maps, locations, and ownership details) by the Commissioner General of Land Title Settlement. The content focuses on land ownership, title settlements, and property rights, which falls squarely under the Land Gazettes category (Type 4) for land and property-related matters."
2217-22,2021-03-03,LAND,"This gazette content exclusively deals with land title registration matters under the Registration of Title Act. It contains declarations of determination for specific land parcels (including parcel numbers, locations, and ownership details) by the Commissioner General of Land Title Settlement. The content focuses on land ownership, title settlements, and property registrations, which falls squarely under the Land Gazettes category (Type 4) as it primarily concerns land and property-related administrative matters."
2217-23,2021-03-03,LEGAL_REGULATORY,"This gazette content involves the imposition of a Special Commodity Levy under the Special Commodity Levy Act, No. 48 of 2007. It contains a regulatory order that establishes new tax rates on specific commodities, which falls under the category of legal/regulatory matters. While it mentions Minister Mahinda Rajapaksa by name, it does not describe his portfolio responsibilities in detail (only his title ""Minister of Finance""), and the primary focus is on regulatory implementation rather than government personnel or structural changes."
2217-24,2021-03-03,ORGANISATIONAL,"This gazette content involves an amendment to the structure of a university faculty (Faculty of Management and Finance) under the Universities Act. While it mentions a government minister (Prof. G. L. Peiris, Minister of Education), the core content is about educational administration and academic departmental structure rather than government personnel changes or portfolio assignments. This falls under educational matters, which is categorized as Miscellaneous (Type 10) according to the classification system."
2217-25,2021-03-03,LEGAL_REGULATORY,"This gazette content involves the amendment of a university's academic structure through a legal order issued under the Universities Act. It focuses on regulatory matters (adding a new department) rather than government personnel changes, structural government changes, or any of the other specialized categories. The mention of the Minister's name is incidental to the legal/regulatory action being taken."
2217-26,2021-03-03,LAND,"This gazette content primarily deals with land acquisition for servitude rights over specific parcels of land to lay water transmission pipelines. It includes detailed descriptions of land boundaries, extents, locations, and claimants' information. While it mentions a government minister (Vasudeva Nanayakkara) and references a legal act, the core content focuses on land/property matters rather than government personnel changes, organizational restructuring, or legal/regulatory frameworks. The detailed land descriptions and acquisition purpose align with Type 4 (Land Gazettes) classification."
2217-27,2021-03-03,JUDICIAL_LAW_ENFORCEMENT,"This gazette notification concerns the extension of an investigation being conducted by a judicial inquiry board (comprised of a retired Judge of the Court of Appeal) into potential offenses committed by a local government body and its chairman. The content deals with a law enforcement and judicial process, specifically an inquiry under the Urban Councils Ordinance, which falls under the Judicial/Law Enforcement category."
2217-28,2021-03-03,ELECTIONS,"This gazette content contains notices under the Local Authorities Elections Ordinance declaring that specific individuals have vacated their offices as members of local government bodies (Rattota Pradeshiya Sabha and Matale Municipal Council) due to ceasing membership in a political alliance. This directly relates to electoral processes and changes in elected positions, fitting the Elections category (Type 7) which includes matters related to local government elections and member status changes."
2217-29,2021-03-03,ELECTIONS,"This gazette content deals exclusively with filling vacancies in local government councils (Chilaw Urban Council, Chilaw Pradeshiya Sabha, Puttalam Urban Council, Valvettithurai Urban Council) under the Local Authorities Elections Ordinance. It involves electoral processes, specifically the declaration of elected members to fill seats vacated due to death, resignation, or non-attendance. The content focuses on election-related administrative procedures rather than government personnel changes, structural reforms, or other specialized categories."
2217-30,2021-03-03,ELECTIONS,"This gazette content deals specifically with filling vacancies in local government bodies (Trincomalee Town and Gravets Pradeshiya Sabha, Valvettithurai Urban Council, and Vavuniya North Pradeshiya Sabha) due to resignations, under the Local Authorities Elections Ordinance. It involves the declaration of newly selected members to fill these electoral vacancies, which falls under election-related matters and processes. This fits Type 7 (Elections Gazettes) as it concerns electoral processes at the local government level, including candidate nominations and declarations to fill vacant elected positions."
2217-07,2021-03-02,LEGAL_REGULATORY,"This gazette contains regulations made under Section 194 of the Inland Revenue Act, No. 24 of 2017, specifically addressing transfer pricing rules for international transactions between associated enterprises. It establishes legal and regulatory frameworks for tax compliance, including detailed methodologies for determining arm's length prices. While it includes a ministerial signature (Mahinda Rajapaksa as Minister of Finance), this is a procedural element of publishing regulations rather than the primary focus, which is the creation of legal/regulatory provisions governing taxation matters."
2217-08,2021-03-02,ELECTIONS,"This gazette content exclusively concerns the declaration of election results for local government positions (Chairman and Vice Chairman) under the Local Authorities Elections Ordinance. It involves the announcement of elected individuals to specific offices following an electoral process, which falls squarely under the Elections category (Type 7). While it names individuals, it does not describe their detailed portfolio responsibilities, and the context is purely electoral rather than a general government personnel appointment."
2217-09,2021-03-02,LAND,"This gazette content primarily deals with land and property matters. It involves the vesting of specific land parcels (described in detail with lot numbers, boundaries, and survey information) to the Urban Development Authority. The content focuses on land acquisition/transfer and detailed property descriptions, which falls squarely under the Land Gazette classification (Type 4). While it mentions a government minister (Mahinda Rajapaksa), the core content is about land transfer rather than government personnel changes or portfolio responsibilities."
2217-10,2021-03-02,LEGAL_REGULATORY,"This gazette content primarily concerns the publication of an arbitration award related to an industrial dispute under the Industrial Disputes Act. It involves legal procedures, statutory instruments (section 4(1) and 18(1) of the Act), and regulatory compliance matters regarding employee provident funds. The content focuses on legal framework implementation rather than government personnel/structure, land, commercial, elections, public service, judicial, or other administrative matters, making it a Legal/Regulatory Gazette."
2217-11,2021-03-02,LEGAL_REGULATORY,"This gazette content primarily deals with legal/regulatory matters under the Industrial Disputes Act, including the revocation and issuance of orders for arbitration in industrial disputes. It involves statutory instruments, legal procedures for dispute resolution, and references to specific legislative enactments and amendments. While it mentions a minister (Nimal Siripala De Silva), it does so in the context of exercising statutory powers under specific legislation rather than detailing government personnel changes or portfolio responsibilities."
2217-14,2021-03-02,LAND,"This gazette content exclusively deals with land title amendments and registrations under the Registration of Title Act. It contains multiple entries detailing specific amendments to land parcels, including changes to cadastral map numbers, land extents, ownership details, title classes, and servitude rights. The content is entirely focused on land administration matters, falling squarely within the Land Gazettes category (Type 4) as it involves land registrations, title amendments, and property-related administrative changes."
2217-15,2021-03-02,LAND,"This gazette content deals exclusively with land title registration matters under the Registration of Title Act. It contains declarations of determination for specific land parcels (including parcel numbers, extents, and ownership details), involves cadastral mapping, and addresses land title settlement - all of which fall under the Land Gazettes category (Type 4) for land and property-related matters."
2217-16,2021-03-02,LAND,"This gazette content exclusively deals with land-related matters, specifically calling for claims to land parcels under the Registration of Title Act. It involves land title registration, cadastral mapping, and determination of land ownership rights across multiple districts. The content focuses entirely on land administration and property rights without any government personnel changes, structural reorganizations, or other non-land related administrative matters."
2217-01,2021-03-01,LEGAL_REGULATORY,"This gazette notification is a Customs Notification issued under the Customs Ordinance (Chapter 235) by the Director General of Customs. It sets new official Rates of Exchange for calculating customs duties and other charges. This constitutes a regulatory matter and the exercise of statutory powers under existing legislation, making it a Legal/Regulatory Gazette (Type 5). Although a government official is named, the content's primary purpose is to announce a regulatory change, not a personnel appointment or government restructuring."
2217-02,2021-03-01,LEGAL_REGULATORY,"This gazette content primarily involves the amendment of a university's organizational structure through a legal order issued under the Universities Act. It contains a statutory instrument that modifies the schedule of an existing order, which falls under legal/regulatory matters rather than government personnel or structural changes. The mention of the Minister's name is incidental to the legal authority being exercised to make regulatory changes."
2217-03,2021-03-01,ELECTIONS,"This gazette content contains notices under the Local Authorities Elections Ordinance declaring that specific individuals have vacated their offices as members of local government bodies (Pradeshiya Sabha and Municipal Council) due to ceasing membership in their respective political parties. This directly relates to electoral processes and the status of elected officials, falling under the Elections category (Type 7) which covers electoral matters including vacating of offices and changes in candidate status."
2217-04,2021-03-01,LAND,"This gazette notice is about land acquisition under the Land Acquisition Act, specifically describing multiple land parcels to be acquired for public purpose. It contains detailed descriptions of the lands, their boundaries, claimants, and the acquisition process, which falls squarely under the Land Gazettes category (Type 4) for land and property-related matters."
2217-05,2021-03-01,LEGAL_REGULATORY,"This gazette content is an order by the President declaring certain services as essential public services under the Essential Public Services Act, No. 61 of 1979. It establishes a legal/regulatory framework by declaring specific services (those provided by the Sri Lanka Ports Authority) as essential public services, which falls under legal/regulatory matters rather than government personnel or structural changes."
2217-06,2021-03-01,LAND,"This gazette content is exclusively about land acquisition matters under the Land Acquisition Act. It provides detailed descriptions of specific land parcels being acquired for a public purpose (Upper Elahera Canal Project), including lot numbers, land names, descriptions, claimants, possessors, and exact measurements. The content focuses entirely on land/property matters without any government personnel changes, organizational restructuring, or other specialized categories, making it a clear Land Gazette."
