Document ID,Document Date,Gazette Type,Reasoning
1991-01,2016-10-31,LEGAL_REGULATORY,"This gazette notification establishes new rates of exchange for customs duties and other charges under the Customs Ordinance. It constitutes a regulatory framework for customs valuation and compliance requirements, falling squarely under Legal/Regulatory matters (Type 5) as it creates subsidiary legislation and statutory instruments governing customs procedures."
1991-02,2016-10-31,COMMERCIAL,"The gazette content consists of a balance sheet and financial statement from the Central Bank of Sri Lanka, which falls under business and commercial matters. This includes financial reporting, assets, liabilities, and audit reports related to a financial institution, making it a Commercial Gazette (Type 6) rather than a government personnel/structure matter or other specialized category."
1991-03,2016-10-31,PUBLIC_SERVICE,"This gazette notification announces a special allowance for workers in the cocoa, cardamom, and pepper trade, determined by the Cost of Living Index Number. It is issued under the Wages Boards Ordinance and relates to public sector service conditions and benefits, specifically the remuneration of workers. This falls under Public Service Gazettes (Type 8), which cover public service recruitment, service conditions, benefits, and salary revisions."
1991-04,2016-10-31,LEGAL_REGULATORY,"This gazette notification primarily concerns the conferment of legal powers under specific acts and amendments (Co-operative Societies Law No. 5 of 1972 and its amendments). It involves regulatory matters and the delegation of statutory authority, which falls under the Legal/Regulatory classification (Type 5). While it mentions a minister's name, the core content is about legal powers and regulatory frameworks rather than government personnel changes or detailed portfolio responsibilities."
1991-05,2016-10-31,LAND,"This gazette content is exclusively about land acquisition under the Land Acquisition Act. It provides detailed description of a specific land parcel (lot 162) including its location, current use, extent, and the purpose of acquisition (to grant as alternative lands to flood-displaced persons). The notice follows statutory procedures for land acquisition, making it clearly a land-related matter that falls under Type 4 (Land Gazettes)."
1991-06,2016-10-31,LAND,"This gazette content exclusively deals with land acquisition matters under the Land Acquisition Act. It contains multiple notices regarding the acquisition of specific land parcels (Millagahawatte) by the state, including detailed descriptions of location, plot numbers, extent, and compensation deposits. The content focuses solely on land/property matters without any government personnel changes, structural changes, or other specialized categories, making it clearly a Land Gazette."
1991-07,2016-10-31,LAND,"This gazette content exclusively deals with amendments to land title registrations under the Registration of Title Act. It contains specific details about parcel numbers, cadastral maps, land extents, and geographic locations (village, division, district). The content is focused on land property matters and title settlement, which falls squarely under the Land Gazettes classification (Type 4). There is no mention of government personnel changes, organizational restructuring, or any other category that would take precedence over the land-specific content."
1990-48,2016-10-29,HYBRID,"This gazette names a specific individual (Ediriweera Weerawardana) with his ministerial title and outlines detailed portfolio responsibilities (Road Development, Transport, Power and Energy and Housing and Construction). It contains both the ""who"" (government person) and ""what"" (detailed government responsibilities/portfolios), meeting the criteria for Hybrid Gazette classification. The content involves the minister exercising powers vested in him to issue orders regarding passenger transport services, which combines personnel authority with specific administrative functions."
1990-39,2016-10-28,LAND,"This gazette notice is about land acquisition under the Land Acquisition Act, specifically notifying the government's intention to acquire a particular land parcel (0.2941 Hectares) in Polwatte for public purposes. It provides detailed land descriptions, lot numbers, land utilization types, and entitlement information, and calls for claims and compensation requests from interested parties. The content is exclusively focused on land/property matters, falling squarely under the Land Gazettes category (Type 4)."
1990-40,2016-10-28,LAND,"This gazette content is a land acquisition notice under the Land Acquisition Act, specifically declaring that certain lands are needed for public purpose and providing detailed descriptions of multiple land parcels with their boundaries, extents, and locations. This falls squarely within the Land Gazettes category (Type 4) as it deals with land acquisition matters."
1990-41,2016-10-28,LAND,"This gazette content is a notice under the Land Acquisition Act for the acquisition of specific land parcels for road broadening purposes. It contains detailed descriptions of multiple land lots with their locations, claimants, and extents. The content focuses exclusively on land acquisition matters, which falls under the Land Gazettes category (Type 4) as it deals with government acquisition of land and property-related matters."
1990-42,2016-10-28,LAND,"This gazette content is exclusively about land acquisition notices under the Land Acquisition Act. It contains detailed descriptions of specific land parcels being acquired by the government for public purposes, including lot numbers, land names, descriptions (paddy fields, gardens, roads, etc.), claimants, original claimants, and exact land extents. The content appears in ""PART III - LANDS"" and focuses entirely on land/property matters, fitting the definition of Type 4 (Land Gazettes) for land acquisitions and property-related administrative notices."
1990-43,2016-10-28,LAND,"This gazette content is exclusively about land acquisition matters under the Land Acquisition Act. It contains detailed descriptions of specific land parcels being acquired for public purpose, including lot numbers, land names, descriptions, claimants, and extents. The content falls under ""Land acquisitions, transfers, or disposals"" as specified in the Land Gazettes (Type 4) classification. There is no government personnel or structural changes, legal/regulatory frameworks, commercial matters, or other specialized categories present - the entire document focuses solely on land-related administrative procedures."
1990-44,2016-10-28,LEGAL_REGULATORY,"The gazette content is a notification issued by the Minister of Industry and Commerce under the Societies Ordinance, authorizing the purpose of a specific society. This constitutes a regulatory action and the exercise of statutory powers under existing legislation, making it a Legal/Regulatory matter. While a minister is named, the content does not describe his portfolio responsibilities or constitute a government personnel change; the focus is solely on the legal/regulatory action being taken."
1990-45,2016-10-28,LAND,"This gazette content is exclusively about land acquisition matters under the Land Acquisition Act. It contains detailed notices for acquiring specific lands, including descriptions of properties, owner names, lot numbers, extents, and boundaries. The content focuses solely on land-related administrative procedures, compensation claims, and property details, which directly aligns with the Land Gazettes classification (Type 4) for land and property-related matters."
1990-47,2016-10-28,LAND,"This gazette content is exclusively about land acquisition notices under the Land Acquisition Act. It details specific land parcels being acquired by the government for a public purpose, including lot numbers, land names, descriptions (e.g., paddy field, channel), extents, and claimant information. The content is published in ""PART III – LANDS"" and deals solely with land and property-related matters, fitting the definition of a Land Gazette."
1990-21,2016-10-27,LEGAL_REGULATORY,"This gazette content pertains to legal/regulatory matters, specifically amendments to the Consolidated List under the United Nations Regulations. It involves regulatory compliance with international sanctions and updates to the list of designated persons/entities, which falls under legal frameworks and regulatory requirements."
1990-22,2016-10-27,LAND,"This gazette content is a Land Acquisition Notice published under the Land Acquisition Act, declaring that specific lands described in detail are needed for a public purpose and will be acquired. The entire document consists of detailed descriptions of multiple land parcels, their boundaries, extents, and assessment numbers, making it primarily about land and property matters. This fits the definition of Type 4 (Land Gazettes) for land acquisitions and property-related announcements."
1990-23,2016-10-27,LEGAL_REGULATORY,"This gazette contains regulations made by the Minister of Sports under the Sports Law, No. 25 of 1973. It establishes legal and regulatory frameworks for the registration and constitution of National Associations of Sports, including procedural requirements, documentation, and compliance standards. This fits the Legal/Regulatory classification as it deals with statutory instruments and subsidiary legislation rather than government personnel changes or organizational restructuring."
1990-24,2016-10-27,PUBLIC_SERVICE,"This gazette notification concerns the delegation of powers by the Public Service Commission for matters including disciplinary control, transfers, appointments, and promotions of public officers in the health sector. It deals specifically with public service administration, recruitment, and service conditions, which aligns with the definition of Public Service Gazettes (Type 8)."
1990-25,2016-10-27,PUBLIC_SERVICE,"This gazette notification concerns the appointment of a committee by the Public Service Commission, a body that oversees public sector administration. The content details the establishment, composition, and effective date of the ""Health Service Committee"" for the Health Service Sector. This falls under public sector services and administration, specifically covering public service commission appointments and decisions, which is the definition of a Public Service Gazette (Type 8)."
1990-26,2016-10-27,LAND,"This gazette content primarily deals with land acquisition matters under the Land Acquisition Act. It contains declarations under Section 5 for acquiring specific land parcels (""Broadland Estate"") for public purposes, including detailed descriptions of land boundaries, extents, and locations. It also includes a correction notice related to a previous land acquisition gazette. The content focuses exclusively on land-related administrative matters without involving government personnel changes, structural changes, or other specialized categories."
1990-27,2016-10-27,LEGAL_REGULATORY,"This gazette content primarily involves the imposition of a new regulation under specific statutes (Passenger Transport Services Authority Statute Number 01 of 2000 and Passenger Transportation Statute Number 04 of 1992). It establishes legal/regulatory frameworks for transportation services in the Central Province, which falls under Legal/Regulatory matters rather than government personnel/structure changes. While a minister is named, this is in the context of exercising statutory powers to create regulations, not about the minister's appointment or portfolio responsibilities."
1990-28,2016-10-27,LAND,"This gazette content consists entirely of land acquisition declarations under the Land Acquisition Act, specifically describing parcels of land needed for public purposes (construction of pump houses for a sewerage project). It contains detailed land descriptions including location, extent, boundaries, and survey references, which falls squarely under the Land Gazettes classification (Type 4) for land and property-related matters."
1990-29,2016-10-27,LEGAL_REGULATORY,"This gazette content contains rules and regulations issued by the Monetary Board of the Central Bank of Sri Lanka under the Microfinance Act, No. 6 of 2016. It establishes licensing criteria, eligibility requirements, capital requirements, and application procedures for microfinance institutions. This falls under ""Legal/Regulatory Gazettes"" as it involves regulatory frameworks, compliance requirements, and statutory instruments related to financial regulation."
1990-30,2016-10-27,LAND,"This gazette content deals exclusively with land and property matters, specifically notices calling for claims to intestate property under the Registration of Title Act. It contains detailed land descriptions including village names, cadastral map numbers, parcel numbers, land extents, and certificate of title numbers. The content focuses on property registration and title settlement processes for deceased individuals' estates, which falls squarely under the Land Gazette classification (Type 4) for land and property-related matters."
1990-31,2016-10-27,LAND,"This gazette content exclusively deals with land title registration matters under the Registration of Title Act. It contains declarations of determination for specific land parcels, including detailed information about land ownership, parcel numbers, extents, locations, and ownership details. The content falls under ""Land registrations, property ownership, land titles"" as specified in the Land Gazettes (Type 4) classification."
1990-32,2016-10-27,LAND,"This gazette content deals exclusively with land title registration matters under the Registration of Title Act. It contains declarations of determination for specific land parcels (including parcel numbers, locations, and ownership details) by the Commissioner of Title Settlement. The content focuses on land ownership, title classifications, and property registrations, which falls squarely under the Land Gazettes category (Type 4) for land and property-related matters."
1990-33,2016-10-27,LAND,"This gazette content deals exclusively with land title registration matters under the Registration of Title Act. It contains declarations of title determinations for specific land parcels (Nos. 59, 102, and 121) with detailed property information including parcel numbers, extents, owner names, and title classifications. The content falls under the Land Gazettes category as it primarily concerns land ownership, title registration, and property rights rather than government personnel changes, organizational matters, or other specialized categories."
1990-34,2016-10-27,LAND,"This gazette content deals exclusively with land title registration matters under the Registration of Title Act. It contains declarations of determination by the Commissioner of Title Settlement regarding specific land parcels, including their registration details, ownership status (all owned by ""The State""), extent measurements, and other land-related particulars. The content is focused on land registration and property ownership matters, which falls squarely under the Land Gazettes classification (Type 4)."
1990-35,2016-10-27,LAND,"This gazette content deals exclusively with land title registration matters under the Registration of Title Act. It contains declarations of determination for specific land parcels (Nos. 250, 251, 38, 200, 116) with detailed information about land ownership, extent, location, and encumbrances. The content falls under ""Land registrations, property ownership, land titles"" as specified in the Land Gazettes (Type 4) category, and appears in ""PART III - LANDS"" of the gazette."
1990-36,2016-10-27,LAND,"This gazette content deals exclusively with land title registration matters under the Registration of Title Act. It contains a declaration by the Commissioner of Title Settlement determining ownership of specific land parcels (Parcel Nos. 1, 7, 10, 11, 14, 15, 16, 17, 18, 19, 20, 21, 22, 23, 24, 25, 26, 27, 28 and 29) in Koholangala village, including details about current possessors and license information. The content falls squarely under Land Gazettes (Type 4) as it concerns land registrations, property ownership determinations, and land title matters."
1990-37,2016-10-27,LAND,"This gazette content deals exclusively with land and property matters, specifically notices calling for claims to intestate property (property of deceased persons without wills) under the Registration of Title Act. It contains detailed land descriptions including cadastral map numbers, parcel numbers, land extents, and certificate of title numbers. The content focuses on property registration and title settlement processes, which falls squarely under the Land Gazette classification (Type 4) for land and property-related administrative matters."
1990-38,2016-10-27,LAND,"This gazette content consists entirely of notices calling for claims to land parcels under the Registration of Title Act. It deals specifically with land ownership claims, cadastral maps, land title determination, and property registration matters across multiple districts (Polonnaruwa and Puttalam). The content focuses exclusively on land-related administrative procedures, falling squarely within the Land Gazette classification (Type 4) for land and property-related matters."
1990-13,2016-10-26,LAND,"This gazette content is exclusively about land acquisition under the Land Acquisition Act, describing specific parcels of land to be acquired by the government for a public purpose. It contains detailed descriptions of land lots, their locations, extents, and claimants, which falls squarely under the Land Gazettes category (Type 4) for land and property-related matters."
1990-14,2016-10-26,LAND,"This gazette content is a notice under Section 7 of the Land Acquisition Act, specifically detailing the government's intention to acquire multiple parcels of land for public purpose. It contains detailed descriptions of land lots, including names, assessment numbers, descriptions (garden, road, masonry drain, etc.), claimants, original claimants, and exact measurements in hectares. The entire document focuses exclusively on land acquisition matters, making it a clear example of a Land Gazette (Type 4)."
1990-15,2016-10-26,LEGAL_REGULATORY,"The gazette content primarily concerns the amendment of a provincial statute (Pawn Brokers' Statute) through a legislative process. It details specific legal modifications to sections and schedules of an existing law, which falls squarely under the definition of Legal/Regulatory Gazettes (Type 5) for new laws, acts, amendments, and regulatory matters. While a government official (the Chief Minister) is named, the notice is about the enactment of a law, not about the individual's appointment or their portfolio responsibilities, so government classification types (1-3) do not take precedence."
1990-16,2016-10-26,LEGAL_REGULATORY,"This gazette content is a legal/regulatory notification that amends the schedule to a previous order under the Universities Act, No. 16 of 1978. It specifically modifies the departmental structure of the University of Peradeniya by changing the name of a department. While it mentions a minister's name, this is in the context of exercising statutory powers to make a regulatory amendment, not about government personnel changes or portfolio assignments. The core content is about modifying legal/regulatory frameworks governing university structures."
1990-17,2016-10-26,LAND,"This gazette content is a Land Acquisition Notice published under The Land Acquisition Act, declaring that a specific parcel of land (0.0379 Hectare in Talahena) is needed for a public purpose and will be acquired. The content deals exclusively with land acquisition matters, including property description, boundaries, and location details, which falls squarely under the Land Gazettes classification (Type 4) for land and property-related matters."
1990-18,2016-10-26,LAND,"This gazette content primarily deals with land acquisition matters under the Land Acquisition Act. It contains detailed descriptions of specific land parcels being acquired for public purposes, including lot numbers, boundaries, claimants, and extents. The content falls under ""Land and property-related matters"" as defined in Type 4, specifically covering land acquisitions which is explicitly mentioned in the Land Gazette classification criteria."
1990-19,2016-10-26,LAND,"This gazette content is exclusively about land acquisition matters under the Land Acquisition Act. It provides detailed descriptions of specific land parcels being acquired by the government for public purposes, including lot numbers, land names, descriptions (garden, paddy field, road, etc.), claimants, and exact measurements. This falls squarely under ""Land and property-related matters"" including ""land acquisitions, transfers, or disposals"" as defined in Type 4 (Land Gazettes)."
1990-20,2016-10-26,LEGAL_REGULATORY,"This gazette content is an order made under the Community Based Correction Act, No. 46 of 1999, specifying the implementation of provisions for certain Judicial Divisions. It is a legal/regulatory instrument that amends or provides specific implementation details for an existing Act, fitting the definition of Type 5 (Legal/Regulatory Gazettes) for legal framework and regulatory matters. While a minister is named, the primary purpose is not about the personnel change or their portfolio responsibilities, but about the legal order itself."
1990-12,2016-10-25,LEGAL_REGULATORY,"This gazette contains regulations made by the Minister under the Companies Act and Societies Ordinance, specifically amending fee structures. This constitutes legal/regulatory matters involving statutory instruments and subsidiary legislation, fitting Type 5 (Legal/Regulatory Gazettes). While a minister is named, this is not about government personnel changes or portfolio assignments, but rather about the exercise of regulatory authority to amend existing regulations."
1990-01,2016-10-24,LEGAL_REGULATORY,"This gazette notification announces new rates of exchange for customs duties and other charges, which constitutes a regulatory framework and compliance requirement under the Customs Ordinance. It falls under Legal/Regulatory matters as it establishes official exchange rates for legal and financial compliance purposes."
1990-02,2016-10-24,LAND,"This gazette content is exclusively about land acquisition under the Land Acquisition Act. It provides detailed descriptions of specific land parcels being acquired for public purpose, including lot numbers, land names, descriptions, extents, and location details. The notice outlines the legal process for interested parties to claim compensation, which falls squarely under land and property-related matters as defined for Type 4 (Land Gazettes). There is no government personnel information, organizational changes, or other specialized categories present."
1990-05,2016-10-24,LAND,"This gazette content is exclusively about land acquisition matters under the Land Acquisition Act. It contains detailed notices for acquiring specific land parcels and servitudes for public purposes, including descriptions of land lots, claimants, extents, and compensation procedures. The content falls squarely within the ""Land and property-related matters"" category, specifically covering land acquisitions as defined for Type 4 classification."
1990-06,2016-10-24,LAND,"This gazette content is a Land Acquisition Notice published under Section 33 of the Land Acquisition Act. It specifically deals with the acquisition of a defined parcel of land (Egodagamagei Liyadda, 0.093 Hectare) and the deposit of compensation for it. The content includes detailed land information such as province, district, village, lot number, and extent, making it primarily concerned with land and property matters, which falls under the Land Gazettes classification (Type 4)."
1990-07,2016-10-24,LAND,"The gazette content primarily deals with land acquisition for public infrastructure projects (water supply schemes). It involves the acquisition of specific immovable properties described in detailed schedules, including land boundaries, locations, and claimant information. While it references a minister and a legal act, the core subject matter is land acquisition and property description, making it a Land Gazette (Type 4) rather than a government personnel or structural gazette."
1990-08,2016-10-24,LAND,"This gazette content is exclusively about land acquisition notices under the Land Acquisition Act, detailing specific land lots being acquired by the government for public purposes. It contains detailed descriptions of land parcels, their locations, extents, and claimant information, which falls squarely under the Land Gazettes category (Type 4) for land acquisitions and property matters."
1990-09,2016-10-24,LAND,"This gazette content is exclusively about land acquisition under the Land Acquisition Act, containing detailed descriptions of specific land parcels, their boundaries, extents, and locations. It involves the declaration that these lands are needed for public purpose and will be acquired, which falls under land and property-related matters. While a government minister is named, the content does not focus on government structure, personnel changes, or portfolio responsibilities, but rather on the specific land acquisition process itself."
1990-11,2016-10-24,LAND,"This gazette content is exclusively about land acquisition under the Land Acquisition Act, containing detailed descriptions of specific land parcels, their boundaries, extents, and claimants. It involves the Minister of Lands declaring lands needed for public purpose, but the core content focuses entirely on land/property matters, making it a clear Land Gazette (Type 4)."
1989-63,2016-10-22,Error,API request failed: 504 Server Error: Gateway Timeout for url: https://eg-7060af6f-a5a9-44dd-b4e6-af36d56dbd47-prod.e1-us-east-azure.bijiraapis.dev/sample/deep-seek/v1.0/v1/chat/completions
1989-64,2016-10-22,LAND,"This gazette content is exclusively about land acquisition under the Land Acquisition Act. It provides detailed descriptions of specific land parcels being acquired for public purpose, including lot numbers, land names, descriptions, claimants, and extents. The content falls squarely within the Land Gazette category (Type 4) as it deals with land acquisitions and property matters without any government personnel changes, organizational restructuring, or other specialized categories."
1989-46,2016-10-21,LAND,"This gazette exclusively concerns the amendment of a land title registration under the Registration of Title Act. It details the expunging and insertion of specific particulars (parcel number, extent, owner names/addresses, identity card numbers, etc.) for a defined parcel of land in Rathmalana. The content is entirely focused on land and property-related administrative matters, fitting the definition of a Land Gazette."
1989-47,2016-10-21,LAND,"This gazette content exclusively deals with land title registration matters under the Registration of Title Act. It contains declarations of determination by the Commissioner of Title Settlement regarding specific land parcels, including parcel numbers, owner details, extent of land, and title classifications. The content appears in ""PART III - LANDS"" and focuses entirely on land ownership and title settlement, making it clearly a Land Gazette according to the classification criteria."
1989-48,2016-10-21,LAND,"This gazette content deals exclusively with land title registration matters under the Registration of Title Act, including declarations of title determinations for specific land parcels, ownership details, and property particulars. It contains detailed schedules with land parcel numbers, extents, owner information, and legal status of properties, which falls squarely under the Land Gazettes category (Type 4) for land and property-related matters."
1989-49,2016-10-21,LAND,"This gazette content deals exclusively with land title registration matters under the Registration of Title Act. It contains declarations of determination for specific land parcels (including parcel numbers, extents, owner details, and encumbrances) in Kalalpitiya village. The content focuses on land ownership registration, property boundaries, and title settlements, which falls squarely under the Land Gazettes category (Type 4) for land and property-related matters."
1989-50,2016-10-21,LAND,"This gazette content exclusively deals with land title registration matters under the Registration of Title Act. It contains specific declarations about land parcels (Nos. 423 and 424) in Wattala, including ownership details, property extents, encumbrances, and legal descriptions. The content falls under ""Land and property-related matters"" including ""land registrations, property ownership, land titles"" as defined for Type 4 classification. There is no government personnel or structural content that would trigger Types 1-3, and it doesn't fit any other specialized categories."
1989-51,2016-10-21,LAND,"This gazette content deals exclusively with land title registration matters under the Registration of Title Act. It contains declarations of determination for specific land parcels (including parcel numbers, cadastral maps, locations, and owner details) by the Commissioner of Title Settlement. The content focuses on land ownership, title registration, and property rights, which falls squarely under the Land Gazettes category (Type 4) for land and property-related matters."
1989-52,2016-10-21,LAND,"This gazette content exclusively deals with land title registration matters under the Registration of Title Act. It contains declarations of determination by the Commissioner of Title Settlement regarding specific land parcels, including parcel numbers, extents, owner details, and title classifications. The content focuses on land ownership registration and title settlement processes, which falls squarely under the Land Gazettes category (Type 4) for land and property-related matters."
1989-53,2016-10-21,LAND,"This gazette content deals exclusively with land title registration matters under the Registration of Title Act, No. 21 of 1998. It contains declarations by the Commissioner of Title Settlement regarding determinations of title to specific land parcels (including parcel numbers, block numbers, cadastral maps, and location details), along with schedules listing ownership details, extents, and other land-related particulars. This falls squarely under the Land Gazettes category as it primarily concerns land registration and property title matters."
1989-54,2016-10-21,LAND,"This gazette content is exclusively about land title registration, specifically the determination of title for a specific parcel of land (Parcel No. 417) under the Registration of Title Act. It contains detailed land particulars including location, extent, owner information, and title classification, making it a clear example of land and property-related matters falling under Type 4 (Land Gazettes)."
1989-55,2016-10-21,LAND,"This gazette content is exclusively about land title registration under the Registration of Title Act, specifically declaring the Commissioner's determination regarding title to a specific parcel of land (Parcel No. 110, Block 05) with detailed land particulars including location, extent, ownership details, and encumbrances. It falls squarely within the Land Gazettes category as it deals with land registration and title settlement matters."
1989-56,2016-10-21,LAND,"This gazette content is exclusively about land title registration, specifically the declaration of determination for land parcels under the Registration of Title Act. It contains detailed information about specific land parcels (numbers 30, 31, and 32), their extents, ownership details, and legal status. The content falls squarely within the Land Gazette category as it deals with land registrations, property ownership, and land title matters without any government personnel changes or structural administrative modifications."
1989-57,2016-10-21,LAND,"This gazette content deals exclusively with land title registration matters under the Registration of Title Act, No. 21 of 1998. It contains declarations of determinations by the Commissioner of Title Settlement regarding specific land parcels (including parcel numbers, extents, ownership details, and locations) in various villages and divisions. The content focuses on land ownership, title settlements, and property registrations, which falls squarely under the Land Gazettes category (Type 4) for land and property-related matters."
1989-58,2016-10-21,LAND,"This gazette content deals exclusively with land title registration matters under the Registration of Title Act. It contains declarations of title determinations for specific land parcels, including parcel numbers, extent measurements, ownership details, and land registration particulars. The document is explicitly published in ""PART III - LANDS"" of the gazette and focuses on land settlement and title registration processes, making it clearly a Land Gazette."
1989-59,2016-10-21,LAND,"This gazette content deals exclusively with land title registration matters under the Registration of Title Act. It contains declarations of determination for specific land parcels (including parcel numbers, extents, locations, and ownership details) by the Commissioner of Title Settlement. The content focuses on land ownership adjudication and title settlement, which falls squarely under the Land Gazettes category (Type 4) for land and property-related matters."
1989-60,2016-10-21,ORGANISATIONAL,"This gazette content describes administrative changes to government ministries and departments, specifically restructuring and reassigning functions and duties. It mentions the transfer of responsibilities between ministries (e.g., ""ud3⁄4. ixj3⁄4 Ok, m%jdyk, úÿ,sn, yd n,Yla;s iy ksjdi yd b Èls Íï wud;H"") but does not name any specific individuals. The content focuses solely on government structural/administrative changes without personnel appointments, fitting the definition of an Organisational Gazette (Type 1)."
1989-61,2016-10-21,LEGAL_REGULATORY,"This gazette contains regulations made by the Minister of Health under the National Medicines Regulatory Authority Act, establishing price ceilings for specific medicinal products. It creates new regulatory requirements for manufacturers, importers, traders, and pharmacists regarding drug pricing, labeling, and compliance. This falls under Legal/Regulatory classification as it establishes binding regulatory frameworks and compliance requirements rather than focusing on government personnel changes or other specialized categories."
1989-62,2016-10-21,LAND,"This gazette content is exclusively about land acquisition for a public purpose (construction of Samara Deniya Tank). It provides detailed descriptions of specific land lots being acquired, including their names, current uses, original claimants, and extents. The notice is issued under the Land Acquisition Act and falls under ""PART III — LANDS"" of the gazette, making it clearly a land-related matter that fits Type 4 (Land Gazettes)."
1989-38,2016-10-20,LAND,"This gazette content is a declaration under the Land Acquisition Act for the acquisition of specific land parcels for public purpose. It contains detailed descriptions of land lots, their boundaries, extents, and locations, which falls squarely under the Land Gazettes category (Type 4) for land acquisition matters. While it mentions a government minister, it does not focus on government structure, personnel changes, or portfolio responsibilities, making the land-related content the primary focus."
1989-39,2016-10-20,LEGAL_REGULATORY,"This gazette content primarily involves the publication of a Collective Agreement under the Industrial Disputes Act, which constitutes a regulatory matter. It establishes legal terms and conditions for employment, including salary structures, benefits, and dispute resolution procedures, making it a legal/regulatory instrument rather than a government personnel, organizational, or specialized administrative matter."
1989-40,2016-10-20,LAND,"This gazette content is primarily focused on land acquisition matters under the Land Acquisition Act. It contains a declaration by the Minister of Lands for acquiring specific land parcels for public purpose, including detailed descriptions of 12 land allotments with boundaries, extents, and location details. The content falls squarely under ""Land and property-related matters"" including ""land acquisitions, transfers, or disposals"" as specified in Type 4 classification. While it mentions a government minister, this is incidental to the core land acquisition content, and the detailed portfolio responsibilities that would trigger a Hybrid classification are not present."
1989-41,2016-10-20,LAND,"This gazette content is a land acquisition notice under the Land Acquisition Act, declaring that specific parcels of land are needed for public purpose. It contains detailed descriptions of 105 land allotments with their boundaries, extents, and locations. The content primarily deals with land matters (acquisition for public purpose), making it a clear fit for Type 4 (Land Gazettes) rather than government personnel or structural changes."
1989-43,2016-10-20,JUDICIAL_LAW_ENFORCEMENT,"This gazette contains appointments to Local Visiting Committees for various prisons, made by the Minister of Prison Reforms under the Prison Act. This falls under judicial/law enforcement matters as it specifically deals with prison administration and oversight committees, which are part of the corrections and law enforcement system. While it involves appointments of named individuals, it does not describe detailed ministerial portfolio responsibilities (which would make it Type 3) but rather focuses on prison oversight functions within the judicial/law enforcement domain."
1989-44,2016-10-20,LAND,"This gazette content is primarily about land acquisition under the Land Acquisition Act. It contains detailed descriptions of specific land parcels (lots A through M) with their exact locations, boundaries, and measurements in hectares. The content focuses exclusively on declaring that these lands are needed for a public purpose and will be acquired, which falls squarely under land and property-related matters as defined in Type 4 (Land Gazettes). While it mentions a government minister, this is incidental to the land acquisition declaration rather than being about government personnel changes or portfolio responsibilities."
1989-45,2016-10-20,LAND,"This gazette content is a Land Acquisition Notice published under the Land Acquisition Act. It specifically declares that certain described lands are needed for a public purpose and will be acquired. The content includes detailed land descriptions, boundaries, extents, and location information. While it mentions the Minister of Lands by name, the primary focus is on land acquisition matters, making it a Land Gazette (Type 4) rather than a government personnel or hybrid classification."
1989-27,2016-10-19,PUBLIC_SERVICE,"This gazette notification concerns the appointment of a committee by the Public Service Commission, a body responsible for public sector administration. The content details the establishment of the ""Education Service Committee"" and lists its members, which falls under public service recruitment and administrative matters, specifically categorized as Type 8 (Public Service Gazettes)."
1989-28,2016-10-19,PUBLIC_SERVICE,"This gazette contains rules and procedures issued by the Public Service Commission regarding the operation of its committees, including meeting procedures, quorum requirements, and record-keeping. It specifically deals with public service administration and governance matters, falling under the ""Public Service Gazettes"" category (Type 8) which covers public service recruitment, service conditions, administrative circulars, and commission procedures."
1989-29,2016-10-19,PUBLIC_SERVICE,"This gazette notification concerns the delegation of powers by the Public Service Commission for disciplinary control, transfers, appointments, and promotions of public officers in the education sector. It deals specifically with public service administration, recruitment, and disciplinary matters, which aligns with the definition of Public Service Gazettes (Type 8)."
1989-30,2016-10-19,LAND,"This gazette content is a declaration under the Land Acquisition Act for the acquisition of multiple land parcels (Lots 194) totaling approximately 14.5584 Hectares. It provides detailed descriptions of each land lot including boundaries, extents, and claimants. The content is exclusively focused on land acquisition matters, falling squarely under the Land Gazettes category (Type 4) which covers land acquisitions, transfers, and property-related administrative actions."
1989-31,2016-10-19,LAND,"This gazette content is a declaration under the Land Acquisition Act for the acquisition of specific land parcels (Lots 217) for a public purpose. It contains detailed descriptions of land boundaries, extents, and locations, which falls squarely under the Land Gazettes category (Type 4) for land acquisitions and property-related matters. While a government minister is named, the notice is not about the minister's appointment, portfolio, or government structure, but rather about the execution of a land-related administrative function."
1989-32,2016-10-19,LAND,"This gazette content is a Land Acquisition Notice published under the Land Acquisition Act, declaring that specific parcels of land (described in detail with lot numbers, boundaries, and extents) are needed for a public purpose and will be acquired. The content is exclusively focused on land and property-related matters, fitting the definition of a Land Gazette (Type 4). While a government minister is named, the notice does not describe his portfolio responsibilities in detail; his mention is incidental to the land acquisition declaration, which remains the primary focus."
1989-33,2016-10-19,LAND,"This gazette content is exclusively about land acquisition notices under the Land Acquisition Act for a public purpose (Central Express Way project). It contains detailed descriptions of specific land parcels being acquired, including lot numbers, land names, descriptions, claimants, and extents. This falls squarely under Type 4 (Land Gazettes) which covers land acquisitions, transfers, or disposals."
1989-34,2016-10-19,LAND,"This gazette content is primarily focused on land acquisition matters under the Land Acquisition Act. It contains detailed declarations for the acquisition of specific land parcels (Lots 22 and G1-G210) with exact descriptions of boundaries, extents, and locations. The content deals exclusively with land property matters, specifically government acquisition of private lands for public purposes, which falls squarely under the Land Gazettes classification (Type 4)."
1989-35,2016-10-19,LAND,"This gazette content is a Land Acquisition Notice under the Land Acquisition Act, declaring that a specific parcel of land is needed for a public purpose. The entire content focuses on describing the land to be acquired, including its location, boundaries, and extent. While it names the Minister of Lands, this is a procedural requirement for the declaration and the notice's primary subject matter is land acquisition, making it a Land Gazette (Type 4)."
1989-36,2016-10-19,Error,API request failed: 504 Server Error: Gateway Timeout for url: https://eg-7060af6f-a5a9-44dd-b4e6-af36d56dbd47-prod.e1-us-east-azure.bijiraapis.dev/sample/deep-seek/v1.0/v1/chat/completions
1989-37,2016-10-19,LAND,"This gazette content is primarily about land acquisition under the Land Acquisition Act, specifically describing parcels of land to be acquired for public purposes, including detailed descriptions of the land lots, locations, claimants, and compensation procedures. It falls squarely within the Land Gazette category (Type 4) as it deals with land acquisition, property descriptions, and land-related administrative procedures."
1989-09,2016-10-18,LAND,"This gazette content is exclusively about land acquisition under the Land Acquisition Act. It contains detailed declarations for the acquisition of multiple specific land parcels (Lots A through AR) with precise descriptions of their boundaries, extents, and locations. The content deals solely with land and property matters, specifically government acquisition of private land for public purposes, which falls under the Land Gazettes classification."
1989-10,2016-10-18,LAND,"This gazette content is a notice under the Land Acquisition Act for the acquisition of private land for wildlife conservation purposes. It provides specific details about the land parcels, including boundaries, extent (4.0090 hectares), lot numbers, survey plan details, and location information. The notice also addresses ownership claims and compensation procedures, which are all characteristic of land and property-related matters. This fits perfectly within the Land Gazettes category (Type 4) as it deals specifically with land acquisition, a core land administration function."
1989-11,2016-10-18,LAND,"This gazette content is exclusively about land acquisition under the Land Acquisition Act. It contains detailed descriptions of specific land parcels being acquired for public purpose, including lot numbers, land names, descriptions, claimants, and extents. The document falls under ""PART III - LANDS"" and focuses entirely on land-related administrative matters, fitting the definition of Land Gazettes (Type 4)."
1989-12,2016-10-18,LAND,"This gazette content is a land acquisition notice under the Land Acquisition Act, declaring that specific parcels of land are needed for a public purpose. It provides detailed descriptions of the lands (including lot numbers, extents, and boundaries) and their location. The content is exclusively about land matters, falling squarely under the Land Gazettes category (Type 4) for land acquisitions and property-related administrative actions."
1989-13,2016-10-18,LAND,"This gazette content is a notice under the Land Acquisition Act regarding the government's intention to acquire a specific parcel of land (0.0506 Hectare, Lot No. 2197) for public purpose. It provides detailed land description, location details, and procedures for interested parties to claim compensation. The content primarily deals with land acquisition matters, falling squarely under the Land Gazettes category (Type 4) for land and property-related administrative matters."
1989-15,2016-10-18,LAND,"This gazette content deals exclusively with land title registration matters under the Registration of Title Act, No. 21 of 1998. It contains declarations of determination by the Commissioner of Title Settlement regarding specific land parcels, including detailed schedules with parcel numbers, extents, owner names, identity card numbers, addresses, and title classifications. The content is focused on land ownership, title registration, and property rights, which falls squarely under the Land Gazettes category (Type 4) for land and property-related matters."
1989-16,2016-10-18,LAND,"This gazette content is exclusively about land title registration under the Registration of Title Act. It contains a declaration of determination by the Commissioner of Title Settlement regarding a specific parcel of land (No. 128 of Block 01) with detailed land particulars including location, extent, owner information, and encumbrances. The content falls under ""Land registrations, property ownership, land titles"" as specified in Type 4 (Land Gazettes) and appears in ""PART III - LANDS"" of the gazette."
1989-17,2016-10-18,LAND,"This gazette content deals exclusively with land title registration matters under the Registration of Title Act. It contains declarations of determinations by the Commissioner of Title Settlement regarding specific land parcels, including their extent, ownership details, and title classifications. The document is explicitly labeled as ""PART III - LANDS"" and focuses on land registration, ownership determinations, and property title settlements, which aligns perfectly with the Land Gazettes classification (Type 4) for land and property-related matters."
1989-18,2016-10-18,LAND,"This gazette content is exclusively about land title registration, specifically the declaration of a determination regarding title to a specific parcel of land (Parcel No. 61) under the Registration of Title Act. It contains detailed land particulars including location, extent, owner information, and title class. The content falls under ""Land and property-related matters"" as defined for Type 4 (Land Gazettes), dealing with land registrations and title determinations."
1989-19,2016-10-18,LAND,"This gazette content deals exclusively with land title registration matters under the Registration of Title Act. It contains declarations of determination for specific land parcels, including details of land ownership, property boundaries, encumbrances, and registration particulars. The content appears in ""PART III - LANDS"" of the gazette and focuses on land registration and title settlement processes, which clearly falls under the Land Gazettes category (Type 4) for land and property-related matters."
1989-20,2016-10-18,LAND,"This gazette content deals exclusively with land title registration matters under the Registration of Title Act, specifically declaring determinations of land ownership for multiple parcels in Puttalam District. It contains detailed schedules of land parcels, their extents, owners' information, and title classifications, making it clearly a Land Gazette according to the classification criteria."
1989-21,2016-10-18,LAND,"This gazette content deals exclusively with land title registration matters under the Registration of Title Act, No. 21 of 1998. It contains declarations of determination by the Commissioner of Title Settlement regarding specific land parcels, including detailed information about land ownership, extent, location, and encumbrances. The content appears in ""PART III - LANDS"" and focuses on property registration and land title settlements, which clearly falls under the Land Gazettes category (Type 4) for land and property-related matters."
1989-22,2016-10-18,LAND,"This gazette content exclusively deals with land title registration matters under the Registration of Title Act, including declarations of title determinations for specific land parcels, ownership details, and land-related encumbrances. It contains no government personnel changes, structural changes, or any other non-land administrative matters, making it a clear Land Gazette."
1989-23,2016-10-18,LAND,"This gazette content deals exclusively with land title registration matters under the Registration of Title Act. It contains a declaration by the Commissioner of Title Settlement regarding the determination of title to specific land parcels (Nos. 95, 96, and 97) in Halloluwa village, including detailed ownership information, property extents, and encumbrances. The content appears in ""PART III - LANDS"" of the gazette and focuses entirely on land property matters, making it a clear example of Type 4 (Land Gazettes)."
1989-24,2016-10-18,LAND,"This gazette content exclusively deals with land title registration under the Registration of Title Act. It contains a declaration of determination by the Commissioner of Title Settlement regarding a specific parcel of land (Parcel No. 13, Block 02) with detailed land particulars including location, extent, ownership details, and encumbrances. The content falls squarely within the Land Gazettes category as it concerns land registration, title determination, and property ownership matters."
1989-25,2016-10-18,LAND,"This gazette content is exclusively about land title registration and property ownership matters. It contains a declaration by the Commissioner of Title Settlement regarding the determination of titles for multiple land parcels in Puttalam District, including detailed schedules with parcel numbers, extent measurements, owner names, and property details. The content falls under ""Land registrations, property ownership, land titles"" as specified in the Land Gazettes (Type 4) classification."
1989-26,2016-10-18,LAND,"This gazette content exclusively deals with land title registration matters under the Registration of Title Act. It contains multiple declarations of determination by the Commissioner of Title Settlement regarding specific land parcels, including detailed information about land ownership, property boundaries, encumbrances, and registration details. The content focuses entirely on land and property-related administrative matters, falling squarely within the Land Gazettes category (Type 4) without any government personnel changes or structural administrative modifications."
1989-01,2016-10-17,LEGAL_REGULATORY,"This gazette content is a Customs Notification that establishes new rates of exchange for customs duties and charges. It exercises regulatory powers under the Customs Ordinance (Chapter 235) to determine how customs calculations will be made. This falls under Legal/Regulatory classification as it involves statutory instruments, regulatory frameworks, and compliance requirements for customs operations, without involving government personnel changes or organizational restructuring."
1989-02,2016-10-17,LAND,"This gazette content is primarily about land acquisition under the Land Acquisition Act, describing specific land parcels, their boundaries, extents, and locations for public purpose acquisition. It falls under Land Gazettes (Type 4) as it deals with land-related matters including property descriptions, boundaries, and acquisition procedures, without involving government personnel changes or detailed portfolio responsibilities."
1989-05,2016-10-17,LEGAL_REGULATORY,"This gazette content primarily deals with legal/regulatory matters under the Industrial Disputes Act, specifically the revocation and issuance of orders for arbitration in an industrial dispute. It references specific legislative enactments, amendments, and statutory procedures without involving government personnel changes, structural reorganizations, or detailed portfolio assignments. The content focuses on regulatory actions under existing labor laws rather than government administration or personnel matters."
1989-06,2016-10-17,LEGAL_REGULATORY,"This gazette content primarily concerns the publication of an arbitration award related to an industrial dispute under the Industrial Disputes Act. It involves legal proceedings, arbitration processes, and the application of labor laws and regulations. The content focuses on legal/regulatory matters rather than government personnel changes, organizational structures, or any of the other specialized categories."
1989-07,2016-10-17,PUBLIC_SERVICE,"This gazette notification announces the public inspection period for a municipal council's programmed budget, which falls under public sector administration and local government financial matters. It deals with public service procedures (budget inspection) at the municipal level, making it a Public Service Gazette rather than a central government personnel or structural matter."
1989-08,2016-10-17,LEGAL_REGULATORY,"This gazette notification exercises powers under the Societies Ordinance (a legal statute) to authorize a society's purpose and grant a legal exemption from a specific section of that Ordinance. The content is primarily about applying and modifying legal/regulatory provisions, not about government personnel changes, organizational structure, or any of the other specialized categories."
1988-25,2016-10-14,COMMERCIAL,"This gazette notice is about a commercial application for an Air Operator Certificate/Airline Licence from a private company (Sakurai Aviation Limited) to engage in domestic scheduled operations, charter operations, and aerial work. It involves business registration, commercial licensing, and regulatory compliance for aviation operations, which falls under business and commercial matters."
1988-26,2016-10-14,LAND,"This gazette content deals exclusively with land title registration matters under the Registration of Title Act. It contains declarations of determinations by the Commissioner of Title Settlement regarding specific land parcels, including detailed information about land ownership, parcel numbers, extents, locations, and encumbrances. The content focuses on property rights and land registration, which falls squarely under the Land Gazettes category (Type 4) as it involves land registrations, property ownership, and land title matters."
1988-27,2016-10-14,LAND,"This gazette content exclusively deals with land title registration matters under the Registration of Title Act, No. 21 of 1998. It contains declarations of determination for specific land parcels (including parcel numbers, extents, owner details, and encumbrances) in various villages in the Kurunegala District. The content focuses on land ownership registration, property rights, and title settlements, which falls squarely under the Land Gazettes category (Type 4) for land and property-related matters."
1988-28,2016-10-14,LAND,"This gazette content deals exclusively with land title registration matters, specifically the declaration of determinations by the Commissioner of Title Settlement regarding ownership of specific land parcels. It contains detailed schedules with parcel numbers, extent measurements, owner names and addresses, and title classifications. The content falls under ""Land registrations, property ownership, land titles"" as defined in Type 4 (Land Gazettes), and appears in ""PART III - LANDS"" of the gazette, confirming its land-related nature."
1988-29,2016-10-14,LAND,"This gazette content deals exclusively with land title registration matters under the Registration of Title Act, No. 21 of 1998. It contains declarations of land title determinations for specific parcels of land, including ownership details, property extents, encumbrances, and servitude rights. The document is explicitly labeled as ""PART III - LANDS"" and focuses on land registration, ownership transfers, and property rights - all characteristics of the Land Gazette classification (Type 4)."
1988-30,2016-10-14,LAND,"This gazette content deals exclusively with land title registration matters under the Registration of Title Act, No. 21 of 1998. It contains declarations of determinations by the Commissioner of Title Settlement regarding specific land parcels, including ownership details, property boundaries, and land registration particulars. The content focuses on land ownership, property rights, and cadastral matters, which clearly falls under the Land Gazettes category (Type 4) for land and property-related administrative matters."
1988-31,2016-10-14,LAND,"This gazette content exclusively deals with land title registration matters under the Registration of Title Act. It contains detailed declarations of land parcel determinations, specific plot numbers, cadastral map references, and individual land ownership details for multiple properties in Kanewala village. The content focuses entirely on land registration and property rights without any government personnel changes, structural reorganizations, or other non-land related administrative matters."
1988-32,2016-10-14,LAND,"This gazette content deals exclusively with land title registration matters, specifically the determination of land titles for specific parcels in Mabodala under the Registration of Title Act. It contains detailed information about land parcels, ownership details, property boundaries, and legal determinations regarding land titles, which falls squarely under the Land Gazettes classification (Type 4)."
1988-33,2016-10-14,LAND,"This gazette content deals exclusively with land registration matters, specifically addressing cadastral surveys, land plot registrations, and notifications related to land titles under the 1998 Land Survey Act. It contains multiple entries about specific land plots, their registration numbers, and survey details without any government personnel changes or structural administrative modifications."
1988-34,2016-10-14,LAND,"This gazette content deals exclusively with land title registration matters under the Registration of Title Act, No. 21 of 1998. It contains declarations of determination by the Commissioner of Title Settlement regarding specific land parcels, including detailed descriptions of land locations, parcel numbers, cadastral maps, ownership details, and property rights. The content focuses entirely on land registration and title settlement processes, which falls squarely under the Land Gazettes category (Type 4) for land and property-related matters."
1988-35,2016-10-14,LAND,"This gazette content is exclusively about land acquisition notices under the Land Acquisition Act, detailing specific land lots being acquired by the government for public purposes. It contains descriptions of land parcels, their locations, extents, and current claimants/encroachers, which falls squarely under the ""Land and property-related matters"" category (Type 4)."
1988-38,2016-10-14,LAND,"This gazette content primarily deals with land acquisition matters under the Land Acquisition Act. It contains specific notices for acquiring land for public purposes (police barrier and official residence), including detailed descriptions of the land parcels, locations, and acquisition procedures. This fits squarely within the Land Gazette classification (Type 4) as it concerns land acquisition, property matters, and government land takings for public use."
1988-39,2016-10-14,LAND,"The gazette content primarily deals with land acquisition matters. It specifically appoints an officer for land acquisition duties related to Road Development Projects under the Land Acquisition Act. The core subject matter is the acquisition of land for public projects, which falls squarely under the Land Gazettes category (Type 4) for land and property-related administrative matters. While it mentions a government minister and an appointment, the primary focus is on land acquisition procedures rather than government structure or personnel changes."
1988-40,2016-10-14,LAND,"This gazette content is exclusively about land acquisition matters under the Land Acquisition Act. It contains detailed notices about specific land parcels being acquired by the state, including property descriptions (lot numbers, land names, extents), compensation amounts, and legal deposit information. The content falls under ""Land acquisitions, transfers, or disposals"" as specified in the Land Gazettes (Type 4) category, and appears in the ""PART III - LANDS"" section of the gazette."
1988-41,2016-10-14,LAND,"This gazette content primarily deals with land matters, specifically the declaration of the ""Hathagala Raja Maha Vihara Sacred Area"" as an urban development area under the Town and Country Planning Ordinance. It includes detailed land descriptions, boundaries, and survey information, making it clearly a Land Gazette (Type 4) rather than a government personnel or structural announcement."
1988-22,2016-10-13,LEGAL_REGULATORY,"The gazette content contains ordinances made by the University Grants Commission amending existing university ordinances. This involves legal amendments to the Universities Act and specific institute ordinances, which falls under Legal/Regulatory matters (new regulations, statutory instruments, and modifications to existing laws)."
1988-23,2016-10-13,PEOPLE,"This gazette exclusively lists personnel changes (awards conferred to named individuals in the armed forces) without detailing any portfolio responsibilities or government structural changes. The content focuses solely on the recognition of specific individuals with their ranks and names, fitting the criteria for Type 2 (People Gazette)."
1988-24,2016-10-13,HYBRID,"This gazette contains both specific named individuals (Mr. M. A. B. Daya Senarth, Mrs. M. K. K. R. Abaydeera, Dr. A. L. Fareed) AND detailed descriptions of their portfolio responsibilities (e.g., ""Secretary of Finance and Planning, Engineering Services, Law and Order, Provincial Administration"", ""Secretary to the Ministry of Road, Cooperative Development and Trade, Housing and Construction, Estate Infrastructure Facilities, Industry and Rural Development""). This combination of people names with specific portfolio assignments meets the criteria for Hybrid Gazette (Type 3)."
1988-15,2016-10-12,PEOPLE,The gazette content announces the appointment of a specific individual (Mr. M. A. B. Daya Senarath) to a government position (Chief Secretary of the Western Province). It names the person and provides only a basic title without any detailed description of portfolio responsibilities or subject matter areas. This fits the definition of a People Gazette (Type 2).
1988-16,2016-10-12,LAND,"This gazette content is a declaration under the Land Acquisition Act for the acquisition of specific land parcels for public purpose. It contains detailed descriptions of land lots, boundaries, extents, and claimants, making it primarily about land and property matters. This fits the Land Gazette classification (Type 4) as it deals with land acquisition, which is explicitly listed under that category."
1988-17,2016-10-12,LAND,"This gazette content is a declaration under the Land Acquisition Act for the acquisition of specific land parcels for public purpose. It contains detailed descriptions of multiple land lots with their boundaries, extents, and locations. The content focuses exclusively on land acquisition matters, which falls under the Land Gazettes category (Type 4) for land and property-related matters including land acquisitions and transfers."
1988-18,2016-10-12,LAND,"This gazette content is exclusively about land acquisition notices under the Land Acquisition Act, detailing specific lots of land being acquired for public purpose. It contains descriptions of land parcels, their locations, extents, and claimants, which falls squarely under the Land Gazettes category (Type 4) for land and property-related matters."
1988-19,2016-10-12,LAND,"This gazette content is a Land Acquisition Notice published under the Land Acquisition Act, specifically detailing the government's intention to acquire multiple land parcels and servitudes for public purpose. It contains descriptions of specific land lots, their names, types (paddy field, garden, etc.), claimants, and extents. This falls squarely under Type 4 (Land Gazettes) as it deals with land acquisition matters, property ownership transfers, and land-related administrative procedures."
1988-20,2016-10-12,LAND,"This gazette content consists entirely of land acquisition declarations under the Land Acquisition Act, specifying particular land parcels to be acquired for public purposes. It includes detailed descriptions of land locations, boundaries, extents, and survey references. While it mentions a government minister, the primary focus is on land matters rather than government personnel changes or structural adjustments, making it a clear example of a Land Gazette."
1988-21,2016-10-12,LAND,"This gazette content primarily deals with land acquisition matters under the Land Acquisition Act, including specific land descriptions, boundaries, claimant information, and compensation procedures. It falls under the Land Gazettes category as it focuses exclusively on land-related administrative procedures and notifications."
1988-12,2016-10-11,LAND,"This gazette content is a Land Acquisition Notice under the Land Acquisition Act, declaring that a specific parcel of land (0.3133 Hectare in Kahathivala village) is needed for a public purpose and will be acquired. The content primarily deals with land acquisition, property description, and boundaries, fitting the definition of a Land Gazette (Type 4). While it names the Minister of Lands, this is a standard legal requirement for such declarations and the notice's core purpose is land-related, not about government personnel or structure."
1988-13,2016-10-11,LAND,"This gazette notice is a Land Acquisition Notice published under Section 33 of the Land Acquisition Act. It specifically deals with the acquisition of a specific land parcel (Lot No. 810 of 'Nugedeniya') and the deposit of statutory compensation for that acquisition. The content is entirely focused on land and property-related matters, falling squarely under the Land Gazettes category (Type 4)."
1988-14,2016-10-11,LEGAL_REGULATORY,"This gazette content primarily concerns legal/regulatory matters under the Industrial Disputes Act, specifically orders made under Section 4(1) to appoint arbitrators for industrial disputes. It involves statutory instruments and legal procedures for dispute resolution, which falls under Legal/Regulatory classification rather than government personnel or structural changes."
1988-01,2016-10-10,LEGAL_REGULATORY,"This gazette notification is issued under the Customs Ordinance (Chapter 235) and establishes new rates of exchange for customs duties and charges. It constitutes a regulatory framework for customs operations, making it a legal/regulatory matter rather than a government personnel, organisational, land, commercial, or other specialized category."
1988-02,2016-10-10,LAND,"This gazette content is a notice under the Land Acquisition Act for the acquisition of specific land parcels for a hydro power project. It contains detailed descriptions of land lots, extents, boundaries, and claimants, which falls squarely under land and property-related matters as defined in Type 4 (Land Gazettes). The content does not involve government structure/personnel changes or any of the other specialized categories."
1988-03,2016-10-10,LEGAL_REGULATORY,"This gazette content primarily concerns the declaration of forest reserves under the Forest Conservation Ordinance, which involves legal/regulatory matters. It contains an order made under statutory authority (Section 3 of the Forest Conservation Ordinance) and includes detailed legal descriptions of land boundaries. While it mentions Minister Maithripala Sirisena, it does so in the context of exercising statutory powers rather than announcing personnel changes or detailed portfolio responsibilities. The core content is about legal designation of protected forest areas, making it a Legal/Regulatory gazette."
1988-04,2016-10-10,LAND,"The gazette content primarily concerns the acquisition of immovable property (land) by the National Water Supply and Drainage Board for specific construction projects. It contains detailed legal descriptions of land parcels, including their location, boundaries, extent, and claimants. While a government minister is named and a legal act is cited, the core subject matter is land acquisition, making it a Land Gazette."
1988-05,2016-10-10,LAND,"This gazette content is exclusively about land acquisition notices under the Land Acquisition Act. It describes specific parcels of land being acquired by the government for public purposes, including detailed descriptions of the land, boundaries, claimants, and compensation procedures. This fits perfectly within the ""Land Gazettes"" category (Type 4) which covers land acquisitions, transfers, and property-related matters."
1988-06,2016-10-10,LAND,"This gazette notice is about land acquisition for the University of Uva Wellassa under the Land Acquisition Act. It contains detailed descriptions of specific land parcels, including lot numbers, boundaries, extents, land use, and claimant information. The content focuses exclusively on the compulsory acquisition of land for public purposes, which falls squarely under the Land Gazettes category (Type 4) dealing with land and property-related matters."
1988-07,2016-10-10,LAND,"This gazette content is primarily about land acquisition under the Land Acquisition Act. It contains detailed declarations for acquiring specific parcels of land for public purposes, including land descriptions, boundaries, extents, and survey details. While it mentions a government minister (John Anthony Emmanuel Amarathunga), the core content focuses exclusively on land matters rather than government personnel changes or portfolio responsibilities, making it a Land Gazette (Type 4)."
1988-08,2016-10-10,LAND,"This gazette content is exclusively about land acquisition matters under the Land Acquisition Act. It contains detailed notices regarding statutory compensation deposits for specific land parcels acquired by the state, including property descriptions, locations, extents, and compensation amounts. The content falls under ""Land acquisitions, transfers, or disposals"" as specified in the Land Gazettes (Type 4) category, with no government personnel changes or structural modifications mentioned."
1988-09,2016-10-10,LAND,"This gazette content exclusively deals with land acquisition notices under the Land Acquisition Act, providing detailed descriptions of specific land parcels being acquired for public purposes. It includes lot numbers, land names, descriptions, claimants, and extents, which falls squarely under the Land Gazettes category (Type 4) for land and property-related matters."
1988-10,2016-10-10,LAND,"This gazette content is a Land Acquisition Notice published under the Land Acquisition Act. It specifically declares that certain lands are needed for a public purpose and provides detailed descriptions of the properties to be acquired, including their location, extent, and boundaries. The content is exclusively focused on land and property-related matters, falling squarely within the definition of a Land Gazette (Type 4). While a government minister is named, this is incidental to the primary purpose of the notice, which is the acquisition of land, not a government personnel or structural change."
1988-11,2016-10-10,LAND,"This gazette content is exclusively about land acquisition notices under the Land Acquisition Act, detailing specific parcels of land being acquired by the government for a public purpose. It provides descriptions, lot numbers, extents, and claimant information for numerous individual land plots, which falls squarely under the ""Land and property-related matters"" category."
1987-60,2016-10-08,LAND,"This gazette content is a Land Acquisition Notice under the Land Acquisition Act, specifically detailing the acquisition of multiple land lots for public purpose. It contains detailed descriptions of land parcels, their locations, extents, current uses, and claimants. The content falls squarely under Land Gazettes (Type 4) as it deals with land acquisitions and property matters, not government personnel/structure or other specialized categories."
1987-61,2016-10-08,LAND,"This gazette content is exclusively about land acquisition notices under the Land Acquisition Act, detailing specific parcels of land being acquired by the government for a public purpose. It includes descriptions of land lots, their use (paddy fields, gardens, canals, roads, estates), and information on claimants. This fits perfectly within the ""Land Gazettes"" category (Type 4) for land acquisitions and related property matters."
1987-62,2016-10-08,LAND,"This gazette content is exclusively about land acquisition notices under the Land Acquisition Act, detailing specific land lots, their descriptions, claimants, and extents for public purpose acquisition. It falls under the Land Gazettes category as it deals with land acquisition and property matters without any government personnel changes, organizational restructuring, or other specialized categories."
1987-41,2016-10-07,HYBRID,"This gazette content names a specific individual (President Maithripala Sirisena) and details the amendment of his powers under Article 43 of the Constitution. It specifically outlines the modification of ministerial responsibilities by adding the ""Boat Ordinance, No. 4 of 1900"" to the portfolio of the Minister of Ports and Shipping. This constitutes both the ""who"" (the President) and the ""what"" (detailed changes to portfolio responsibilities), making it a Hybrid Gazette."
1987-42,2016-10-07,PEOPLE,"The gazette content exclusively concerns government personnel changes (promotion and retirement of named military officers - Air Marshal Gagan Pulasthi Bulathsinghala and Air Vice Marshal Kapila Veediya Bandara Jayampathi). It provides only basic titles/ranks (""Air Chief Marshal,"" ""Head of the Sri Lanka Air Force"") without any detailed descriptions of portfolio responsibilities, subject areas, or duties. This fits the definition of a People Gazette (Type 2) as it contains only personnel announcements with named individuals and their general titles."
1987-43,2016-10-07,LEGAL_REGULATORY,"This gazette content primarily deals with legal/regulatory matters under the Industrial Disputes Act, specifically orders and revocations of orders for arbitration of industrial disputes. It involves statutory instruments (orders under Section 4(1) of the Act), revocation of previous orders, and appointment of arbitrators to settle disputes between individuals and government authorities. While it mentions a minister (W. D. J. Seneviratne), it does so in the context of exercising statutory powers under specific legislation rather than making government personnel or structural changes, making it a legal/regulatory matter rather than a government classification type."
1987-44,2016-10-07,LAND,"This gazette content is a Land Acquisition Notice published under the Land Acquisition Act, specifically declaring that certain described lands are needed for public purpose. The document provides extensive details about specific land lots, their boundaries, extents, and locations, which falls squarely under land and property-related matters as defined in Type 4 (Land Gazettes). While it mentions a government minister making the declaration, the primary focus is on land acquisition details rather than government personnel changes or portfolio responsibilities."
1987-45,2016-10-07,LAND,"This gazette content consists entirely of land acquisition notices under the Land Acquisition Act, specifically detailing the acquisition of multiple land parcels for public purpose (Central Express Way project). It contains detailed descriptions of land lots, extents, locations, and claimant information, which falls squarely under the Land Gazettes category (Type 4) for land acquisitions and property-related matters."
1987-46,2016-10-07,LAND,"This gazette content is exclusively about land acquisition notices under the Land Acquisition Act. It contains detailed descriptions of specific land parcels being acquired by the government for public purposes, including lot numbers, land names, descriptions of properties, claimants, and exact land extents. The content appears in ""PART III - LANDS"" and focuses entirely on land/property matters, fitting perfectly within the Land Gazettes classification (Type 4) without involving government personnel changes, organizational restructuring, or other specialized categories."
1987-47,2016-10-07,LAND,"This gazette content is exclusively about land acquisition notices under the Land Acquisition Act. It provides detailed descriptions of specific parcels of land being acquired by the government for public purposes, including land names, descriptions (garden, paddy field, road, etc.), claimants, original claimants, and exact measurements. The content falls squarely within the definition of Type 4 (Land Gazettes) which covers land acquisitions, transfers, and property-related matters."
1987-48,2016-10-07,LAND,"This gazette content is exclusively about land acquisition notices under the Land Acquisition Act, providing detailed descriptions of specific land parcels being acquired by the government for public purposes. It includes lot numbers, land names, descriptions (paddy fields, gardens, roads), claimants, original claimants, and exact land extents. This falls squarely under the Land Gazettes category (Type 4) as it deals with land acquisitions and property matters."
1987-49,2016-10-07,LAND,"This gazette content is exclusively about land acquisition notices under the Land Acquisition Act, detailing specific parcels of land being acquired by the government for public purposes. It includes descriptions of land names, types, claimants, and extents, which falls squarely under the ""Land and property-related matters"" category (Type 4). There is no government personnel information, structural changes, or other specialized administrative matters that would warrant a different classification."
1987-51,2016-10-07,LEGAL_REGULATORY,"This gazette contains a Direction issued by the Consumer Affairs Authority under the Consumer Affairs Authority Act, No. 09 of 2003. It establishes new regulatory requirements (labeling information) for manufacturers, importers, distributors, and traders of edible oils. This content fits the definition of Legal/Regulatory Gazettes (Type 5), which include ""regulatory frameworks and compliance requirements"" and ""statutory instruments and subsidiary legislation."" Although a person's name (the Chairman) is present, it is in a signing capacity and the core content is purely regulatory, not about government personnel or structure."
1987-52,2016-10-07,LAND,"This gazette content deals exclusively with land title registration matters under the Registration of Title Act, No. 21 of 1998. It contains declarations of determination for specific land parcels (including parcel numbers, block numbers, cadastral maps, and locations) and includes detailed schedules with ownership information, property extents, and land classifications. The content is specifically published in ""PART III - LANDS"" of the gazette, confirming its focus on land and property-related matters, which falls under the Land Gazettes classification (Type 4)."
1987-53,2016-10-07,LAND,"This gazette content exclusively deals with land title registration matters under the Registration of Title Act. It contains declarations of determination by the Commissioner of Title Settlement regarding specific land parcels (including parcel numbers, extents, ownership details, and encumbrances) in the Homagama area. The content focuses entirely on land ownership, title settlement, and property registration, which falls squarely under the Land Gazettes classification (Type 4). There are no government personnel changes, organizational restructuring, or other non-land related administrative matters present."
1987-54,2016-10-07,LAND,"This gazette content exclusively deals with land-related matters, specifically notices calling for claims to land parcels under the Registration of Title Act. It involves land ownership claims, cadastral maps, and title settlement procedures in specific districts (Puttalam and Kurunegala). The content focuses entirely on land registration and title determination processes, which falls squarely under the Land Gazettes classification (Type 4) for land and property-related matters."
1987-55,2016-10-07,LAND,"This gazette content consists entirely of notices calling for claims to land parcels under the Registration of Title Act, including specific land parcel details, cadastral map references, and procedures for land title determination. The content focuses exclusively on land ownership claims, title registration, and land settlement matters, which falls squarely under the Land Gazettes category (Type 4) for land and property-related matters."
1987-56,2016-10-07,LAND,"This gazette content exclusively deals with land title registration matters under the Registration of Title Act, No. 21 of 1998. It contains declarations of determination by the Commissioner of Title Settlement regarding specific land parcels, including detailed information about land ownership, parcel numbers, extents, and encumbrances. The content focuses entirely on land property matters without any government personnel changes, organizational restructuring, or other specialized categories."
1987-57,2016-10-07,LAND,"This gazette content is exclusively about land title registration under the Registration of Title Act, specifically declaring the Commissioner's determination regarding title to specific land parcels (Parcel Nos. 35 and 70) with detailed land ownership information, including parcel numbers, extent, owner names, identity numbers, and title class. The content appears in ""PART III - LANDS"" of the gazette and deals with property ownership and land title matters, fitting perfectly within the Land Gazettes classification (Type 4)."
1987-58,2016-10-07,LAND,"This gazette content is exclusively about land title registration, detailing the determination of titles for specific land parcels, including owner names, extents, and encumbrances. It falls under the Registration of Title Act and deals with property ownership matters, making it a clear Land Gazette (Type 4)."
1987-37,2016-10-06,LEGAL_REGULATORY,"This gazette notification announces a notice under the Wages Boards Ordinance regarding the intention to make an order for the Marine Transport and Operational Services Trade. It contains regulatory content about applying wage board provisions to specific worker categories, making it primarily about legal/regulatory matters rather than government structure, personnel, or other specialized categories."
1987-38,2016-10-06,LAND,"This gazette content exclusively deals with land acquisition matters under the Land Acquisition Act. It provides detailed descriptions of specific land parcels being acquired by the government for water reserve projects, including lot numbers, land names, descriptions, claimants, and exact measurements. The content falls squarely under ""Land acquisitions, transfers, or disposals"" as defined in the Land Gazettes category (Type 4)."
1987-39,2016-10-06,LAND,"This gazette content is a Land Acquisition Notice published under the Land Acquisition Act. It specifically declares that a particular piece of land is needed for a public purpose and will be acquired, providing detailed land descriptions, boundaries, and location information. This falls squarely under Type 4 (Land Gazettes) which covers ""land acquisitions, transfers, or disposals"" and ""any gazette content primarily dealing with land, property, or real estate matters."" While it mentions a minister's name, this is incidental to the primary land acquisition purpose and does not include detailed portfolio responsibilities that would trigger a government classification type."
1987-40,2016-10-06,LAND,"This gazette content is a declaration under the Land Acquisition Act for the acquisition of multiple land parcels for public purpose. It contains detailed descriptions of specific land lots, their extents, boundaries, and assessment numbers, which falls squarely under land and property-related matters. The mention of the Minister making the declaration does not shift it to a government personnel classification as the core content is exclusively about land acquisition."
1987-20,2016-10-05,LAND,"This gazette content is a declaration under the Land Acquisition Act for the acquisition of specific lands for public purpose. It contains detailed descriptions of land parcels, boundaries, extents, and locations, which falls squarely under the Land Gazettes category (Type 4) for land and property-related matters. While it mentions a government minister, this is incidental to the primary land acquisition purpose and does not involve government structural changes or detailed portfolio responsibilities that would trigger a government-related classification."
1987-21,2016-10-05,LAND,"This gazette content is primarily concerned with land and property-related matters. It is an order under the Urban Development Authority Law declaring a specific geographical area (the Rakwana Urban Development Area) with detailed metes and bounds to be an Urban Development Area for the purpose of development. This fits the definition of a Land Gazette, which includes land use planning, zoning changes, and land development projects. While a government minister is named, the core subject matter is the declaration and specification of a land area, not a government personnel change or a detailed assignment of ministerial portfolios."
1987-22,2016-10-05,ELECTIONS,"This gazette notification specifically concerns the filling of a vacancy in the Southern Province Provincial Council, which is an electoral process matter. It details the procedure triggered by a resignation, the nomination by a political party, and the official declaration of a newly elected member by the Election Commission. The content falls squarely under the definition of Type 7 (Elections Gazettes), which includes ""Election results and declarations"" and ""Candidate nominations and registrations."""
1987-23,2016-10-05,LEGAL_REGULATORY,"This gazette content primarily involves the declaration of legal privileges and immunities for an international organization under the Diplomatic Privileges Act. It constitutes a regulatory matter where the Minister is exercising powers vested by an existing law to apply legal provisions to a specific entity, making it a Legal/Regulatory gazette (Type 5) rather than a government personnel or structural announcement."
1987-24,2016-10-05,LAND,"This gazette content is exclusively about land acquisition under the Land Acquisition Act, detailing specific land parcels to be acquired for public purpose. It contains descriptions of land lots, their locations, claimants, and extents, which falls squarely under the Land Gazettes category (Type 4) for land acquisitions and property-related matters."
1987-25,2016-10-05,LAND,"This gazette content deals exclusively with land and property matters, specifically notices calling for claims to intestate property under the Registration of Title Act. It contains detailed land information including cadastral map numbers, parcel numbers, land extents, and certificate of title numbers for multiple properties. The content focuses on land title registration and property claims, which falls squarely under the Land Gazettes category (Type 4) as it primarily deals with land registrations, property ownership, and land title matters."
1987-26,2016-10-05,LAND,"This gazette exclusively deals with amendments to land title registrations under the Registration of Title Act, No. 21 of 1998. It contains specific details about parcels of land, including their numbers, block numbers, cadastral maps, locations, and amendments to land title particulars (such as inserting rights of way, amending land extents, and expunging particulars). The content is purely land and property-related, falling squarely under the Land Gazettes category (Type 4) for land registrations, title amendments, and property matters."
1987-27,2016-10-05,LAND,"This gazette content exclusively deals with amendments to land title registrations under the Registration of Title Act, No. 21 of 1998. It contains specific details about parcels of land, cadastral maps, land classifications, encumbrances, servitudes, and other property-related matters across multiple locations in Sri Lanka. The content is purely focused on land and property administration without any government personnel changes, organizational restructuring, or other non-land related matters."
1987-29,2016-10-05,LAND,"This gazette content exclusively deals with land title registration matters under the Registration of Title Act, specifically declaring determinations of land titles for various parcels in Kegalle District. It contains detailed schedules of land parcels, their extents, owners' information, and encumbrances - all characteristic of land-related administrative matters falling under Type 4 (Land Gazettes)."
1987-30,2016-10-05,LAND,"This gazette content exclusively deals with land title registration matters under the Registration of Title Act, specifically declaring determinations of land ownership for multiple parcels in various villages. It contains detailed schedules of land parcels with their numbers, extents, ownership details (all owned by ""The State""), and classification information. The document is explicitly labeled as ""PART III - LANDS"" and focuses entirely on land registration and title settlement, fitting perfectly within the Land Gazettes category."
1987-31,2016-10-05,LAND,"This gazette content exclusively deals with land title registration matters under the Registration of Title Act, No. 21 of 1998. It contains declarations of determination by the Commissioner of Title Settlement regarding specific land parcels, including detailed information about land ownership, parcel numbers, extents, and owner identities. The content falls squarely within the Land Gazettes category as it concerns land registrations, property ownership determinations, and land title settlements."
1987-32,2016-10-05,LAND,"This gazette content deals exclusively with land title registration matters under the Registration of Title Act. It contains declarations of determination for specific land parcels (including parcel numbers, extents, owner details, and title classifications) in the Village of Sitinamaluwa. The content focuses on land ownership registration, property titles, and land adjudication processes, which squarely fits the Land Gazettes category (Type 4) for land and property-related matters."
1987-33,2016-10-05,LAND,"This gazette content exclusively deals with land title registration matters under the Registration of Title Act, No. 21 of 1998. It contains detailed declarations of land title determinations for specific parcels of land, including parcel numbers, owner names, extent of land, encumbrances, and other land-related particulars. The content is published in ""PART III - LANDS"" of the gazette and focuses entirely on land ownership and registration matters, which falls squarely under the Land Gazettes classification (Type 4)."
1987-34,2016-10-05,LAND,"This gazette content deals exclusively with land title registration matters under the Registration of Title Act. It contains declarations of determination for specific land parcels (including parcel numbers, extents, and ownership details) in Moragaswewa village, with detailed schedules showing land ownership transfers and registrations. The content falls under ""Land and property-related matters"" including ""land registrations, property ownership, land titles"" as specified in the Land Gazettes (Type 4) classification."
1987-35,2016-10-05,LAND,"This gazette content exclusively deals with land title registration and determinations regarding specific land parcels, including ownership details, extents, encumbrances, and legal status of properties. It falls under the Land Gazettes category as it primarily concerns land and property-related matters under the Registration of Title Act."
1987-36,2016-10-05,LAND,"This gazette content exclusively deals with amendments to land title registrations under the Registration of Title Act. It contains multiple entries detailing specific changes to land parcels, including amendments to parcel numbers, extents, mortgages, encumbrances, and caveat injunctions for properties in various locations. The content is purely land and property-related, falling squarely within the Land Gazette classification (Type 4) as it involves land registrations, title amendments, and property encumbrances without any government personnel changes or structural administrative matters."
1987-09,2016-10-04,LAND,"This gazette content is a notice under the Land Acquisition Act for the acquisition of specific land parcels for a Morana Tank Project. It contains detailed descriptions of land lots, including cadastral map numbers, block numbers, land names, claimants, encroachers, and exact land extents. This falls squarely under Land Gazettes (Type 4) as it deals with land acquisition matters, which is explicitly defined as including ""land acquisitions, transfers, or disposals"" and ""any gazette content primarily dealing with land, property, or real estate matters."""
1987-13,2016-10-04,LAND,"This gazette notification specifically concerns land acquisition matters under the Land Acquisition Act. It appoints officers to function as Acquiring Officers for land acquisition duties under the Metro Colombo Urban Development Project. The core subject matter is land acquisition and property-related administrative appointments, which falls squarely under the Land Gazettes category (Type 4) for land and property-related matters. While it mentions government personnel appointments, the primary focus and context are land acquisition, making Type 4 the appropriate classification rather than a government personnel type."
1987-14,2016-10-04,LEGAL_REGULATORY,"This gazette content primarily involves legal/regulatory matters under the Industrial Disputes Act, specifically orders made under Section 4(1) appointing arbitrators to settle industrial disputes. It contains statutory instruments and legal procedures for dispute resolution, which falls under Legal/Regulatory classification rather than government personnel or structural changes."
1987-16,2016-10-04,LAND,"This gazette content is exclusively about land acquisition under the Land Acquisition Act. It provides detailed descriptions of specific land parcels being acquired for public purpose, including location details, extent measurements, and claimant information. This falls squarely under Type 4 (Land Gazettes) which covers land acquisitions, transfers, or disposals."
1987-17,2016-10-04,LAND,"This gazette content is exclusively about land acquisition under the Land Acquisition Act, containing detailed descriptions of specific land parcels, their boundaries, extents, and claimants. It involves government action regarding land but focuses entirely on property matters (acquisition for public purpose) rather than government structure, personnel, or portfolio responsibilities. This fits the Land Gazette classification (Type 4) for land and property-related matters."
1987-18,2016-10-04,LAND,"This gazette content is a land acquisition notice under the Land Acquisition Act, declaring specific parcels of land needed for public purpose. It contains detailed descriptions of multiple land lots, their extents, boundaries, and locations. The content is exclusively focused on land matters, specifically land acquisition, which falls under the Land Gazettes category (Type 4)."
1987-19,2016-10-04,LEGAL_REGULATORY,"This gazette contains regulations made by the Minister of Ports and Shipping under the Merchant Shipping Act, No. 52 of 1971. It establishes new legal/regulatory frameworks for training, certification, and watchkeeping standards for seafarers, implementing an international convention. The content focuses entirely on creating new regulatory requirements and compliance standards rather than government personnel changes, organizational restructuring, or other specialized categories."
1987-01,2016-10-03,LEGAL_REGULATORY,"This gazette notification establishes new rates of exchange for customs duties and other charges under the Customs Ordinance. It constitutes a regulatory framework for customs valuation and compliance requirements, falling squarely under Legal/Regulatory matters (Type 5) as it involves statutory instruments and regulatory procedures for customs operations."
1987-02,2016-10-03,LAND,"This gazette content is a land acquisition notice under the Land Acquisition Act, declaring specific lands needed for public purpose. It contains detailed descriptions of multiple land lots with boundaries, extents, and claimant information, making it primarily about land and property matters. This fits Type 4 (Land Gazettes) which covers land acquisitions, transfers, and property-related administrative actions."
1987-03,2016-10-03,LAND,"This gazette content is a land acquisition notice published under the Land Acquisition Act, declaring that specific parcels of land are needed for a public purpose. It contains detailed descriptions of multiple land lots with their boundaries, extents, and location details. The content focuses exclusively on land matters (acquisition of property) without any government personnel changes, structural changes, or other specialized categories, making it a clear Land Gazette."
1987-04,2016-10-03,LAND,"This gazette content is a land acquisition notice under the Land Acquisition Act, declaring that specific parcels of land are needed for a public purpose. It contains detailed descriptions of 104 land lots with their boundaries, extents, and claimants. The content is exclusively focused on land matters, falling squarely under the Land Gazettes category (Type 4) for land acquisitions and property-related declarations."
1987-05,2016-10-03,LEGAL_REGULATORY,"This gazette notification is a legal/regulatory instrument issued under the Excise Ordinance. It exercises powers vested by statute to modify excise duty regulations, specifically exempting certain imports from duty. While it names the Minister of Finance, it does so in the context of exercising statutory authority to create a regulatory change, not to announce a personnel appointment or describe ministerial portfolios. The core content is about modifying legal/regulatory requirements for excise duties."
1987-06,2016-10-03,LAND,"This gazette content primarily deals with land acquisition matters under the Land Acquisition Act. It contains detailed notices about specific land parcels being acquired for public purposes, including lot numbers, land names, extents, and boundary descriptions. The content focuses exclusively on land/property matters without involving government personnel changes, structural changes, or other specialized categories like legal/commercial/elections."
1987-07,2016-10-03,LAND,"This gazette content consists entirely of land acquisition notices under the Land Acquisition Act. It describes specific parcels of land being acquired for public purposes, including detailed descriptions of location, extent, boundaries, and survey information. The content focuses exclusively on land matters without involving government personnel changes, structural changes, or other specialized categories."
1987-08,2016-10-03,LEGAL_REGULATORY,"This gazette notification contains an order under the Excise (Special Provisions) Act, No. 13 of 1989, which modifies excise duty rates on specific tobacco products. The content focuses on regulatory changes to existing legislation (tax rates) and is issued under statutory authority. This fits the definition of Legal/Regulatory Gazettes (Type 5) as it involves regulatory frameworks and compliance requirements rather than government personnel changes, organizational structure, or other specialized categories."
