Document ID,Document Date,Gazette Type,Reasoning
2147-59,2019-10-31,LEGAL_REGULATORY,"This gazette content is a legal/regulatory notification about changes to the Value Added Tax Act. It specifically amends tax rates on certain services (condominium sales) through a ministerial order. The content focuses on regulatory changes to tax legislation rather than government personnel changes, structural changes, or any of the other specialized categories."
2147-60,2019-10-31,LEGAL_REGULATORY,"This gazette content contains the Central Bank of Sri Lanka's balance sheet and the Auditor General's review report. This constitutes financial regulatory information and statutory reporting requirements, which falls under Legal/Regulatory Gazettes (Type 5) as it involves regulatory frameworks, compliance requirements, and statutory financial reporting by a government financial institution."
2147-61,2019-10-31,LAND,"This gazette content exclusively deals with land title registration matters under the Registration of Title Act. It contains declarations of determination by the Commissioner of Title Settlement regarding specific land parcels (including parcel numbers, locations, owner details, and title classifications) in various villages. The content focuses entirely on land ownership, title registration, and property rights, which falls squarely under the Land Gazettes category (Type 4) for land and property-related matters."
2147-62,2019-10-31,LAND,"This gazette content deals exclusively with land title amendments under the Registration of Title Act, specifically expunging particulars of specific land parcels in various locations. It contains detailed descriptions of land parcels, cadastral maps, and village locations, making it primarily about land and property-related matters, which falls under the Land Gazettes category (Type 4)."
2147-63,2019-10-31,LAND,"This gazette content is exclusively about land title registration under the Registration of Title Act. It contains a declaration by the Commissioner of Title Settlement regarding the determination of title to a specific parcel of land (Parcel No 46, Block 03) with detailed land particulars including owner information, extent, location details, and encumbrances. The content appears in ""PART III - LANDS"" of the gazette and deals specifically with land registration matters, fitting perfectly within the Land Gazettes category."
2147-64,2019-10-31,LAND,"This gazette content deals exclusively with land title registration matters under the Registration of Title Act. It contains declarations of determination for specific land parcels (including parcel numbers, extents, owner details, and encumbrances) in various locations. The content falls under ""Land registrations, property ownership, land titles"" as specified in the Land Gazettes (Type 4) category, and appears in ""PART III - LANDS"" of the gazette."
2147-65,2019-10-31,JUDICIAL_LAW_ENFORCEMENT,"This gazette content concerns the appointment of President's Counsel, which falls under judicial/law enforcement matters. It involves the appointment process for legal professionals (Attorneys-at-Law) to a special designation, includes eligibility criteria related to legal practice standards, and references constitutional authority (Article 33(2)(e)). This fits Type 9 (Judicial/Law Enforcement) as it deals with legal professional appointments and judicial matters rather than general government personnel changes or structural reforms."
2147-66,2019-10-31,LAND,"This gazette content is a declaration under the Land Acquisition Act for the acquisition of a specific land parcel for public purpose. It contains detailed land description including location, boundaries, and extent, making it primarily about land and property matters. While it mentions a government minister, the core content focuses on land acquisition rather than government personnel changes or portfolio responsibilities."
2147-67,2019-10-31,LAND,"This gazette content primarily deals with land acquisition matters under the Land Acquisition Act. It specifically involves the divestment of certain allotments of land (described in detail with boundaries, extents, and survey information) that were previously vested in the State. The content focuses entirely on land-related administrative procedures, including specific land parcels, their descriptions, and legal processes related to land ownership and state acquisition, making it clearly a Land Gazette."
2147-68,2019-10-31,LAND,"This gazette content primarily deals with land acquisition matters under the Land Acquisition Act. It contains detailed descriptions of specific land parcels being acquired, including lot numbers, extents, boundaries, and locations. While it mentions a minister's name, the core content is about land property matters rather than government personnel changes or portfolio responsibilities. The document is explicitly labeled as ""PART III - LANDS"" and ""Land Acquisition Notices,"" confirming its focus on land-related administrative actions."
2147-69,2019-10-31,Error,API request failed: 504 Server Error: Gateway Timeout for url: https://eg-7060af6f-a5a9-44dd-b4e6-af36d56dbd47-prod.e1-us-east-azure.bijiraapis.dev/sample/deep-seek/v1.0/v1/chat/completions
2147-70,2019-10-31,LAND,"This gazette content is a land acquisition notice published under the Land Acquisition Act, specifically declaring the government's intention to acquire specific land parcels (Handferd Estate) for public purpose. It contains detailed descriptions of multiple land lots, their boundaries, extents, and claimant information. The content falls squarely under ""Land and property-related matters"" including ""land acquisitions"" as specified in the Land Gazettes (Type 4) classification."
2147-71,2019-10-31,LAND,"This gazette content primarily deals with land acquisition matters. It contains multiple orders under the National Water Supply and Drainage Board Act approving the acquisition of specific immovable properties (land parcels) for water supply infrastructure projects. The content includes detailed descriptions of the land parcels (extents, boundaries, locations), names of claimants, and specific project purposes. While it mentions a government minister (Rauff Hakeem) and his portfolio, the core content focuses on land acquisition and property matters, making it a Land Gazette (Type 4) rather than a government personnel or hybrid classification."
2147-72,2019-10-31,LEGAL_REGULATORY,"This gazette content primarily involves the promulgation of new tax regulations under the Finance Act, specifically establishing luxury tax rates on motor vehicles. It contains detailed regulatory provisions, tax rates, implementation dates, and legal authority citations, making it a clear example of legal/regulatory framework establishment rather than government personnel changes, organizational restructuring, or any other specialized category."
2147-73,2019-10-31,LAND,"This gazette content primarily deals with land acquisition matters. It contains two orders under the National Water Supply and Drainage Board Act approving the acquisition of immovable property and servitude rights over specific land parcels for water supply infrastructure projects. The document includes detailed land descriptions, boundaries, extents, and claimant information, making it clearly focused on land and property matters rather than government personnel changes or other administrative categories."
2147-48,2019-10-30,ELECTIONS,"This gazette content contains the official declaration of election results for a Local Authority (Elepitiya Pradeshiya Sabha), including the names of elected members for each ward and members returned for the authority. It is published by the Election Commission under the Local Authorities Elections Ordinance, which falls squarely under electoral processes and results declarations, making it an Elections Gazette (Type 7)."
2147-49,2019-10-30,LEGAL_REGULATORY,"This gazette content primarily concerns the issuance of an order under the Excise Ordinance, specifically prescribing rules related to security features (stickers and a sticker management system) for excisable articles. This falls under the category of Legal/Regulatory Gazettes (Type 5) as it involves regulatory frameworks, compliance requirements, and a statutory instrument (an order) made under existing legislation."
2147-50,2019-10-30,LAND,"This gazette content is a Land Acquisition Notice published under the Land Acquisition Act. It specifically describes the government's intention to acquire two parcels of land for public purpose, provides detailed descriptions of the properties (including location, extent, and current use), and outlines the legal process for interested parties to make compensation claims. The content falls squarely within the definition of Type 4 (Land Gazettes) as it deals with land acquisition, property descriptions, and land-related legal procedures."
2147-51,2019-10-30,LAND,"This gazette content primarily deals with land acquisition matters under the Land Acquisition Act. It contains specific notices for acquiring land for public purposes (building an OIC office and another unspecified purpose), including detailed descriptions of the land parcels, extents, locations, and procedures for compensation claims. This fits squarely within the Land Gazette category (Type 4) which covers land acquisitions, transfers, and property-related administrative matters."
2147-52,2019-10-30,LAND,"This gazette content is primarily about land acquisition under the Land Acquisition Act, containing detailed descriptions of specific land parcels, their boundaries, extents, and locations. It involves the Minister directing the acquisition of land for public purposes, which falls squarely under land and property-related matters. While it mentions a government minister, the core content is about land acquisition rather than government structure or personnel changes, making it a Land Gazette (Type 4)."
2147-53,2019-10-30,LAND,"This gazette content is primarily about land acquisition under the Land Acquisition Act, specifying detailed descriptions of multiple land parcels being acquired. It contains no government personnel changes or structural reorganizations, focusing exclusively on land matters including property boundaries, extents, and ownership claims."
2147-54,2019-10-30,LAND,"This gazette content primarily deals with land acquisition matters under the National Water Supply and Drainage Board Act. It specifically describes the acquisition of immovable properties/lands for construction projects, including detailed descriptions of land boundaries, locations, and extents. While it mentions a minister (Rauff Hakeem) and his ministerial titles, this is incidental to the main purpose of the document, which is land acquisition for specific infrastructure projects. The content fits the Land Gazette classification (Type 4) as it focuses on land and property-related matters rather than government personnel or structural changes."
2147-55,2019-10-30,LAND,"This gazette content primarily deals with land acquisition for specific public works projects (waste water pumphouses). It contains detailed descriptions of land parcels, including their location, boundaries, extent, and claimant information. While it mentions a government minister (Rauff Hakeem) exercising powers under a specific act, the core content focuses on property acquisition matters rather than government personnel changes or structural reorganization. The detailed land descriptions and acquisition purpose place this firmly in the Land Gazette category."
2147-56,2019-10-30,LAND,"This gazette content primarily deals with land acquisition matters. It contains three separate orders under the National Water Supply and Drainage Board Act approving the acquisition of specific immovable properties (land allotments) for construction projects. Each order includes detailed descriptions of the land parcels, including their location, boundaries, extent (in perch), and claimant information. The content focuses exclusively on land/property matters without involving government personnel changes, structural reorganizations, or other specialized categories like legal, commercial, or public service matters."
2147-57,2019-10-30,LAND,"The gazette content primarily deals with land acquisition and property corrections. It contains multiple orders under the National Water Supply and Drainage Board Act approving the acquisition of specific land parcels for water supply projects, including detailed descriptions of land boundaries, extents, locations, and claimant information. The content also includes errata correcting land names, extents, and claimant details from a previous gazette. This falls squarely under Land Gazettes (Type 4) as it concerns land and property-related matters including acquisitions, boundary descriptions, and title corrections."
2147-58,2019-10-30,HYBRID,"This gazette names a specific individual (Ajith P. Perera) with his ministerial title AND outlines detailed responsibilities (designating the Sri Lanka Computer Emergency Readiness Team as the Certification Authority under the Electronic Transactions Act). It contains both the ""who"" (government person) and ""what"" (detailed government responsibilities), making it a Hybrid Gazette."
2147-28,2019-10-29,HYBRID,"This gazette contains both a named individual (Wajira Abeywardana, Minister of Internal & Home Affairs and Provincial Councils & Local Government) AND detailed descriptions of the administrative responsibilities being assigned (establishing new Divisional Secretary's Divisions in specific districts, revising existing divisions, and specifying their composition and boundaries). This combination of a specific person and detailed administrative responsibilities makes it a Hybrid Gazette (Type 3)."
2147-29,2019-10-29,LAND,"This gazette content exclusively deals with land title registration matters under the Registration of Title Act, No. 21 of 1998. It contains declarations of determination for specific land parcels (including parcel numbers, extents, owner details, and title classifications) in various locations within the Weligama Divisional Secretary's Division. The content focuses on land ownership registration, title settlement, and property rights - all falling squarely within the Land Gazette classification category."
2147-30,2019-10-29,LAND,"This gazette content deals exclusively with land title registration matters under the Registration of Title Act. It contains declarations of determination for specific land parcels (including parcel numbers, extents, owner details, and property characteristics) in various locations. The content appears in ""PART III - LANDS"" of the gazette and focuses on land ownership registration, which falls squarely under the Land Gazettes category (Type 4) for land and property-related matters."
2147-31,2019-10-29,LAND,"This gazette content exclusively deals with land title registration matters under the Registration of Title Act, No. 21 of 1998. It contains declarations of determination for specific land parcels (No. 0176 and No. 0153) with detailed property descriptions, ownership details, and cadastral information. The content appears in ""PART III - LANDS"" of the gazette and focuses entirely on land title settlement procedures, making it clearly a Land Gazette."
2147-32,2019-10-29,LAND,"This gazette content is exclusively about land title registration under the Registration of Title Act. It contains a declaration by the Commissioner of Title Settlement regarding the determination of title to a specific parcel of land (Parcel No. 42, Block 06) with detailed land particulars including location, extent, owner information, and encumbrances. The content falls squarely within the Land Gazette category as it deals with land registration, title determination, and property ownership matters."
2147-33,2019-10-29,LAND,"This gazette content deals exclusively with land title registration matters under the Registration of Title Act. It contains a declaration by the Commissioner of Title Settlement regarding the determination of title to specific land parcels (Nos. 45, 53, 54, 56) in Ukwatthegoda village, including detailed ownership information, parcel numbers, extents, and legal classifications. The content falls squarely within the Land Gazette category as it concerns land registration, property ownership, and title settlement matters."
2147-34,2019-10-29,LAND,"This gazette content exclusively deals with land title registration matters under the Registration of Title Act. It contains declarations of title determinations for specific land parcels, including detailed schedules with parcel numbers, extents, owner names, and title classifications. The content focuses entirely on land ownership and property rights, falling squarely within the Land Gazettes category (Type 4) which covers land registrations, property ownership, and land title matters."
2147-36,2019-10-29,LAND,"This gazette content is primarily about land acquisition under the Land Acquisition Act. It contains a formal declaration that specific lands are needed for public purpose and will be acquired, including detailed descriptions of the land parcels, their locations, boundaries, and extents. While it mentions a government minister (Gayantha Karunatilleke), the core content focuses entirely on land matters rather than government personnel changes or portfolio responsibilities, making it a Land Gazette (Type 4)."
2147-37,2019-10-29,JUDICIAL_LAW_ENFORCEMENT,"This gazette establishes guidelines for the appointment of President's Counsel, which is a judicial/law enforcement matter. It involves the appointment of legal officers (a function of the judicial system), sets professional standards for attorneys, and outlines a process that involves consultation with the Chief Justice and Attorney General. This falls under judicial appointments and legal professional matters, making it Type 9 (Judicial/Law Enforcement) rather than a government personnel gazette."
2147-38,2019-10-29,LAND,"This gazette content is primarily about land acquisition under the Land Acquisition Act, specifying particular land lots with detailed descriptions, boundaries, and extents. While it mentions a government minister (Gayantha Karunatilleke) issuing the order, the core content focuses entirely on land matters (acquisition and property descriptions), making it a Land Gazette (Type 4) rather than a government personnel or hybrid classification."
2147-39,2019-10-29,LAND,"This gazette content primarily deals with land acquisition matters under the Land Acquisition Act. It contains detailed descriptions of specific land parcels being acquired, including lot numbers, extents, boundaries, and locations. While it mentions a government minister (Gayantha Karunatilleke) and his title, this is incidental to the main purpose of the document, which is the legal acquisition of land properties. The content fits squarely within the Land Gazette category (Type 4) as it concerns ""land acquisitions, transfers, or disposals"" and ""land registrations, property ownership, land titles."""
2147-40,2019-10-29,LAND,"This gazette content is primarily about land acquisition under the Land Acquisition Act, specifying particular land parcels with detailed descriptions (boundaries, extents, locations) and authorizing their possession. While it mentions a government minister (Gayantha Karunatilleke), the core subject matter is land-related, making it a Land Gazette (Type 4) rather than a government personnel or structural classification."
2147-41,2019-10-29,LAND,"This gazette content is primarily about land acquisition under the Land Acquisition Act, containing detailed descriptions of specific land parcels, their boundaries, extents, and locations. While it mentions a government minister (Gayantha Karunatilleke) issuing the order, the core content focuses entirely on land matters rather than government personnel changes or portfolio responsibilities. The document is explicitly labeled ""PART III - LANDS"" and ""Land Acquisition Notices,"" confirming its classification as a Land Gazette."
2147-42,2019-10-29,LAND,"This gazette content is exclusively about land acquisition matters under the Land Acquisition Act. It contains notices for acquiring specific land parcels, describes the land details (location, lot numbers, extent), and provides procedures for claimants regarding compensation. The content falls squarely under ""Land and property-related matters"" including land acquisitions, which defines Type 4 (Land Gazettes)."
2147-43,2019-10-29,HYBRID,"This gazette contains both a named individual (John Anthony Emmanual Amarathunga) and detailed portfolio responsibilities (Minister of Tourism Development, Wildlife and Christian Religious Affairs). It also includes the exercise of specific powers under the Tourism Act, which constitutes detailed governmental responsibilities. This combination of a specific person and their detailed ministerial portfolio makes it a Hybrid Gazette (Type 3) according to the classification rules."
2147-44,2019-10-29,LEGAL_REGULATORY,"This gazette notification contains a resolution passed by Parliament under Section 10 of the Customs Ordinance (Chapter 235) regarding the levying of import duties on specific articles. It establishes regulatory changes to customs duties and tariff rates, which falls under legal/regulatory matters involving statutory instruments and regulatory frameworks."
2147-45,2019-10-29,ELECTIONS,"This gazette content specifically addresses postal voting procedures and schedules for a presidential election under the Presidential Elections Act. It contains election-related announcements including voting dates and regulatory compliance requirements, which directly falls under the Elections category (Type 7) for electoral processes and related matters."
2147-46,2019-10-29,ELECTIONS,"This gazette notification specifically amends the deadline for nominations under the Presidential Elections Act. It is issued by the Election Commission and deals directly with electoral procedures and timelines, which falls under the Elections category (Type 7) for electoral processes and related matters."
2147-47,2019-10-29,LEGAL_REGULATORY,"This gazette content primarily concerns legal/regulatory matters under the Trusts Ordinance (Chapter 87). It contains orders made by the Minister of Justice and Prison Reforms regarding the incorporation and revocation of incorporation of religious trust entities. The content focuses on statutory instruments (orders under Section 114 of the Trusts Ordinance) rather than government personnel changes, structural changes, or any of the other specialized categories."
2147-01,2019-10-28,LEGAL_REGULATORY,"This gazette notification is issued under the Customs Ordinance (Chapter 235) and concerns the determination of official exchange rates for calculating customs duties and other charges. It rescinds a previous notification and establishes new regulatory rates, making it a legal/regulatory matter concerning customs administration and financial compliance requirements."
2147-02,2019-10-28,LAND,"This gazette content is primarily about land acquisition under the Land Acquisition Act, describing specific land parcels, their boundaries, and extents for a public purpose. While it mentions a government minister (Gayantha Karunatilleke), the core content focuses on land matters rather than government personnel changes or portfolio responsibilities, making it a Land Gazette (Type 4)."
2147-03,2019-10-28,LAND,"This gazette content is a declaration under the Land Acquisition Act for the acquisition of specific land parcels (Lots A and B) in Owatte village for a public purpose. It contains detailed land descriptions, boundaries, and extents, making it primarily about land and property matters. While it mentions a government minister (Gayantha Karunatilleke), the core content focuses on land acquisition rather than government personnel changes or portfolio responsibilities, making it a Land Gazette (Type 4) rather than a government-related type."
2147-04,2019-10-28,LAND,"This gazette content consists entirely of land acquisition notices published under the Land Acquisition Act. It describes specific parcels of land being acquired by the government for public purposes, including detailed descriptions of land locations, extents, current uses, and claimant information. The content falls squarely within the ""Land Gazettes"" category as it deals with land acquisitions and property matters."
2147-05,2019-10-28,LEGAL_REGULATORY,"This gazette content involves a regulatory order under the Special Commodity Levy Act, modifying import duties on specific commodities (fish and chillies). It constitutes a legal/regulatory instrument that amends existing regulations rather than dealing with government personnel, organizational structure, or any of the other specialized categories."
2147-06,2019-10-28,LAND,"This gazette content exclusively deals with land title registrations and amendments under the Registration of Title Act. It contains multiple entries detailing specific modifications to land parcel records, including changes to servitude rights, ownership details, and legal encumbrances affecting particular land parcels in various locations. The content focuses entirely on land property matters without any government personnel changes, organizational restructuring, or other non-land related administrative matters."
2147-07,2019-10-28,LAND,"This gazette content deals exclusively with amendments to land title registrations under the Registration of Title Act, specifically addressing changes to ownership types, owner names, and national identity card numbers for specific parcels of land. The content falls under ""Land and property-related matters"" including land registrations, property ownership, and land title amendments, which aligns perfectly with the definition of Type 4 (Land Gazettes)."
2147-08,2019-10-28,LAND,"This gazette content exclusively deals with land title registration matters under the Registration of Title Act. It contains multiple declarations of determination by the Commissioner of Title Settlement regarding specific land parcels, including detailed schedules with parcel numbers, owner information, extent of land, title classifications, and encumbrances. The content is entirely focused on land ownership and property rights, falling squarely within the Land Gazettes category (Type 4) as it involves land registrations, property ownership determinations, and title settlements."
2147-09,2019-10-28,LAND,"This gazette content deals exclusively with land title registration matters under the Registration of Title Act. It contains declarations of determination by the Commissioner of Title Settlement regarding specific land parcels, including detailed information about land ownership, parcel numbers, extents, and property details. The content appears in ""PART III - LANDS"" of the gazette and focuses on land registration and title settlement processes, which clearly falls under the Land Gazettes category (Type 4)."
2147-10,2019-10-28,LAND,"This gazette content exclusively deals with land title registration matters under the Registration of Title Act, No. 21 of 1998. It contains declarations of determination by the Commissioner of Title Settlement regarding specific land parcels (including parcel numbers, block numbers, cadastral maps, locations, and ownership details) in various villages. The content focuses entirely on land registration, title settlement, and property ownership matters, which falls squarely under the Land Gazettes classification (Type 4)."
2147-11,2019-10-28,LAND,"This gazette content exclusively deals with land title registration matters under the Registration of Title Act, specifically declaring determinations of land ownership for various parcels in the Dambulla area. It contains detailed land parcel numbers, cadastral map references, ownership details, and legal determinations regarding land titles, which falls squarely under the Land Gazettes category (Type 4) for land and property-related matters."
2147-12,2019-10-28,LAND,"This gazette content exclusively deals with land title registration under the Registration of Title Act, specifically declaring the determination of title for a specific parcel of land (No. 137 of Block 02) with detailed land particulars including location, owner information, and encumbrances. It falls squarely within the Land Gazette category as it concerns property ownership and land title matters without any government personnel changes or structural administrative modifications."
2147-13,2019-10-28,LAND,"This gazette content deals exclusively with land title registration matters under the Registration of Title Act. It contains declarations of determination for specific land parcels (including parcel numbers, extents, owner details, and encumbrances) in various locations. The content focuses on land ownership registration, property boundaries, and title settlements, which falls squarely under the Land Gazettes category (Type 4) for land and property-related matters."
2147-14,2019-10-28,LAND,"This gazette content deals exclusively with land title amendments under the Registration of Title Act, specifically expunging particulars of multiple land parcels with detailed descriptions of their locations (block numbers, cadastral maps, villages, divisions, districts). The content falls under ""PART III - LANDS"" and involves land registration matters, making it clearly a Land Gazette (Type 4) according to the classification criteria."
2147-15,2019-10-28,LAND,"This gazette content deals specifically with land and property matters, specifically calling for claims to intestate property (property of deceased persons without wills) under the Registration of Title Act. It contains detailed land descriptions including cadastral map numbers, parcel numbers, land extents, and certificate of title numbers. The content focuses entirely on land registration and property ownership issues, falling squarely within the Land Gazette classification (Type 4) rather than government personnel or structural changes."
2147-16,2019-10-28,LAND,"This gazette content exclusively deals with land title registration matters under the Registration of Title Act. It contains declarations of determination for specific land parcels (including parcel numbers, extents, owners, and location details) in various villages. The document is explicitly published in ""PART III - LANDS"" of the gazette and focuses on land ownership determinations, which falls squarely under the Land Gazettes category (Type 4) for land and property-related matters."
2147-17,2019-10-28,LAND,"This gazette content deals exclusively with land and property matters, specifically notices calling for claims to intestate property (property of deceased persons without wills) under the Registration of Title Act. It contains detailed land descriptions including village names, cadastral map numbers, parcel numbers, land extents, and certificate of title numbers. The content focuses on land title registration and property claims, which falls squarely under the Land Gazettes category (Type 4) for land and property-related matters."
2147-18,2019-10-28,LAND,"This gazette content deals exclusively with land title registration amendments under the Registration of Title Act. It contains multiple entries modifying land parcel details including extent measurements, owner information, parcel numbers, and servitude rights for specific land plots in various locations. The content is published in ""PART III - LANDS"" section and involves cadastral maps, land parcel numbers, and property ownership details, which clearly falls under land and property-related matters."
2147-19,2019-10-28,LAND,"This gazette content deals exclusively with land title registration amendments under the Registration of Title Act. It contains multiple entries detailing specific changes to land parcel registrations, including amendments to block numbers, ownership details, encumbrances, and servitude rights for various land parcels across different districts. The content is published in ""PART III - LANDS"" and focuses entirely on land administration matters, making it a clear example of a Land Gazette."
2147-20,2019-10-28,LAND,"This gazette content exclusively deals with land title registration matters under the Registration of Title Act, No. 21 of 1998. It contains declarations of determination by the Commissioner of Title Settlement regarding specific land parcels (including parcel numbers, cadastral maps, locations, and ownership details) in various villages. The content focuses entirely on land registration, ownership determinations, and property title matters, which falls squarely under the Land Gazettes classification (Type 4). There are no government personnel changes, organizational restructuring, or other non-land related administrative matters present."
2147-21,2019-10-28,LAND,"This gazette content deals exclusively with land title registration matters under the Registration of Title Act. It contains declarations of determination by the Commissioner of Title Settlement regarding specific land parcels, including ownership details, parcel numbers, extents, and legal status. The content is focused on land registration and property ownership matters, falling squarely within the Land Gazettes category (Type 4) as it primarily concerns land titles and property determinations."
2147-22,2019-10-28,LAND,"This gazette content deals exclusively with land title registration matters under the Registration of Title Act, specifically declaring determinations of land titles for various parcels in Matara District. It contains detailed land parcel information including plot numbers, extents, owner details, and property characteristics, which falls squarely within the Land Gazette classification category."
2147-23,2019-10-28,LAND,"This gazette content deals exclusively with land title registration matters under the Registration of Title Act. It contains declarations of determination by the Commissioner of Title Settlement regarding specific land parcels, including detailed schedules with parcel numbers, extent measurements, owner names, and property rights. The content is focused on land ownership and title registration, which falls squarely under the Land Gazettes category (Type 4) as it involves land registrations, property ownership determinations, and land title matters."
2147-24,2019-10-28,LAND,"This gazette content deals exclusively with land title registration matters under the Registration of Title Act, No. 21 of 1998. It contains declarations of determination by the Commissioner of Title Settlement regarding specific land parcels (including parcel numbers, extents, owner details, and encumbrances) in various locations. The content appears in ""PART III - LANDS"" of the gazette and focuses entirely on land ownership and title settlement, fitting perfectly within the Land Gazettes category (Type 4) for land and property-related matters."
2147-25,2019-10-28,LAND,"This gazette content deals exclusively with land title registration matters under the Registration of Title Act. It contains declarations of determination for specific land parcels (including parcel numbers, extents, ownership details, and encumbrances) in designated locations. The content falls under ""Land and property-related matters"" including land registrations, property ownership, and land titles, which aligns perfectly with Type 4 (Land Gazettes) classification."
2147-26,2019-10-28,LAND,"This gazette content exclusively deals with land title registration matters under the Registration of Title Act. It contains detailed declarations of land ownership determinations for specific parcels of land, including parcel numbers, owner names, extent of land, and encumbrances. The content falls under ""Land and property-related matters"" as defined in Type 4, specifically covering land registrations, property ownership, and land titles. There is no government personnel or structural content that would trigger Types 1-3, and the specialized nature of land registration clearly places it in the Land Gazette category."
2147-27,2019-10-28,ELECTIONS,"This gazette concerns the filling of a vacancy in a local government council (Polonnaruwa Municipal Council) due to the death of an elected member. The content specifically references the Local Authorities Elections Ordinance and outlines the procedural steps for nominating a replacement member. This falls directly under the ""Elections Gazettes"" category (Type 7), which includes electoral processes, candidate nominations, and declarations related to local authority elections."
2146-37,2019-10-27,LEGAL_REGULATORY,"This gazette content primarily involves regulatory matters under the Intellectual Property Act, specifically the amendment of fees regulations for the National Intellectual Property Office. It contains statutory instruments and regulatory frameworks (fee structures for industrial designs and marks), which falls under Legal/Regulatory classification (Type 5). While it mentions a minister's name (Sujeewa Senasinghe), it does not include detailed portfolio responsibilities or government structural changes that would qualify for Types 1-3."
2146-38,2019-10-27,ELECTIONS,"This gazette contains directions issued by the Election Commission regarding electoral procedures, specifically prohibiting photography/videography in polling stations and regulating media publications related to elections. The content focuses entirely on electoral processes and regulations, making it a clear fit for Type 7 (Elections Gazettes) as it deals with electoral commission decisions and election-related conduct rules."
2146-39,2019-10-27,ELECTIONS,"This gazette contains guidelines issued by the Election Commission regarding media conduct during elections, specifically prohibiting the publication of certain photographs/videos and unofficial election results. The content directly relates to electoral processes and regulations, falling clearly under the ""Elections Gazettes"" category (Type 7) which covers electoral commission decisions and election-related guidelines."
2146-40,2019-10-27,ELECTIONS,"This gazette content contains paragraphs issued by the Election Commission regarding electoral conduct, specifically addressing prohibited activities during elections (photography/videography at polling stations, media restrictions for public officers and military personnel, and restrictions on using government quarters for election purposes). The content directly relates to electoral processes and regulations, making it clearly fall under the Elections category (Type 7)."
2146-32,2019-10-25,LAND,"This gazette content primarily deals with land acquisition matters under the Land Acquisition Act. It contains specific orders for taking possession of described land parcels, including detailed descriptions of the land locations, boundaries, and extents. While it mentions a government minister (Gayantha Karunatilleke), this is incidental to the core land-related content, and there are no detailed portfolio responsibilities described beyond the ministerial title. The content fits squarely within the Land Gazette category as it concerns land acquisition, property descriptions, and land administration matters."
2146-33,2019-10-25,LAND,"This gazette content primarily deals with land acquisition matters under the Land Acquisition Act. It contains orders for taking possession of specific land parcels with detailed descriptions of the properties, including lot numbers, extents, and boundaries. While it mentions a government minister (Gayantha Karunatilleke), this is incidental to the core land-related content, and there are no detailed portfolio responsibilities or government structural changes described. The content fits squarely within the Land Gazette category (Type 4) as it concerns land acquisitions and property matters."
2146-34,2019-10-25,LAND,"This gazette content primarily deals with land acquisition matters under the Land Acquisition Act. It contains multiple orders for taking immediate possession of specific land parcels with detailed descriptions of boundaries, extents, and locations. The content focuses exclusively on land-related administrative actions without involving government personnel changes, structural reforms, or other specialized categories like legal, commercial, or electoral matters."
2146-35,2019-10-25,LAND,"This gazette content primarily deals with land acquisition matters under the Land Acquisition Act, specifically orders to divest certain land allotments from state ownership. It contains detailed descriptions of specific land parcels, their boundaries, and legal procedures related to land ownership - all characteristic of Land Gazettes (Type 4). While it mentions a government minister (Gayantha Karunatilleke), this is incidental to the core land-related content, and there are no detailed portfolio responsibilities described beyond the minister's title."
2146-36,2019-10-25,PEOPLE,"This gazette contains only government personnel changes (appointments of named individuals as Commissioners of the Mediation Boards Commission) with basic titles only (e.g., ""retired Judge of the Supreme Court""). It does not include detailed descriptions of portfolio responsibilities or subject matter areas, making it a People Gazette."
2146-29,2019-10-24,LAND,"This gazette content primarily deals with land acquisition matters under the Land Acquisition Act. It specifically concerns the divestment of a particular allotment of land (Lot No. 94) described in detail with boundaries, location, and extent. The content focuses on property/land transfer from the State, which falls squarely under the Land Gazettes category (Type 4) for land and property-related matters. While a government minister is named, the core subject is land disposition rather than government personnel or organizational structure."
2146-30,2019-10-24,LAND,"This gazette content primarily deals with land acquisition matters under the Land Acquisition Act. It specifically concerns the divestment of a particular allotment of land (Lot No. 58) in Kalubowila, Papiliyana, providing detailed descriptions of the land's location, boundaries, and extent. While a government minister is named, the core subject matter is land-related (acquisition and divestment of specific property), making it a Land Gazette (Type 4) rather than a government personnel or hybrid classification."
2146-31,2019-10-24,LEGAL_REGULATORY,"This gazette notification contains an order made under the Strategic Development Projects Act, No. 14 of 2008, which amends previous orders regarding a specific development project. The content focuses on legal/regulatory matters - specifically amending existing regulations, extending implementation timelines, and modifying investment requirements. While it mentions a minister's name, this is in the context of exercising statutory powers rather than announcing personnel changes or detailing portfolio responsibilities. The core content is regulatory in nature, making it a Legal/Regulatory Gazette."
2146-27,2019-10-23,LEGAL_REGULATORY,"This gazette content involves the issuance of implementing standards under the Civil Aviation Act, No. 14 of 2010. It constitutes regulatory framework and compliance requirements for civil aviation operations, which falls under Legal/Regulatory matters. The content does not involve government personnel changes, structural changes, or any of the other specialized categories like land, commercial, elections, public service, or judicial matters."
2146-28,2019-10-23,LEGAL_REGULATORY,"This gazette content contains an order issued by the Consumer Affairs Authority under the Consumer Affairs Authority Act, No. 09 of 2003, specifically removing an item (""Coconut"") from a previous order. This constitutes a regulatory action and modification of existing regulations, fitting the Legal/Regulatory classification (Type 5) for legal framework and regulatory matters."
2146-13,2019-10-22,LAND,"This gazette content exclusively deals with land title registration under the Registration of Title Act, specifically declaring the determination of title for a specific parcel of land (No. 120 of Block 05) with detailed land particulars including location, extent, owner information, and title classification. It falls squarely under Land Gazettes as it concerns property ownership and land title matters without any government personnel changes or structural administrative modifications."
2146-14,2019-10-22,LAND,"This gazette content exclusively deals with land-related matters, specifically calling for claims to land parcels under the Registration of Title Act. It involves land title determination, cadastral maps, and land ownership claims across multiple districts, which falls squarely under the Land Gazettes category (Type 4) for land and property-related matters."
2146-15,2019-10-22,LAND,"This gazette content exclusively deals with land acquisition matters under the Land Acquisition Act. It provides detailed notices about specific land parcels being acquired by the state, including cadastral map numbers, lot numbers, extents, compensation amounts, and court case details. The content focuses solely on land/property matters without any government personnel changes, organizational restructuring, or other specialized categories, making it clearly a Land Gazette."
2146-16,2019-10-22,LEGAL_REGULATORY,"This gazette content involves the exercise of statutory powers under the Societies Ordinance (Chapter 123) to authorize a purpose for a society. It contains legal/regulatory matters including the use of ministerial powers to extend legal facilities to a registered society, which falls under Legal/Regulatory classification (Type 5) rather than government personnel or structural changes."
2146-17,2019-10-22,HYBRID,"This gazette contains both a named individual (A. Ibathul Rauff Hakeem, Minister of City Planning, Water Supply and Higher Education) and detailed descriptions of the responsibilities and actions being taken (establishing Advanced Technological Institutes, assigning specific names, locations, departments, and divisions of study). The content involves the minister exercising powers under a specific act to create educational institutions with detailed structural specifications, making it a Hybrid gazette that combines both personnel and detailed portfolio responsibilities."
2146-18,2019-10-22,LEGAL_REGULATORY,"This gazette contains regulations made by a Minister under the Pilgrimages Ordinance, establishing legal/regulatory frameworks for managing a specific religious festival. It creates binding rules, defines terms, grants powers to officials, and establishes compliance requirements - all characteristic of legal/regulatory content rather than government personnel/structure changes."
2146-19,2019-10-22,LAND,"This gazette content exclusively deals with land title registration matters under the Registration of Title Act. It contains declarations of determination for specific land parcels, including detailed information about parcel numbers, ownership details, extent of land, and title classifications. The content appears in ""PART III - LANDS"" of the gazette and focuses entirely on land registration and property ownership matters, which falls squarely under the Land Gazettes classification (Type 4)."
2146-20,2019-10-22,LAND,"This gazette content exclusively deals with land title registration under the Registration of Title Act, specifically declaring the determination of title for a specific parcel of land (No. 191 of Block 01) in Matara District. It includes detailed land particulars, ownership information, and is published in the ""PART III - LANDS"" section of the gazette, making it clearly a land-related matter falling under Type 4 classification."
2146-21,2019-10-22,LAND,"This gazette content is exclusively about land title registration, specifically the declaration of a determination regarding title to a specific parcel of land (Parcel No. 0445, Block 04) under the Registration of Title Act. It contains detailed land particulars including parcel number, extent, location, owner information, and encumbrances. The content falls squarely within the Land Gazette category (Type 4) as it deals with land registration and title settlement matters."
2146-22,2019-10-22,PUBLIC_SERVICE,"This gazette notification contains amendments to the Service Minute of the Sri Lanka Agriculture Service, specifically detailing service conditions, promotion qualifications, and performance appraisal requirements for public service officers. It focuses on public sector service administration, including years of service requirements, salary increments, and performance evaluation procedures - all characteristic of Public Service Gazettes (Type 8). The content does not involve government structural changes, personnel appointments with names, or detailed ministerial portfolios that would fall under Types 1-3."
2146-23,2019-10-22,LEGAL_REGULATORY,"This gazette contains regulations made by the Minister under the Imports and Exports (Control) Act, specifically amending import license regulations and correcting printing errors in tariff schedules. This constitutes legal/regulatory matters involving statutory instruments and regulatory frameworks for import controls, fitting Type 5 (Legal/Regulatory Gazettes). While a minister is named, this is incidental to the regulatory content rather than being about government personnel changes or portfolio assignments."
2146-24,2019-10-22,PEOPLE,"This gazette content involves a correction to a previous personnel appointment (Ms. W. M. M. R. Adikari as a member of the Presidential Commission of Inquiry). It specifically names an individual and their title (""Retired Ministry Secretary"") but does not include any detailed descriptions of portfolio responsibilities or subject matter duties. This fits the definition of Type 2 (People Gazette) which covers government personnel changes with basic titles only."
2146-25,2019-10-22,Error,API request failed: 504 Server Error: Gateway Timeout for url: https://eg-7060af6f-a5a9-44dd-b4e6-af36d56dbd47-prod.e1-us-east-azure.bijiraapis.dev/sample/deep-seek/v1.0/v1/chat/completions
2146-26,2019-10-22,ORGANISATIONAL,"This gazette notification announces the National Consumer Price Index figure for September 2019, published by the Department of Census and Statistics. It does not involve government structure/personnel (Types 1-3) and does not fit any specialized categories (land, legal, commercial, elections, public service, or judicial). The content represents statistical information publication, which falls under general administrative matters not covered by Types 1-9, making it Miscellaneous (Type 10)."
2146-01,2019-10-21,LEGAL_REGULATORY,"This gazette notification establishes new exchange rates for customs duties and other charges under the Customs Ordinance. It is a regulatory instrument issued by the Director General of Customs exercising powers granted by law. The content focuses on legal/regulatory compliance requirements for international trade and customs payments, falling squarely under Legal/Regulatory matters rather than government personnel/structure changes or other specialized categories."
2146-02,2019-10-21,LAND,"This gazette content is a Land Acquisition Notice published under the Land Acquisition Act. It specifically deals with the government's intention to acquire land for resettlement purposes, provides descriptions of the lands to be acquired, and outlines procedures for compensation claims. The content is entirely focused on land and property-related matters, falling squarely under the Land Gazettes classification (Type 4)."
2146-03,2019-10-21,LEGAL_REGULATORY,"This gazette contains regulations made by the Minister of Health under the National Medicines Regulatory Authority Act, establishing pricing rules and procedures for medicinal products. It creates a legal/regulatory framework for medicine pricing, including committee composition, pricing methodologies, compliance requirements, and penalties for violations. This fits Type 5 (Legal/Regulatory) as it establishes subsidiary legislation and regulatory requirements rather than focusing on government personnel changes or organizational structure."
2146-04,2019-10-21,LAND,"This gazette content is primarily about land acquisition under the Land Acquisition Act. It contains a declaration by the Minister that specific land parcels (totaling 6.0702 Hectares) are needed for public purpose and will be acquired. The content describes the exact location, boundaries, and extent of the land, making it clearly land-related matter falling under Type 4 (Land Gazettes). While it mentions a government minister, the core content is about land acquisition rather than government structure or personnel changes."
2146-05,2019-10-21,PUBLIC_SERVICE,"This gazette notification deals specifically with the delegation of powers by the Public Service Commission regarding retirement matters of health service officers. It focuses on public service administration, specifically the transfer of authority from the Public Service Commission to the Secretary of the Ministry of Health for handling officer retirements, which falls under public sector service conditions and administrative procedures."
2146-06,2019-10-21,LAND,"This gazette content deals exclusively with land title registration matters under the Registration of Title Act. It contains declarations by the Commissioner of Title Settlement regarding the determination of title to specific land parcels (Nos. 83, 148, and 18) with detailed schedules showing ownership details, property extent, and title classifications. The content falls squarely under land and property-related matters as defined in Type 4, involving land registrations, property ownership determinations, and land title settlements."
2146-07,2019-10-21,LAND,"This gazette content exclusively deals with land title registration matters under the Registration of Title Act, No. 21 of 1998. It contains declarations of determination by the Commissioner of Title Settlement regarding specific land parcels (Parcel Nos. 631 and 250), including detailed ownership information, property extent, and title classifications. The content appears in ""PART III - LANDS"" of the gazette and focuses entirely on land ownership and title settlement processes, making it a clear example of Type 4 (Land Gazettes)."
2146-08,2019-10-21,LAND,"This gazette content exclusively deals with land title registration under the Registration of Title Act, specifically declaring the determination of title for a specific parcel of land (No. 240 of Block 03) in Homagama. It contains detailed land particulars including parcel number, extent, owner information, and title classification, which falls squarely under the Land Gazettes category (Type 4) for land and property-related matters."
2146-09,2019-10-21,LAND,"This gazette content deals exclusively with land title registration matters under the Registration of Title Act. It contains a declaration by the Commissioner of Title Settlement determining ownership of multiple land parcels (with specific parcel numbers, extents, and locations) and includes a detailed schedule of land ownership particulars. The content falls squarely within the definition of Land Gazettes, which cover land registrations, property ownership, and land title matters."
2146-10,2019-10-21,LAND,"This gazette content deals exclusively with land title registration matters under the Registration of Title Act. It contains declarations of determination regarding title to specific land parcels (including parcel numbers, extents, and ownership details) in various villages, with all parcels being registered to ""The State."" The content focuses on land ownership, title settlement, and property registration, which falls squarely under the Land Gazettes category (Type 4) for land and property-related matters."
2146-11,2019-10-21,LEGAL_REGULATORY,"This gazette content contains an order issued by the President under the Public Security Ordinance (Chapter 40), which is a legal/regulatory instrument. It involves the invocation of statutory powers to call out armed forces for maintaining public order, making it a legal/regulatory matter rather than a government personnel, organizational, or specialized administrative matter. The content focuses on the exercise of legal authority under existing legislation."
2146-12,2019-10-21,LEGAL_REGULATORY,"This gazette content primarily involves amendments to regulations governing the Meritorious Service Medal (Sevabhimani Padakkama), including eligibility criteria, design specifications, registration requirements, and forfeiture conditions. It constitutes legal/regulatory matter as it modifies existing statutory instruments and establishes formal rules for medal awards, which falls under Type 5 (Legal/Regulatory Gazettes) for legal framework and regulatory matters."
2145-54,2019-10-19,ELECTIONS,"This gazette concerns the filling of a vacancy in a local government body (Lankapura Pradeshiya Sabha) due to a resignation, as governed by the Local Authorities Elections Ordinance. It involves the nomination and declaration of a new member through an electoral process, which falls squarely under electoral matters and procedures."
2145-55,2019-10-19,LAND,"This gazette content primarily deals with land and property matters. It is an order under the Town and Country Planning Ordinance declaring a specific area of land (the Shrine of Our Lady of Madhu) as an Urban Development Area and directing the preparation of a physical plan. The content includes detailed land descriptions, survey information, boundary coordinates, and specific land measurements (121.4677 hectares), which are characteristic of land gazettes. While a minister is named, this is incidental to the land declaration purpose and does not involve government personnel changes or detailed portfolio responsibilities."
2145-56,2019-10-19,LAND,"This gazette content is a declaration under the Land Acquisition Act for the acquisition of a specific land parcel for public purpose. It contains detailed land description including location, boundaries, and extent, which falls squarely under Land Gazettes (Type 4) dealing with land acquisitions and property matters. While it mentions a government minister's name, the primary focus is on the land acquisition process rather than government personnel changes or portfolio responsibilities."
2145-52,2019-10-18,LAND,"This gazette content primarily deals with land acquisition matters under the Land Acquisition Act. It specifically concerns the divestment of a particular allotment of land described in detail (including location, boundaries, and extent), which falls under land and property-related matters. While it mentions a government minister (Gayantha Karunatilleke), this is incidental to the core land transaction being documented, making it a Land Gazette rather than a government personnel or hybrid classification."
2145-53,2019-10-18,LAND,"This gazette content is primarily about land acquisition under the Land Acquisition Act. It involves taking possession of a specific land parcel described in detail (location, boundaries, extent), which falls squarely under Land Gazettes (Type 4) for land acquisitions and property matters. While it mentions a minister's name, this is incidental to the land acquisition order and does not include detailed portfolio responsibilities that would make it a Hybrid type."
2145-49,2019-10-17,LEGAL_REGULATORY,"This gazette contains regulations made under the Foreign Exchange Act, No. 12 of 2017, specifically repealing and substituting requirements related to the repatriation of export proceeds. It establishes legal/regulatory frameworks for financial transactions and compliance, falling squarely under Legal/Regulatory classification (Type 5) rather than government personnel/structure categories."
2145-50,2019-10-17,LAND,"This gazette content consists entirely of land acquisition declarations under the Land Acquisition Act. It describes specific parcels of land being acquired for public purposes, including detailed descriptions of land boundaries, locations, and extents. While a government minister is named, the primary focus is on land matters rather than government personnel changes or portfolio responsibilities, making it a clear Land Gazette."
2145-51,2019-10-17,LAND,"This gazette notice is a Land Acquisition Notice published under the Land Acquisition Act, specifically detailing the acquisition of a specific land parcel (Giragahahenawatta) for public purposes. It contains detailed descriptions of the property, including its location, physical characteristics (trees, buildings), extent (1.8525 Hectares), and the claimant (Land Reform Commission). The content is exclusively focused on land/property matters, falling squarely under the Land Gazettes category (Type 4)."
2145-31,2019-10-16,LEGAL_REGULATORY,"This gazette content primarily involves the declaration of mangrove forests as reserved forests under the Forest Conservation Ordinance, which constitutes a legal/regulatory matter. It involves the exercise of statutory powers, references to specific legislation and amendments, and the creation of legally protected areas through a formal order. While it mentions the President by name, this is in the context of executing legal authority rather than a personnel appointment or government restructuring, and it does not involve detailed portfolio responsibilities that would make it a Hybrid type. The content fits squarely within legal framework and regulatory matters."
2145-32,2019-10-16,LAND,"This gazette content primarily deals with land matters, specifically the declaration of forest areas (Kalu Ganga Forest and Hobaragoda Forest) as reserved forests under the Forest Conservation Ordinance. It includes detailed geographic coordinates and land area measurements, which are characteristic of land-related gazette notifications. While it mentions the President by name, this is in the context of exercising statutory powers for land conservation purposes rather than government personnel changes or portfolio assignments."
2145-33,2019-10-16,LAND,"This gazette content primarily deals with land and property matters, specifically the declaration of mangrove forest conservation areas through legal orders. It contains detailed descriptions of land boundaries, coordinates, and extents of specific state land areas being designated as conservation forests. While it references legal authority (Forest Conservation Ordinance) and is signed by the President, the core content focuses on land classification and property designation rather than government personnel changes, organizational structure, or pure legal/regulatory framework creation."
2145-34,2019-10-16,LAND,"This gazette content primarily deals with land matters, specifically the declaration of mangrove forests as reserved forests through land demarcation and boundary definitions. It involves state land areas being designated for conservation purposes, with detailed geographic coordinates and extents provided. While it mentions the President's authority, the core content is about land classification and property designation rather than government personnel or structural changes."
2145-35,2019-10-16,LAND,"This gazette content primarily deals with land matters, specifically the declaration of mangrove forests as reserved forest areas through legal orders. It contains detailed descriptions of land boundaries, coordinates, and extents of specific land areas being designated for conservation purposes under the Forest Conservation Ordinance. While it mentions the President's name in an official capacity, the core content is about land designation and property status changes rather than government personnel or structural changes."
2145-36,2019-10-16,LEGAL_REGULATORY,"This gazette content primarily involves the declaration of a mangrove forest as a reserved forest under the Forest Conservation Ordinance. It constitutes a legal/regulatory matter as it creates a new protected area through statutory authority, references specific legislation and amendments, and establishes a legal framework for forest conservation. While it mentions the President by name, this is in the context of exercising statutory powers rather than a personnel appointment or government restructuring, making it a legal/regulatory gazette rather than a government-related type."
2145-37,2019-10-16,LEGAL_REGULATORY,"This gazette content primarily involves the declaration of forest reserves under the Forest Conservation Ordinance, which constitutes legal/regulatory action. It establishes new protected areas through statutory instruments, references specific legal amendments, and creates binding legal designations - all characteristic of Legal/Regulatory gazettes. While it mentions the President's name, this is in the context of exercising statutory powers rather than personnel appointment or portfolio assignment, so government classification types do not apply."
2145-38,2019-10-16,LEGAL_REGULATORY,"This gazette content primarily involves the declaration of mangrove forests as reserved forests under the Forest Conservation Ordinance, citing specific legal sections and amendments. It constitutes a regulatory action establishing protected areas under environmental legislation, making it a Legal/Regulatory matter rather than a government personnel/structure announcement or other specialized category."
2145-39,2019-10-16,LAND,"This gazette content primarily deals with land and property matters, specifically the declaration of mangrove forests as reserved forest areas through legal authority. It contains detailed land descriptions, coordinates, and boundaries for two specific forest areas (Thambalagamuwa and Lankapatuna), making it clearly a Land Gazette under Type 4. While it mentions the President's authority and references legal ordinances, the core content focuses on land designation and property boundaries rather than government personnel changes or structural reforms."
2145-40,2019-10-16,LEGAL_REGULATORY,"This gazette content involves the declaration of mangrove forests as reserved forests under the Forest Conservation Ordinance, which constitutes a regulatory/legal action. It references specific legal provisions (Section 3, Section 64(1), Chapter 451) and various amending acts, making it primarily about legal/regulatory matters rather than government personnel, organizational changes, land ownership, or other specialized categories. While it mentions the President by name, this is in the context of exercising statutory powers rather than a personnel appointment or portfolio assignment."
2145-41,2019-10-16,LEGAL_REGULATORY,"This gazette content primarily involves the declaration of forest reserves under the Forest Conservation Ordinance, which constitutes a legal/regulatory matter. It contains statutory orders made under specific legislative authority (Section 3 of the Forest Conservation Ordinance), references to multiple amending acts, and formal declarations creating reserved forests with detailed legal descriptions and boundaries. While the President is named as the authority making the declaration, this is in his capacity as the legal authority under the ordinance rather than a personnel appointment or government restructuring matter, making this primarily a legal/regulatory gazette."
2145-42,2019-10-16,LEGAL_REGULATORY,"This gazette content primarily involves the declaration of mangrove forests as reserved forests under the Forest Conservation Ordinance, which constitutes a legal/regulatory matter. It cites specific legislation, amendments, and constitutional provisions, and creates a new regulatory designation for land use. While it mentions the President by name, this is in the context of exercising statutory powers rather than detailing government personnel changes or portfolio responsibilities. The content focuses on establishing legal protected status for specific land areas rather than government structure, personnel, or other specialized categories."
2145-43,2019-10-16,LAND,"This gazette content primarily deals with land matters, specifically the declaration of mangrove forests as reserved forest areas through legal authority. It contains detailed land descriptions, coordinates, and boundaries for two separate forest reserves (Rekawa Mangrove Forest and Kahandamodara Mangrove Forest), making it clearly focused on land and property-related matters rather than government personnel, organizational changes, or other specialized categories."
2145-44,2019-10-16,LAND,"This gazette content is primarily about land acquisition under the Land Acquisition Act. It contains a declaration by the Minister for a specific land acquisition for public purpose, including detailed land descriptions, boundaries, and survey information. While it mentions a government minister, the core content focuses entirely on land matters (acquisition, property boundaries, land descriptions), making it a Land Gazette (Type 4) rather than a government personnel or structural gazette."
2145-45,2019-10-16,LAND,"This gazette content exclusively deals with land acquisition notices under the Land Acquisition Act. It provides detailed descriptions of specific lands to be acquired, including plot numbers, names, extents, boundaries, and locations. The content focuses entirely on land/property matters for public purposes, which falls squarely under the Land Gazettes classification (Type 4). There is no government personnel information, organizational changes, or other specialized categories present."
2145-46,2019-10-16,LEGAL_REGULATORY,"This gazette content publishes a Memorandum of Understanding/Collective Agreement between a private company (Perera & Sons Bakers) and a trade union under the Industrial Disputes Act. It contains detailed regulatory provisions about employment terms, working hours, shift allowances, overtime, leave policies, and other labor regulations. This falls under Legal/Regulatory matters as it involves the publication of a legally binding agreement under statutory authority, establishing regulatory frameworks for employment conditions."
2145-47,2019-10-16,LEGAL_REGULATORY,"This gazette content publishes a Collective Agreement between a private company and a trade union under the Industrial Disputes Act. It contains detailed regulatory provisions regarding employment terms, salaries, allowances, and working conditions. This falls under Legal/Regulatory classification as it involves the formal publication of a legally binding agreement that establishes regulatory frameworks and compliance requirements for employment practices."
2145-48,2019-10-16,HYBRID,"This gazette contains both a named individual (Daya Gamage, Minister of Primary Industries and Social Empowerment) and detailed administrative responsibilities (establishing new administration zones for implementing the Samurdhi Act, with specific zone configurations outlined in Schedules I and II). The content includes both the ""who"" (government person) and ""what"" (detailed government responsibilities/portfolios), making it a Hybrid Gazette."
2145-24,2019-10-15,LEGAL_REGULATORY,"This gazette notification contains an order made under the Immigration and Emigration Act (Chapter 351) by the Minister, declaring specific airports as approved ports of entry and departure. This constitutes a regulatory matter involving the creation of subsidiary legislation under an existing Act, which fits the definition of Legal/Regulatory Gazettes (Type 5). While it mentions a minister's name, it does not contain detailed portfolio responsibilities about what the minister oversees, nor does it primarily concern government personnel changes or structural reorganization."
2145-25,2019-10-15,LAND,"This gazette content consists entirely of land acquisition notices published under the Land Acquisition Act. It describes specific parcels of land being acquired by the government for public purposes, including detailed descriptions of land lots, their locations, extents, and claimants. The content appears in ""PART III - LANDS"" and focuses exclusively on land-related administrative matters, fitting perfectly within the Land Gazettes category (Type 4)."
2145-26,2019-10-15,LAND,"This gazette content is a declaration under the Land Acquisition Act for the acquisition of specific land parcels for public purpose (expressway extension). It contains detailed descriptions of land lots, boundaries, extents, and locations, which falls squarely under Land Gazettes (Type 4) for land acquisition matters. While it mentions a government minister, the primary focus is on land acquisition rather than government personnel or organizational changes."
2145-27,2019-10-15,ELECTIONS,"This gazette concerns the filling of a vacancy in a local government body (Katuwana Pradeshiya Sabha) due to a resignation, following procedures outlined in the Local Authorities Elections Ordinance. The content specifically deals with electoral processes, candidate nominations, and declarations related to local authority elections, making it a clear fit for the Elections category."
2145-28,2019-10-15,ELECTIONS,"This gazette content specifically deals with filling vacancies in a local government body (Karandeniya Pradeshiya Sabha) due to resignations, following procedures outlined in the Local Authorities Elections Ordinance. It involves the electoral process for local authorities, including party nominations and declarations of selected members by the Returning Officer, which falls squarely under election-related matters."
2145-30,2019-10-15,HYBRID,"This gazette names a specific individual (Daya Gamage, Minister of Primary Industries and Social Empowerment) and involves a government personnel action (canceling a previous gazette). It also contains detailed administrative/structural content (abolishing specific administration zones with district listings), making it a Hybrid gazette that combines both people and organizational responsibilities."
2145-01,2019-10-14,LEGAL_REGULATORY,"This gazette contains regulations made by the Minister of Health under the National Medicines Regulatory Authority Act, establishing legal and regulatory frameworks for medicine registration, licensing, and quality control. It outlines compliance requirements, application procedures, and regulatory standards, fitting the definition of Legal/Regulatory Gazettes (Type 5) which cover ""new laws, acts, ordinances, and regulations"" and ""regulatory frameworks and compliance requirements."""
2145-02,2019-10-14,LEGAL_REGULATORY,"This gazette contains regulations made by the Minister of Health under the National Medicines Regulatory Authority Act, establishing legal and regulatory frameworks for clinical trials of medicines, medical devices, and borderline products. It outlines application procedures, authorization requirements, and compliance standards, making it primarily a legal/regulatory matter rather than a government personnel or structural announcement."
2145-03,2019-10-14,LEGAL_REGULATORY,"This gazette notification pertains to the determination of currency exchange rates for customs duties and charges under the Customs Ordinance. It involves regulatory matters (setting and rescinding rates) and is issued under statutory authority, making it a Legal/Regulatory Gazette (Type 5). While it names an official (P. S. M. Charles), it does not involve government personnel changes or structural reorganization; instead, it focuses on implementing regulatory requirements for customs operations."
2145-04,2019-10-14,LEGAL_REGULATORY,"This gazette contains regulations made by the Minister under the Electronic Transactions Act, establishing procedures for electronic registration of marriages. It creates a legal framework and regulatory requirements for marriage registration processes, fitting the definition of Legal/Regulatory Gazettes (Type 5) which include ""regulatory frameworks and compliance requirements"" and ""statutory instruments and subsidiary legislation."""
2145-05,2019-10-14,LEGAL_REGULATORY,"This gazette contains regulations made by the Minister under the Electronic Transactions Act, No. 19 of 2006, establishing the Sri Lanka Identification Number (SLIN) system and mandating its use for citizen-based transactions. The content focuses on creating new regulatory frameworks and compliance requirements rather than government personnel changes, structural changes, or any of the other specialized categories. This fits the definition of Legal/Regulatory Gazettes (Type 5) which cover ""new laws, acts, ordinances, and regulations"" and ""regulatory frameworks and compliance requirements."""
2145-06,2019-10-14,LAND,"This gazette content exclusively deals with land title registration matters under the Registration of Title Act. It contains declarations of determination for specific land parcels (including parcel numbers, locations, and ownership details), which falls squarely under the Land Gazettes category (Type 4) for land registrations, property ownership, and land title matters. The content does not involve government personnel changes, organizational restructuring, or any of the other specialized categories."
2145-07,2019-10-14,LAND,"This gazette content exclusively deals with land title registration under the Registration of Title Act, specifically declaring the determination of title for a specific parcel of land (Parcel No. 46, Block 01) with detailed location information (Village of Liyandeniya, District of Kandy). It includes a schedule with land ownership particulars, which falls squarely within the definition of Type 4 (Land Gazettes) covering land registrations, property ownership, and land title matters."
2145-08,2019-10-14,LAND,"This gazette content deals exclusively with land title registration matters under the Registration of Title Act, specifically declaring determinations of the Commissioner of Title Settlement regarding specific land parcels in various locations. It contains detailed land parcel numbers, ownership details, property boundaries, and encumbrances - all characteristic of land-related administrative matters falling under Type 4 (Land Gazettes)."
2145-09,2019-10-14,LAND,"This gazette content deals exclusively with land title registration matters under the Registration of Title Act, specifically declaring determinations of land ownership for multiple parcels in Hambantota District. The content includes detailed schedules of land parcels, their extent, ownership status, and encumbrances, which falls squarely under the Land Gazettes category (Type 4) for land and property-related matters."
2145-10,2019-10-14,LAND,"This gazette content deals exclusively with land title registration matters under the Registration of Title Act. It contains detailed declarations of land title determinations for specific parcels of land, including parcel numbers, owner names, addresses, extent of land, and encumbrances. The content is published in ""PART III - LANDS"" of the gazette and focuses on land ownership and property rights, which falls squarely under the Land Gazettes category (Type 4) for land and property-related matters."
2145-11,2019-10-14,LAND,"This gazette content deals exclusively with land and property matters, specifically notices calling for claims to intestate property (property of deceased persons without wills) under the Registration of Title Act. It contains detailed land descriptions including village names, cadastral map numbers, parcel numbers, land extents, and certificate of title numbers. The content focuses on land title registration and property claims, which falls squarely under the Land Gazettes classification (Type 4) for land and property-related matters."
2145-12,2019-10-14,LEGAL_REGULATORY,"This gazette content is a legal/regulatory notification issued under the Excise (Special Provisions) Act, No. 13 of 1989. It contains an order by the Minister of Finance that modifies excise duty rates on specific tobacco products, which constitutes a regulatory change. While it mentions a named minister (Mangala Samaraweera), it does not describe his portfolio responsibilities in detail - his title is stated but not elaborated upon. The core content is about amending existing regulations and specifying new tax rates, making it primarily a legal/regulatory matter rather than a government personnel or structural change."
2145-13,2019-10-14,LAND,"This gazette content specifically deals with land title registration under the Registration of Title Act, declaring a determination regarding title to a specific parcel of land (Parcel No. 177) with detailed land particulars including location, extent, ownership details, and encumbrances. This falls squarely within the Land Gazettes category (Type 4) as it concerns land registration and property ownership matters."
2145-14,2019-10-14,LAND,"This gazette content deals exclusively with land title registration matters under the Registration of Title Act. It contains multiple declarations of title determinations for specific land parcels (including parcel numbers, locations, ownership details, and encumbrances), which falls squarely within the Land Gazette classification category for land registrations and property ownership matters."
2145-15,2019-10-14,LAND,"This gazette content exclusively deals with land title registrations and determinations under the Registration of Title Act. It contains detailed information about specific land parcels, their owners, property boundaries, encumbrances, and legal determinations regarding land ownership. The content falls under ""Land registrations, property ownership, land titles"" as specified in the Land Gazettes (Type 4) category, and appears in ""PART III - LANDS"" of the gazette."
2145-16,2019-10-14,LAND,"This gazette content deals exclusively with land title registration matters under the Registration of Title Act. It contains declarations of title determinations for specific land parcels, including detailed schedules with parcel numbers, extents, owner information, and encumbrances. The content is focused on land ownership and property rights, falling squarely within the Land Gazette category (Type 4) as it involves land registrations, property ownership determinations, and title settlements."
2145-17,2019-10-14,LAND,"This gazette content specifically deals with land title registration under the Registration of Title Act, focusing on the determination of title for a specific parcel of land (Parcel No. 186 of Block 10) in Adiambalama. It contains detailed land particulars including parcel number, extent, owner information, and legal status - all characteristic of land and property-related matters that fall under Type 4 (Land Gazettes)."
2145-18,2019-10-14,LAND,"This gazette content deals exclusively with land title registration matters under the Registration of Title Act, No. 21 of 1998. It contains declarations of determination by the Commissioner of Title Settlement regarding specific land parcels, including parcel numbers, cadastral map references, locations, and ownership details. The content focuses on land registration, title settlement, and property ownership matters, which falls squarely under the Land Gazettes classification (Type 4)."
2145-19,2019-10-14,LAND,"This gazette content is primarily about land acquisition under the Land Acquisition Act, specifying detailed descriptions of multiple land parcels being acquired. It involves taking possession of land for public purposes, which falls squarely under Land Gazettes (Type 4) dealing with land acquisitions, transfers, and property matters. While it mentions a government minister, this is incidental to the land acquisition order rather than being about government personnel changes or portfolio responsibilities."
2145-20,2019-10-14,LAND,"This gazette content consists entirely of land acquisition notices under the Land Acquisition Act, specifically dealing with the acquisition of specific land parcels by the State, deposit of statutory compensation, and detailed descriptions of land locations, names, lot numbers, and extents. This falls squarely within the Land Gazettes category (Type 4) as it primarily deals with land acquisition and property matters."
2145-21,2019-10-14,LAND,"This gazette content is exclusively about land acquisition under the Land Acquisition Act. It contains a formal declaration by a minister that specific land parcels are needed for a public purpose and provides detailed descriptions of the land's location, boundaries, and extent. The content is primarily focused on land matters, fitting the definition of a Land Gazette (Type 4). While a government minister is named, the notice does not involve government structural changes, personnel appointments, or detailed portfolio responsibilities, so government classification types (1-3) do not take precedence."
2145-22,2019-10-14,LAND,"This gazette content exclusively deals with land acquisition notices under the Land Acquisition Act. It contains detailed descriptions of specific parcels of land being acquired for public purposes, including land names, lot numbers, extents, locations, and claimant information. The content falls squarely within the Land Gazette category as it concerns land acquisitions and property matters, with no government personnel changes, organizational restructuring, or other specialized categories present."
2145-23,2019-10-14,PUBLIC_SERVICE,"This gazette notification announces the award of the Sri Lanka Armed Services Long Service Medal & Clasp to military personnel. This falls under public service matters as it concerns service recognition and awards for members of the armed forces, which is a public sector service administration function. The content does not involve government structural changes, personnel appointments with portfolios, or any of the specialized categories like land, legal, commercial, elections, or judicial matters."
2144-65,2019-10-12,LAND,"This gazette content is a Land Acquisition Notice published under the Land Acquisition Act, specifically detailing the government's intention to acquire several land parcels and servitudes for public purposes. It provides descriptions of multiple land lots, their names, types (home garden, road, bare land), claimed ownership (Land Reform Commission), and extents. The content falls squarely under land and property-related matters, specifically land acquisitions, making it a clear Type 4 (Land Gazette) classification."
2144-66,2019-10-12,PUBLIC_SERVICE,"This gazette content pertains to public sector financial administration and expenditure authorization for a Provincial Council. It involves the granting of permission to disburse funds for various public services (health, transport, housing, etc.) and specifies recurrent and capital expenditure allocations across different government departments and programs. This falls under public service administration and financial management, making it a Public Service Gazette (Type 8)."
2144-67,2019-10-12,PEOPLE,"This gazette contains only government personnel appointments (naming specific individuals like Mrs. D. M. Vineetha Dissanayake, Mrs. S. B. A. M. A. M. Gunawardana, Mr. W. M. Ananda, and Mrs. G. A. M. S. P. Ambanwala) with their basic titles (Director of Rural Development, Provincial Director to Agriculture, etc.). While some positions mention departments (e.g., ""Ministry of Finance and Planning""), these are part of the job title rather than detailed portfolio responsibilities describing what subject areas they control. The content focuses on who is being appointed without elaborating on their specific governmental responsibilities or portfolio details."
2144-68,2019-10-12,LEGAL_REGULATORY,"This gazette content establishes comprehensive procurement guidelines for government institutions, which constitutes regulatory framework and compliance requirements. It is published by the National Procurement Commission under constitutional authority (Article 156 C (1)), making it a statutory instrument that creates binding rules and procedures for procurement activities. This falls squarely under Legal/Regulatory classification as it establishes new regulatory requirements rather than addressing government personnel changes, organizational structure, or other specialized categories."
2144-58,2019-10-11,LAND,"This gazette content is primarily about land acquisition under the Land Acquisition Act. It contains a ministerial order authorizing immediate possession of specific land parcels, including detailed descriptions of the land lots, their boundaries, extents, and locations. The content focuses exclusively on land matters without involving government personnel changes or structural adjustments, making it a clear Land Gazette (Type 4)."
2144-59,2019-10-11,LAND,"This gazette content primarily deals with land acquisition matters under the Land Acquisition Act. It contains detailed notices for acquiring specific land parcels (including descriptions, boundaries, claimants, and compensation procedures) and amendments to previous land acquisition notices. The content focuses exclusively on land-related administrative procedures without involving government personnel changes, structural changes, or other specialized categories."
2144-60,2019-10-11,LEGAL_REGULATORY,"This gazette content primarily involves the declaration of a new marine sanctuary under the Fauna and Flora Protection Ordinance. It constitutes a legal/regulatory action as it creates a new protected area through statutory authority, includes references to specific legal provisions (Chapter 469, Section 2), and establishes formal boundaries and regulations for the sanctuary. While it mentions a minister's name and title, this is incidental to the main purpose of establishing a legal framework for environmental protection, making it a Legal/Regulatory Gazette rather than a government personnel or hybrid classification."
2144-61,2019-10-11,LEGAL_REGULATORY,"This gazette content primarily involves legal/regulatory matters under the Industrial Disputes Act, including the appointment of arbitrators for industrial disputes and revocation of previous orders. It contains statutory instruments and legal procedures rather than government personnel changes, organizational restructuring, or other specialized categories. The content focuses on legal framework implementation and regulatory procedures for resolving industrial disputes."
2144-62,2019-10-11,LAND,"This gazette content primarily deals with land acquisition for a water supply project, including detailed descriptions of specific land parcels, their boundaries, and claimants. While it mentions a minister's name and title, the core content focuses on land matters (acquisition of immovable property and servitude rights for infrastructure projects) rather than government personnel changes or detailed portfolio responsibilities. The extensive land descriptions and property details place it firmly in the Land Gazettes category."
2144-63,2019-10-11,LAND,"This gazette content primarily deals with land acquisition matters. It contains three separate orders under the National Water Supply and Drainage Board Act approving the acquisition of specific immovable properties/land parcels for water supply infrastructure projects. The content includes detailed descriptions of the land parcels (location, boundaries, extent), names of claimants, and the purpose of acquisition (construction of pump houses, water treatment plants, and access roads). This fits squarely within the Land Gazette classification (Type 4) as it concerns land acquisition and property matters for public infrastructure projects."
2144-64,2019-10-11,LEGAL_REGULATORY,"This gazette content is a legal/regulatory notification amending a previous order under the Civil Aviation Act, No. 14 of 2010. It involves regulatory changes to airport designations and falls under the category of statutory instruments and subsidiary legislation, which defines Legal/Regulatory Gazettes (Type 5). While it mentions a minister's name, it does not focus on government personnel changes or detailed portfolio responsibilities, and the primary purpose is regulatory amendment rather than government structure or personnel matters."
2144-45,2019-10-10,ELECTIONS,"This gazette content specifically deals with filling a vacancy in a local government body (Matale Pradeshiya Sabha) under the Local Authorities Elections Ordinance. It involves electoral procedures, nomination of a candidate by a political party, and declaration of a selected member to fill an electoral vacancy. This falls squarely under Election-related matters as it concerns the electoral process for local authorities."
2144-46,2019-10-10,LAND,"The gazette content primarily deals with land acquisition for the Ceylon Electricity Board. It specifically describes the acquisition of a 2.5-hectare land parcel, including its boundaries, location details (Grama Niladhari Division, Divisional Secretariat, District), and references a layout plan. While a minister is named, this is solely in the context of approving the land acquisition under specific legislation, making this a land/property matter rather than a government personnel or structural change."
2144-47,2019-10-10,LEGAL_REGULATORY,"This gazette notification announces the opening of domestic airports for regional commercial flights under ""THE AIR NAVIGATION REGULATION OF 1955"" and references the Civil Aviation Act, No. 14 of 2010. It establishes regulatory frameworks, operational procedures, and compliance requirements for aviation operations, making it primarily a legal/regulatory matter rather than a government personnel/structure announcement or other specialized category."
2144-48,2019-10-10,LAND,"This gazette content exclusively deals with land title registration matters under the Registration of Title Act, No. 21 of 1998. It contains declarations of determination by the Commissioner of Title Settlement regarding specific land parcels, including parcel numbers, extents, ownership details, and land classifications. The content focuses entirely on land registration, title settlement, and property ownership determinations, which falls squarely under the Land Gazettes category (Type 4) for land and property-related matters."
2144-49,2019-10-10,LAND,"This gazette content deals exclusively with land title registration matters under the Registration of Title Act. It contains declarations of title determinations for specific land parcels, including parcel numbers, owner details, extent of land, and property rights. The document is published in ""PART III - LANDS"" of the gazette and focuses on land ownership, title settlements, and property registrations, which clearly falls under the Land Gazettes category."
2144-50,2019-10-10,LAND,"This gazette content exclusively deals with land title registration matters under the Registration of Title Act. It contains declarations of determination by the Commissioner of Title Settlement regarding specific land parcels, including parcel numbers, cadastral maps, ownership details, and land registration particulars. The content falls under ""Land and property-related matters"" as defined in Type 4, specifically covering land registrations, property ownership, and land title determinations."
2144-51,2019-10-10,LAND,"This gazette content deals exclusively with land title registration matters under the Registration of Title Act. It contains declarations of determinations by the Commissioner of Title Settlement regarding specific land parcels, including details of parcel numbers, extents, owners' names and identities, and land title classifications. The content appears in ""PART III - LANDS"" of the gazette and focuses on land ownership registration and title settlement, which falls squarely under the Land Gazettes category (Type 4)."
2144-52,2019-10-10,LAND,"This gazette content is primarily about land acquisition for an urban development project. It declares that specific lands (described in detail with lot numbers, boundaries, and measurements) are required for the Kottawa Town Centre Development Project under the Urban Development Projects (Special Provisions) Act. While it mentions the President and a Minister, this is only to establish the legal authority for the land declaration. The core subject matter is land acquisition and property description, making it a Land Gazette."
2144-53,2019-10-10,LEGAL_REGULATORY,"This gazette contains legal/regulatory content - specifically ""Directions"" enacted under the Pradeshiya Sabha Act that establish rules for the transfer of powers, property, rights, and obligations from local authorities to newly constituted Pradeshiya Sabhas. It creates legal frameworks for successor relationships, property transfers, and continuity of legal proceedings, which falls under Legal/Regulatory matters (Type 5). While it mentions a government official (the Chief Minister), it does not focus on personnel changes or detailed portfolio responsibilities, but rather on the legal directives being issued."
2144-54,2019-10-10,JUDICIAL_LAW_ENFORCEMENT,"This gazette notification concerns the appointment of mediators for Mediation Boards, which falls under judicial/law enforcement matters. It involves calling for nominations for judicial dispute resolution positions (Chairman and Mediators) under the Mediation Boards Act, establishing eligibility criteria, and outlining the appointment process through the Mediation Boards Commission - all of which align with Type 9 (Judicial/Law Enforcement Gazettes) for court-related appointments and judicial matters."
2144-55,2019-10-10,LAND,"This gazette content is a Land Acquisition Notice under the Land Acquisition Act, declaring that a specific parcel of land is needed for a public purpose. The entire content focuses on describing the land's location, boundaries, and extent, which falls squarely under the definition of a Land Gazette (Type 4) dealing with land acquisitions and property matters. While a government minister is named, the notice is not about his appointment, portfolio responsibilities, or a government structural change; it is an official declaration concerning a land transaction."
2144-56,2019-10-10,LAND,"This gazette content primarily deals with land acquisition matters. It contains multiple orders under the National Water Supply and Drainage Board Act approving the acquisition of specific immovable properties (land parcels) for water treatment plants and infrastructure projects. The content includes detailed descriptions of land boundaries, locations, extents, and claimants, which falls squarely under the Land Gazettes category (Type 4) for land and property-related matters. While a minister is named and his portfolio is mentioned, this is incidental to the core land acquisition purpose rather than being about government personnel changes or structural reorganization."
2144-57,2019-10-10,LAND,"This gazette content primarily deals with land acquisition matters. It contains multiple orders under the National Water Supply and Drainage Board Act approving the acquisition of specific immovable properties (land parcels) for water supply infrastructure projects. The content includes detailed descriptions of the land parcels (location, boundaries, extent, lot numbers, and claimants), which falls squarely under the Land Gazette classification (Type 4) for land and property-related matters. While a minister is named, this is incidental to the core land acquisition purpose rather than being about government personnel changes or portfolio responsibilities."
2144-19,2019-10-09,LEGAL_REGULATORY,"This gazette contains regulations made by the Minister of Transport and Civil Aviation under the Motor Traffic Act, specifically amending the Form M.T.A. 37. This constitutes legal/regulatory content involving statutory instruments and regulatory amendments, falling under Type 5 (Legal/Regulatory Gazettes) rather than government personnel or structural changes."
2144-20,2019-10-09,LEGAL_REGULATORY,"This gazette content is an order issued under the National Medicines Regulatory Authority Act, No. 5 of 2015, which constitutes a regulatory matter. It publishes a list of registered medicines with their specifications, which falls under legal/regulatory framework and compliance requirements for pharmaceutical products. The content does not involve government structure/personnel, land, commercial registrations, elections, public service, judicial matters, or other specialized categories, making it a clear example of Legal/Regulatory classification."
2144-21,2019-10-09,LAND,"This gazette primarily concerns land acquisition matters under the Land Acquisition Act. It specifically appoints and cancels appointments of Acquiring Officers for land acquisitions related to the Central Expressway Project in the Gampaha District. The content focuses on property/land administrative procedures and officer appointments for land acquisition purposes, which falls squarely under the Land Gazettes category (Type 4). While it mentions government officials, the core subject matter is land acquisition rather than government structure or personnel changes."
2144-22,2019-10-09,LAND,"This gazette content primarily deals with land acquisition matters, specifically the divestment of previously acquired land allotments back from the State. It references the Land Acquisition Act, describes specific land parcels with detailed boundaries and measurements, and involves property rights and land administration. The mention of a minister's name is incidental to the land-related legal process rather than being the primary focus of the gazette."
2144-23,2019-10-09,LEGAL_REGULATORY,"This gazette content is a legal/regulatory notification issued under the Inland Revenue Act, No. 24 of 2017. It contains a statutory declaration by the Minister of Finance approving an organization as a charity for tax purposes. While it mentions a named minister, the primary purpose is regulatory - implementing a specific provision of tax law rather than detailing government personnel changes or portfolio responsibilities. This fits Type 5 (Legal/Regulatory Gazettes) as it deals with regulatory frameworks and compliance requirements under existing legislation."
2144-24,2019-10-09,LAND,"This gazette content primarily deals with land acquisition matters under the Land Acquisition Act. It contains detailed descriptions of specific land parcels, their boundaries, extents, and locations, along with orders for taking possession of these lands. While it mentions a government minister (Gayantha Karunatilleke), this is incidental to the main purpose of the document, which is land acquisition. The content fits squarely within the Land Gazette category (Type 4) as it concerns ""land acquisitions, transfers, or disposals"" and ""land development projects."""
2144-25,2019-10-09,LAND,"This gazette content exclusively deals with land acquisition matters under the Land Acquisition Act, including declarations of intent to acquire specific land parcels, descriptions of properties to be acquired, details about claimants, and notices about amendments to previous land acquisition notices. The content falls squarely within the Land Gazettes category as it concerns land acquisitions, property descriptions, and related administrative procedures for public purpose."
2144-26,2019-10-09,LAND,"This gazette notice is a land acquisition notice published under the Land Acquisition Act, specifically detailing the government's intention to acquire 18 lots of land in Dambulla for public purposes. It contains detailed descriptions of each land parcel, including names, descriptions, claimants, and extents. The content is exclusively focused on land matters, falling squarely under the Land Gazettes category (Type 4) which covers land acquisitions, transfers, and property-related administrative actions."
2144-27,2019-10-09,LAND,"This gazette contains multiple notices under Section 33 of the Land Acquisition Act regarding compensation deposits for lands acquired by the state. The content specifically deals with land acquisition matters, including detailed descriptions of land locations, plot numbers, extents, and compensation amounts deposited in court for unclaimed properties. This falls squarely under the Land Gazettes category (Type 4) which covers land acquisitions, transfers, and property-related administrative matters."
2144-28,2019-10-09,LAND,"This gazette exclusively deals with land title registrations and amendments under the Registration of Title Act. It contains multiple entries detailing specific land parcels, their locations, and amendments to their title registrations including servitude rights, access rights, and other land-related encumbrances. The content is purely focused on land and property matters, falling squarely within the Land Gazette classification (Type 4)."
2144-29,2019-10-09,LAND,"This gazette content exclusively deals with land title registration matters under the Registration of Title Act, No. 21 of 1998. It contains declarations of determination by the Commissioner of Title Settlement regarding specific land parcels, including detailed schedules with parcel numbers, extents, owner names, and title classifications. The content is published in ""PART III - LANDS"" of the gazette and focuses entirely on land ownership and title settlement matters, fitting the definition of Type 4 (Land Gazettes) for land and property-related administrative matters."
2144-30,2019-10-09,LAND,"This gazette content exclusively deals with land title amendments under the Registration of Title Act, specifically modifying land parcel details (extent measurements and title classifications) for multiple properties across different locations. It contains detailed land registration information including cadastral map numbers, block numbers, village names, and administrative divisions, making it clearly fall under the Land Gazettes category (Type 4) for land and property-related matters."
2144-31,2019-10-09,LAND,"This gazette content deals exclusively with land title registration amendments under the Registration of Title Act. It contains multiple entries about specific parcels of land (including parcel numbers, block numbers, cadastral map references, and location details) and the expungement of their particulars. The content is focused on land administration and property matters, falling squarely within the Land Gazettes category (Type 4) as it involves land registrations, title amendments, and property-related administrative actions."
2144-32,2019-10-09,LAND,"This gazette content exclusively deals with land title registration matters under the Registration of Title Act. It contains detailed determinations by the Commissioner of Title Settlement regarding specific land parcels (including parcel numbers, extents, locations, and ownership details) in Palliyagodella and Senarathpura villages. The content focuses entirely on land property matters, specifically title determinations and land parcel registrations, which falls squarely under the Land Gazettes classification (Type 4)."
2144-33,2019-10-09,LAND,"This gazette content deals exclusively with land title registration matters under the Registration of Title Act. It contains detailed declarations of land parcel determinations, specific plot numbers, cadastral map references, and ownership/license information for multiple land parcels in Welipathayaya. The content falls under ""Land registrations, property ownership, land titles"" as specified in the Land Gazettes (Type 4) category."
2144-34,2019-10-09,LAND,"This gazette content exclusively deals with land title registration matters under the Registration of Title Act. It contains detailed declarations of title determinations for specific land parcels, including parcel numbers, owner names, property details, encumbrances, and legal descriptions. The content focuses entirely on land ownership and property rights, falling squarely within the Land Gazette category (Type 4) which covers land registrations, property ownership, and land title matters."
2144-35,2019-10-09,LAND,"This gazette content exclusively deals with land title registration and determinations under the Registration of Title Act. It contains detailed schedules of specific land parcels, their extents, ownership details, and encumbrances in Batugedara, Ratnapura District. The content falls squarely under ""Land and property-related matters"" including ""land registrations, property ownership, land titles"" as defined for Type 4 (Land Gazettes). There is no government personnel or structural content that would trigger Types 1-3, and it doesn't fit any other specialized categories."
2144-36,2019-10-09,LAND,"This gazette content is exclusively about land acquisition matters under the Land Acquisition Act. It contains detailed descriptions of multiple land parcels being acquired by the government for a water reserve project, including lot numbers, land names, descriptions, claimants, and extents. This fits perfectly within the Land Gazettes category (Type 4) which covers land acquisitions, transfers, and property-related matters."
2144-37,2019-10-09,LAND,"This gazette content deals exclusively with land title registration matters under the Registration of Title Act. It contains declarations of determinations by the Commissioner of Title Settlement regarding specific land parcels, including detailed schedules with parcel numbers, extent measurements, ownership details, and land classifications. The content is focused on land property rights and title settlements, which falls squarely under the Land Gazettes category (Type 4)."
2144-38,2019-10-09,LAND,"This gazette content deals exclusively with land title registration matters under the Registration of Title Act. It contains declarations of title determinations for specific land parcels, including detailed information about parcel numbers, extents, owners, and property classifications. The content falls under ""Land registrations, property ownership, land titles"" as specified in the Land Gazettes (Type 4) category."
2144-39,2019-10-09,LAND,"This gazette content exclusively deals with land title registration matters under the Registration of Title Act, No. 21 of 1998. It contains declarations of determination by the Commissioner of Title Settlement regarding specific land parcels, including detailed schedules with parcel numbers, extents, owner names, identity card numbers, addresses, and title classifications. The content appears in ""PART III - LANDS"" of the gazette and focuses entirely on land ownership registration and title settlement processes, making it a clear example of Land Gazette (Type 4) classification."
2144-40,2019-10-09,LAND,"This gazette content deals exclusively with land title registration matters under the Registration of Title Act. It contains declarations of determination for specific land parcels, including detailed descriptions of land numbers, block numbers, cadastral maps, locations, and ownership details. The content falls under ""Land registrations, property ownership, land titles"" as specified in the Land Gazettes (Type 4) classification."
2144-41,2019-10-09,LAND,"This gazette content deals exclusively with land title registration matters under the Registration of Title Act. It contains declarations of determination for specific land parcels (including parcel numbers, block numbers, cadastral maps, and owner details) in various villages, making it primarily concerned with land and property-related matters as defined in Type 4 (Land Gazettes). The content does not involve government personnel changes, organizational restructuring, or any of the other specialized categories."
2144-42,2019-10-09,LAND,"This gazette content exclusively deals with land title registration matters under the Registration of Title Act. It contains declarations of title determinations for specific land parcels, including details of land ownership, parcel numbers, extents, and property rights. The content focuses entirely on land registration and property ownership matters, which falls squarely under the Land Gazettes classification (Type 4). There are no government personnel changes, organizational restructuring, or other non-land related administrative matters present."
2144-43,2019-10-09,LAND,"This gazette content deals exclusively with land title registration matters under the Registration of Title Act. It contains declarations of determination for specific land parcels (including parcel numbers, extents, ownership details, and encumbrances) in the Anuradhapura district. The content focuses on land ownership, title settlements, and property registration, which falls squarely under the Land Gazettes category (Type 4) for land and property-related matters."
2144-44,2019-10-09,LAND,"This gazette content deals exclusively with land title registration matters under the Registration of Title Act. It contains declarations of determination by the Commissioner of Title Settlement regarding specific land parcels, including detailed schedules with parcel numbers, extents, owner names, and title classifications. The content appears in ""PART III - LANDS"" of the gazette and focuses entirely on land ownership and title settlement, fitting perfectly within the Land Gazette category (Type 4) for land and property-related matters."
2144-12,2019-10-08,LAND,"This gazette content is a Land Acquisition Notice published under the Land Acquisition Act. It specifically describes the government's intention to acquire multiple land parcels and servitudes for public purpose, providing detailed descriptions of each lot including location, extent, land type, and claimants. The content falls squarely within the Land Gazette category (Type 4) as it deals with land acquisitions and property matters."
2144-13,2019-10-08,LAND,"This gazette content is exclusively about land acquisition notices under the Land Acquisition Act, detailing specific land parcels to be acquired by the government for public purposes. It contains descriptions of land lots, their extents, types (paddy-field, canal, estate), and claimant information, which falls squarely under the ""Land Gazettes"" category for land acquisitions and related matters."
2144-14,2019-10-08,LAND,"This gazette content is exclusively about land acquisition notices under the Land Acquisition Act, detailing specific land parcels being acquired by the government for public purposes. It contains detailed descriptions of land lots, their extents, locations, and claimants, which falls squarely under the ""Land and property-related matters"" category (Type 4). There is no government personnel information, organizational changes, or other specialized content that would override this classification."
2144-15,2019-10-08,LAND,"This gazette content is a Land Acquisition Notice published under the Land Acquisition Act, specifically detailing the government's intention to acquire multiple land parcels and servitudes for public purpose. The content focuses exclusively on land descriptions, extents, locations, and claimants, falling squarely within the Land Gazette category (Type 4) for land acquisition matters."
2144-16,2019-10-08,LAND,"This gazette content exclusively deals with land acquisition notices under the Land Acquisition Act. It contains detailed descriptions of specific land parcels being acquired for public purposes, including lot numbers, land names, descriptions (paddy fields, canals, scrub, etc.), extents, claimants, and possessors. The content falls squarely within the ""Land and property-related matters"" category, specifically land acquisitions, making it a clear Type 4 (Land Gazette) classification."
2144-17,2019-10-08,LAND,"This gazette content is a declaration under the Land Acquisition Act for the acquisition of a specific parcel of land for a public purpose. It provides a detailed legal description of the land, including its location, boundaries, and extent. While a government minister is named, the primary focus and subject matter are entirely related to land acquisition, which falls squarely under the Land Gazettes (Type 4) classification for land and property-related matters."
2144-18,2019-10-08,ORGANISATIONAL,"This gazette content deals with the renaming of Tamil medium schools in the Uva Provincial Council. It involves educational matters (specifically school name changes) which falls under the Miscellaneous category as it does not fit any of the government-related classifications (1-3) or the specialized categories (4-9). The content is administrative but specifically related to education, making Type 10 the appropriate classification."
2144-01,2019-10-07,LEGAL_REGULATORY,This gazette notification is issued under the Customs Ordinance (Chapter 235) and concerns the determination of official exchange rates for calculating customs duties and other charges. It rescinds a previous notification and establishes new regulatory rates. This falls squarely under Legal/Regulatory matters as it constitutes a statutory instrument and regulatory framework for customs compliance.
2144-02,2019-10-07,LAND,"This gazette notice is a land acquisition notice published under the Land Acquisition Act, specifically detailing the government's intention to acquire four specific land parcels for public purpose. It contains detailed descriptions of the lands (including lot numbers, names, claimants, and extents), which falls squarely under the Land Gazettes category (Type 4) for land acquisitions and property-related matters."
2144-03,2019-10-07,LAND,"This gazette notice is exclusively about land acquisition under the Land Acquisition Act. It provides detailed description of a specific land parcel (location, boundaries, extent, lot number) and serves as a formal notice of the government's intention to acquire the land for public purpose. The content falls squarely within the definition of Type 4 (Land Gazettes) as it deals with ""land acquisitions, transfers, or disposals"" and is published in the ""PART III – LANDS"" section of the gazette."
2144-06,2019-10-07,ELECTIONS,"This gazette content is a formal notice under Section 21 of the Presidential Elections Act, announcing that the election for the office of President is contested, specifying the polling date and time, and providing the official schedule of candidates, their symbols, and the parties/electors nominating them. This fits the definition of Type 7 (Elections Gazettes) as it deals with electoral processes, specifically the announcement of a presidential election and candidate nominations."
2144-07,2019-10-07,ELECTIONS,"This gazette content is a notice under Section 31(3) of the Presidential Elections Act, No. 15 of 1981, specifically publishing the names and addresses of Election Agents appointed for candidates in the 2019 Presidential Election. It directly concerns electoral processes, candidate nominations, and election administration, fitting perfectly within the ""Elections Gazettes"" category (Type 7) which covers election announcements, candidate registrations, and electoral commission matters."
2144-08,2019-10-07,ELECTIONS,"This gazette content specifically announces the situation of polling stations for a presidential election under the Presidential Elections Act. It contains detailed information about polling locations, divisions, and stations, which falls under electoral processes and related matters as defined in Type 7 (Elections Gazettes). The notice is issued by the Election Commission regarding election administration rather than government personnel or structural changes."
2144-09,2019-10-07,ELECTIONS,"This gazette content specifically addresses the filling of a vacancy in a local government council (Kattankudy Urban Council) under the Local Authorities Elections Ordinance. It details the electoral process for replacing a resigned member, including the nomination procedure by a recognized political party and the formal declaration by the Returning Officer. This falls squarely under election-related administrative matters, specifically Type 7 (Elections Gazettes) for electoral processes, candidate nominations, and declarations."
2144-10,2019-10-07,LAND,"This gazette content primarily deals with land acquisition matters under the Land Acquisition Act. It contains multiple declarations for acquiring specific land parcels for public purposes, including detailed descriptions of land boundaries, locations, and extents. While it mentions a government minister's name, the core content is exclusively about land acquisition procedures and property descriptions, making it a Land Gazette (Type 4) rather than a government personnel or hybrid classification."
2144-11,2019-10-07,ELECTIONS,"This gazette announces the dissolution of the Uva Province Provincial Council upon completion of its five-year term, which is an electoral process matter directly related to the administration of provincial councils as defined in the Constitution. This falls under Election Gazettes (Type 7) as it concerns the dissolution of an elected body and the electoral cycle."
2143-52,2019-10-04,PUBLIC_SERVICE,"This gazette content pertains to amendments to the Service Minute of the Sri Lanka Surveyors' Service, specifically detailing service conditions, promotion criteria, and performance appraisal procedures for public service officers. It is issued by the Public Service Commission, which is the central body for public service administration, making it a clear example of a Public Service Gazette (Type 8)."
2143-53,2019-10-04,LAND,"This gazette content primarily deals with land acquisition and divestment matters under the Land Acquisition Act. It contains detailed descriptions of specific land allotments, their boundaries, and legal procedures related to land redemption. The content focuses exclusively on land/property matters without involving government personnel changes, organizational restructuring, or other specialized categories."
2143-54,2019-10-04,LAND,"The gazette content consists of multiple orders under the Land Acquisition Act, directing the taking of immediate possession of specific parcels of land. It provides detailed descriptions of land locations, extents, and boundaries. The core subject matter is land acquisition, which falls squarely under the Land Gazettes category (Type 4) for land and property-related matters. While a government minister is named, this is incidental to the execution of land acquisition powers and does not constitute a personnel appointment or portfolio assignment that would trigger a government classification type."
2143-55,2019-10-04,LAND,"This gazette notice is exclusively about land acquisition under the Land Acquisition Act. It provides detailed descriptions of specific land parcels being acquired for public purpose, including lot numbers, land names, descriptions, claimants, and extents. The content falls squarely under ""Land acquisitions, transfers, or disposals"" as defined in Type 4 (Land Gazettes), with no government personnel changes or structural modifications mentioned."
2143-56,2019-10-04,LEGAL_REGULATORY,"This gazette content primarily involves the Industrial Disputes Act and the appointment of arbitrators to settle specific industrial disputes between employees and employers. It contains legal orders made under statutory authority (Section 4(1) of the Industrial Disputes Act) and represents regulatory action rather than government personnel changes, structural reorganization, or any of the other specialized categories."
2143-58,2019-10-04,LEGAL_REGULATORY,"This gazette content primarily involves the establishment of regulatory rules and procedures for business registration under the Registration of Trading Places Statutes. It outlines legal requirements, documentation procedures, fee structures, and compliance mechanisms for business registration in the Southern Province. The content focuses on creating a regulatory framework rather than government personnel changes, organizational restructuring, or commercial registrations themselves. It falls under Legal/Regulatory as it constitutes subsidiary legislation and regulatory requirements rather than actual business registrations (which would be Commercial) or government structural/personnel matters."
2143-59,2019-10-04,LAND,"This gazette content is exclusively about land acquisition under the Land Acquisition Act. It contains detailed notices for acquiring specific land parcels (including lot numbers, descriptions, extents, and claimant names) for public purpose (water supply scheme construction). The content falls under ""Land acquisitions"" as specified in Type 4 criteria, and appears in ""PART III - LANDS"" section, confirming its land-focused nature without any government personnel changes or structural modifications."
2143-60,2019-10-04,LAND,"This gazette content exclusively deals with land title registration matters under the Registration of Title Act. It contains detailed determinations of land ownership for specific parcels, including owner names, property details, encumbrances, and legal status. The content focuses entirely on land property matters, falling squarely under the Land Gazettes classification (Type 4) without any government personnel changes, organizational restructuring, or other specialized categories."
2143-61,2019-10-04,LAND,"This gazette content exclusively deals with land title registration matters under the Registration of Title Act. It contains detailed declarations of land ownership determinations for specific parcels of land, including parcel numbers, owner names, extent of land, and title classifications. The document is published in ""PART III - LANDS"" and involves the Commissioner of Title Settlement making determinations about land titles, which falls squarely under the Land Gazettes category (Type 4) for land and property-related matters."
2143-62,2019-10-04,LAND,"This gazette content deals exclusively with land title registration matters under the Registration of Title Act, No. 21 of 1998. It contains declarations of determination by the Commissioner of Title Settlement regarding specific land parcels, including detailed schedules with parcel numbers, extents, owner names, and property details. The content is focused on land ownership and title registration, which falls squarely under the Land Gazettes category (Type 4) as it involves land registrations, property ownership, and land title matters."
2143-63,2019-10-04,LAND,"This gazette content exclusively deals with land title registration matters under the Registration of Title Act. It contains declarations of determination by the Commissioner of Title Settlement regarding specific land parcels, including detailed property descriptions, ownership details, and cadastral information. The content focuses entirely on land registration and title settlement processes, falling squarely within the Land Gazettes category (Type 4) for land and property-related administrative matters."
2143-64,2019-10-04,LAND,"This gazette content exclusively deals with land title registration and property ownership matters under the Registration of Title Act. It contains detailed schedules of land parcels, their owners, property details, encumbrances, and legal determinations regarding land titles. The content appears in ""PART III - LANDS"" of the gazette and focuses entirely on land registration and property rights, making it a clear example of a Land Gazette (Type 4)."
2143-65,2019-10-04,LAND,"This gazette content exclusively deals with land title registration under the Registration of Title Act, specifically declaring the determination of title for specific land parcels (Nos. 154 and 159) in Gampola West. It contains detailed land parcel information including location, extent, ownership details, and encumbrances, making it clearly a Land Gazette according to the classification criteria."
2143-66,2019-10-04,LAND,"This gazette content deals exclusively with land title registration matters under the Registration of Title Act. It contains declarations of determination by the Commissioner of Title Settlement regarding specific land parcels (including parcel numbers, extents, ownership details, and encumbrances) in various villages and divisions. The content is focused on land ownership, title settlements, and property registrations, which falls squarely under the Land Gazettes category (Type 4) as it primarily deals with land and property-related administrative matters."
2143-35,2019-10-03,LAND,"This gazette content exclusively deals with land title registration matters under the Registration of Title Act. It contains multiple declarations of title determinations for specific land parcels, including detailed property descriptions, ownership details, and encumbrances. The content focuses entirely on land registration and property rights, falling squarely within the Land Gazettes category (Type 4) which covers land registrations, property ownership, land titles, and related matters."
2143-36,2019-10-03,LEGAL_REGULATORY,"This gazette content consists of regulations made by the Minister under the Imports and Exports (Control) Act, specifically amending import license regulations and schedules. It deals with legal/regulatory matters including amendments to existing regulations, import controls, and HS code modifications, which falls squarely under Legal/Regulatory Gazettes (Type 5). While a minister is named, this is incidental to the regulatory content rather than being about government personnel changes or portfolio assignments."
2143-37,2019-10-03,LAND,"This gazette content deals exclusively with land title registration matters under the Registration of Title Act. It contains declarations of determination by the Commissioner of Title Settlement regarding specific land parcels, including detailed information about land ownership, parcel numbers, extents, locations, and encumbrances. The content falls squarely within the Land Gazette category as it involves land registrations, property ownership determinations, and title settlements for specific land parcels in various locations."
2143-38,2019-10-03,LAND,"This gazette content exclusively deals with amendments to land title registrations under the Registration of Title Act. It contains multiple entries detailing specific changes to land parcel records, including amendments to parcel numbers, title classifications, ownership status (State/Private), owner names, and the insertion of servitude/access rights. All content falls under land and property-related matters, specifically focusing on land title registration and cadastral record amendments."
2143-39,2019-10-03,LAND,"This gazette content exclusively deals with land title registration matters under the Registration of Title Act, No. 21 of 1998. It contains declarations of determination by the Commissioner of Title Settlement regarding specific land parcels (including parcel numbers, locations, cadastral maps, and ownership details) in various villages. The content focuses entirely on land registration, title determinations, and property ownership matters, which falls squarely under the Land Gazettes classification (Type 4)."
2143-40,2019-10-03,LAND,"This gazette content exclusively concerns the amendment of land title classifications and access rights for specific parcels of land under the Registration of Title Act. It details specific land parcels, their cadastral map references, and amendments to their title class and servitude rights, making it primarily about land and property-related matters."
2143-41,2019-10-03,LAND,"This gazette content exclusively deals with land title registration matters under the Registration of Title Act. It contains multiple declarations by the Commissioner of Title Settlement determining ownership of specific land parcels (including parcel numbers, extents, owner names, and property details) in various locations. The content is published in ""PART III - LANDS"" of the gazette and focuses entirely on land registration and property ownership matters, fitting perfectly within the Land Gazettes classification."
2143-42,2019-10-03,LAND,"This gazette content is exclusively about land acquisition under the Land Acquisition Act, describing specific parcels of land to be acquired for public purpose. It contains detailed descriptions of 119 land lots with their boundaries, extents, and locations, but does not involve government personnel changes, organizational restructuring, or any other specialized category. The content fits precisely within the Land Gazettes classification (Type 4) for land acquisitions and property matters."
2143-43,2019-10-03,LAND,"This gazette notice specifically deals with land acquisition under the Land Acquisition Act, providing details about compensation deposited for a specific land parcel in Colombo. It contains property description (allotment number, extent, location), acquisition details, and compensation information, which squarely fits the Land Gazette classification (Type 4) for land and property-related matters."
2143-44,2019-10-03,LAND,"This gazette content is exclusively about land acquisition notices under the Land Acquisition Act, detailing specific parcels of land being acquired by the State for a public purpose (the Kurunegala - Habarana Railway Project). It contains descriptions of land types (paddy fields, home gardens, roads), extents, and claimant information, which falls squarely under the Land Gazettes classification (Type 4) for land acquisitions and property-related matters."
2143-45,2019-10-03,PEOPLE,"This gazette content announces the appointment of a named individual (Mr. Sujeewa Jayasinghe) to a specific government post (Member of the Uva Provincial Council Public Service Commission) with a start date and term length. It does not include any detailed descriptions of the portfolio responsibilities or duties associated with the post, fitting the criteria for a People Gazette (Type 2)."
2143-46,2019-10-03,LAND,"This gazette content consists entirely of land acquisition notices published under the Land Acquisition Act. It describes specific parcels of land being acquired by the government for public purposes, including detailed descriptions of location, extent, claimants, and compensation procedures. The content is explicitly categorized under ""PART III - LANDS"" and focuses solely on land-related administrative matters, fitting perfectly within the Land Gazettes classification (Type 4)."
2143-47,2019-10-03,ELECTIONS,"This gazette content consists entirely of orders issued by the Election Commission regarding election-related matters, specifically addressing the investigation of violations concerning the misuse of government property in connection with elections. It outlines procedures for public officers to provide information and documents to the Election Commission, defines government institutions and public officers in the context of these orders, and rescinds a previous gazette on this matter. The content is directly related to electoral processes and commission decisions, fitting clearly within the Elections category (Type 7)."
2143-48,2019-10-03,ELECTIONS,"This gazette content deals specifically with filling vacancies in local government offices (Chairman, Vice Chairman, and Member) of the Kamburupitiya Pradeshiya Sabha under the Local Authorities Elections Ordinance. It involves electoral processes at the local government level, including nominations by political parties and declarations by the Returning Officer, which falls under the Elections category (Type 7) for electoral matters and appointments."
2143-49,2019-10-03,ELECTIONS,"This gazette concerns the filling of a vacancy in a local government body (Dimbulagala Pradeshiya Sabha) due to a resignation, as per the Local Authorities Elections Ordinance. It involves the electoral process, specifically the nomination and declaration of a new member by a political party, which falls under election-related matters."
2143-50,2019-10-03,ELECTIONS,"This gazette content specifically addresses the filling of a vacancy in a local government body (Medirigiriya Pradeshiya Sabha) under the Local Authorities Elections Ordinance. It involves electoral processes including the resignation of a member, nomination by a political party, and the formal declaration of a new member to fill the vacancy. This falls squarely under Election Gazettes (Type 7) which cover electoral processes, candidate nominations, and declarations related to local authority elections."
2143-51,2019-10-03,LEGAL_REGULATORY,"This gazette content involves the President declaring certain public services as ""essential"" under the Essential Public Services Act, No. 61 of 1979. This constitutes a regulatory/legal action that modifies the legal status of these services and falls under the category of legal/regulatory matters (new regulations, statutory instruments, and legal notices), rather than being primarily about government personnel, structure, land, commerce, or other specialized categories."
2143-17,2019-10-02,LEGAL_REGULATORY,"This gazette contains a legal/regulatory order amending previous gazette notifications under the Sri Lanka Export Development Act. It establishes new regulatory provisions for import exemptions and specifies approval processes, falling under legal framework and regulatory matters rather than government personnel/structure or other specialized categories."
2143-19,2019-10-02,LAND,"This gazette content exclusively deals with land title registration matters under the Registration of Title Act, specifically declaring determinations of the Commissioner of Title Settlement regarding specific land parcels in Aluthgama Bogamuwa. It contains detailed schedules of land parcels with ownership details, extents, and encumbrances, making it clearly a Land Gazette (Type 4) focused on land registration and title settlement."
2143-20,2019-10-02,LAND,"This gazette content primarily deals with land acquisition matters under the Land Acquisition Act. It contains orders for taking immediate possession of specific land parcels with detailed descriptions of boundaries, extents, and locations. The content focuses exclusively on land-related administrative actions without involving government personnel changes, structural reorganizations, or other specialized categories. The mention of the Minister's name is incidental to the land acquisition authority rather than being the primary focus of the gazette."
2143-21,2019-10-02,LEGAL_REGULATORY,"This gazette content is an order made under the Special Commodity Levy Act, No. 48 of 2007, imposing a levy on specific commodities (B' Onions). It involves the exercise of statutory powers to create regulatory measures and rescinds a previous order. This falls squarely under Legal/Regulatory matters (Type 5) as it deals with regulatory frameworks, statutory instruments, and implementation of existing legislation rather than government personnel changes or organizational restructuring."
2143-22,2019-10-02,LAND,"This gazette content primarily deals with land acquisition matters under the Land Acquisition Act. It contains detailed descriptions of specific land parcels, their boundaries, and extents, along with orders for taking possession of these lands. The content focuses exclusively on land-related administrative actions without involving government personnel changes, structural changes, or other specialized categories."
2143-23,2019-10-02,LAND,"This gazette notification primarily concerns land acquisition matters under the Land Acquisition Act. It specifically appoints an Acquiring Officer for land acquisition activities, which falls under land-related administrative actions. While it mentions a government minister and includes an appointment, the core subject matter is land acquisition (a specialized land administration function), not general government structure or personnel changes. The content fits the definition of Type 4 (Land Gazettes) as it deals with ""land acquisitions"" and ""land-related matters"" through the appointment of an officer specifically for land acquisition activities."
2143-24,2019-10-02,LAND,"This gazette content is exclusively about land acquisition notices under the Land Acquisition Act, detailing specific land parcels being acquired by the government for a public purpose (Ganemulla Flyover access road). It contains detailed descriptions of land lots, their locations, extents, and claimants, which falls squarely under the Land Gazettes category (Type 4) for land acquisitions and property matters."
2143-25,2019-10-02,LAND,"This gazette content is exclusively about land acquisition matters under the Land Acquisition Act. It contains detailed notices of statutory compensation deposits for specific land parcels acquired by the state, including property descriptions, locations, extents, and compensation amounts. The content focuses solely on land/property administrative procedures without any government personnel changes, structural reorganizations, or other non-land related matters."
2143-26,2019-10-02,LAND,"This gazette content consists entirely of land acquisition notices published under the Land Acquisition Act. It describes specific land parcels being acquired by the government for public purposes, including detailed descriptions of land lots, locations, extents, and claimant information. The content falls under ""Land acquisitions, transfers, or disposals"" as specified in the Land Gazette classification (Type 4)."
2143-27,2019-10-02,LAND,"This gazette content deals exclusively with land title registration matters under the Registration of Title Act. It contains declarations by the Commissioner of Title Settlement determining ownership of specific land parcels, including detailed property descriptions, parcel numbers, owner information, and encumbrances. The content focuses on land registration and property rights rather than government personnel changes, organizational structures, or other specialized categories."
2143-28,2019-10-02,LAND,"This gazette content deals exclusively with land title registration matters under the Registration of Title Act. It contains declarations of title determinations for specific land parcels (including parcel numbers, extents, and ownership details) by the Commissioner of Title Settlement. The content focuses on land ownership, title adjudication, and property registration, which falls squarely under the Land Gazettes category (Type 4) for land and property-related matters."
2143-29,2019-10-02,LAND,"This gazette content exclusively deals with land title registration matters under the Registration of Title Act. It contains detailed declarations of land title determinations for specific parcels of land (including parcel numbers, extents, owner details, and encumbrances) in various locations. The content falls under ""Land registrations, property ownership, land titles"" as specified in the Land Gazettes (Type 4) category, and appears in ""PART III - LANDS"" of the gazette."
2143-30,2019-10-02,LAND,"This gazette content deals exclusively with land title registration matters under the Registration of Title Act. It contains declarations of determination by the Commissioner of Title Settlement regarding specific land parcels, including detailed schedules with parcel numbers, extents, owner names, and title classifications. The content focuses on land ownership and property rights, falling squarely within the Land Gazette category (Type 4) as it involves land registrations, property ownership determinations, and title settlements."
2143-31,2019-10-02,LAND,"This gazette content deals exclusively with land title registration matters under the Registration of Title Act. It contains declarations of title determinations for specific land parcels (Nos. 61, 67, 68, 115, 193) with detailed property information including parcel numbers, extents, owner names, identity card numbers, and title classifications. The content falls under ""Land registrations, property ownership, land titles"" as specified in the Land Gazettes (Type 4) category."
2143-32,2019-10-02,LAND,"This gazette notice is exclusively about land acquisition under the Land Acquisition Act. It provides detailed descriptions of specific land parcels to be acquired for public purposes, including location details, land characteristics, and compensation procedures. The content focuses solely on land/property matters without any government personnel changes, structural reorganizations, or other administrative matters, making it a clear Land Gazette (Type 4)."
2143-33,2019-10-02,LAND,"This gazette content is a declaration under the Land Acquisition Act for the acquisition of specific land parcels (Lot Nos. 1 and 2) for a public purpose. It contains detailed descriptions of the lands, including their location, boundaries, and extent. While it mentions a government minister (Gayantha Karunatilleke), the primary focus is on land acquisition matters, making it a Land Gazette (Type 4) rather than a government personnel or hybrid classification."
2143-34,2019-10-02,LEGAL_REGULATORY,"This gazette content contains an order made under the Sports Act, No. 25 of 1973, which involves the amendment of a legal regulation (adding a new sport/sport class to a schedule). This falls under the Legal/Regulatory category (Type 5) as it deals with regulatory frameworks and statutory instruments, not government personnel/structure changes or other specialized categories."
2143-15,2019-10-01,ELECTIONS,"This gazette content specifically addresses the filling of a vacancy in a local government body (Akurana Pradeshiya Sabha) under the Local Authorities Elections Ordinance. It details the electoral process for replacing a resigned member, including the nomination procedure by a recognized political party and the formal declaration by the Returning Officer. This falls squarely under election-related matters, specifically covering candidate nominations and declarations for local authority positions."
2143-16,2019-10-01,LEGAL_REGULATORY,"This gazette contains regulations made by a Minister under the Pilgrimages Ordinance, establishing a legal/regulatory framework for managing a specific religious festival. It creates binding rules, defines terms, grants powers to officials, and establishes compliance requirements for pilgrims and organizers, which falls squarely under Legal/Regulatory matters (Type 5). While it mentions government officials like the Minister and District Secretary, it does not focus on government structural changes or personnel appointments, but rather on creating regulatory provisions."
